solid OpenSCAD_Model
  facet normal 0.991446 -0.130515 0
    outer loop
      vertex 34.9607 -6.16451 9
      vertex 35.3649 -3.09403 0
      vertex 35.3649 -3.09403 9
    endloop
  endfacet
  facet normal 0.991446 -0.130515 0
    outer loop
      vertex 35.3649 -3.09403 0
      vertex 34.9607 -6.16451 9
      vertex 34.9607 -6.16451 0
    endloop
  endfacet
  facet normal 0.999048 -0.0436232 0
    outer loop
      vertex 35.3649 -3.09403 9
      vertex 35.5 0 0
      vertex 35.5 0 9
    endloop
  endfacet
  facet normal 0.999048 -0.0436232 0
    outer loop
      vertex 35.5 0 0
      vertex 35.3649 -3.09403 9
      vertex 35.3649 -3.09403 0
    endloop
  endfacet
  facet normal 0.976297 -0.216437 0
    outer loop
      vertex 34.2904 -9.18808 9
      vertex 34.9607 -6.16451 0
      vertex 34.9607 -6.16451 9
    endloop
  endfacet
  facet normal 0.976297 -0.216437 0
    outer loop
      vertex 34.9607 -6.16451 0
      vertex 34.2904 -9.18808 9
      vertex 34.2904 -9.18808 0
    endloop
  endfacet
  facet normal 0.793357 -0.608757 0
    outer loop
      vertex 27.1946 -22.819 9
      vertex 29.0799 -20.362 0
      vertex 29.0799 -20.362 9
    endloop
  endfacet
  facet normal 0.793357 -0.608757 0
    outer loop
      vertex 29.0799 -20.362 0
      vertex 27.1946 -22.819 9
      vertex 27.1946 -22.819 0
    endloop
  endfacet
  facet normal -0.675597 0.737271 0
    outer loop
      vertex -22.819 27.1946 0
      vertex -25.1023 25.1023 9
      vertex -22.819 27.1946 9
    endloop
  endfacet
  facet normal -0.675597 0.737271 0
    outer loop
      vertex -25.1023 25.1023 9
      vertex -22.819 27.1946 0
      vertex -25.1023 25.1023 0
    endloop
  endfacet
  facet normal 0.130515 -0.991446 0
    outer loop
      vertex 3.09403 -35.3649 0
      vertex 6.16451 -34.9607 9
      vertex 3.09403 -35.3649 9
    endloop
  endfacet
  facet normal 0.130515 -0.991446 0
    outer loop
      vertex 6.16451 -34.9607 9
      vertex 3.09403 -35.3649 0
      vertex 6.16451 -34.9607 0
    endloop
  endfacet
  facet normal 0.991446 0.130515 0
    outer loop
      vertex 35.3649 3.09403 9
      vertex 34.9607 6.16451 0
      vertex 34.9607 6.16451 9
    endloop
  endfacet
  facet normal 0.991446 0.130515 0
    outer loop
      vertex 34.9607 6.16451 0
      vertex 35.3649 3.09403 9
      vertex 35.3649 3.09403 0
    endloop
  endfacet
  facet normal 0.953714 0.300714 0
    outer loop
      vertex 34.2904 9.18808 9
      vertex 33.3591 12.1417 0
      vertex 33.3591 12.1417 9
    endloop
  endfacet
  facet normal 0.953714 0.300714 0
    outer loop
      vertex 33.3591 12.1417 0
      vertex 34.2904 9.18808 9
      vertex 34.2904 9.18808 0
    endloop
  endfacet
  facet normal -0.461736 -0.887017 0
    outer loop
      vertex -17.75 -30.7439 0
      vertex -15.0029 -32.1739 9
      vertex -17.75 -30.7439 9
    endloop
  endfacet
  facet normal -0.461736 -0.887017 -0
    outer loop
      vertex -15.0029 -32.1739 9
      vertex -17.75 -30.7439 0
      vertex -15.0029 -32.1739 0
    endloop
  endfacet
  facet normal 0.976297 0.216437 0
    outer loop
      vertex 34.9607 6.16451 9
      vertex 34.2904 9.18808 0
      vertex 34.2904 9.18808 9
    endloop
  endfacet
  facet normal 0.976297 0.216437 0
    outer loop
      vertex 34.2904 9.18808 0
      vertex 34.9607 6.16451 9
      vertex 34.9607 6.16451 0
    endloop
  endfacet
  facet normal 0.130515 0.991446 -0
    outer loop
      vertex 6.16451 34.9607 0
      vertex 3.09403 35.3649 9
      vertex 6.16451 34.9607 9
    endloop
  endfacet
  facet normal 0.130515 0.991446 0
    outer loop
      vertex 3.09403 35.3649 9
      vertex 6.16451 34.9607 0
      vertex 3.09403 35.3649 0
    endloop
  endfacet
  facet normal -0.953714 -0.300714 0
    outer loop
      vertex -33.3591 -12.1417 0
      vertex -34.2904 -9.18808 9
      vertex -34.2904 -9.18808 0
    endloop
  endfacet
  facet normal -0.953714 -0.300714 0
    outer loop
      vertex -34.2904 -9.18808 9
      vertex -33.3591 -12.1417 0
      vertex -33.3591 -12.1417 9
    endloop
  endfacet
  facet normal 0.461736 0.887017 -0
    outer loop
      vertex 17.75 30.7439 0
      vertex 15.0029 32.1739 9
      vertex 17.75 30.7439 9
    endloop
  endfacet
  facet normal 0.461736 0.887017 0
    outer loop
      vertex 15.0029 32.1739 9
      vertex 17.75 30.7439 0
      vertex 15.0029 32.1739 0
    endloop
  endfacet
  facet normal -0.887017 -0.461736 0
    outer loop
      vertex -30.7439 -17.75 0
      vertex -32.1739 -15.0029 9
      vertex -32.1739 -15.0029 0
    endloop
  endfacet
  facet normal -0.887017 -0.461736 0
    outer loop
      vertex -32.1739 -15.0029 9
      vertex -30.7439 -17.75 0
      vertex -30.7439 -17.75 9
    endloop
  endfacet
  facet normal 0.537293 -0.843395 0
    outer loop
      vertex 17.75 -30.7439 0
      vertex 20.362 -29.0799 9
      vertex 17.75 -30.7439 9
    endloop
  endfacet
  facet normal 0.537293 -0.843395 0
    outer loop
      vertex 20.362 -29.0799 9
      vertex 17.75 -30.7439 0
      vertex 20.362 -29.0799 0
    endloop
  endfacet
  facet normal 0.608757 0.793357 -0
    outer loop
      vertex 22.819 27.1946 0
      vertex 20.362 29.0799 9
      vertex 22.819 27.1946 9
    endloop
  endfacet
  facet normal 0.608757 0.793357 0
    outer loop
      vertex 20.362 29.0799 9
      vertex 22.819 27.1946 0
      vertex 20.362 29.0799 0
    endloop
  endfacet
  facet normal -0.923874 -0.382698 0
    outer loop
      vertex -32.1739 -15.0029 0
      vertex -33.3591 -12.1417 9
      vertex -33.3591 -12.1417 0
    endloop
  endfacet
  facet normal -0.923874 -0.382698 0
    outer loop
      vertex -33.3591 -12.1417 9
      vertex -32.1739 -15.0029 0
      vertex -32.1739 -15.0029 9
    endloop
  endfacet
  facet normal 0.300714 -0.953714 0
    outer loop
      vertex 9.18808 -34.2904 0
      vertex 12.1417 -33.3591 9
      vertex 9.18808 -34.2904 9
    endloop
  endfacet
  facet normal 0.300714 -0.953714 0
    outer loop
      vertex 12.1417 -33.3591 9
      vertex 9.18808 -34.2904 0
      vertex 12.1417 -33.3591 0
    endloop
  endfacet
  facet normal 0.843395 -0.537293 0
    outer loop
      vertex 29.0799 -20.362 9
      vertex 30.7439 -17.75 0
      vertex 30.7439 -17.75 9
    endloop
  endfacet
  facet normal 0.843395 -0.537293 0
    outer loop
      vertex 30.7439 -17.75 0
      vertex 29.0799 -20.362 9
      vertex 29.0799 -20.362 0
    endloop
  endfacet
  facet normal 0.675597 0.737271 -0
    outer loop
      vertex 25.1023 25.1023 0
      vertex 22.819 27.1946 9
      vertex 25.1023 25.1023 9
    endloop
  endfacet
  facet normal 0.675597 0.737271 0
    outer loop
      vertex 22.819 27.1946 9
      vertex 25.1023 25.1023 0
      vertex 22.819 27.1946 0
    endloop
  endfacet
  facet normal 0.953714 -0.300714 0
    outer loop
      vertex 33.3591 -12.1417 9
      vertex 34.2904 -9.18808 0
      vertex 34.2904 -9.18808 9
    endloop
  endfacet
  facet normal 0.953714 -0.300714 0
    outer loop
      vertex 34.2904 -9.18808 0
      vertex 33.3591 -12.1417 9
      vertex 33.3591 -12.1417 0
    endloop
  endfacet
  facet normal -0.537293 -0.843395 0
    outer loop
      vertex -20.362 -29.0799 0
      vertex -17.75 -30.7439 9
      vertex -20.362 -29.0799 9
    endloop
  endfacet
  facet normal -0.537293 -0.843395 -0
    outer loop
      vertex -17.75 -30.7439 9
      vertex -20.362 -29.0799 0
      vertex -17.75 -30.7439 0
    endloop
  endfacet
  facet normal -0.843395 0.537293 0
    outer loop
      vertex -30.7439 17.75 0
      vertex -29.0799 20.362 9
      vertex -29.0799 20.362 0
    endloop
  endfacet
  facet normal -0.843395 0.537293 0
    outer loop
      vertex -29.0799 20.362 9
      vertex -30.7439 17.75 0
      vertex -30.7439 17.75 9
    endloop
  endfacet
  facet normal -0.130515 -0.991446 0
    outer loop
      vertex -6.16451 -34.9607 0
      vertex -3.09403 -35.3649 9
      vertex -6.16451 -34.9607 9
    endloop
  endfacet
  facet normal -0.130515 -0.991446 -0
    outer loop
      vertex -3.09403 -35.3649 9
      vertex -6.16451 -34.9607 0
      vertex -3.09403 -35.3649 0
    endloop
  endfacet
  facet normal -0.382698 -0.923874 0
    outer loop
      vertex -15.0029 -32.1739 0
      vertex -12.1417 -33.3591 9
      vertex -15.0029 -32.1739 9
    endloop
  endfacet
  facet normal -0.382698 -0.923874 -0
    outer loop
      vertex -12.1417 -33.3591 9
      vertex -15.0029 -32.1739 0
      vertex -12.1417 -33.3591 0
    endloop
  endfacet
  facet normal -0.737271 0.675597 0
    outer loop
      vertex -27.1946 22.819 0
      vertex -25.1023 25.1023 9
      vertex -25.1023 25.1023 0
    endloop
  endfacet
  facet normal -0.737271 0.675597 0
    outer loop
      vertex -25.1023 25.1023 9
      vertex -27.1946 22.819 0
      vertex -27.1946 22.819 9
    endloop
  endfacet
  facet normal 0.999048 0.0436232 0
    outer loop
      vertex 35.5 0 9
      vertex 35.3649 3.09403 0
      vertex 35.3649 3.09403 9
    endloop
  endfacet
  facet normal 0.999048 0.0436232 0
    outer loop
      vertex 35.3649 3.09403 0
      vertex 35.5 0 9
      vertex 35.5 0 0
    endloop
  endfacet
  facet normal 0.887017 0.461736 0
    outer loop
      vertex 32.1739 15.0029 9
      vertex 30.7439 17.75 0
      vertex 30.7439 17.75 9
    endloop
  endfacet
  facet normal 0.887017 0.461736 0
    outer loop
      vertex 30.7439 17.75 0
      vertex 32.1739 15.0029 9
      vertex 32.1739 15.0029 0
    endloop
  endfacet
  facet normal 0.0436232 -0.999048 0
    outer loop
      vertex 0 -35.5 0
      vertex 3.09403 -35.3649 9
      vertex 0 -35.5 9
    endloop
  endfacet
  facet normal 0.0436232 -0.999048 0
    outer loop
      vertex 3.09403 -35.3649 9
      vertex 0 -35.5 0
      vertex 3.09403 -35.3649 0
    endloop
  endfacet
  facet normal 0.382698 0.923874 -0
    outer loop
      vertex 15.0029 32.1739 0
      vertex 12.1417 33.3591 9
      vertex 15.0029 32.1739 9
    endloop
  endfacet
  facet normal 0.382698 0.923874 0
    outer loop
      vertex 12.1417 33.3591 9
      vertex 15.0029 32.1739 0
      vertex 12.1417 33.3591 0
    endloop
  endfacet
  facet normal -0.976297 0.216437 0
    outer loop
      vertex -34.9607 6.16451 0
      vertex -34.2904 9.18808 9
      vertex -34.2904 9.18808 0
    endloop
  endfacet
  facet normal -0.976297 0.216437 0
    outer loop
      vertex -34.2904 9.18808 9
      vertex -34.9607 6.16451 0
      vertex -34.9607 6.16451 9
    endloop
  endfacet
  facet normal 0.461736 -0.887017 0
    outer loop
      vertex 15.0029 -32.1739 0
      vertex 17.75 -30.7439 9
      vertex 15.0029 -32.1739 9
    endloop
  endfacet
  facet normal 0.461736 -0.887017 0
    outer loop
      vertex 17.75 -30.7439 9
      vertex 15.0029 -32.1739 0
      vertex 17.75 -30.7439 0
    endloop
  endfacet
  facet normal -0.216437 -0.976297 0
    outer loop
      vertex -9.18808 -34.2904 0
      vertex -6.16451 -34.9607 9
      vertex -9.18808 -34.2904 9
    endloop
  endfacet
  facet normal -0.216437 -0.976297 -0
    outer loop
      vertex -6.16451 -34.9607 9
      vertex -9.18808 -34.2904 0
      vertex -6.16451 -34.9607 0
    endloop
  endfacet
  facet normal 0.0436232 0.999048 -0
    outer loop
      vertex 3.09403 35.3649 0
      vertex 0 35.5 9
      vertex 3.09403 35.3649 9
    endloop
  endfacet
  facet normal 0.0436232 0.999048 0
    outer loop
      vertex 0 35.5 9
      vertex 3.09403 35.3649 0
      vertex 0 35.5 0
    endloop
  endfacet
  facet normal 0.843395 0.537293 0
    outer loop
      vertex 30.7439 17.75 9
      vertex 29.0799 20.362 0
      vertex 29.0799 20.362 9
    endloop
  endfacet
  facet normal 0.843395 0.537293 0
    outer loop
      vertex 29.0799 20.362 0
      vertex 30.7439 17.75 9
      vertex 30.7439 17.75 0
    endloop
  endfacet
  facet normal 0.793357 0.608757 0
    outer loop
      vertex 29.0799 20.362 9
      vertex 27.1946 22.819 0
      vertex 27.1946 22.819 9
    endloop
  endfacet
  facet normal 0.793357 0.608757 0
    outer loop
      vertex 27.1946 22.819 0
      vertex 29.0799 20.362 9
      vertex 29.0799 20.362 0
    endloop
  endfacet
  facet normal 0.737271 -0.675597 0
    outer loop
      vertex 25.1023 -25.1023 9
      vertex 27.1946 -22.819 0
      vertex 27.1946 -22.819 9
    endloop
  endfacet
  facet normal 0.737271 -0.675597 0
    outer loop
      vertex 27.1946 -22.819 0
      vertex 25.1023 -25.1023 9
      vertex 25.1023 -25.1023 0
    endloop
  endfacet
  facet normal 0.737271 0.675597 0
    outer loop
      vertex 27.1946 22.819 9
      vertex 25.1023 25.1023 0
      vertex 25.1023 25.1023 9
    endloop
  endfacet
  facet normal 0.737271 0.675597 0
    outer loop
      vertex 25.1023 25.1023 0
      vertex 27.1946 22.819 9
      vertex 27.1946 22.819 0
    endloop
  endfacet
  facet normal 0.923874 0.382698 0
    outer loop
      vertex 33.3591 12.1417 9
      vertex 32.1739 15.0029 0
      vertex 32.1739 15.0029 9
    endloop
  endfacet
  facet normal 0.923874 0.382698 0
    outer loop
      vertex 32.1739 15.0029 0
      vertex 33.3591 12.1417 9
      vertex 33.3591 12.1417 0
    endloop
  endfacet
  facet normal 0.382698 -0.923874 0
    outer loop
      vertex 12.1417 -33.3591 0
      vertex 15.0029 -32.1739 9
      vertex 12.1417 -33.3591 9
    endloop
  endfacet
  facet normal 0.382698 -0.923874 0
    outer loop
      vertex 15.0029 -32.1739 9
      vertex 12.1417 -33.3591 0
      vertex 15.0029 -32.1739 0
    endloop
  endfacet
  facet normal -0.130515 0.991446 0
    outer loop
      vertex -3.09403 35.3649 0
      vertex -6.16451 34.9607 9
      vertex -3.09403 35.3649 9
    endloop
  endfacet
  facet normal -0.130515 0.991446 0
    outer loop
      vertex -6.16451 34.9607 9
      vertex -3.09403 35.3649 0
      vertex -6.16451 34.9607 0
    endloop
  endfacet
  facet normal 0.923874 -0.382698 0
    outer loop
      vertex 32.1739 -15.0029 9
      vertex 33.3591 -12.1417 0
      vertex 33.3591 -12.1417 9
    endloop
  endfacet
  facet normal 0.923874 -0.382698 0
    outer loop
      vertex 33.3591 -12.1417 0
      vertex 32.1739 -15.0029 9
      vertex 32.1739 -15.0029 0
    endloop
  endfacet
  facet normal -0.953714 0.300714 0
    outer loop
      vertex -34.2904 9.18808 0
      vertex -33.3591 12.1417 9
      vertex -33.3591 12.1417 0
    endloop
  endfacet
  facet normal -0.953714 0.300714 0
    outer loop
      vertex -33.3591 12.1417 9
      vertex -34.2904 9.18808 0
      vertex -34.2904 9.18808 9
    endloop
  endfacet
  facet normal -0.793357 0.608757 0
    outer loop
      vertex -29.0799 20.362 0
      vertex -27.1946 22.819 9
      vertex -27.1946 22.819 0
    endloop
  endfacet
  facet normal -0.793357 0.608757 0
    outer loop
      vertex -27.1946 22.819 9
      vertex -29.0799 20.362 0
      vertex -29.0799 20.362 9
    endloop
  endfacet
  facet normal 0.887017 -0.461736 0
    outer loop
      vertex 30.7439 -17.75 9
      vertex 32.1739 -15.0029 0
      vertex 32.1739 -15.0029 9
    endloop
  endfacet
  facet normal 0.887017 -0.461736 0
    outer loop
      vertex 32.1739 -15.0029 0
      vertex 30.7439 -17.75 9
      vertex 30.7439 -17.75 0
    endloop
  endfacet
  facet normal 0.608757 -0.793357 0
    outer loop
      vertex 20.362 -29.0799 0
      vertex 22.819 -27.1946 9
      vertex 20.362 -29.0799 9
    endloop
  endfacet
  facet normal 0.608757 -0.793357 0
    outer loop
      vertex 22.819 -27.1946 9
      vertex 20.362 -29.0799 0
      vertex 22.819 -27.1946 0
    endloop
  endfacet
  facet normal -0.300714 -0.953714 0
    outer loop
      vertex -12.1417 -33.3591 0
      vertex -9.18808 -34.2904 9
      vertex -12.1417 -33.3591 9
    endloop
  endfacet
  facet normal -0.300714 -0.953714 -0
    outer loop
      vertex -9.18808 -34.2904 9
      vertex -12.1417 -33.3591 0
      vertex -9.18808 -34.2904 0
    endloop
  endfacet
  facet normal -0.999048 0.0436232 0
    outer loop
      vertex -35.5 0 0
      vertex -35.3649 3.09403 9
      vertex -35.3649 3.09403 0
    endloop
  endfacet
  facet normal -0.999048 0.0436232 0
    outer loop
      vertex -35.3649 3.09403 9
      vertex -35.5 0 0
      vertex -35.5 0 9
    endloop
  endfacet
  facet normal -0.216437 0.976297 0
    outer loop
      vertex -6.16451 34.9607 0
      vertex -9.18808 34.2904 9
      vertex -6.16451 34.9607 9
    endloop
  endfacet
  facet normal -0.216437 0.976297 0
    outer loop
      vertex -9.18808 34.2904 9
      vertex -6.16451 34.9607 0
      vertex -9.18808 34.2904 0
    endloop
  endfacet
  facet normal -0.0436232 -0.999048 0
    outer loop
      vertex -3.09403 -35.3649 0
      vertex 0 -35.5 9
      vertex -3.09403 -35.3649 9
    endloop
  endfacet
  facet normal -0.0436232 -0.999048 -0
    outer loop
      vertex 0 -35.5 9
      vertex -3.09403 -35.3649 0
      vertex 0 -35.5 0
    endloop
  endfacet
  facet normal -0.793357 -0.608757 0
    outer loop
      vertex -27.1946 -22.819 0
      vertex -29.0799 -20.362 9
      vertex -29.0799 -20.362 0
    endloop
  endfacet
  facet normal -0.793357 -0.608757 0
    outer loop
      vertex -29.0799 -20.362 9
      vertex -27.1946 -22.819 0
      vertex -27.1946 -22.819 9
    endloop
  endfacet
  facet normal 0 0 1
    outer loop
      vertex -17.5038 -15.7705 9
      vertex -17.7339 -14.8805 9
      vertex -17.5099 -15.9099 9
    endloop
  endfacet
  facet normal 0 0 1
    outer loop
      vertex -17.4856 -15.6321 9
      vertex -17.7339 -14.8805 9
      vertex -17.5038 -15.7705 9
    endloop
  endfacet
  facet normal 0 0 1
    outer loop
      vertex -17.4554 -15.4958 9
      vertex -17.7339 -14.8805 9
      vertex -17.4856 -15.6321 9
    endloop
  endfacet
  facet normal 0 0 1
    outer loop
      vertex -17.4134 -15.3627 9
      vertex -17.7339 -14.8805 9
      vertex -17.4554 -15.4958 9
    endloop
  endfacet
  facet normal 0 0 1
    outer loop
      vertex -17.7339 -14.8805 9
      vertex -17.4134 -15.3627 9
      vertex -17.3757 -15.2715 9
    endloop
  endfacet
  facet normal 0 0 1
    outer loop
      vertex 17.7339 -14.8805 9
      vertex 17.5038 -15.7705 9
      vertex 17.5099 -15.9099 9
    endloop
  endfacet
  facet normal 0 0 1
    outer loop
      vertex 17.7339 -14.8805 9
      vertex 17.4856 -15.6321 9
      vertex 17.5038 -15.7705 9
    endloop
  endfacet
  facet normal 0 0 1
    outer loop
      vertex 17.7339 -14.8805 9
      vertex 17.4554 -15.4958 9
      vertex 17.4856 -15.6321 9
    endloop
  endfacet
  facet normal 0 0 1
    outer loop
      vertex 17.7339 -14.8805 9
      vertex 17.4134 -15.3627 9
      vertex 17.4554 -15.4958 9
    endloop
  endfacet
  facet normal 0 -0 1
    outer loop
      vertex 17.4134 -15.3627 9
      vertex 17.7339 -14.8805 9
      vertex 17.3757 -15.2715 9
    endloop
  endfacet
  facet normal 0 0 1
    outer loop
      vertex 23.15 0 9
      vertex 35.5 0 9
      vertex 35.3649 3.09403 9
    endloop
  endfacet
  facet normal 0 0 1
    outer loop
      vertex 23.0619 2.01766 9
      vertex 35.3649 3.09403 9
      vertex 34.9607 6.16451 9
    endloop
  endfacet
  facet normal 0 0 1
    outer loop
      vertex 35.5 0 9
      vertex 23.15 0 9
      vertex 35.3649 -3.09403 9
    endloop
  endfacet
  facet normal 0 0 1
    outer loop
      vertex 22.7983 4.01995 9
      vertex 34.9607 6.16451 9
      vertex 34.2904 9.18808 9
    endloop
  endfacet
  facet normal -0 0 1
    outer loop
      vertex 23.0619 -2.01766 9
      vertex 35.3649 -3.09403 9
      vertex 23.15 0 9
    endloop
  endfacet
  facet normal 0 0 1
    outer loop
      vertex 22.3612 5.99166 9
      vertex 34.2904 9.18808 9
      vertex 33.3591 12.1417 9
    endloop
  endfacet
  facet normal 0 0 1
    outer loop
      vertex 35.3649 -3.09403 9
      vertex 23.0619 -2.01766 9
      vertex 34.9607 -6.16451 9
    endloop
  endfacet
  facet normal 0 0 1
    outer loop
      vertex 21.7539 7.91777 9
      vertex 33.3591 12.1417 9
      vertex 32.1739 15.0029 9
    endloop
  endfacet
  facet normal -0 0 1
    outer loop
      vertex 22.7983 -4.01995 9
      vertex 34.9607 -6.16451 9
      vertex 23.0619 -2.01766 9
    endloop
  endfacet
  facet normal 0 0 1
    outer loop
      vertex 20.981 9.78361 9
      vertex 32.1739 15.0029 9
      vertex 30.7439 17.75 9
    endloop
  endfacet
  facet normal 0 0 1
    outer loop
      vertex 34.9607 -6.16451 9
      vertex 22.7983 -4.01995 9
      vertex 34.2904 -9.18808 9
    endloop
  endfacet
  facet normal 0 0 1
    outer loop
      vertex 20.0485 11.575 9
      vertex 30.7439 17.75 9
      vertex 29.0799 20.362 9
    endloop
  endfacet
  facet normal -0 0 1
    outer loop
      vertex 22.3612 -5.99166 9
      vertex 34.2904 -9.18808 9
      vertex 22.7983 -4.01995 9
    endloop
  endfacet
  facet normal 0 0 1
    outer loop
      vertex 17.4554 16.324 9
      vertex 29.0799 20.362 9
      vertex 27.1946 22.819 9
    endloop
  endfacet
  facet normal 0 0 1
    outer loop
      vertex 34.2904 -9.18808 9
      vertex 22.3612 -5.99166 9
      vertex 33.3591 -12.1417 9
    endloop
  endfacet
  facet normal 0 0 1
    outer loop
      vertex 17.2205 16.8276 9
      vertex 27.1946 22.819 9
      vertex 25.1023 25.1023 9
    endloop
  endfacet
  facet normal -0 0 1
    outer loop
      vertex 21.7539 -7.91777 9
      vertex 33.3591 -12.1417 9
      vertex 22.3612 -5.99166 9
    endloop
  endfacet
  facet normal 0 0 1
    outer loop
      vertex 33.3591 -12.1417 9
      vertex 21.7539 -7.91777 9
      vertex 32.1739 -15.0029 9
    endloop
  endfacet
  facet normal 0 0 1
    outer loop
      vertex 35.3649 3.09403 9
      vertex 23.0619 2.01766 9
      vertex 23.15 0 9
    endloop
  endfacet
  facet normal 0 0 1
    outer loop
      vertex 16.8276 17.2205 9
      vertex 25.1023 25.1023 9
      vertex 22.819 27.1946 9
    endloop
  endfacet
  facet normal 0 0 1
    outer loop
      vertex 34.9607 6.16451 9
      vertex 22.7983 4.01995 9
      vertex 23.0619 2.01766 9
    endloop
  endfacet
  facet normal 0 0 1
    outer loop
      vertex 34.2904 9.18808 9
      vertex 22.3612 5.99166 9
      vertex 22.7983 4.01995 9
    endloop
  endfacet
  facet normal 0 0 1
    outer loop
      vertex 33.3591 12.1417 9
      vertex 21.7539 7.91777 9
      vertex 22.3612 5.99166 9
    endloop
  endfacet
  facet normal 0 0 1
    outer loop
      vertex 32.1739 15.0029 9
      vertex 20.981 9.78361 9
      vertex 21.7539 7.91777 9
    endloop
  endfacet
  facet normal 0 0 1
    outer loop
      vertex 16.324 17.4554 9
      vertex 22.819 27.1946 9
      vertex 20.362 29.0799 9
    endloop
  endfacet
  facet normal 0 0 1
    outer loop
      vertex 30.7439 17.75 9
      vertex 20.0485 11.575 9
      vertex 20.981 9.78361 9
    endloop
  endfacet
  facet normal 0 0 1
    outer loop
      vertex 29.0799 20.362 9
      vertex 18.9634 13.2783 9
      vertex 20.0485 11.575 9
    endloop
  endfacet
  facet normal 0 0 1
    outer loop
      vertex 13.2783 18.9634 9
      vertex 20.362 29.0799 9
      vertex 17.75 30.7439 9
    endloop
  endfacet
  facet normal 0 0 1
    outer loop
      vertex 27.1946 22.819 9
      vertex 17.4134 16.4571 9
      vertex 17.4554 16.324 9
    endloop
  endfacet
  facet normal -0 -0 1
    outer loop
      vertex 17.5038 16.0494 9
      vertex 18.9634 13.2783 9
      vertex 17.4856 16.1877 9
    endloop
  endfacet
  facet normal 0 0 1
    outer loop
      vertex 17.7339 14.8805 9
      vertex 17.5038 16.0494 9
      vertex 17.5099 15.9099 9
    endloop
  endfacet
  facet normal 0 0 1
    outer loop
      vertex 18.9634 13.2783 9
      vertex 17.5038 16.0494 9
      vertex 17.7339 14.8805 9
    endloop
  endfacet
  facet normal 0 0 1
    outer loop
      vertex 29.0799 20.362 9
      vertex 17.4856 16.1877 9
      vertex 18.9634 13.2783 9
    endloop
  endfacet
  facet normal 0 0 1
    outer loop
      vertex 29.0799 20.362 9
      vertex 17.4554 16.324 9
      vertex 17.4856 16.1877 9
    endloop
  endfacet
  facet normal 0 0 1
    outer loop
      vertex 27.1946 22.819 9
      vertex 17.36 16.5861 9
      vertex 17.4134 16.4571 9
    endloop
  endfacet
  facet normal 0 0 1
    outer loop
      vertex 27.1946 22.819 9
      vertex 17.2955 16.7099 9
      vertex 17.36 16.5861 9
    endloop
  endfacet
  facet normal 0 0 1
    outer loop
      vertex 27.1946 22.819 9
      vertex 17.2205 16.8276 9
      vertex 17.2955 16.7099 9
    endloop
  endfacet
  facet normal 0 0 1
    outer loop
      vertex 25.1023 25.1023 9
      vertex 17.1356 16.9384 9
      vertex 17.2205 16.8276 9
    endloop
  endfacet
  facet normal 0 0 1
    outer loop
      vertex 25.1023 25.1023 9
      vertex 17.0413 17.0413 9
      vertex 17.1356 16.9384 9
    endloop
  endfacet
  facet normal 0 0 1
    outer loop
      vertex 25.1023 25.1023 9
      vertex 16.9384 17.1356 9
      vertex 17.0413 17.0413 9
    endloop
  endfacet
  facet normal 0 0 1
    outer loop
      vertex 25.1023 25.1023 9
      vertex 16.8276 17.2205 9
      vertex 16.9384 17.1356 9
    endloop
  endfacet
  facet normal 0 0 1
    outer loop
      vertex 22.819 27.1946 9
      vertex 16.7099 17.2955 9
      vertex 16.8276 17.2205 9
    endloop
  endfacet
  facet normal 0 0 1
    outer loop
      vertex 22.819 27.1946 9
      vertex 16.5861 17.36 9
      vertex 16.7099 17.2955 9
    endloop
  endfacet
  facet normal 0 0 1
    outer loop
      vertex 22.819 27.1946 9
      vertex 16.4571 17.4134 9
      vertex 16.5861 17.36 9
    endloop
  endfacet
  facet normal 0 0 1
    outer loop
      vertex 22.819 27.1946 9
      vertex 16.324 17.4554 9
      vertex 16.4571 17.4134 9
    endloop
  endfacet
  facet normal 0 0 1
    outer loop
      vertex 20.362 29.0799 9
      vertex 16.1877 17.4856 9
      vertex 16.324 17.4554 9
    endloop
  endfacet
  facet normal 0 0 1
    outer loop
      vertex 20.362 29.0799 9
      vertex 13.2783 18.9634 9
      vertex 16.1877 17.4856 9
    endloop
  endfacet
  facet normal 0 0 1
    outer loop
      vertex 16.1877 17.4856 9
      vertex 13.2783 18.9634 9
      vertex 16.0494 17.5038 9
    endloop
  endfacet
  facet normal 0 0 1
    outer loop
      vertex 16.0494 17.5038 9
      vertex 13.2783 18.9634 9
      vertex 15.9099 17.5099 9
    endloop
  endfacet
  facet normal -0 -0 1
    outer loop
      vertex 14.8805 17.7339 9
      vertex 15.9099 17.5099 9
      vertex 13.2783 18.9634 9
    endloop
  endfacet
  facet normal 0 0 1
    outer loop
      vertex 15.9099 17.5099 9
      vertex 14.8805 17.7339 9
      vertex 15.7705 17.5038 9
    endloop
  endfacet
  facet normal 0 0 1
    outer loop
      vertex 15.7705 17.5038 9
      vertex 14.8805 17.7339 9
      vertex 15.6321 17.4856 9
    endloop
  endfacet
  facet normal 0 0 1
    outer loop
      vertex 15.4958 17.4554 9
      vertex 14.8805 17.7339 9
      vertex 15.3627 17.4134 9
    endloop
  endfacet
  facet normal 0 0 1
    outer loop
      vertex 11.575 20.0485 9
      vertex 17.75 30.7439 9
      vertex 15.0029 32.1739 9
    endloop
  endfacet
  facet normal 0 0 1
    outer loop
      vertex 15.3627 17.4134 9
      vertex 14.8805 17.7339 9
      vertex 15.2715 17.3757 9
    endloop
  endfacet
  facet normal 0 0 1
    outer loop
      vertex 15.6321 17.4856 9
      vertex 14.8805 17.7339 9
      vertex 15.4958 17.4554 9
    endloop
  endfacet
  facet normal 0 0 1
    outer loop
      vertex 9.78361 20.981 9
      vertex 15.0029 32.1739 9
      vertex 12.1417 33.3591 9
    endloop
  endfacet
  facet normal 0 0 1
    outer loop
      vertex 17.75 30.7439 9
      vertex 11.575 20.0485 9
      vertex 13.2783 18.9634 9
    endloop
  endfacet
  facet normal 0 0 1
    outer loop
      vertex 15.0029 32.1739 9
      vertex 9.78361 20.981 9
      vertex 11.575 20.0485 9
    endloop
  endfacet
  facet normal 0 0 1
    outer loop
      vertex 7.91777 21.7539 9
      vertex 12.1417 33.3591 9
      vertex 9.18808 34.2904 9
    endloop
  endfacet
  facet normal 0 0 1
    outer loop
      vertex 12.1417 33.3591 9
      vertex 7.91777 21.7539 9
      vertex 9.78361 20.981 9
    endloop
  endfacet
  facet normal 0 0 1
    outer loop
      vertex 5.99166 22.3612 9
      vertex 9.18808 34.2904 9
      vertex 6.16451 34.9607 9
    endloop
  endfacet
  facet normal 0 0 1
    outer loop
      vertex 9.18808 34.2904 9
      vertex 5.99166 22.3612 9
      vertex 7.91777 21.7539 9
    endloop
  endfacet
  facet normal 0 0 1
    outer loop
      vertex 6.16451 34.9607 9
      vertex 4.01995 22.7983 9
      vertex 5.99166 22.3612 9
    endloop
  endfacet
  facet normal 0 0 1
    outer loop
      vertex 3.09403 35.3649 9
      vertex 4.01995 22.7983 9
      vertex 6.16451 34.9607 9
    endloop
  endfacet
  facet normal 0 0 1
    outer loop
      vertex 3.09403 35.3649 9
      vertex 2.01766 23.0619 9
      vertex 4.01995 22.7983 9
    endloop
  endfacet
  facet normal 0 0 1
    outer loop
      vertex 0 35.5 9
      vertex 2.01766 23.0619 9
      vertex 3.09403 35.3649 9
    endloop
  endfacet
  facet normal 0 0 1
    outer loop
      vertex 0 35.5 9
      vertex 0 23.15 9
      vertex 2.01766 23.0619 9
    endloop
  endfacet
  facet normal 0 0 1
    outer loop
      vertex 0 35.5 9
      vertex -2.01766 23.0619 9
      vertex 0 23.15 9
    endloop
  endfacet
  facet normal -0 0 1
    outer loop
      vertex -3.09403 35.3649 9
      vertex -2.01766 23.0619 9
      vertex 0 35.5 9
    endloop
  endfacet
  facet normal 0 0 1
    outer loop
      vertex -3.09403 35.3649 9
      vertex -4.01995 22.7983 9
      vertex -2.01766 23.0619 9
    endloop
  endfacet
  facet normal -0 0 1
    outer loop
      vertex -6.16451 34.9607 9
      vertex -4.01995 22.7983 9
      vertex -3.09403 35.3649 9
    endloop
  endfacet
  facet normal 0 0 1
    outer loop
      vertex -4.01995 22.7983 9
      vertex -6.16451 34.9607 9
      vertex -5.99166 22.3612 9
    endloop
  endfacet
  facet normal -0 0 1
    outer loop
      vertex -9.18808 34.2904 9
      vertex -5.99166 22.3612 9
      vertex -6.16451 34.9607 9
    endloop
  endfacet
  facet normal 0 0 1
    outer loop
      vertex -5.99166 22.3612 9
      vertex -9.18808 34.2904 9
      vertex -7.91777 21.7539 9
    endloop
  endfacet
  facet normal -0 0 1
    outer loop
      vertex -12.1417 33.3591 9
      vertex -7.91777 21.7539 9
      vertex -9.18808 34.2904 9
    endloop
  endfacet
  facet normal 0 0 1
    outer loop
      vertex -7.91777 21.7539 9
      vertex -12.1417 33.3591 9
      vertex -9.78361 20.981 9
    endloop
  endfacet
  facet normal -0 0 1
    outer loop
      vertex -15.0029 32.1739 9
      vertex -9.78361 20.981 9
      vertex -12.1417 33.3591 9
    endloop
  endfacet
  facet normal 0 0 1
    outer loop
      vertex -9.78361 20.981 9
      vertex -15.0029 32.1739 9
      vertex -11.575 20.0485 9
    endloop
  endfacet
  facet normal -0 0 1
    outer loop
      vertex -17.75 30.7439 9
      vertex -11.575 20.0485 9
      vertex -15.0029 32.1739 9
    endloop
  endfacet
  facet normal 0 0 1
    outer loop
      vertex -11.575 20.0485 9
      vertex -17.75 30.7439 9
      vertex -13.2783 18.9634 9
    endloop
  endfacet
  facet normal -0 0 1
    outer loop
      vertex -20.362 29.0799 9
      vertex -13.2783 18.9634 9
      vertex -17.75 30.7439 9
    endloop
  endfacet
  facet normal 0 0 1
    outer loop
      vertex -14.8805 17.7339 9
      vertex -15.3627 17.4134 9
      vertex -15.2715 17.3757 9
    endloop
  endfacet
  facet normal 0 -0 1
    outer loop
      vertex -16.1877 17.4856 9
      vertex -13.2783 18.9634 9
      vertex -20.362 29.0799 9
    endloop
  endfacet
  facet normal 0 0 1
    outer loop
      vertex -14.8805 17.7339 9
      vertex -15.4958 17.4554 9
      vertex -15.3627 17.4134 9
    endloop
  endfacet
  facet normal 0 0 1
    outer loop
      vertex -14.8805 17.7339 9
      vertex -15.6321 17.4856 9
      vertex -15.4958 17.4554 9
    endloop
  endfacet
  facet normal 0 0 1
    outer loop
      vertex -14.8805 17.7339 9
      vertex -15.7705 17.5038 9
      vertex -15.6321 17.4856 9
    endloop
  endfacet
  facet normal 0 0 1
    outer loop
      vertex -14.8805 17.7339 9
      vertex -15.9099 17.5099 9
      vertex -15.7705 17.5038 9
    endloop
  endfacet
  facet normal 0 0 1
    outer loop
      vertex -13.2783 18.9634 9
      vertex -16.0494 17.5038 9
      vertex -14.8805 17.7339 9
    endloop
  endfacet
  facet normal 0 0 1
    outer loop
      vertex -14.8805 17.7339 9
      vertex -16.0494 17.5038 9
      vertex -15.9099 17.5099 9
    endloop
  endfacet
  facet normal 0 0 1
    outer loop
      vertex -13.2783 18.9634 9
      vertex -16.1877 17.4856 9
      vertex -16.0494 17.5038 9
    endloop
  endfacet
  facet normal 0 0 1
    outer loop
      vertex -16.1877 17.4856 9
      vertex -20.362 29.0799 9
      vertex -16.324 17.4554 9
    endloop
  endfacet
  facet normal -0 0 1
    outer loop
      vertex -22.819 27.1946 9
      vertex -16.324 17.4554 9
      vertex -20.362 29.0799 9
    endloop
  endfacet
  facet normal 0 0 1
    outer loop
      vertex -16.324 17.4554 9
      vertex -22.819 27.1946 9
      vertex -16.4571 17.4134 9
    endloop
  endfacet
  facet normal 0 0 1
    outer loop
      vertex -16.4571 17.4134 9
      vertex -22.819 27.1946 9
      vertex -16.5861 17.36 9
    endloop
  endfacet
  facet normal 0 0 1
    outer loop
      vertex -16.5861 17.36 9
      vertex -22.819 27.1946 9
      vertex -16.7099 17.2955 9
    endloop
  endfacet
  facet normal 0 0 1
    outer loop
      vertex -16.7099 17.2955 9
      vertex -22.819 27.1946 9
      vertex -16.8276 17.2205 9
    endloop
  endfacet
  facet normal -0 0 1
    outer loop
      vertex -25.1023 25.1023 9
      vertex -16.8276 17.2205 9
      vertex -22.819 27.1946 9
    endloop
  endfacet
  facet normal 0 0 1
    outer loop
      vertex -16.8276 17.2205 9
      vertex -25.1023 25.1023 9
      vertex -16.9384 17.1356 9
    endloop
  endfacet
  facet normal 0 0 1
    outer loop
      vertex -16.9384 17.1356 9
      vertex -25.1023 25.1023 9
      vertex -17.0413 17.0413 9
    endloop
  endfacet
  facet normal 0 0 1
    outer loop
      vertex -17.0413 17.0413 9
      vertex -25.1023 25.1023 9
      vertex -17.1356 16.9384 9
    endloop
  endfacet
  facet normal 0 0 1
    outer loop
      vertex -17.1356 16.9384 9
      vertex -25.1023 25.1023 9
      vertex -17.2205 16.8276 9
    endloop
  endfacet
  facet normal -0 0 1
    outer loop
      vertex -27.1946 22.819 9
      vertex -17.2205 16.8276 9
      vertex -25.1023 25.1023 9
    endloop
  endfacet
  facet normal 0 0 1
    outer loop
      vertex -17.5038 16.0494 9
      vertex -17.7339 14.8805 9
      vertex -17.5099 15.9099 9
    endloop
  endfacet
  facet normal 0 0 1
    outer loop
      vertex -18.9634 13.2783 9
      vertex -17.5038 16.0494 9
      vertex -17.4856 16.1877 9
    endloop
  endfacet
  facet normal 0 0 1
    outer loop
      vertex -17.2205 16.8276 9
      vertex -27.1946 22.819 9
      vertex -17.2955 16.7099 9
    endloop
  endfacet
  facet normal 0 0 1
    outer loop
      vertex -17.2955 16.7099 9
      vertex -27.1946 22.819 9
      vertex -17.36 16.5861 9
    endloop
  endfacet
  facet normal 0 0 1
    outer loop
      vertex -17.36 16.5861 9
      vertex -27.1946 22.819 9
      vertex -17.4134 16.4571 9
    endloop
  endfacet
  facet normal 0 0 1
    outer loop
      vertex -17.4134 16.4571 9
      vertex -27.1946 22.819 9
      vertex -17.4554 16.324 9
    endloop
  endfacet
  facet normal -0 0 1
    outer loop
      vertex -29.0799 20.362 9
      vertex -17.4554 16.324 9
      vertex -27.1946 22.819 9
    endloop
  endfacet
  facet normal 0 0 1
    outer loop
      vertex -17.4554 16.324 9
      vertex -29.0799 20.362 9
      vertex -17.4856 16.1877 9
    endloop
  endfacet
  facet normal 0 0 1
    outer loop
      vertex -17.5038 16.0494 9
      vertex -18.9634 13.2783 9
      vertex -17.7339 14.8805 9
    endloop
  endfacet
  facet normal 0 0 1
    outer loop
      vertex -17.4856 16.1877 9
      vertex -29.0799 20.362 9
      vertex -18.9634 13.2783 9
    endloop
  endfacet
  facet normal 0 0 1
    outer loop
      vertex -18.9634 13.2783 9
      vertex -29.0799 20.362 9
      vertex -20.0485 11.575 9
    endloop
  endfacet
  facet normal -0 0 1
    outer loop
      vertex -30.7439 17.75 9
      vertex -20.0485 11.575 9
      vertex -29.0799 20.362 9
    endloop
  endfacet
  facet normal 0 0 1
    outer loop
      vertex -20.0485 11.575 9
      vertex -30.7439 17.75 9
      vertex -20.981 9.78361 9
    endloop
  endfacet
  facet normal -0 0 1
    outer loop
      vertex -32.1739 15.0029 9
      vertex -20.981 9.78361 9
      vertex -30.7439 17.75 9
    endloop
  endfacet
  facet normal 0 0 1
    outer loop
      vertex -20.981 9.78361 9
      vertex -32.1739 15.0029 9
      vertex -21.7539 7.91777 9
    endloop
  endfacet
  facet normal -0 0 1
    outer loop
      vertex 20.981 -9.78361 9
      vertex 32.1739 -15.0029 9
      vertex 21.7539 -7.91777 9
    endloop
  endfacet
  facet normal 0 0 1
    outer loop
      vertex 32.1739 -15.0029 9
      vertex 20.981 -9.78361 9
      vertex 30.7439 -17.75 9
    endloop
  endfacet
  facet normal -0 0 1
    outer loop
      vertex 20.0485 -11.575 9
      vertex 30.7439 -17.75 9
      vertex 20.981 -9.78361 9
    endloop
  endfacet
  facet normal 0 0 1
    outer loop
      vertex 30.7439 -17.75 9
      vertex 20.0485 -11.575 9
      vertex 29.0799 -20.362 9
    endloop
  endfacet
  facet normal -0 0 1
    outer loop
      vertex 18.9634 -13.2783 9
      vertex 29.0799 -20.362 9
      vertex 20.0485 -11.575 9
    endloop
  endfacet
  facet normal -0 0 1
    outer loop
      vertex 17.4856 -16.1877 9
      vertex 29.0799 -20.362 9
      vertex 18.9634 -13.2783 9
    endloop
  endfacet
  facet normal -0 0 1
    outer loop
      vertex 17.4554 -16.324 9
      vertex 29.0799 -20.362 9
      vertex 17.4856 -16.1877 9
    endloop
  endfacet
  facet normal -0 0 1
    outer loop
      vertex 17.4134 -16.4571 9
      vertex 27.1946 -22.819 9
      vertex 17.4554 -16.324 9
    endloop
  endfacet
  facet normal -0 0 1
    outer loop
      vertex 17.36 -16.5861 9
      vertex 27.1946 -22.819 9
      vertex 17.4134 -16.4571 9
    endloop
  endfacet
  facet normal -0 0 1
    outer loop
      vertex 17.2205 -16.8276 9
      vertex 27.1946 -22.819 9
      vertex 17.2955 -16.7099 9
    endloop
  endfacet
  facet normal 0 0 1
    outer loop
      vertex 17.5038 -16.0494 9
      vertex 18.9634 -13.2783 9
      vertex 17.7339 -14.8805 9
    endloop
  endfacet
  facet normal 0 0 1
    outer loop
      vertex 17.5038 -16.0494 9
      vertex 17.7339 -14.8805 9
      vertex 17.5099 -15.9099 9
    endloop
  endfacet
  facet normal 0 0 1
    outer loop
      vertex 18.9634 -13.2783 9
      vertex 17.5038 -16.0494 9
      vertex 17.4856 -16.1877 9
    endloop
  endfacet
  facet normal 0 0 1
    outer loop
      vertex 29.0799 -20.362 9
      vertex 17.4554 -16.324 9
      vertex 27.1946 -22.819 9
    endloop
  endfacet
  facet normal -0 0 1
    outer loop
      vertex 17.2955 -16.7099 9
      vertex 27.1946 -22.819 9
      vertex 17.36 -16.5861 9
    endloop
  endfacet
  facet normal 0 0 1
    outer loop
      vertex 27.1946 -22.819 9
      vertex 17.2205 -16.8276 9
      vertex 25.1023 -25.1023 9
    endloop
  endfacet
  facet normal -0 0 1
    outer loop
      vertex 17.1356 -16.9384 9
      vertex 25.1023 -25.1023 9
      vertex 17.2205 -16.8276 9
    endloop
  endfacet
  facet normal -0 0 1
    outer loop
      vertex 17.0413 -17.0413 9
      vertex 25.1023 -25.1023 9
      vertex 17.1356 -16.9384 9
    endloop
  endfacet
  facet normal -0 0 1
    outer loop
      vertex 16.9384 -17.1356 9
      vertex 25.1023 -25.1023 9
      vertex 17.0413 -17.0413 9
    endloop
  endfacet
  facet normal -0 0 1
    outer loop
      vertex 16.8276 -17.2205 9
      vertex 25.1023 -25.1023 9
      vertex 16.9384 -17.1356 9
    endloop
  endfacet
  facet normal 0 0 1
    outer loop
      vertex 25.1023 -25.1023 9
      vertex 16.8276 -17.2205 9
      vertex 22.819 -27.1946 9
    endloop
  endfacet
  facet normal -0 0 1
    outer loop
      vertex 16.7099 -17.2955 9
      vertex 22.819 -27.1946 9
      vertex 16.8276 -17.2205 9
    endloop
  endfacet
  facet normal -0 0 1
    outer loop
      vertex 16.5861 -17.36 9
      vertex 22.819 -27.1946 9
      vertex 16.7099 -17.2955 9
    endloop
  endfacet
  facet normal -0 0 1
    outer loop
      vertex 16.4571 -17.4134 9
      vertex 22.819 -27.1946 9
      vertex 16.5861 -17.36 9
    endloop
  endfacet
  facet normal -0 0 1
    outer loop
      vertex 16.324 -17.4554 9
      vertex 22.819 -27.1946 9
      vertex 16.4571 -17.4134 9
    endloop
  endfacet
  facet normal 0 0 1
    outer loop
      vertex 22.819 -27.1946 9
      vertex 16.324 -17.4554 9
      vertex 20.362 -29.0799 9
    endloop
  endfacet
  facet normal -0 0 1
    outer loop
      vertex 16.1877 -17.4856 9
      vertex 20.362 -29.0799 9
      vertex 16.324 -17.4554 9
    endloop
  endfacet
  facet normal -0 0 1
    outer loop
      vertex 13.2783 -18.9634 9
      vertex 20.362 -29.0799 9
      vertex 16.1877 -17.4856 9
    endloop
  endfacet
  facet normal 0 0 1
    outer loop
      vertex 13.2783 -18.9634 9
      vertex 16.1877 -17.4856 9
      vertex 16.0494 -17.5038 9
    endloop
  endfacet
  facet normal 0 0 1
    outer loop
      vertex 13.2783 -18.9634 9
      vertex 16.0494 -17.5038 9
      vertex 15.9099 -17.5099 9
    endloop
  endfacet
  facet normal 0 0 1
    outer loop
      vertex 14.8805 -17.7339 9
      vertex 15.9099 -17.5099 9
      vertex 15.7705 -17.5038 9
    endloop
  endfacet
  facet normal 0 0 1
    outer loop
      vertex 14.8805 -17.7339 9
      vertex 15.7705 -17.5038 9
      vertex 15.6321 -17.4856 9
    endloop
  endfacet
  facet normal 0 0 1
    outer loop
      vertex 14.8805 -17.7339 9
      vertex 15.6321 -17.4856 9
      vertex 15.4958 -17.4554 9
    endloop
  endfacet
  facet normal 0 0 1
    outer loop
      vertex 14.8805 -17.7339 9
      vertex 15.4958 -17.4554 9
      vertex 15.3627 -17.4134 9
    endloop
  endfacet
  facet normal 0 0 1
    outer loop
      vertex 14.8805 -17.7339 9
      vertex 15.3627 -17.4134 9
      vertex 15.2715 -17.3757 9
    endloop
  endfacet
  facet normal 0 0 1
    outer loop
      vertex 15.9099 -17.5099 9
      vertex 14.8805 -17.7339 9
      vertex 13.2783 -18.9634 9
    endloop
  endfacet
  facet normal 0 0 1
    outer loop
      vertex 20.362 -29.0799 9
      vertex 13.2783 -18.9634 9
      vertex 17.75 -30.7439 9
    endloop
  endfacet
  facet normal -0 0 1
    outer loop
      vertex 11.575 -20.0485 9
      vertex 17.75 -30.7439 9
      vertex 13.2783 -18.9634 9
    endloop
  endfacet
  facet normal 0 0 1
    outer loop
      vertex 17.75 -30.7439 9
      vertex 11.575 -20.0485 9
      vertex 15.0029 -32.1739 9
    endloop
  endfacet
  facet normal -0 0 1
    outer loop
      vertex 9.78361 -20.981 9
      vertex 15.0029 -32.1739 9
      vertex 11.575 -20.0485 9
    endloop
  endfacet
  facet normal 0 0 1
    outer loop
      vertex 15.0029 -32.1739 9
      vertex 9.78361 -20.981 9
      vertex 12.1417 -33.3591 9
    endloop
  endfacet
  facet normal -0 0 1
    outer loop
      vertex 7.91777 -21.7539 9
      vertex 12.1417 -33.3591 9
      vertex 9.78361 -20.981 9
    endloop
  endfacet
  facet normal 0 0 1
    outer loop
      vertex 12.1417 -33.3591 9
      vertex 7.91777 -21.7539 9
      vertex 9.18808 -34.2904 9
    endloop
  endfacet
  facet normal -0 0 1
    outer loop
      vertex 5.99166 -22.3612 9
      vertex 9.18808 -34.2904 9
      vertex 7.91777 -21.7539 9
    endloop
  endfacet
  facet normal 0 0 1
    outer loop
      vertex 9.18808 -34.2904 9
      vertex 5.99166 -22.3612 9
      vertex 6.16451 -34.9607 9
    endloop
  endfacet
  facet normal -0 0 1
    outer loop
      vertex 4.01995 -22.7983 9
      vertex 6.16451 -34.9607 9
      vertex 5.99166 -22.3612 9
    endloop
  endfacet
  facet normal 0 0 1
    outer loop
      vertex 4.01995 -22.7983 9
      vertex 3.09403 -35.3649 9
      vertex 6.16451 -34.9607 9
    endloop
  endfacet
  facet normal -0 0 1
    outer loop
      vertex 2.01766 -23.0619 9
      vertex 3.09403 -35.3649 9
      vertex 4.01995 -22.7983 9
    endloop
  endfacet
  facet normal -0 0 1
    outer loop
      vertex 0 -23.15 9
      vertex 3.09403 -35.3649 9
      vertex 2.01766 -23.0619 9
    endloop
  endfacet
  facet normal 0 0 1
    outer loop
      vertex 0 -23.15 9
      vertex 0 -35.5 9
      vertex 3.09403 -35.3649 9
    endloop
  endfacet
  facet normal 0 0 1
    outer loop
      vertex -2.01766 -23.0619 9
      vertex 0 -35.5 9
      vertex 0 -23.15 9
    endloop
  endfacet
  facet normal 0 0 1
    outer loop
      vertex -2.01766 -23.0619 9
      vertex -3.09403 -35.3649 9
      vertex 0 -35.5 9
    endloop
  endfacet
  facet normal 0 0 1
    outer loop
      vertex -4.01995 -22.7983 9
      vertex -3.09403 -35.3649 9
      vertex -2.01766 -23.0619 9
    endloop
  endfacet
  facet normal 0 0 1
    outer loop
      vertex -6.16451 -34.9607 9
      vertex -4.01995 -22.7983 9
      vertex -5.99166 -22.3612 9
    endloop
  endfacet
  facet normal 0 0 1
    outer loop
      vertex -4.01995 -22.7983 9
      vertex -6.16451 -34.9607 9
      vertex -3.09403 -35.3649 9
    endloop
  endfacet
  facet normal 0 0 1
    outer loop
      vertex -9.18808 -34.2904 9
      vertex -5.99166 -22.3612 9
      vertex -7.91777 -21.7539 9
    endloop
  endfacet
  facet normal 0 0 1
    outer loop
      vertex -5.99166 -22.3612 9
      vertex -9.18808 -34.2904 9
      vertex -6.16451 -34.9607 9
    endloop
  endfacet
  facet normal 0 0 1
    outer loop
      vertex -12.1417 -33.3591 9
      vertex -7.91777 -21.7539 9
      vertex -9.78361 -20.981 9
    endloop
  endfacet
  facet normal 0 0 1
    outer loop
      vertex -15.0029 -32.1739 9
      vertex -9.78361 -20.981 9
      vertex -11.575 -20.0485 9
    endloop
  endfacet
  facet normal 0 0 1
    outer loop
      vertex -7.91777 -21.7539 9
      vertex -12.1417 -33.3591 9
      vertex -9.18808 -34.2904 9
    endloop
  endfacet
  facet normal 0 0 1
    outer loop
      vertex -17.75 -30.7439 9
      vertex -11.575 -20.0485 9
      vertex -13.2783 -18.9634 9
    endloop
  endfacet
  facet normal 0 0 1
    outer loop
      vertex -16.0494 -17.5038 9
      vertex -13.2783 -18.9634 9
      vertex -14.8805 -17.7339 9
    endloop
  endfacet
  facet normal 0 0 1
    outer loop
      vertex -9.78361 -20.981 9
      vertex -15.0029 -32.1739 9
      vertex -12.1417 -33.3591 9
    endloop
  endfacet
  facet normal -0 0 1
    outer loop
      vertex -15.3627 -17.4134 9
      vertex -14.8805 -17.7339 9
      vertex -15.2715 -17.3757 9
    endloop
  endfacet
  facet normal -0 0 1
    outer loop
      vertex -15.4958 -17.4554 9
      vertex -14.8805 -17.7339 9
      vertex -15.3627 -17.4134 9
    endloop
  endfacet
  facet normal -0 0 1
    outer loop
      vertex -15.6321 -17.4856 9
      vertex -14.8805 -17.7339 9
      vertex -15.4958 -17.4554 9
    endloop
  endfacet
  facet normal -0 0 1
    outer loop
      vertex -15.7705 -17.5038 9
      vertex -14.8805 -17.7339 9
      vertex -15.6321 -17.4856 9
    endloop
  endfacet
  facet normal -0 0 1
    outer loop
      vertex -15.9099 -17.5099 9
      vertex -14.8805 -17.7339 9
      vertex -15.7705 -17.5038 9
    endloop
  endfacet
  facet normal 0 0 1
    outer loop
      vertex -16.0494 -17.5038 9
      vertex -14.8805 -17.7339 9
      vertex -15.9099 -17.5099 9
    endloop
  endfacet
  facet normal 0 0 1
    outer loop
      vertex -16.1877 -17.4856 9
      vertex -13.2783 -18.9634 9
      vertex -16.0494 -17.5038 9
    endloop
  endfacet
  facet normal 0 0 1
    outer loop
      vertex -13.2783 -18.9634 9
      vertex -16.1877 -17.4856 9
      vertex -20.362 -29.0799 9
    endloop
  endfacet
  facet normal 0 0 1
    outer loop
      vertex -20.362 -29.0799 9
      vertex -16.1877 -17.4856 9
      vertex -16.324 -17.4554 9
    endloop
  endfacet
  facet normal 0 0 1
    outer loop
      vertex -22.819 -27.1946 9
      vertex -16.324 -17.4554 9
      vertex -16.4571 -17.4134 9
    endloop
  endfacet
  facet normal 0 0 1
    outer loop
      vertex -22.819 -27.1946 9
      vertex -16.4571 -17.4134 9
      vertex -16.5861 -17.36 9
    endloop
  endfacet
  facet normal 0 0 1
    outer loop
      vertex -22.819 -27.1946 9
      vertex -16.5861 -17.36 9
      vertex -16.7099 -17.2955 9
    endloop
  endfacet
  facet normal 0 0 1
    outer loop
      vertex -22.819 -27.1946 9
      vertex -16.7099 -17.2955 9
      vertex -16.8276 -17.2205 9
    endloop
  endfacet
  facet normal 0 0 1
    outer loop
      vertex -25.1023 -25.1023 9
      vertex -16.8276 -17.2205 9
      vertex -16.9384 -17.1356 9
    endloop
  endfacet
  facet normal 0 0 1
    outer loop
      vertex -25.1023 -25.1023 9
      vertex -16.9384 -17.1356 9
      vertex -17.0413 -17.0413 9
    endloop
  endfacet
  facet normal 0 0 1
    outer loop
      vertex -25.1023 -25.1023 9
      vertex -17.0413 -17.0413 9
      vertex -17.1356 -16.9384 9
    endloop
  endfacet
  facet normal 0 0 1
    outer loop
      vertex -25.1023 -25.1023 9
      vertex -17.1356 -16.9384 9
      vertex -17.2205 -16.8276 9
    endloop
  endfacet
  facet normal 0 0 1
    outer loop
      vertex -27.1946 -22.819 9
      vertex -17.2205 -16.8276 9
      vertex -17.2955 -16.7099 9
    endloop
  endfacet
  facet normal 0 0 1
    outer loop
      vertex -27.1946 -22.819 9
      vertex -17.2955 -16.7099 9
      vertex -17.36 -16.5861 9
    endloop
  endfacet
  facet normal 0 0 1
    outer loop
      vertex -27.1946 -22.819 9
      vertex -17.36 -16.5861 9
      vertex -17.4134 -16.4571 9
    endloop
  endfacet
  facet normal 0 0 1
    outer loop
      vertex -27.1946 -22.819 9
      vertex -17.4134 -16.4571 9
      vertex -17.4554 -16.324 9
    endloop
  endfacet
  facet normal 0 0 1
    outer loop
      vertex -29.0799 -20.362 9
      vertex -17.4554 -16.324 9
      vertex -17.4856 -16.1877 9
    endloop
  endfacet
  facet normal 0 0 1
    outer loop
      vertex -17.7339 -14.8805 9
      vertex -17.5038 -16.0494 9
      vertex -17.5099 -15.9099 9
    endloop
  endfacet
  facet normal 0 0 1
    outer loop
      vertex -18.9634 -13.2783 9
      vertex -17.5038 -16.0494 9
      vertex -17.7339 -14.8805 9
    endloop
  endfacet
  facet normal 0 0 1
    outer loop
      vertex -17.5038 -16.0494 9
      vertex -18.9634 -13.2783 9
      vertex -17.4856 -16.1877 9
    endloop
  endfacet
  facet normal 0 0 1
    outer loop
      vertex -11.575 -20.0485 9
      vertex -17.75 -30.7439 9
      vertex -15.0029 -32.1739 9
    endloop
  endfacet
  facet normal 0 0 1
    outer loop
      vertex -29.0799 -20.362 9
      vertex -17.4856 -16.1877 9
      vertex -18.9634 -13.2783 9
    endloop
  endfacet
  facet normal 0 0 1
    outer loop
      vertex -29.0799 -20.362 9
      vertex -18.9634 -13.2783 9
      vertex -20.0485 -11.575 9
    endloop
  endfacet
  facet normal 0 0 1
    outer loop
      vertex -13.2783 -18.9634 9
      vertex -20.362 -29.0799 9
      vertex -17.75 -30.7439 9
    endloop
  endfacet
  facet normal 0 0 1
    outer loop
      vertex -30.7439 -17.75 9
      vertex -20.0485 -11.575 9
      vertex -20.981 -9.78361 9
    endloop
  endfacet
  facet normal 0 0 1
    outer loop
      vertex -32.1739 -15.0029 9
      vertex -20.981 -9.78361 9
      vertex -21.7539 -7.91777 9
    endloop
  endfacet
  facet normal 0 0 1
    outer loop
      vertex -33.3591 -12.1417 9
      vertex -21.7539 -7.91777 9
      vertex -22.3612 -5.99166 9
    endloop
  endfacet
  facet normal 0 0 1
    outer loop
      vertex -34.2904 -9.18808 9
      vertex -22.3612 -5.99166 9
      vertex -22.7983 -4.01995 9
    endloop
  endfacet
  facet normal 0 0 1
    outer loop
      vertex -16.324 -17.4554 9
      vertex -22.819 -27.1946 9
      vertex -20.362 -29.0799 9
    endloop
  endfacet
  facet normal 0 0 1
    outer loop
      vertex -34.9607 -6.16451 9
      vertex -22.7983 -4.01995 9
      vertex -23.0619 -2.01766 9
    endloop
  endfacet
  facet normal 0 0 1
    outer loop
      vertex -35.3649 -3.09403 9
      vertex -23.0619 -2.01766 9
      vertex -23.15 0 9
    endloop
  endfacet
  facet normal -0 0 1
    outer loop
      vertex -33.3591 12.1417 9
      vertex -21.7539 7.91777 9
      vertex -32.1739 15.0029 9
    endloop
  endfacet
  facet normal 0 0 1
    outer loop
      vertex -16.8276 -17.2205 9
      vertex -25.1023 -25.1023 9
      vertex -22.819 -27.1946 9
    endloop
  endfacet
  facet normal 0 0 1
    outer loop
      vertex -21.7539 7.91777 9
      vertex -33.3591 12.1417 9
      vertex -22.3612 5.99166 9
    endloop
  endfacet
  facet normal 0 0 1
    outer loop
      vertex -17.2205 -16.8276 9
      vertex -27.1946 -22.819 9
      vertex -25.1023 -25.1023 9
    endloop
  endfacet
  facet normal -0 0 1
    outer loop
      vertex -34.2904 9.18808 9
      vertex -22.3612 5.99166 9
      vertex -33.3591 12.1417 9
    endloop
  endfacet
  facet normal 0 0 1
    outer loop
      vertex -17.4554 -16.324 9
      vertex -29.0799 -20.362 9
      vertex -27.1946 -22.819 9
    endloop
  endfacet
  facet normal 0 0 1
    outer loop
      vertex -22.3612 5.99166 9
      vertex -34.2904 9.18808 9
      vertex -22.7983 4.01995 9
    endloop
  endfacet
  facet normal 0 0 1
    outer loop
      vertex -20.0485 -11.575 9
      vertex -30.7439 -17.75 9
      vertex -29.0799 -20.362 9
    endloop
  endfacet
  facet normal -0 0 1
    outer loop
      vertex -34.9607 6.16451 9
      vertex -22.7983 4.01995 9
      vertex -34.2904 9.18808 9
    endloop
  endfacet
  facet normal 0 0 1
    outer loop
      vertex -20.981 -9.78361 9
      vertex -32.1739 -15.0029 9
      vertex -30.7439 -17.75 9
    endloop
  endfacet
  facet normal 0 0 1
    outer loop
      vertex -22.7983 4.01995 9
      vertex -34.9607 6.16451 9
      vertex -23.0619 2.01766 9
    endloop
  endfacet
  facet normal 0 0 1
    outer loop
      vertex -21.7539 -7.91777 9
      vertex -33.3591 -12.1417 9
      vertex -32.1739 -15.0029 9
    endloop
  endfacet
  facet normal -0 0 1
    outer loop
      vertex -35.3649 3.09403 9
      vertex -23.0619 2.01766 9
      vertex -34.9607 6.16451 9
    endloop
  endfacet
  facet normal 0 0 1
    outer loop
      vertex -22.3612 -5.99166 9
      vertex -34.2904 -9.18808 9
      vertex -33.3591 -12.1417 9
    endloop
  endfacet
  facet normal 0 0 1
    outer loop
      vertex -23.0619 2.01766 9
      vertex -35.3649 3.09403 9
      vertex -23.15 0 9
    endloop
  endfacet
  facet normal 0 0 1
    outer loop
      vertex -22.7983 -4.01995 9
      vertex -34.9607 -6.16451 9
      vertex -34.2904 -9.18808 9
    endloop
  endfacet
  facet normal 0 0 1
    outer loop
      vertex -35.5 0 9
      vertex -23.15 0 9
      vertex -35.3649 3.09403 9
    endloop
  endfacet
  facet normal 0 0 1
    outer loop
      vertex -23.0619 -2.01766 9
      vertex -35.3649 -3.09403 9
      vertex -34.9607 -6.16451 9
    endloop
  endfacet
  facet normal 0 0 1
    outer loop
      vertex -23.15 0 9
      vertex -35.5 0 9
      vertex -35.3649 -3.09403 9
    endloop
  endfacet
  facet normal -0 0 1
    outer loop
      vertex 17.5038 15.7705 9
      vertex 17.7339 14.8805 9
      vertex 17.5099 15.9099 9
    endloop
  endfacet
  facet normal -0 0 1
    outer loop
      vertex 17.4856 15.6321 9
      vertex 17.7339 14.8805 9
      vertex 17.5038 15.7705 9
    endloop
  endfacet
  facet normal -0 0 1
    outer loop
      vertex 17.4554 15.4958 9
      vertex 17.7339 14.8805 9
      vertex 17.4856 15.6321 9
    endloop
  endfacet
  facet normal -0 0 1
    outer loop
      vertex 17.4134 15.3627 9
      vertex 17.7339 14.8805 9
      vertex 17.4554 15.4958 9
    endloop
  endfacet
  facet normal 0 0 1
    outer loop
      vertex 17.7339 14.8805 9
      vertex 17.4134 15.3627 9
      vertex 17.3757 15.2715 9
    endloop
  endfacet
  facet normal 0 0 1
    outer loop
      vertex -17.4134 15.3627 9
      vertex -17.7339 14.8805 9
      vertex -17.3757 15.2715 9
    endloop
  endfacet
  facet normal 0 0 1
    outer loop
      vertex -17.4554 15.4958 9
      vertex -17.7339 14.8805 9
      vertex -17.4134 15.3627 9
    endloop
  endfacet
  facet normal 0 0 1
    outer loop
      vertex -17.4856 15.6321 9
      vertex -17.7339 14.8805 9
      vertex -17.4554 15.4958 9
    endloop
  endfacet
  facet normal 0 0 1
    outer loop
      vertex -17.5038 15.7705 9
      vertex -17.7339 14.8805 9
      vertex -17.4856 15.6321 9
    endloop
  endfacet
  facet normal 0 0 1
    outer loop
      vertex -17.7339 14.8805 9
      vertex -17.5038 15.7705 9
      vertex -17.5099 15.9099 9
    endloop
  endfacet
  facet normal -0.737271 -0.675597 0
    outer loop
      vertex -25.1023 -25.1023 0
      vertex -27.1946 -22.819 9
      vertex -27.1946 -22.819 0
    endloop
  endfacet
  facet normal -0.737271 -0.675597 0
    outer loop
      vertex -27.1946 -22.819 9
      vertex -25.1023 -25.1023 0
      vertex -25.1023 -25.1023 9
    endloop
  endfacet
  facet normal 0.300714 0.953714 -0
    outer loop
      vertex 12.1417 33.3591 0
      vertex 9.18808 34.2904 9
      vertex 12.1417 33.3591 9
    endloop
  endfacet
  facet normal 0.300714 0.953714 0
    outer loop
      vertex 9.18808 34.2904 9
      vertex 12.1417 33.3591 0
      vertex 9.18808 34.2904 0
    endloop
  endfacet
  facet normal 0.216437 0.976297 -0
    outer loop
      vertex 9.18808 34.2904 0
      vertex 6.16451 34.9607 9
      vertex 9.18808 34.2904 9
    endloop
  endfacet
  facet normal 0.216437 0.976297 0
    outer loop
      vertex 6.16451 34.9607 9
      vertex 9.18808 34.2904 0
      vertex 6.16451 34.9607 0
    endloop
  endfacet
  facet normal -0.675597 -0.737271 0
    outer loop
      vertex -25.1023 -25.1023 0
      vertex -22.819 -27.1946 9
      vertex -25.1023 -25.1023 9
    endloop
  endfacet
  facet normal -0.675597 -0.737271 -0
    outer loop
      vertex -22.819 -27.1946 9
      vertex -25.1023 -25.1023 0
      vertex -22.819 -27.1946 0
    endloop
  endfacet
  facet normal -0.537293 0.843395 0
    outer loop
      vertex -17.75 30.7439 0
      vertex -20.362 29.0799 9
      vertex -17.75 30.7439 9
    endloop
  endfacet
  facet normal -0.537293 0.843395 0
    outer loop
      vertex -20.362 29.0799 9
      vertex -17.75 30.7439 0
      vertex -20.362 29.0799 0
    endloop
  endfacet
  facet normal -0.461736 0.887017 0
    outer loop
      vertex -15.0029 32.1739 0
      vertex -17.75 30.7439 9
      vertex -15.0029 32.1739 9
    endloop
  endfacet
  facet normal -0.461736 0.887017 0
    outer loop
      vertex -17.75 30.7439 9
      vertex -15.0029 32.1739 0
      vertex -17.75 30.7439 0
    endloop
  endfacet
  facet normal -0.991446 0.130515 0
    outer loop
      vertex -35.3649 3.09403 0
      vertex -34.9607 6.16451 9
      vertex -34.9607 6.16451 0
    endloop
  endfacet
  facet normal -0.991446 0.130515 0
    outer loop
      vertex -34.9607 6.16451 9
      vertex -35.3649 3.09403 0
      vertex -35.3649 3.09403 9
    endloop
  endfacet
  facet normal -0.976297 -0.216437 0
    outer loop
      vertex -34.2904 -9.18808 0
      vertex -34.9607 -6.16451 9
      vertex -34.9607 -6.16451 0
    endloop
  endfacet
  facet normal -0.976297 -0.216437 0
    outer loop
      vertex -34.9607 -6.16451 9
      vertex -34.2904 -9.18808 0
      vertex -34.2904 -9.18808 9
    endloop
  endfacet
  facet normal -0.382698 0.923874 0
    outer loop
      vertex -12.1417 33.3591 0
      vertex -15.0029 32.1739 9
      vertex -12.1417 33.3591 9
    endloop
  endfacet
  facet normal -0.382698 0.923874 0
    outer loop
      vertex -15.0029 32.1739 9
      vertex -12.1417 33.3591 0
      vertex -15.0029 32.1739 0
    endloop
  endfacet
  facet normal -0.608757 -0.793357 0
    outer loop
      vertex -22.819 -27.1946 0
      vertex -20.362 -29.0799 9
      vertex -22.819 -27.1946 9
    endloop
  endfacet
  facet normal -0.608757 -0.793357 -0
    outer loop
      vertex -20.362 -29.0799 9
      vertex -22.819 -27.1946 0
      vertex -20.362 -29.0799 0
    endloop
  endfacet
  facet normal 0.216437 -0.976297 0
    outer loop
      vertex 6.16451 -34.9607 0
      vertex 9.18808 -34.2904 9
      vertex 6.16451 -34.9607 9
    endloop
  endfacet
  facet normal 0.216437 -0.976297 0
    outer loop
      vertex 9.18808 -34.2904 9
      vertex 6.16451 -34.9607 0
      vertex 9.18808 -34.2904 0
    endloop
  endfacet
  facet normal 0.675597 -0.737271 0
    outer loop
      vertex 22.819 -27.1946 0
      vertex 25.1023 -25.1023 9
      vertex 22.819 -27.1946 9
    endloop
  endfacet
  facet normal 0.675597 -0.737271 0
    outer loop
      vertex 25.1023 -25.1023 9
      vertex 22.819 -27.1946 0
      vertex 25.1023 -25.1023 0
    endloop
  endfacet
  facet normal -0.843395 -0.537293 0
    outer loop
      vertex -29.0799 -20.362 0
      vertex -30.7439 -17.75 9
      vertex -30.7439 -17.75 0
    endloop
  endfacet
  facet normal -0.843395 -0.537293 0
    outer loop
      vertex -30.7439 -17.75 9
      vertex -29.0799 -20.362 0
      vertex -29.0799 -20.362 9
    endloop
  endfacet
  facet normal -0.300714 0.953714 0
    outer loop
      vertex -9.18808 34.2904 0
      vertex -12.1417 33.3591 9
      vertex -9.18808 34.2904 9
    endloop
  endfacet
  facet normal -0.300714 0.953714 0
    outer loop
      vertex -12.1417 33.3591 9
      vertex -9.18808 34.2904 0
      vertex -12.1417 33.3591 0
    endloop
  endfacet
  facet normal 0.537293 0.843395 -0
    outer loop
      vertex 20.362 29.0799 0
      vertex 17.75 30.7439 9
      vertex 20.362 29.0799 9
    endloop
  endfacet
  facet normal 0.537293 0.843395 0
    outer loop
      vertex 17.75 30.7439 9
      vertex 20.362 29.0799 0
      vertex 17.75 30.7439 0
    endloop
  endfacet
  facet normal -0.0436232 0.999048 0
    outer loop
      vertex 0 35.5 0
      vertex -3.09403 35.3649 9
      vertex 0 35.5 9
    endloop
  endfacet
  facet normal -0.0436232 0.999048 0
    outer loop
      vertex -3.09403 35.3649 9
      vertex 0 35.5 0
      vertex -3.09403 35.3649 0
    endloop
  endfacet
  facet normal -0.887017 0.461736 0
    outer loop
      vertex -32.1739 15.0029 0
      vertex -30.7439 17.75 9
      vertex -30.7439 17.75 0
    endloop
  endfacet
  facet normal -0.887017 0.461736 0
    outer loop
      vertex -30.7439 17.75 9
      vertex -32.1739 15.0029 0
      vertex -32.1739 15.0029 9
    endloop
  endfacet
  facet normal -0.923874 0.382698 0
    outer loop
      vertex -33.3591 12.1417 0
      vertex -32.1739 15.0029 9
      vertex -32.1739 15.0029 0
    endloop
  endfacet
  facet normal -0.923874 0.382698 0
    outer loop
      vertex -32.1739 15.0029 9
      vertex -33.3591 12.1417 0
      vertex -33.3591 12.1417 9
    endloop
  endfacet
  facet normal -0.991446 -0.130515 0
    outer loop
      vertex -34.9607 -6.16451 0
      vertex -35.3649 -3.09403 9
      vertex -35.3649 -3.09403 0
    endloop
  endfacet
  facet normal -0.991446 -0.130515 0
    outer loop
      vertex -35.3649 -3.09403 9
      vertex -34.9607 -6.16451 0
      vertex -34.9607 -6.16451 9
    endloop
  endfacet
  facet normal -0.999048 -0.0436232 0
    outer loop
      vertex -35.3649 -3.09403 0
      vertex -35.5 0 9
      vertex -35.5 0 0
    endloop
  endfacet
  facet normal -0.999048 -0.0436232 0
    outer loop
      vertex -35.5 0 9
      vertex -35.3649 -3.09403 0
      vertex -35.3649 -3.09403 9
    endloop
  endfacet
  facet normal -0.608757 0.793357 0
    outer loop
      vertex -20.362 29.0799 0
      vertex -22.819 27.1946 9
      vertex -20.362 29.0799 9
    endloop
  endfacet
  facet normal -0.608757 0.793357 0
    outer loop
      vertex -22.819 27.1946 9
      vertex -20.362 29.0799 0
      vertex -22.819 27.1946 0
    endloop
  endfacet
  facet normal 0 0 -1
    outer loop
      vertex 25.9 0 0
      vertex 35.5 0 0
      vertex 35.3649 -3.09403 0
    endloop
  endfacet
  facet normal 0 0 -1
    outer loop
      vertex 25.8014 -2.25733 0
      vertex 35.3649 -3.09403 0
      vertex 34.9607 -6.16451 0
    endloop
  endfacet
  facet normal 0 0 -1
    outer loop
      vertex 35.5 0 0
      vertex 25.9 0 0
      vertex 35.3649 3.09403 0
    endloop
  endfacet
  facet normal 0 0 -1
    outer loop
      vertex 25.5065 -4.49749 0
      vertex 34.9607 -6.16451 0
      vertex 34.2904 -9.18808 0
    endloop
  endfacet
  facet normal 0 0 -1
    outer loop
      vertex 25.8014 2.25733 0
      vertex 35.3649 3.09403 0
      vertex 25.9 0 0
    endloop
  endfacet
  facet normal 0 0 -1
    outer loop
      vertex 25.0175 -6.70341 0
      vertex 34.2904 -9.18808 0
      vertex 33.3591 -12.1417 0
    endloop
  endfacet
  facet normal -0 0 -1
    outer loop
      vertex 35.3649 3.09403 0
      vertex 25.8014 2.25733 0
      vertex 34.9607 6.16451 0
    endloop
  endfacet
  facet normal 0 0 -1
    outer loop
      vertex 24.338 -8.85832 0
      vertex 33.3591 -12.1417 0
      vertex 32.1739 -15.0029 0
    endloop
  endfacet
  facet normal 0 0 -1
    outer loop
      vertex 25.5065 4.49749 0
      vertex 34.9607 6.16451 0
      vertex 25.8014 2.25733 0
    endloop
  endfacet
  facet normal 0 0 -1
    outer loop
      vertex 23.4734 -10.9458 0
      vertex 32.1739 -15.0029 0
      vertex 30.7439 -17.75 0
    endloop
  endfacet
  facet normal -0 0 -1
    outer loop
      vertex 34.9607 6.16451 0
      vertex 25.5065 4.49749 0
      vertex 34.2904 9.18808 0
    endloop
  endfacet
  facet normal 0 0 -1
    outer loop
      vertex 22.4301 -12.95 0
      vertex 30.7439 -17.75 0
      vertex 29.0799 -20.362 0
    endloop
  endfacet
  facet normal 0 0 -1
    outer loop
      vertex 25.0175 6.70341 0
      vertex 34.2904 9.18808 0
      vertex 25.5065 4.49749 0
    endloop
  endfacet
  facet normal 0 0 -1
    outer loop
      vertex 21.216 -14.8556 0
      vertex 29.0799 -20.362 0
      vertex 27.1946 -22.819 0
    endloop
  endfacet
  facet normal -0 0 -1
    outer loop
      vertex 34.2904 9.18808 0
      vertex 25.0175 6.70341 0
      vertex 33.3591 12.1417 0
    endloop
  endfacet
  facet normal 0 0 -1
    outer loop
      vertex 24.338 8.85832 0
      vertex 33.3591 12.1417 0
      vertex 25.0175 6.70341 0
    endloop
  endfacet
  facet normal 0 0 -1
    outer loop
      vertex 35.3649 -3.09403 0
      vertex 25.8014 -2.25733 0
      vertex 25.9 0 0
    endloop
  endfacet
  facet normal 0 0 -1
    outer loop
      vertex 34.9607 -6.16451 0
      vertex 25.5065 -4.49749 0
      vertex 25.8014 -2.25733 0
    endloop
  endfacet
  facet normal 0 0 -1
    outer loop
      vertex 19.8405 -16.6482 0
      vertex 27.1946 -22.819 0
      vertex 25.1023 -25.1023 0
    endloop
  endfacet
  facet normal 0 0 -1
    outer loop
      vertex 34.2904 -9.18808 0
      vertex 25.0175 -6.70341 0
      vertex 25.5065 -4.49749 0
    endloop
  endfacet
  facet normal 0 0 -1
    outer loop
      vertex 33.3591 -12.1417 0
      vertex 24.338 -8.85832 0
      vertex 25.0175 -6.70341 0
    endloop
  endfacet
  facet normal 0 0 -1
    outer loop
      vertex 32.1739 -15.0029 0
      vertex 23.4734 -10.9458 0
      vertex 24.338 -8.85832 0
    endloop
  endfacet
  facet normal 0 0 -1
    outer loop
      vertex 18.3141 -18.3141 0
      vertex 25.1023 -25.1023 0
      vertex 22.819 -27.1946 0
    endloop
  endfacet
  facet normal 0 0 -1
    outer loop
      vertex 30.7439 -17.75 0
      vertex 22.4301 -12.95 0
      vertex 23.4734 -10.9458 0
    endloop
  endfacet
  facet normal 0 0 -1
    outer loop
      vertex 29.0799 -20.362 0
      vertex 21.216 -14.8556 0
      vertex 22.4301 -12.95 0
    endloop
  endfacet
  facet normal 0 0 -1
    outer loop
      vertex 16.6482 -19.8405 0
      vertex 22.819 -27.1946 0
      vertex 20.362 -29.0799 0
    endloop
  endfacet
  facet normal 0 0 -1
    outer loop
      vertex 27.1946 -22.819 0
      vertex 19.8405 -16.6482 0
      vertex 21.216 -14.8556 0
    endloop
  endfacet
  facet normal 0 0 -1
    outer loop
      vertex 25.1023 -25.1023 0
      vertex 18.3141 -18.3141 0
      vertex 19.8405 -16.6482 0
    endloop
  endfacet
  facet normal 0 0 -1
    outer loop
      vertex 14.8556 -21.216 0
      vertex 20.362 -29.0799 0
      vertex 17.75 -30.7439 0
    endloop
  endfacet
  facet normal 0 0 -1
    outer loop
      vertex 22.819 -27.1946 0
      vertex 16.6482 -19.8405 0
      vertex 18.3141 -18.3141 0
    endloop
  endfacet
  facet normal 0 0 -1
    outer loop
      vertex 12.95 -22.4301 0
      vertex 17.75 -30.7439 0
      vertex 15.0029 -32.1739 0
    endloop
  endfacet
  facet normal 0 0 -1
    outer loop
      vertex 20.362 -29.0799 0
      vertex 14.8556 -21.216 0
      vertex 16.6482 -19.8405 0
    endloop
  endfacet
  facet normal 0 0 -1
    outer loop
      vertex 17.75 -30.7439 0
      vertex 12.95 -22.4301 0
      vertex 14.8556 -21.216 0
    endloop
  endfacet
  facet normal 0 0 -1
    outer loop
      vertex 10.9458 -23.4734 0
      vertex 15.0029 -32.1739 0
      vertex 12.1417 -33.3591 0
    endloop
  endfacet
  facet normal 0 0 -1
    outer loop
      vertex 15.0029 -32.1739 0
      vertex 10.9458 -23.4734 0
      vertex 12.95 -22.4301 0
    endloop
  endfacet
  facet normal 0 0 -1
    outer loop
      vertex 8.85832 -24.338 0
      vertex 12.1417 -33.3591 0
      vertex 9.18808 -34.2904 0
    endloop
  endfacet
  facet normal 0 0 -1
    outer loop
      vertex 12.1417 -33.3591 0
      vertex 8.85832 -24.338 0
      vertex 10.9458 -23.4734 0
    endloop
  endfacet
  facet normal 0 0 -1
    outer loop
      vertex 9.18808 -34.2904 0
      vertex 6.70341 -25.0175 0
      vertex 8.85832 -24.338 0
    endloop
  endfacet
  facet normal 0 0 -1
    outer loop
      vertex 6.16451 -34.9607 0
      vertex 6.70341 -25.0175 0
      vertex 9.18808 -34.2904 0
    endloop
  endfacet
  facet normal 0 0 -1
    outer loop
      vertex 6.16451 -34.9607 0
      vertex 4.49749 -25.5065 0
      vertex 6.70341 -25.0175 0
    endloop
  endfacet
  facet normal 0 0 -1
    outer loop
      vertex 3.09403 -35.3649 0
      vertex 4.49749 -25.5065 0
      vertex 6.16451 -34.9607 0
    endloop
  endfacet
  facet normal 0 0 -1
    outer loop
      vertex 3.09403 -35.3649 0
      vertex 2.25733 -25.8014 0
      vertex 4.49749 -25.5065 0
    endloop
  endfacet
  facet normal 0 0 -1
    outer loop
      vertex 0 -35.5 0
      vertex 2.25733 -25.8014 0
      vertex 3.09403 -35.3649 0
    endloop
  endfacet
  facet normal 0 0 -1
    outer loop
      vertex 0 -35.5 0
      vertex 0 -25.9 0
      vertex 2.25733 -25.8014 0
    endloop
  endfacet
  facet normal 0 0 -1
    outer loop
      vertex 0 -35.5 0
      vertex -2.25733 -25.8014 0
      vertex 0 -25.9 0
    endloop
  endfacet
  facet normal 0 0 -1
    outer loop
      vertex -3.09403 -35.3649 0
      vertex -2.25733 -25.8014 0
      vertex 0 -35.5 0
    endloop
  endfacet
  facet normal 0 0 -1
    outer loop
      vertex -3.09403 -35.3649 0
      vertex -4.49749 -25.5065 0
      vertex -2.25733 -25.8014 0
    endloop
  endfacet
  facet normal 0 0 -1
    outer loop
      vertex -6.16451 -34.9607 0
      vertex -4.49749 -25.5065 0
      vertex -3.09403 -35.3649 0
    endloop
  endfacet
  facet normal 0 0 -1
    outer loop
      vertex -6.16451 -34.9607 0
      vertex -6.70341 -25.0175 0
      vertex -4.49749 -25.5065 0
    endloop
  endfacet
  facet normal 0 0 -1
    outer loop
      vertex -9.18808 -34.2904 0
      vertex -6.70341 -25.0175 0
      vertex -6.16451 -34.9607 0
    endloop
  endfacet
  facet normal -0 0 -1
    outer loop
      vertex -6.70341 -25.0175 0
      vertex -9.18808 -34.2904 0
      vertex -8.85832 -24.338 0
    endloop
  endfacet
  facet normal 0 0 -1
    outer loop
      vertex -12.1417 -33.3591 0
      vertex -8.85832 -24.338 0
      vertex -9.18808 -34.2904 0
    endloop
  endfacet
  facet normal -0 0 -1
    outer loop
      vertex -8.85832 -24.338 0
      vertex -12.1417 -33.3591 0
      vertex -10.9458 -23.4734 0
    endloop
  endfacet
  facet normal 0 0 -1
    outer loop
      vertex -15.0029 -32.1739 0
      vertex -10.9458 -23.4734 0
      vertex -12.1417 -33.3591 0
    endloop
  endfacet
  facet normal -0 0 -1
    outer loop
      vertex -10.9458 -23.4734 0
      vertex -15.0029 -32.1739 0
      vertex -12.95 -22.4301 0
    endloop
  endfacet
  facet normal 0 0 -1
    outer loop
      vertex -17.75 -30.7439 0
      vertex -12.95 -22.4301 0
      vertex -15.0029 -32.1739 0
    endloop
  endfacet
  facet normal -0 0 -1
    outer loop
      vertex -12.95 -22.4301 0
      vertex -17.75 -30.7439 0
      vertex -14.8556 -21.216 0
    endloop
  endfacet
  facet normal 0 0 -1
    outer loop
      vertex -20.362 -29.0799 0
      vertex -14.8556 -21.216 0
      vertex -17.75 -30.7439 0
    endloop
  endfacet
  facet normal -0 0 -1
    outer loop
      vertex -14.8556 -21.216 0
      vertex -20.362 -29.0799 0
      vertex -16.6482 -19.8405 0
    endloop
  endfacet
  facet normal 0 0 -1
    outer loop
      vertex -22.819 -27.1946 0
      vertex -16.6482 -19.8405 0
      vertex -20.362 -29.0799 0
    endloop
  endfacet
  facet normal -0 0 -1
    outer loop
      vertex -16.6482 -19.8405 0
      vertex -22.819 -27.1946 0
      vertex -18.3141 -18.3141 0
    endloop
  endfacet
  facet normal 0 0 -1
    outer loop
      vertex -25.1023 -25.1023 0
      vertex -18.3141 -18.3141 0
      vertex -22.819 -27.1946 0
    endloop
  endfacet
  facet normal -0 0 -1
    outer loop
      vertex -18.3141 -18.3141 0
      vertex -25.1023 -25.1023 0
      vertex -19.8405 -16.6482 0
    endloop
  endfacet
  facet normal 0 0 -1
    outer loop
      vertex -27.1946 -22.819 0
      vertex -19.8405 -16.6482 0
      vertex -25.1023 -25.1023 0
    endloop
  endfacet
  facet normal -0 0 -1
    outer loop
      vertex -19.8405 -16.6482 0
      vertex -27.1946 -22.819 0
      vertex -21.216 -14.8556 0
    endloop
  endfacet
  facet normal 0 0 -1
    outer loop
      vertex -29.0799 -20.362 0
      vertex -21.216 -14.8556 0
      vertex -27.1946 -22.819 0
    endloop
  endfacet
  facet normal -0 0 -1
    outer loop
      vertex -21.216 -14.8556 0
      vertex -29.0799 -20.362 0
      vertex -22.4301 -12.95 0
    endloop
  endfacet
  facet normal 0 0 -1
    outer loop
      vertex -30.7439 -17.75 0
      vertex -22.4301 -12.95 0
      vertex -29.0799 -20.362 0
    endloop
  endfacet
  facet normal -0 0 -1
    outer loop
      vertex -22.4301 -12.95 0
      vertex -30.7439 -17.75 0
      vertex -23.4734 -10.9458 0
    endloop
  endfacet
  facet normal 0 0 -1
    outer loop
      vertex -32.1739 -15.0029 0
      vertex -23.4734 -10.9458 0
      vertex -30.7439 -17.75 0
    endloop
  endfacet
  facet normal -0 0 -1
    outer loop
      vertex -23.4734 -10.9458 0
      vertex -32.1739 -15.0029 0
      vertex -24.338 -8.85832 0
    endloop
  endfacet
  facet normal 0 0 -1
    outer loop
      vertex -33.3591 -12.1417 0
      vertex -24.338 -8.85832 0
      vertex -32.1739 -15.0029 0
    endloop
  endfacet
  facet normal -0 0 -1
    outer loop
      vertex 33.3591 12.1417 0
      vertex 24.338 8.85832 0
      vertex 32.1739 15.0029 0
    endloop
  endfacet
  facet normal 0 0 -1
    outer loop
      vertex 23.4734 10.9458 0
      vertex 32.1739 15.0029 0
      vertex 24.338 8.85832 0
    endloop
  endfacet
  facet normal -0 0 -1
    outer loop
      vertex 32.1739 15.0029 0
      vertex 23.4734 10.9458 0
      vertex 30.7439 17.75 0
    endloop
  endfacet
  facet normal 0 0 -1
    outer loop
      vertex 22.4301 12.95 0
      vertex 30.7439 17.75 0
      vertex 23.4734 10.9458 0
    endloop
  endfacet
  facet normal -0 0 -1
    outer loop
      vertex 30.7439 17.75 0
      vertex 22.4301 12.95 0
      vertex 29.0799 20.362 0
    endloop
  endfacet
  facet normal 0 0 -1
    outer loop
      vertex 21.216 14.8556 0
      vertex 29.0799 20.362 0
      vertex 22.4301 12.95 0
    endloop
  endfacet
  facet normal -0 0 -1
    outer loop
      vertex 29.0799 20.362 0
      vertex 21.216 14.8556 0
      vertex 27.1946 22.819 0
    endloop
  endfacet
  facet normal 0 0 -1
    outer loop
      vertex 19.8405 16.6482 0
      vertex 27.1946 22.819 0
      vertex 21.216 14.8556 0
    endloop
  endfacet
  facet normal -0 0 -1
    outer loop
      vertex 27.1946 22.819 0
      vertex 19.8405 16.6482 0
      vertex 25.1023 25.1023 0
    endloop
  endfacet
  facet normal 0 0 -1
    outer loop
      vertex 18.3141 18.3141 0
      vertex 25.1023 25.1023 0
      vertex 19.8405 16.6482 0
    endloop
  endfacet
  facet normal -0 0 -1
    outer loop
      vertex 25.1023 25.1023 0
      vertex 18.3141 18.3141 0
      vertex 22.819 27.1946 0
    endloop
  endfacet
  facet normal 0 0 -1
    outer loop
      vertex 16.6482 19.8405 0
      vertex 22.819 27.1946 0
      vertex 18.3141 18.3141 0
    endloop
  endfacet
  facet normal -0 0 -1
    outer loop
      vertex 22.819 27.1946 0
      vertex 16.6482 19.8405 0
      vertex 20.362 29.0799 0
    endloop
  endfacet
  facet normal 0 0 -1
    outer loop
      vertex 14.8556 21.216 0
      vertex 20.362 29.0799 0
      vertex 16.6482 19.8405 0
    endloop
  endfacet
  facet normal -0 0 -1
    outer loop
      vertex 20.362 29.0799 0
      vertex 14.8556 21.216 0
      vertex 17.75 30.7439 0
    endloop
  endfacet
  facet normal 0 0 -1
    outer loop
      vertex 12.95 22.4301 0
      vertex 17.75 30.7439 0
      vertex 14.8556 21.216 0
    endloop
  endfacet
  facet normal -0 0 -1
    outer loop
      vertex 17.75 30.7439 0
      vertex 12.95 22.4301 0
      vertex 15.0029 32.1739 0
    endloop
  endfacet
  facet normal 0 0 -1
    outer loop
      vertex 10.9458 23.4734 0
      vertex 15.0029 32.1739 0
      vertex 12.95 22.4301 0
    endloop
  endfacet
  facet normal -0 0 -1
    outer loop
      vertex 15.0029 32.1739 0
      vertex 10.9458 23.4734 0
      vertex 12.1417 33.3591 0
    endloop
  endfacet
  facet normal 0 0 -1
    outer loop
      vertex 8.85832 24.338 0
      vertex 12.1417 33.3591 0
      vertex 10.9458 23.4734 0
    endloop
  endfacet
  facet normal -0 0 -1
    outer loop
      vertex 12.1417 33.3591 0
      vertex 8.85832 24.338 0
      vertex 9.18808 34.2904 0
    endloop
  endfacet
  facet normal 0 0 -1
    outer loop
      vertex 6.70341 25.0175 0
      vertex 9.18808 34.2904 0
      vertex 8.85832 24.338 0
    endloop
  endfacet
  facet normal 0 0 -1
    outer loop
      vertex 6.70341 25.0175 0
      vertex 6.16451 34.9607 0
      vertex 9.18808 34.2904 0
    endloop
  endfacet
  facet normal 0 0 -1
    outer loop
      vertex 4.49749 25.5065 0
      vertex 6.16451 34.9607 0
      vertex 6.70341 25.0175 0
    endloop
  endfacet
  facet normal 0 0 -1
    outer loop
      vertex 4.49749 25.5065 0
      vertex 3.09403 35.3649 0
      vertex 6.16451 34.9607 0
    endloop
  endfacet
  facet normal 0 0 -1
    outer loop
      vertex 2.25733 25.8014 0
      vertex 3.09403 35.3649 0
      vertex 4.49749 25.5065 0
    endloop
  endfacet
  facet normal 0 0 -1
    outer loop
      vertex 0 25.9 0
      vertex 3.09403 35.3649 0
      vertex 2.25733 25.8014 0
    endloop
  endfacet
  facet normal 0 0 -1
    outer loop
      vertex 0 25.9 0
      vertex 0 35.5 0
      vertex 3.09403 35.3649 0
    endloop
  endfacet
  facet normal 0 0 -1
    outer loop
      vertex -2.25733 25.8014 0
      vertex 0 35.5 0
      vertex 0 25.9 0
    endloop
  endfacet
  facet normal 0 0 -1
    outer loop
      vertex -2.25733 25.8014 0
      vertex -3.09403 35.3649 0
      vertex 0 35.5 0
    endloop
  endfacet
  facet normal 0 0 -1
    outer loop
      vertex -4.49749 25.5065 0
      vertex -3.09403 35.3649 0
      vertex -2.25733 25.8014 0
    endloop
  endfacet
  facet normal 0 0 -1
    outer loop
      vertex -4.49749 25.5065 0
      vertex -6.16451 34.9607 0
      vertex -3.09403 35.3649 0
    endloop
  endfacet
  facet normal 0 0 -1
    outer loop
      vertex -6.70341 25.0175 0
      vertex -6.16451 34.9607 0
      vertex -4.49749 25.5065 0
    endloop
  endfacet
  facet normal 0 0 -1
    outer loop
      vertex -9.18808 34.2904 0
      vertex -6.70341 25.0175 0
      vertex -8.85832 24.338 0
    endloop
  endfacet
  facet normal 0 0 -1
    outer loop
      vertex -6.70341 25.0175 0
      vertex -9.18808 34.2904 0
      vertex -6.16451 34.9607 0
    endloop
  endfacet
  facet normal 0 0 -1
    outer loop
      vertex -12.1417 33.3591 0
      vertex -8.85832 24.338 0
      vertex -10.9458 23.4734 0
    endloop
  endfacet
  facet normal 0 0 -1
    outer loop
      vertex -8.85832 24.338 0
      vertex -12.1417 33.3591 0
      vertex -9.18808 34.2904 0
    endloop
  endfacet
  facet normal 0 0 -1
    outer loop
      vertex -15.0029 32.1739 0
      vertex -10.9458 23.4734 0
      vertex -12.95 22.4301 0
    endloop
  endfacet
  facet normal 0 0 -1
    outer loop
      vertex -17.75 30.7439 0
      vertex -12.95 22.4301 0
      vertex -14.8556 21.216 0
    endloop
  endfacet
  facet normal 0 0 -1
    outer loop
      vertex -10.9458 23.4734 0
      vertex -15.0029 32.1739 0
      vertex -12.1417 33.3591 0
    endloop
  endfacet
  facet normal 0 0 -1
    outer loop
      vertex -20.362 29.0799 0
      vertex -14.8556 21.216 0
      vertex -16.6482 19.8405 0
    endloop
  endfacet
  facet normal 0 0 -1
    outer loop
      vertex -12.95 22.4301 0
      vertex -17.75 30.7439 0
      vertex -15.0029 32.1739 0
    endloop
  endfacet
  facet normal 0 0 -1
    outer loop
      vertex -22.819 27.1946 0
      vertex -16.6482 19.8405 0
      vertex -18.3141 18.3141 0
    endloop
  endfacet
  facet normal 0 0 -1
    outer loop
      vertex -25.1023 25.1023 0
      vertex -18.3141 18.3141 0
      vertex -19.8405 16.6482 0
    endloop
  endfacet
  facet normal 0 0 -1
    outer loop
      vertex -14.8556 21.216 0
      vertex -20.362 29.0799 0
      vertex -17.75 30.7439 0
    endloop
  endfacet
  facet normal 0 0 -1
    outer loop
      vertex -27.1946 22.819 0
      vertex -19.8405 16.6482 0
      vertex -21.216 14.8556 0
    endloop
  endfacet
  facet normal 0 0 -1
    outer loop
      vertex -29.0799 20.362 0
      vertex -21.216 14.8556 0
      vertex -22.4301 12.95 0
    endloop
  endfacet
  facet normal 0 0 -1
    outer loop
      vertex -16.6482 19.8405 0
      vertex -22.819 27.1946 0
      vertex -20.362 29.0799 0
    endloop
  endfacet
  facet normal 0 0 -1
    outer loop
      vertex -30.7439 17.75 0
      vertex -22.4301 12.95 0
      vertex -23.4734 10.9458 0
    endloop
  endfacet
  facet normal 0 0 -1
    outer loop
      vertex -32.1739 15.0029 0
      vertex -23.4734 10.9458 0
      vertex -24.338 8.85832 0
    endloop
  endfacet
  facet normal 0 0 -1
    outer loop
      vertex -33.3591 12.1417 0
      vertex -24.338 8.85832 0
      vertex -25.0175 6.70341 0
    endloop
  endfacet
  facet normal 0 0 -1
    outer loop
      vertex -18.3141 18.3141 0
      vertex -25.1023 25.1023 0
      vertex -22.819 27.1946 0
    endloop
  endfacet
  facet normal 0 0 -1
    outer loop
      vertex -34.2904 9.18808 0
      vertex -25.0175 6.70341 0
      vertex -25.5065 4.49749 0
    endloop
  endfacet
  facet normal 0 0 -1
    outer loop
      vertex -34.9607 6.16451 0
      vertex -25.5065 4.49749 0
      vertex -25.8014 2.25733 0
    endloop
  endfacet
  facet normal 0 0 -1
    outer loop
      vertex -35.3649 3.09403 0
      vertex -25.8014 2.25733 0
      vertex -25.9 0 0
    endloop
  endfacet
  facet normal -0 0 -1
    outer loop
      vertex -24.338 -8.85832 0
      vertex -33.3591 -12.1417 0
      vertex -25.0175 -6.70341 0
    endloop
  endfacet
  facet normal 0 0 -1
    outer loop
      vertex -19.8405 16.6482 0
      vertex -27.1946 22.819 0
      vertex -25.1023 25.1023 0
    endloop
  endfacet
  facet normal 0 0 -1
    outer loop
      vertex -34.2904 -9.18808 0
      vertex -25.0175 -6.70341 0
      vertex -33.3591 -12.1417 0
    endloop
  endfacet
  facet normal 0 0 -1
    outer loop
      vertex -21.216 14.8556 0
      vertex -29.0799 20.362 0
      vertex -27.1946 22.819 0
    endloop
  endfacet
  facet normal -0 0 -1
    outer loop
      vertex -25.0175 -6.70341 0
      vertex -34.2904 -9.18808 0
      vertex -25.5065 -4.49749 0
    endloop
  endfacet
  facet normal 0 0 -1
    outer loop
      vertex -22.4301 12.95 0
      vertex -30.7439 17.75 0
      vertex -29.0799 20.362 0
    endloop
  endfacet
  facet normal 0 0 -1
    outer loop
      vertex -34.9607 -6.16451 0
      vertex -25.5065 -4.49749 0
      vertex -34.2904 -9.18808 0
    endloop
  endfacet
  facet normal 0 0 -1
    outer loop
      vertex -23.4734 10.9458 0
      vertex -32.1739 15.0029 0
      vertex -30.7439 17.75 0
    endloop
  endfacet
  facet normal -0 0 -1
    outer loop
      vertex -25.5065 -4.49749 0
      vertex -34.9607 -6.16451 0
      vertex -25.8014 -2.25733 0
    endloop
  endfacet
  facet normal 0 0 -1
    outer loop
      vertex -24.338 8.85832 0
      vertex -33.3591 12.1417 0
      vertex -32.1739 15.0029 0
    endloop
  endfacet
  facet normal 0 0 -1
    outer loop
      vertex -35.3649 -3.09403 0
      vertex -25.8014 -2.25733 0
      vertex -34.9607 -6.16451 0
    endloop
  endfacet
  facet normal 0 0 -1
    outer loop
      vertex -25.0175 6.70341 0
      vertex -34.2904 9.18808 0
      vertex -33.3591 12.1417 0
    endloop
  endfacet
  facet normal -0 0 -1
    outer loop
      vertex -25.8014 -2.25733 0
      vertex -35.3649 -3.09403 0
      vertex -25.9 0 0
    endloop
  endfacet
  facet normal 0 0 -1
    outer loop
      vertex -25.5065 4.49749 0
      vertex -34.9607 6.16451 0
      vertex -34.2904 9.18808 0
    endloop
  endfacet
  facet normal 0 0 -1
    outer loop
      vertex -35.5 0 0
      vertex -25.9 0 0
      vertex -35.3649 -3.09403 0
    endloop
  endfacet
  facet normal 0 0 -1
    outer loop
      vertex -25.8014 2.25733 0
      vertex -35.3649 3.09403 0
      vertex -34.9607 6.16451 0
    endloop
  endfacet
  facet normal 0 0 -1
    outer loop
      vertex -25.9 0 0
      vertex -35.5 0 0
      vertex -35.3649 3.09403 0
    endloop
  endfacet
  facet normal 0 0 -1
    outer loop
      vertex -19.0977 -16.1888 0
      vertex -19.2277 -16.134 0
      vertex -19.1099 -15.9099 0
    endloop
  endfacet
  facet normal 0 0 -1
    outer loop
      vertex -19.2277 -16.134 0
      vertex -19.0977 -16.1888 0
      vertex -19.0843 -16.2904 0
    endloop
  endfacet
  facet normal 0 0 -1
    outer loop
      vertex -16.7381 -12.8189 0
      vertex -17.1203 -11.9877 0
      vertex -16.5196 -12.7705 0
    endloop
  endfacet
  facet normal 0 0 -1
    outer loop
      vertex -17.0044 -12.9029 0
      vertex -17.1203 -11.9877 0
      vertex -16.7381 -12.8189 0
    endloop
  endfacet
  facet normal 0 0 -1
    outer loop
      vertex -17.2623 -13.0097 0
      vertex -17.1203 -11.9877 0
      vertex -17.0044 -12.9029 0
    endloop
  endfacet
  facet normal 0 0 -1
    outer loop
      vertex -17.5099 -13.1386 0
      vertex -17.1203 -11.9877 0
      vertex -17.2623 -13.0097 0
    endloop
  endfacet
  facet normal 0 0 -1
    outer loop
      vertex -17.7453 -13.2886 0
      vertex -17.1203 -11.9877 0
      vertex -17.5099 -13.1386 0
    endloop
  endfacet
  facet normal 0 0 -1
    outer loop
      vertex -18.0999 -10.45 0
      vertex -17.7453 -13.2886 0
      vertex -17.9668 -13.4586 0
    endloop
  endfacet
  facet normal 0 0 -1
    outer loop
      vertex -17.7453 -13.2886 0
      vertex -18.0999 -10.45 0
      vertex -17.1203 -11.9877 0
    endloop
  endfacet
  facet normal 0 0 -1
    outer loop
      vertex -18.1726 -13.6472 0
      vertex -18.0999 -10.45 0
      vertex -17.9668 -13.4586 0
    endloop
  endfacet
  facet normal 0 0 -1
    outer loop
      vertex -21.7372 -12.55 0
      vertex -18.1726 -13.6472 0
      vertex -18.3612 -13.853 0
    endloop
  endfacet
  facet normal 0 0 -1
    outer loop
      vertex -20.5607 -14.3968 0
      vertex -18.3612 -13.853 0
      vertex -18.5312 -14.0745 0
    endloop
  endfacet
  facet normal 0 0 -1
    outer loop
      vertex -20.5607 -14.3968 0
      vertex -18.5312 -14.0745 0
      vertex -18.6812 -14.3099 0
    endloop
  endfacet
  facet normal 0 0 -1
    outer loop
      vertex -20.5607 -14.3968 0
      vertex -18.6812 -14.3099 0
      vertex -18.8101 -14.5575 0
    endloop
  endfacet
  facet normal 0 0 -1
    outer loop
      vertex -20.5607 -14.3968 0
      vertex -18.8101 -14.5575 0
      vertex -18.9169 -14.8154 0
    endloop
  endfacet
  facet normal -0 0 -1
    outer loop
      vertex -18.3612 -13.853 0
      vertex -20.5607 -14.3968 0
      vertex -21.7372 -12.55 0
    endloop
  endfacet
  facet normal 0 0 -1
    outer loop
      vertex -20.5607 -14.3968 0
      vertex -18.9169 -14.8154 0
      vertex -19.0009 -15.0817 0
    endloop
  endfacet
  facet normal 0 0 -1
    outer loop
      vertex -20.5607 -14.3968 0
      vertex -19.0009 -15.0817 0
      vertex -19.0613 -15.3542 0
    endloop
  endfacet
  facet normal 0 0 -1
    outer loop
      vertex -20.5607 -14.3968 0
      vertex -19.0613 -15.3542 0
      vertex -19.0977 -15.631 0
    endloop
  endfacet
  facet normal 0 0 -1
    outer loop
      vertex -19.2277 -16.134 0
      vertex -19.0977 -15.631 0
      vertex -19.1099 -15.9099 0
    endloop
  endfacet
  facet normal -0 0 -1
    outer loop
      vertex -19.0977 -15.631 0
      vertex -19.2277 -16.134 0
      vertex -20.5607 -14.3968 0
    endloop
  endfacet
  facet normal 0 0 -1
    outer loop
      vertex -18.1726 -13.6472 0
      vertex -21.7372 -12.55 0
      vertex -18.0999 -10.45 0
    endloop
  endfacet
  facet normal -0 0 -1
    outer loop
      vertex -18.0999 -10.45 0
      vertex -21.7372 -12.55 0
      vertex -18.9418 -8.83272 0
    endloop
  endfacet
  facet normal 0 0 -1
    outer loop
      vertex -22.7483 -10.6077 0
      vertex -18.9418 -8.83272 0
      vertex -21.7372 -12.55 0
    endloop
  endfacet
  facet normal -0 0 -1
    outer loop
      vertex -18.9418 -8.83272 0
      vertex -22.7483 -10.6077 0
      vertex -19.6396 -7.14822 0
    endloop
  endfacet
  facet normal 0 0 -1
    outer loop
      vertex -23.5863 -8.58471 0
      vertex -19.6396 -7.14822 0
      vertex -22.7483 -10.6077 0
    endloop
  endfacet
  facet normal -0 0 -1
    outer loop
      vertex -19.6396 -7.14822 0
      vertex -23.5863 -8.58471 0
      vertex -20.1878 -5.40932 0
    endloop
  endfacet
  facet normal 0 0 -1
    outer loop
      vertex -24.2447 -6.49636 0
      vertex -20.1878 -5.40932 0
      vertex -23.5863 -8.58471 0
    endloop
  endfacet
  facet normal 0 0 -1
    outer loop
      vertex -17.1203 11.9877 0
      vertex -16.7381 12.8189 0
      vertex -16.5196 12.7705 0
    endloop
  endfacet
  facet normal 0 0 -1
    outer loop
      vertex -17.1203 11.9877 0
      vertex -17.0044 12.9029 0
      vertex -16.7381 12.8189 0
    endloop
  endfacet
  facet normal 0 0 -1
    outer loop
      vertex -17.1203 11.9877 0
      vertex -17.2623 13.0097 0
      vertex -17.0044 12.9029 0
    endloop
  endfacet
  facet normal 0 0 -1
    outer loop
      vertex -17.1203 11.9877 0
      vertex -17.5099 13.1386 0
      vertex -17.2623 13.0097 0
    endloop
  endfacet
  facet normal 0 0 -1
    outer loop
      vertex -17.1203 11.9877 0
      vertex -17.7453 13.2886 0
      vertex -17.5099 13.1386 0
    endloop
  endfacet
  facet normal 0 0 -1
    outer loop
      vertex -18.0999 10.45 0
      vertex -17.7453 13.2886 0
      vertex -17.1203 11.9877 0
    endloop
  endfacet
  facet normal -0 0 -1
    outer loop
      vertex -17.7453 13.2886 0
      vertex -18.0999 10.45 0
      vertex -17.9668 13.4586 0
    endloop
  endfacet
  facet normal 0 0 -1
    outer loop
      vertex -18.0999 10.45 0
      vertex -18.1726 13.6472 0
      vertex -17.9668 13.4586 0
    endloop
  endfacet
  facet normal 0 0 -1
    outer loop
      vertex -21.7372 12.55 0
      vertex -18.1726 13.6472 0
      vertex -18.0999 10.45 0
    endloop
  endfacet
  facet normal -0 0 -1
    outer loop
      vertex -18.1726 13.6472 0
      vertex -21.7372 12.55 0
      vertex -18.3612 13.853 0
    endloop
  endfacet
  facet normal 0 -0 -1
    outer loop
      vertex -20.5607 14.3968 0
      vertex -18.3612 13.853 0
      vertex -21.7372 12.55 0
    endloop
  endfacet
  facet normal 0 0 -1
    outer loop
      vertex -18.3612 13.853 0
      vertex -20.5607 14.3968 0
      vertex -18.5312 14.0745 0
    endloop
  endfacet
  facet normal 0 0 -1
    outer loop
      vertex -18.5312 14.0745 0
      vertex -20.5607 14.3968 0
      vertex -18.6812 14.3099 0
    endloop
  endfacet
  facet normal 0 0 -1
    outer loop
      vertex -21.7372 12.55 0
      vertex -18.0999 10.45 0
      vertex -18.9418 8.83272 0
    endloop
  endfacet
  facet normal 0 0 -1
    outer loop
      vertex -18.6812 14.3099 0
      vertex -20.5607 14.3968 0
      vertex -18.8101 14.5575 0
    endloop
  endfacet
  facet normal -0 0 -1
    outer loop
      vertex -18.9169 14.8154 0
      vertex -20.5607 14.3968 0
      vertex -19.0009 15.0817 0
    endloop
  endfacet
  facet normal -0 0 -1
    outer loop
      vertex -19.0009 15.0817 0
      vertex -20.5607 14.3968 0
      vertex -19.0613 15.3542 0
    endloop
  endfacet
  facet normal -0 0 -1
    outer loop
      vertex -19.0613 15.3542 0
      vertex -20.5607 14.3968 0
      vertex -19.0977 15.631 0
    endloop
  endfacet
  facet normal 0 -0 -1
    outer loop
      vertex -19.2277 16.134 0
      vertex -19.0977 15.631 0
      vertex -20.5607 14.3968 0
    endloop
  endfacet
  facet normal 0 0 -1
    outer loop
      vertex -22.7483 10.6077 0
      vertex -18.9418 8.83272 0
      vertex -19.6396 7.14822 0
    endloop
  endfacet
  facet normal 0 0 -1
    outer loop
      vertex -23.5863 8.58471 0
      vertex -19.6396 7.14822 0
      vertex -20.1878 5.40932 0
    endloop
  endfacet
  facet normal 0 0 -1
    outer loop
      vertex -19.0977 15.631 0
      vertex -19.2277 16.134 0
      vertex -19.1099 15.9099 0
    endloop
  endfacet
  facet normal 0 0 -1
    outer loop
      vertex -24.2447 6.49636 0
      vertex -20.1878 5.40932 0
      vertex -20.5825 3.62925 0
    endloop
  endfacet
  facet normal 0 0 -1
    outer loop
      vertex -24.7187 4.35857 0
      vertex -20.5825 3.62925 0
      vertex -20.8205 1.82155 0
    endloop
  endfacet
  facet normal 0 0 -1
    outer loop
      vertex -25.0045 2.18761 0
      vertex -20.8205 1.82155 0
      vertex -20.9 0 0
    endloop
  endfacet
  facet normal -0 0 -1
    outer loop
      vertex -20.1878 -5.40932 0
      vertex -24.2447 -6.49636 0
      vertex -20.5825 -3.62925 0
    endloop
  endfacet
  facet normal -0 0 -1
    outer loop
      vertex -18.8101 14.5575 0
      vertex -20.5607 14.3968 0
      vertex -18.9169 14.8154 0
    endloop
  endfacet
  facet normal 0 0 -1
    outer loop
      vertex -24.7187 -4.35857 0
      vertex -20.5825 -3.62925 0
      vertex -24.2447 -6.49636 0
    endloop
  endfacet
  facet normal 0 0 -1
    outer loop
      vertex -18.9418 8.83272 0
      vertex -22.7483 10.6077 0
      vertex -21.7372 12.55 0
    endloop
  endfacet
  facet normal -0 0 -1
    outer loop
      vertex -20.5825 -3.62925 0
      vertex -24.7187 -4.35857 0
      vertex -20.8205 -1.82155 0
    endloop
  endfacet
  facet normal 0 0 -1
    outer loop
      vertex -19.6396 7.14822 0
      vertex -23.5863 8.58471 0
      vertex -22.7483 10.6077 0
    endloop
  endfacet
  facet normal 0 0 -1
    outer loop
      vertex -25.0045 -2.18761 0
      vertex -20.8205 -1.82155 0
      vertex -24.7187 -4.35857 0
    endloop
  endfacet
  facet normal 0 0 -1
    outer loop
      vertex -20.1878 5.40932 0
      vertex -24.2447 6.49636 0
      vertex -23.5863 8.58471 0
    endloop
  endfacet
  facet normal -0 0 -1
    outer loop
      vertex -20.8205 -1.82155 0
      vertex -25.0045 -2.18761 0
      vertex -20.9 0 0
    endloop
  endfacet
  facet normal 0 0 -1
    outer loop
      vertex -20.5825 3.62925 0
      vertex -24.7187 4.35857 0
      vertex -24.2447 6.49636 0
    endloop
  endfacet
  facet normal 0 0 -1
    outer loop
      vertex -25.1 0 0
      vertex -20.9 0 0
      vertex -25.0045 -2.18761 0
    endloop
  endfacet
  facet normal 0 0 -1
    outer loop
      vertex -20.8205 1.82155 0
      vertex -25.0045 2.18761 0
      vertex -24.7187 4.35857 0
    endloop
  endfacet
  facet normal 0 0 -1
    outer loop
      vertex -20.9 0 0
      vertex -25.1 0 0
      vertex -25.0045 2.18761 0
    endloop
  endfacet
  facet normal -0 0 -1
    outer loop
      vertex -19.0977 16.1888 0
      vertex -19.2277 16.134 0
      vertex -19.0843 16.2904 0
    endloop
  endfacet
  facet normal 0 0 -1
    outer loop
      vertex -19.2277 16.134 0
      vertex -19.0977 16.1888 0
      vertex -19.1099 15.9099 0
    endloop
  endfacet
  facet normal 0 0 -1
    outer loop
      vertex 15.9 0 0
      vertex 20.1 0 0
      vertex 20.0235 -1.75183 0
    endloop
  endfacet
  facet normal 0 0 -1
    outer loop
      vertex 15.8395 -1.38578 0
      vertex 20.0235 -1.75183 0
      vertex 19.7946 -3.49033 0
    endloop
  endfacet
  facet normal 0 0 -1
    outer loop
      vertex 20.1 0 0
      vertex 15.9 0 0
      vertex 20.0235 1.75183 0
    endloop
  endfacet
  facet normal 0 0 -1
    outer loop
      vertex 15.6584 -2.76101 0
      vertex 19.7946 -3.49033 0
      vertex 19.4151 -5.20226 0
    endloop
  endfacet
  facet normal 0 0 -1
    outer loop
      vertex 15.8395 1.38578 0
      vertex 20.0235 1.75183 0
      vertex 15.9 0 0
    endloop
  endfacet
  facet normal 0 0 -1
    outer loop
      vertex 15.3582 -4.11522 0
      vertex 19.4151 -5.20226 0
      vertex 18.8878 -6.8746 0
    endloop
  endfacet
  facet normal -0 0 -1
    outer loop
      vertex 20.0235 1.75183 0
      vertex 15.8395 1.38578 0
      vertex 19.7946 3.49033 0
    endloop
  endfacet
  facet normal 0 0 -1
    outer loop
      vertex 14.9411 -5.43812 0
      vertex 18.8878 -6.8746 0
      vertex 18.2168 -8.49463 0
    endloop
  endfacet
  facet normal 0 0 -1
    outer loop
      vertex 15.6584 2.76101 0
      vertex 19.7946 3.49033 0
      vertex 15.8395 1.38578 0
    endloop
  endfacet
  facet normal 0 0 -1
    outer loop
      vertex 14.4103 -6.71963 0
      vertex 18.2168 -8.49463 0
      vertex 17.4071 -10.05 0
    endloop
  endfacet
  facet normal -0 0 -1
    outer loop
      vertex 19.7946 3.49033 0
      vertex 15.6584 2.76101 0
      vertex 19.4151 5.20226 0
    endloop
  endfacet
  facet normal 0 0 -1
    outer loop
      vertex 13.7698 -7.95 0
      vertex 17.4071 -10.05 0
      vertex 16.465 -11.5289 0
    endloop
  endfacet
  facet normal 0 0 -1
    outer loop
      vertex 15.3582 4.11522 0
      vertex 19.4151 5.20226 0
      vertex 15.6584 2.76101 0
    endloop
  endfacet
  facet normal -0 0 -1
    outer loop
      vertex 19.4151 5.20226 0
      vertex 15.3582 4.11522 0
      vertex 18.8878 6.8746 0
    endloop
  endfacet
  facet normal 0 0 -1
    outer loop
      vertex 20.0235 -1.75183 0
      vertex 15.8395 -1.38578 0
      vertex 15.9 0 0
    endloop
  endfacet
  facet normal 0 0 -1
    outer loop
      vertex 19.7946 -3.49033 0
      vertex 15.6584 -2.76101 0
      vertex 15.8395 -1.38578 0
    endloop
  endfacet
  facet normal 0 0 -1
    outer loop
      vertex 15.3542 -12.7585 0
      vertex 16.465 -11.5289 0
      vertex 15.5402 -12.734 0
    endloop
  endfacet
  facet normal 0 0 -1
    outer loop
      vertex 19.4151 -5.20226 0
      vertex 15.3582 -4.11522 0
      vertex 15.6584 -2.76101 0
    endloop
  endfacet
  facet normal 0 0 -1
    outer loop
      vertex 15.0817 -12.8189 0
      vertex 16.465 -11.5289 0
      vertex 15.3542 -12.7585 0
    endloop
  endfacet
  facet normal -0 0 -1
    outer loop
      vertex 16.465 -11.5289 0
      vertex 15.0817 -12.8189 0
      vertex 13.0245 -9.11986 0
    endloop
  endfacet
  facet normal 0 0 -1
    outer loop
      vertex 18.8878 -6.8746 0
      vertex 14.9411 -5.43812 0
      vertex 15.3582 -4.11522 0
    endloop
  endfacet
  facet normal 0 0 -1
    outer loop
      vertex 13.0245 -9.11986 0
      vertex 15.0817 -12.8189 0
      vertex 14.8154 -12.9029 0
    endloop
  endfacet
  facet normal 0 0 -1
    outer loop
      vertex 12.1801 -10.2203 0
      vertex 14.8154 -12.9029 0
      vertex 14.5575 -13.0097 0
    endloop
  endfacet
  facet normal 0 0 -1
    outer loop
      vertex 18.2168 -8.49463 0
      vertex 14.4103 -6.71963 0
      vertex 14.9411 -5.43812 0
    endloop
  endfacet
  facet normal 0 0 -1
    outer loop
      vertex 12.1801 -10.2203 0
      vertex 14.5575 -13.0097 0
      vertex 14.3099 -13.1386 0
    endloop
  endfacet
  facet normal 0 0 -1
    outer loop
      vertex 12.1801 -10.2203 0
      vertex 14.3099 -13.1386 0
      vertex 14.0745 -13.2886 0
    endloop
  endfacet
  facet normal 0 0 -1
    outer loop
      vertex 11.243 -11.243 0
      vertex 14.0745 -13.2886 0
      vertex 13.853 -13.4586 0
    endloop
  endfacet
  facet normal 0 0 -1
    outer loop
      vertex 17.4071 -10.05 0
      vertex 13.7698 -7.95 0
      vertex 14.4103 -6.71963 0
    endloop
  endfacet
  facet normal 0 0 -1
    outer loop
      vertex 11.243 -11.243 0
      vertex 13.853 -13.4586 0
      vertex 13.6472 -13.6472 0
    endloop
  endfacet
  facet normal 0 0 -1
    outer loop
      vertex 11.243 -11.243 0
      vertex 13.6472 -13.6472 0
      vertex 13.4586 -13.853 0
    endloop
  endfacet
  facet normal 0 0 -1
    outer loop
      vertex 11.243 -11.243 0
      vertex 13.4586 -13.853 0
      vertex 13.2886 -14.0745 0
    endloop
  endfacet
  facet normal 0 0 -1
    outer loop
      vertex 10.2203 -12.1801 0
      vertex 13.2886 -14.0745 0
      vertex 13.1386 -14.3099 0
    endloop
  endfacet
  facet normal 0 0 -1
    outer loop
      vertex 16.465 -11.5289 0
      vertex 13.0245 -9.11986 0
      vertex 13.7698 -7.95 0
    endloop
  endfacet
  facet normal 0 0 -1
    outer loop
      vertex 10.2203 -12.1801 0
      vertex 13.1386 -14.3099 0
      vertex 13.0097 -14.5575 0
    endloop
  endfacet
  facet normal 0 0 -1
    outer loop
      vertex 10.2203 -12.1801 0
      vertex 13.0097 -14.5575 0
      vertex 12.9029 -14.8154 0
    endloop
  endfacet
  facet normal 0 0 -1
    outer loop
      vertex 9.11986 -13.0245 0
      vertex 12.9029 -14.8154 0
      vertex 12.8189 -15.0817 0
    endloop
  endfacet
  facet normal 0 0 -1
    outer loop
      vertex 11.5289 -16.465 0
      vertex 12.8189 -15.0817 0
      vertex 12.7585 -15.3542 0
    endloop
  endfacet
  facet normal 0 0 -1
    outer loop
      vertex 11.5289 -16.465 0
      vertex 12.7585 -15.3542 0
      vertex 12.734 -15.5402 0
    endloop
  endfacet
  facet normal 0 0 -1
    outer loop
      vertex 14.8154 -12.9029 0
      vertex 12.1801 -10.2203 0
      vertex 13.0245 -9.11986 0
    endloop
  endfacet
  facet normal -0 0 -1
    outer loop
      vertex 12.8189 -15.0817 0
      vertex 11.5289 -16.465 0
      vertex 9.11986 -13.0245 0
    endloop
  endfacet
  facet normal 0 0 -1
    outer loop
      vertex 14.0745 -13.2886 0
      vertex 11.243 -11.243 0
      vertex 12.1801 -10.2203 0
    endloop
  endfacet
  facet normal 0 0 -1
    outer loop
      vertex 13.2886 -14.0745 0
      vertex 10.2203 -12.1801 0
      vertex 11.243 -11.243 0
    endloop
  endfacet
  facet normal 0 0 -1
    outer loop
      vertex 9.11986 -13.0245 0
      vertex 11.5289 -16.465 0
      vertex 10.05 -17.4071 0
    endloop
  endfacet
  facet normal 0 0 -1
    outer loop
      vertex 12.9029 -14.8154 0
      vertex 9.11986 -13.0245 0
      vertex 10.2203 -12.1801 0
    endloop
  endfacet
  facet normal 0 0 -1
    outer loop
      vertex 7.95 -13.7698 0
      vertex 10.05 -17.4071 0
      vertex 8.49463 -18.2168 0
    endloop
  endfacet
  facet normal 0 0 -1
    outer loop
      vertex 10.05 -17.4071 0
      vertex 7.95 -13.7698 0
      vertex 9.11986 -13.0245 0
    endloop
  endfacet
  facet normal 0 0 -1
    outer loop
      vertex 6.71963 -14.4103 0
      vertex 8.49463 -18.2168 0
      vertex 6.8746 -18.8878 0
    endloop
  endfacet
  facet normal 0 0 -1
    outer loop
      vertex 8.49463 -18.2168 0
      vertex 6.71963 -14.4103 0
      vertex 7.95 -13.7698 0
    endloop
  endfacet
  facet normal 0 0 -1
    outer loop
      vertex 6.8746 -18.8878 0
      vertex 5.43812 -14.9411 0
      vertex 6.71963 -14.4103 0
    endloop
  endfacet
  facet normal 0 0 -1
    outer loop
      vertex 5.20226 -19.4151 0
      vertex 5.43812 -14.9411 0
      vertex 6.8746 -18.8878 0
    endloop
  endfacet
  facet normal 0 0 -1
    outer loop
      vertex 5.20226 -19.4151 0
      vertex 4.11522 -15.3582 0
      vertex 5.43812 -14.9411 0
    endloop
  endfacet
  facet normal 0 0 -1
    outer loop
      vertex 3.49033 -19.7946 0
      vertex 4.11522 -15.3582 0
      vertex 5.20226 -19.4151 0
    endloop
  endfacet
  facet normal 0 0 -1
    outer loop
      vertex 3.49033 -19.7946 0
      vertex 2.76101 -15.6584 0
      vertex 4.11522 -15.3582 0
    endloop
  endfacet
  facet normal 0 0 -1
    outer loop
      vertex 1.75183 -20.0235 0
      vertex 2.76101 -15.6584 0
      vertex 3.49033 -19.7946 0
    endloop
  endfacet
  facet normal 0 0 -1
    outer loop
      vertex 1.75183 -20.0235 0
      vertex 1.38578 -15.8395 0
      vertex 2.76101 -15.6584 0
    endloop
  endfacet
  facet normal 0 0 -1
    outer loop
      vertex 0 -20.1 0
      vertex 1.38578 -15.8395 0
      vertex 1.75183 -20.0235 0
    endloop
  endfacet
  facet normal 0 0 -1
    outer loop
      vertex 0 -20.1 0
      vertex 0 -15.9 0
      vertex 1.38578 -15.8395 0
    endloop
  endfacet
  facet normal 0 0 -1
    outer loop
      vertex 0 -20.1 0
      vertex -1.38578 -15.8395 0
      vertex 0 -15.9 0
    endloop
  endfacet
  facet normal 0 0 -1
    outer loop
      vertex -1.75183 -20.0235 0
      vertex -1.38578 -15.8395 0
      vertex 0 -20.1 0
    endloop
  endfacet
  facet normal 0 0 -1
    outer loop
      vertex -1.75183 -20.0235 0
      vertex -2.76101 -15.6584 0
      vertex -1.38578 -15.8395 0
    endloop
  endfacet
  facet normal 0 0 -1
    outer loop
      vertex -3.49033 -19.7946 0
      vertex -2.76101 -15.6584 0
      vertex -1.75183 -20.0235 0
    endloop
  endfacet
  facet normal 0 0 -1
    outer loop
      vertex -3.49033 -19.7946 0
      vertex -4.11522 -15.3582 0
      vertex -2.76101 -15.6584 0
    endloop
  endfacet
  facet normal 0 0 -1
    outer loop
      vertex -5.20226 -19.4151 0
      vertex -4.11522 -15.3582 0
      vertex -3.49033 -19.7946 0
    endloop
  endfacet
  facet normal 0 0 -1
    outer loop
      vertex -5.20226 -19.4151 0
      vertex -5.43812 -14.9411 0
      vertex -4.11522 -15.3582 0
    endloop
  endfacet
  facet normal 0 0 -1
    outer loop
      vertex -6.8746 -18.8878 0
      vertex -5.43812 -14.9411 0
      vertex -5.20226 -19.4151 0
    endloop
  endfacet
  facet normal -0 0 -1
    outer loop
      vertex -5.43812 -14.9411 0
      vertex -6.8746 -18.8878 0
      vertex -6.71963 -14.4103 0
    endloop
  endfacet
  facet normal 0 0 -1
    outer loop
      vertex -8.49463 -18.2168 0
      vertex -6.71963 -14.4103 0
      vertex -6.8746 -18.8878 0
    endloop
  endfacet
  facet normal -0 0 -1
    outer loop
      vertex -6.71963 -14.4103 0
      vertex -8.49463 -18.2168 0
      vertex -7.95 -13.7698 0
    endloop
  endfacet
  facet normal 0 0 -1
    outer loop
      vertex -10.05 -17.4071 0
      vertex -7.95 -13.7698 0
      vertex -8.49463 -18.2168 0
    endloop
  endfacet
  facet normal -0 0 -1
    outer loop
      vertex -7.95 -13.7698 0
      vertex -10.05 -17.4071 0
      vertex -9.11986 -13.0245 0
    endloop
  endfacet
  facet normal 0 0 -1
    outer loop
      vertex -11.5289 -16.465 0
      vertex -9.11986 -13.0245 0
      vertex -10.05 -17.4071 0
    endloop
  endfacet
  facet normal 0 0 -1
    outer loop
      vertex -12.8189 -15.0817 0
      vertex -9.11986 -13.0245 0
      vertex -11.5289 -16.465 0
    endloop
  endfacet
  facet normal 0 0 -1
    outer loop
      vertex -12.9029 -14.8154 0
      vertex -9.11986 -13.0245 0
      vertex -12.8189 -15.0817 0
    endloop
  endfacet
  facet normal 0 0 -1
    outer loop
      vertex -13.0097 -14.5575 0
      vertex -10.2203 -12.1801 0
      vertex -12.9029 -14.8154 0
    endloop
  endfacet
  facet normal 0 0 -1
    outer loop
      vertex -12.7585 -15.3542 0
      vertex -11.5289 -16.465 0
      vertex -12.734 -15.5402 0
    endloop
  endfacet
  facet normal 0 0 -1
    outer loop
      vertex -12.8189 -15.0817 0
      vertex -11.5289 -16.465 0
      vertex -12.7585 -15.3542 0
    endloop
  endfacet
  facet normal -0 0 -1
    outer loop
      vertex -9.11986 -13.0245 0
      vertex -12.9029 -14.8154 0
      vertex -10.2203 -12.1801 0
    endloop
  endfacet
  facet normal 0 0 -1
    outer loop
      vertex -13.1386 -14.3099 0
      vertex -10.2203 -12.1801 0
      vertex -13.0097 -14.5575 0
    endloop
  endfacet
  facet normal 0 0 -1
    outer loop
      vertex -13.2886 -14.0745 0
      vertex -10.2203 -12.1801 0
      vertex -13.1386 -14.3099 0
    endloop
  endfacet
  facet normal -0 0 -1
    outer loop
      vertex -10.2203 -12.1801 0
      vertex -13.2886 -14.0745 0
      vertex -11.243 -11.243 0
    endloop
  endfacet
  facet normal 0 0 -1
    outer loop
      vertex -13.4586 -13.853 0
      vertex -11.243 -11.243 0
      vertex -13.2886 -14.0745 0
    endloop
  endfacet
  facet normal 0 0 -1
    outer loop
      vertex -13.6472 -13.6472 0
      vertex -11.243 -11.243 0
      vertex -13.4586 -13.853 0
    endloop
  endfacet
  facet normal 0 0 -1
    outer loop
      vertex -13.853 -13.4586 0
      vertex -11.243 -11.243 0
      vertex -13.6472 -13.6472 0
    endloop
  endfacet
  facet normal 0 0 -1
    outer loop
      vertex -14.0745 -13.2886 0
      vertex -11.243 -11.243 0
      vertex -13.853 -13.4586 0
    endloop
  endfacet
  facet normal -0 0 -1
    outer loop
      vertex -11.243 -11.243 0
      vertex -14.0745 -13.2886 0
      vertex -12.1801 -10.2203 0
    endloop
  endfacet
  facet normal 0 0 -1
    outer loop
      vertex -14.3099 -13.1386 0
      vertex -12.1801 -10.2203 0
      vertex -14.0745 -13.2886 0
    endloop
  endfacet
  facet normal 0 0 -1
    outer loop
      vertex -14.5575 -13.0097 0
      vertex -12.1801 -10.2203 0
      vertex -14.3099 -13.1386 0
    endloop
  endfacet
  facet normal 0 0 -1
    outer loop
      vertex -14.8154 -12.9029 0
      vertex -12.1801 -10.2203 0
      vertex -14.5575 -13.0097 0
    endloop
  endfacet
  facet normal -0 0 -1
    outer loop
      vertex -12.1801 -10.2203 0
      vertex -14.8154 -12.9029 0
      vertex -13.0245 -9.11986 0
    endloop
  endfacet
  facet normal 0 0 -1
    outer loop
      vertex -15.0817 -12.8189 0
      vertex -13.0245 -9.11986 0
      vertex -14.8154 -12.9029 0
    endloop
  endfacet
  facet normal -0 0 -1
    outer loop
      vertex -13.0245 -9.11986 0
      vertex -16.465 -11.5289 0
      vertex -13.7698 -7.95 0
    endloop
  endfacet
  facet normal 0 0 -1
    outer loop
      vertex -17.4071 -10.05 0
      vertex -13.7698 -7.95 0
      vertex -16.465 -11.5289 0
    endloop
  endfacet
  facet normal 0 0 -1
    outer loop
      vertex -13.0245 -9.11986 0
      vertex -15.0817 -12.8189 0
      vertex -16.465 -11.5289 0
    endloop
  endfacet
  facet normal 0 0 -1
    outer loop
      vertex -16.465 -11.5289 0
      vertex -15.0817 -12.8189 0
      vertex -15.3542 -12.7585 0
    endloop
  endfacet
  facet normal -0 0 -1
    outer loop
      vertex -13.7698 -7.95 0
      vertex -17.4071 -10.05 0
      vertex -14.4103 -6.71963 0
    endloop
  endfacet
  facet normal 0 0 -1
    outer loop
      vertex -16.465 -11.5289 0
      vertex -15.3542 -12.7585 0
      vertex -15.5402 -12.734 0
    endloop
  endfacet
  facet normal 0 0 -1
    outer loop
      vertex -18.2168 -8.49463 0
      vertex -14.4103 -6.71963 0
      vertex -17.4071 -10.05 0
    endloop
  endfacet
  facet normal -0 0 -1
    outer loop
      vertex -14.4103 -6.71963 0
      vertex -18.2168 -8.49463 0
      vertex -14.9411 -5.43812 0
    endloop
  endfacet
  facet normal 0 0 -1
    outer loop
      vertex -18.8878 -6.8746 0
      vertex -14.9411 -5.43812 0
      vertex -18.2168 -8.49463 0
    endloop
  endfacet
  facet normal -0 0 -1
    outer loop
      vertex -14.9411 -5.43812 0
      vertex -18.8878 -6.8746 0
      vertex -15.3582 -4.11522 0
    endloop
  endfacet
  facet normal 0 0 -1
    outer loop
      vertex 14.9411 5.43812 0
      vertex 18.8878 6.8746 0
      vertex 15.3582 4.11522 0
    endloop
  endfacet
  facet normal -0 0 -1
    outer loop
      vertex 18.8878 6.8746 0
      vertex 14.9411 5.43812 0
      vertex 18.2168 8.49463 0
    endloop
  endfacet
  facet normal 0 0 -1
    outer loop
      vertex 14.4103 6.71963 0
      vertex 18.2168 8.49463 0
      vertex 14.9411 5.43812 0
    endloop
  endfacet
  facet normal -0 0 -1
    outer loop
      vertex 18.2168 8.49463 0
      vertex 14.4103 6.71963 0
      vertex 17.4071 10.05 0
    endloop
  endfacet
  facet normal 0 0 -1
    outer loop
      vertex 13.7698 7.95 0
      vertex 17.4071 10.05 0
      vertex 14.4103 6.71963 0
    endloop
  endfacet
  facet normal -0 0 -1
    outer loop
      vertex 17.4071 10.05 0
      vertex 13.7698 7.95 0
      vertex 16.465 11.5289 0
    endloop
  endfacet
  facet normal 0 0 -1
    outer loop
      vertex 13.0245 9.11986 0
      vertex 16.465 11.5289 0
      vertex 13.7698 7.95 0
    endloop
  endfacet
  facet normal 0 -0 -1
    outer loop
      vertex 15.0817 12.8189 0
      vertex 16.465 11.5289 0
      vertex 13.0245 9.11986 0
    endloop
  endfacet
  facet normal 0 0 -1
    outer loop
      vertex 16.465 11.5289 0
      vertex 15.3542 12.7585 0
      vertex 15.5402 12.734 0
    endloop
  endfacet
  facet normal 0 0 -1
    outer loop
      vertex 16.465 11.5289 0
      vertex 15.0817 12.8189 0
      vertex 15.3542 12.7585 0
    endloop
  endfacet
  facet normal -0 0 -1
    outer loop
      vertex 15.0817 12.8189 0
      vertex 13.0245 9.11986 0
      vertex 14.8154 12.9029 0
    endloop
  endfacet
  facet normal 0 0 -1
    outer loop
      vertex 12.1801 10.2203 0
      vertex 14.8154 12.9029 0
      vertex 13.0245 9.11986 0
    endloop
  endfacet
  facet normal -0 0 -1
    outer loop
      vertex 14.8154 12.9029 0
      vertex 12.1801 10.2203 0
      vertex 14.5575 13.0097 0
    endloop
  endfacet
  facet normal -0 0 -1
    outer loop
      vertex 14.5575 13.0097 0
      vertex 12.1801 10.2203 0
      vertex 14.3099 13.1386 0
    endloop
  endfacet
  facet normal -0 0 -1
    outer loop
      vertex 14.3099 13.1386 0
      vertex 12.1801 10.2203 0
      vertex 14.0745 13.2886 0
    endloop
  endfacet
  facet normal 0 0 -1
    outer loop
      vertex 11.243 11.243 0
      vertex 14.0745 13.2886 0
      vertex 12.1801 10.2203 0
    endloop
  endfacet
  facet normal -0 0 -1
    outer loop
      vertex 14.0745 13.2886 0
      vertex 11.243 11.243 0
      vertex 13.853 13.4586 0
    endloop
  endfacet
  facet normal -0 0 -1
    outer loop
      vertex 13.853 13.4586 0
      vertex 11.243 11.243 0
      vertex 13.6472 13.6472 0
    endloop
  endfacet
  facet normal -0 0 -1
    outer loop
      vertex 13.6472 13.6472 0
      vertex 11.243 11.243 0
      vertex 13.4586 13.853 0
    endloop
  endfacet
  facet normal -0 0 -1
    outer loop
      vertex 13.4586 13.853 0
      vertex 11.243 11.243 0
      vertex 13.2886 14.0745 0
    endloop
  endfacet
  facet normal 0 0 -1
    outer loop
      vertex 10.2203 12.1801 0
      vertex 13.2886 14.0745 0
      vertex 11.243 11.243 0
    endloop
  endfacet
  facet normal -0 0 -1
    outer loop
      vertex 13.2886 14.0745 0
      vertex 10.2203 12.1801 0
      vertex 13.1386 14.3099 0
    endloop
  endfacet
  facet normal -0 0 -1
    outer loop
      vertex 13.1386 14.3099 0
      vertex 10.2203 12.1801 0
      vertex 13.0097 14.5575 0
    endloop
  endfacet
  facet normal -0 0 -1
    outer loop
      vertex 13.0097 14.5575 0
      vertex 10.2203 12.1801 0
      vertex 12.9029 14.8154 0
    endloop
  endfacet
  facet normal 0 0 -1
    outer loop
      vertex 9.11986 13.0245 0
      vertex 12.9029 14.8154 0
      vertex 10.2203 12.1801 0
    endloop
  endfacet
  facet normal -0 0 -1
    outer loop
      vertex 12.9029 14.8154 0
      vertex 9.11986 13.0245 0
      vertex 12.8189 15.0817 0
    endloop
  endfacet
  facet normal 0 -0 -1
    outer loop
      vertex 11.5289 16.465 0
      vertex 12.8189 15.0817 0
      vertex 9.11986 13.0245 0
    endloop
  endfacet
  facet normal 0 0 -1
    outer loop
      vertex 12.8189 15.0817 0
      vertex 11.5289 16.465 0
      vertex 12.7585 15.3542 0
    endloop
  endfacet
  facet normal 0 0 -1
    outer loop
      vertex 12.7585 15.3542 0
      vertex 11.5289 16.465 0
      vertex 12.734 15.5402 0
    endloop
  endfacet
  facet normal -0 0 -1
    outer loop
      vertex 11.5289 16.465 0
      vertex 9.11986 13.0245 0
      vertex 10.05 17.4071 0
    endloop
  endfacet
  facet normal 0 0 -1
    outer loop
      vertex 7.95 13.7698 0
      vertex 10.05 17.4071 0
      vertex 9.11986 13.0245 0
    endloop
  endfacet
  facet normal -0 0 -1
    outer loop
      vertex 10.05 17.4071 0
      vertex 7.95 13.7698 0
      vertex 8.49463 18.2168 0
    endloop
  endfacet
  facet normal 0 0 -1
    outer loop
      vertex 6.71963 14.4103 0
      vertex 8.49463 18.2168 0
      vertex 7.95 13.7698 0
    endloop
  endfacet
  facet normal -0 0 -1
    outer loop
      vertex 8.49463 18.2168 0
      vertex 6.71963 14.4103 0
      vertex 6.8746 18.8878 0
    endloop
  endfacet
  facet normal 0 0 -1
    outer loop
      vertex 5.43812 14.9411 0
      vertex 6.8746 18.8878 0
      vertex 6.71963 14.4103 0
    endloop
  endfacet
  facet normal 0 0 -1
    outer loop
      vertex 5.43812 14.9411 0
      vertex 5.20226 19.4151 0
      vertex 6.8746 18.8878 0
    endloop
  endfacet
  facet normal 0 0 -1
    outer loop
      vertex 4.11522 15.3582 0
      vertex 5.20226 19.4151 0
      vertex 5.43812 14.9411 0
    endloop
  endfacet
  facet normal 0 0 -1
    outer loop
      vertex 4.11522 15.3582 0
      vertex 3.49033 19.7946 0
      vertex 5.20226 19.4151 0
    endloop
  endfacet
  facet normal 0 0 -1
    outer loop
      vertex 2.76101 15.6584 0
      vertex 3.49033 19.7946 0
      vertex 4.11522 15.3582 0
    endloop
  endfacet
  facet normal 0 0 -1
    outer loop
      vertex 2.76101 15.6584 0
      vertex 1.75183 20.0235 0
      vertex 3.49033 19.7946 0
    endloop
  endfacet
  facet normal 0 0 -1
    outer loop
      vertex 1.38578 15.8395 0
      vertex 1.75183 20.0235 0
      vertex 2.76101 15.6584 0
    endloop
  endfacet
  facet normal 0 0 -1
    outer loop
      vertex 0 15.9 0
      vertex 1.75183 20.0235 0
      vertex 1.38578 15.8395 0
    endloop
  endfacet
  facet normal 0 0 -1
    outer loop
      vertex 0 15.9 0
      vertex 0 20.1 0
      vertex 1.75183 20.0235 0
    endloop
  endfacet
  facet normal 0 0 -1
    outer loop
      vertex -1.38578 15.8395 0
      vertex 0 20.1 0
      vertex 0 15.9 0
    endloop
  endfacet
  facet normal 0 0 -1
    outer loop
      vertex -1.38578 15.8395 0
      vertex -1.75183 20.0235 0
      vertex 0 20.1 0
    endloop
  endfacet
  facet normal 0 0 -1
    outer loop
      vertex -2.76101 15.6584 0
      vertex -1.75183 20.0235 0
      vertex -1.38578 15.8395 0
    endloop
  endfacet
  facet normal 0 0 -1
    outer loop
      vertex -2.76101 15.6584 0
      vertex -3.49033 19.7946 0
      vertex -1.75183 20.0235 0
    endloop
  endfacet
  facet normal 0 0 -1
    outer loop
      vertex -4.11522 15.3582 0
      vertex -3.49033 19.7946 0
      vertex -2.76101 15.6584 0
    endloop
  endfacet
  facet normal 0 0 -1
    outer loop
      vertex -4.11522 15.3582 0
      vertex -5.20226 19.4151 0
      vertex -3.49033 19.7946 0
    endloop
  endfacet
  facet normal 0 0 -1
    outer loop
      vertex -5.43812 14.9411 0
      vertex -5.20226 19.4151 0
      vertex -4.11522 15.3582 0
    endloop
  endfacet
  facet normal 0 0 -1
    outer loop
      vertex -6.8746 18.8878 0
      vertex -5.43812 14.9411 0
      vertex -6.71963 14.4103 0
    endloop
  endfacet
  facet normal 0 0 -1
    outer loop
      vertex -5.43812 14.9411 0
      vertex -6.8746 18.8878 0
      vertex -5.20226 19.4151 0
    endloop
  endfacet
  facet normal 0 0 -1
    outer loop
      vertex -8.49463 18.2168 0
      vertex -6.71963 14.4103 0
      vertex -7.95 13.7698 0
    endloop
  endfacet
  facet normal 0 0 -1
    outer loop
      vertex -6.71963 14.4103 0
      vertex -8.49463 18.2168 0
      vertex -6.8746 18.8878 0
    endloop
  endfacet
  facet normal 0 0 -1
    outer loop
      vertex -10.05 17.4071 0
      vertex -7.95 13.7698 0
      vertex -9.11986 13.0245 0
    endloop
  endfacet
  facet normal 0 0 -1
    outer loop
      vertex -7.95 13.7698 0
      vertex -10.05 17.4071 0
      vertex -8.49463 18.2168 0
    endloop
  endfacet
  facet normal 0 0 -1
    outer loop
      vertex -12.9029 14.8154 0
      vertex -9.11986 13.0245 0
      vertex -10.2203 12.1801 0
    endloop
  endfacet
  facet normal 0 0 -1
    outer loop
      vertex -13.2886 14.0745 0
      vertex -10.2203 12.1801 0
      vertex -11.243 11.243 0
    endloop
  endfacet
  facet normal 0 0 -1
    outer loop
      vertex -9.11986 13.0245 0
      vertex -11.5289 16.465 0
      vertex -10.05 17.4071 0
    endloop
  endfacet
  facet normal 0 0 -1
    outer loop
      vertex -14.0745 13.2886 0
      vertex -11.243 11.243 0
      vertex -12.1801 10.2203 0
    endloop
  endfacet
  facet normal 0 0 -1
    outer loop
      vertex -9.11986 13.0245 0
      vertex -12.9029 14.8154 0
      vertex -12.8189 15.0817 0
    endloop
  endfacet
  facet normal 0 0 -1
    outer loop
      vertex -11.5289 16.465 0
      vertex -12.7585 15.3542 0
      vertex -12.734 15.5402 0
    endloop
  endfacet
  facet normal 0 0 -1
    outer loop
      vertex -11.5289 16.465 0
      vertex -12.8189 15.0817 0
      vertex -12.7585 15.3542 0
    endloop
  endfacet
  facet normal 0 0 -1
    outer loop
      vertex -9.11986 13.0245 0
      vertex -12.8189 15.0817 0
      vertex -11.5289 16.465 0
    endloop
  endfacet
  facet normal 0 0 -1
    outer loop
      vertex -10.2203 12.1801 0
      vertex -13.0097 14.5575 0
      vertex -12.9029 14.8154 0
    endloop
  endfacet
  facet normal 0 0 -1
    outer loop
      vertex -14.8154 12.9029 0
      vertex -12.1801 10.2203 0
      vertex -13.0245 9.11986 0
    endloop
  endfacet
  facet normal 0 0 -1
    outer loop
      vertex -10.2203 12.1801 0
      vertex -13.1386 14.3099 0
      vertex -13.0097 14.5575 0
    endloop
  endfacet
  facet normal 0 0 -1
    outer loop
      vertex -10.2203 12.1801 0
      vertex -13.2886 14.0745 0
      vertex -13.1386 14.3099 0
    endloop
  endfacet
  facet normal 0 0 -1
    outer loop
      vertex -11.243 11.243 0
      vertex -13.4586 13.853 0
      vertex -13.2886 14.0745 0
    endloop
  endfacet
  facet normal 0 0 -1
    outer loop
      vertex -11.243 11.243 0
      vertex -13.6472 13.6472 0
      vertex -13.4586 13.853 0
    endloop
  endfacet
  facet normal 0 0 -1
    outer loop
      vertex -16.465 11.5289 0
      vertex -13.0245 9.11986 0
      vertex -13.7698 7.95 0
    endloop
  endfacet
  facet normal 0 0 -1
    outer loop
      vertex -11.243 11.243 0
      vertex -13.853 13.4586 0
      vertex -13.6472 13.6472 0
    endloop
  endfacet
  facet normal 0 0 -1
    outer loop
      vertex -11.243 11.243 0
      vertex -14.0745 13.2886 0
      vertex -13.853 13.4586 0
    endloop
  endfacet
  facet normal 0 0 -1
    outer loop
      vertex -12.1801 10.2203 0
      vertex -14.3099 13.1386 0
      vertex -14.0745 13.2886 0
    endloop
  endfacet
  facet normal 0 0 -1
    outer loop
      vertex -17.4071 10.05 0
      vertex -13.7698 7.95 0
      vertex -14.4103 6.71963 0
    endloop
  endfacet
  facet normal 0 0 -1
    outer loop
      vertex -12.1801 10.2203 0
      vertex -14.5575 13.0097 0
      vertex -14.3099 13.1386 0
    endloop
  endfacet
  facet normal 0 0 -1
    outer loop
      vertex -12.1801 10.2203 0
      vertex -14.8154 12.9029 0
      vertex -14.5575 13.0097 0
    endloop
  endfacet
  facet normal 0 0 -1
    outer loop
      vertex -18.2168 8.49463 0
      vertex -14.4103 6.71963 0
      vertex -14.9411 5.43812 0
    endloop
  endfacet
  facet normal 0 -0 -1
    outer loop
      vertex -15.0817 12.8189 0
      vertex -13.0245 9.11986 0
      vertex -16.465 11.5289 0
    endloop
  endfacet
  facet normal 0 0 -1
    outer loop
      vertex -13.0245 9.11986 0
      vertex -15.0817 12.8189 0
      vertex -14.8154 12.9029 0
    endloop
  endfacet
  facet normal 0 0 -1
    outer loop
      vertex -18.8878 6.8746 0
      vertex -14.9411 5.43812 0
      vertex -15.3582 4.11522 0
    endloop
  endfacet
  facet normal 0 0 -1
    outer loop
      vertex -15.0817 12.8189 0
      vertex -16.465 11.5289 0
      vertex -15.3542 12.7585 0
    endloop
  endfacet
  facet normal 0 0 -1
    outer loop
      vertex -19.4151 5.20226 0
      vertex -15.3582 4.11522 0
      vertex -15.6584 2.76101 0
    endloop
  endfacet
  facet normal 0 0 -1
    outer loop
      vertex -19.7946 3.49033 0
      vertex -15.6584 2.76101 0
      vertex -15.8395 1.38578 0
    endloop
  endfacet
  facet normal 0 0 -1
    outer loop
      vertex -20.0235 1.75183 0
      vertex -15.8395 1.38578 0
      vertex -15.9 0 0
    endloop
  endfacet
  facet normal 0 0 -1
    outer loop
      vertex -19.4151 -5.20226 0
      vertex -15.3582 -4.11522 0
      vertex -18.8878 -6.8746 0
    endloop
  endfacet
  facet normal 0 0 -1
    outer loop
      vertex -15.3542 12.7585 0
      vertex -16.465 11.5289 0
      vertex -15.5402 12.734 0
    endloop
  endfacet
  facet normal -0 0 -1
    outer loop
      vertex -15.3582 -4.11522 0
      vertex -19.4151 -5.20226 0
      vertex -15.6584 -2.76101 0
    endloop
  endfacet
  facet normal 0 0 -1
    outer loop
      vertex -13.7698 7.95 0
      vertex -17.4071 10.05 0
      vertex -16.465 11.5289 0
    endloop
  endfacet
  facet normal 0 0 -1
    outer loop
      vertex -19.7946 -3.49033 0
      vertex -15.6584 -2.76101 0
      vertex -19.4151 -5.20226 0
    endloop
  endfacet
  facet normal 0 0 -1
    outer loop
      vertex -14.4103 6.71963 0
      vertex -18.2168 8.49463 0
      vertex -17.4071 10.05 0
    endloop
  endfacet
  facet normal -0 0 -1
    outer loop
      vertex -15.6584 -2.76101 0
      vertex -19.7946 -3.49033 0
      vertex -15.8395 -1.38578 0
    endloop
  endfacet
  facet normal 0 0 -1
    outer loop
      vertex -14.9411 5.43812 0
      vertex -18.8878 6.8746 0
      vertex -18.2168 8.49463 0
    endloop
  endfacet
  facet normal 0 0 -1
    outer loop
      vertex -20.0235 -1.75183 0
      vertex -15.8395 -1.38578 0
      vertex -19.7946 -3.49033 0
    endloop
  endfacet
  facet normal 0 0 -1
    outer loop
      vertex -15.3582 4.11522 0
      vertex -19.4151 5.20226 0
      vertex -18.8878 6.8746 0
    endloop
  endfacet
  facet normal -0 0 -1
    outer loop
      vertex -15.8395 -1.38578 0
      vertex -20.0235 -1.75183 0
      vertex -15.9 0 0
    endloop
  endfacet
  facet normal 0 0 -1
    outer loop
      vertex -15.6584 2.76101 0
      vertex -19.7946 3.49033 0
      vertex -19.4151 5.20226 0
    endloop
  endfacet
  facet normal 0 0 -1
    outer loop
      vertex -20.1 0 0
      vertex -15.9 0 0
      vertex -20.0235 -1.75183 0
    endloop
  endfacet
  facet normal 0 0 -1
    outer loop
      vertex -15.8395 1.38578 0
      vertex -20.0235 1.75183 0
      vertex -19.7946 3.49033 0
    endloop
  endfacet
  facet normal 0 0 -1
    outer loop
      vertex -15.9 0 0
      vertex -20.1 0 0
      vertex -20.0235 1.75183 0
    endloop
  endfacet
  facet normal 0 0 -1
    outer loop
      vertex 16.134 -19.2277 0
      vertex 16.1888 -19.0977 0
      vertex 16.2904 -19.0843 0
    endloop
  endfacet
  facet normal 0 0 -1
    outer loop
      vertex 16.134 -19.2277 0
      vertex 15.9099 -19.1099 0
      vertex 16.1888 -19.0977 0
    endloop
  endfacet
  facet normal 0 0 -1
    outer loop
      vertex 16.134 -19.2277 0
      vertex 15.631 -19.0977 0
      vertex 15.9099 -19.1099 0
    endloop
  endfacet
  facet normal 0 0 -1
    outer loop
      vertex 14.3968 -20.5607 0
      vertex 15.631 -19.0977 0
      vertex 16.134 -19.2277 0
    endloop
  endfacet
  facet normal -0 0 -1
    outer loop
      vertex 15.631 -19.0977 0
      vertex 14.3968 -20.5607 0
      vertex 15.3542 -19.0613 0
    endloop
  endfacet
  facet normal 0 0 -1
    outer loop
      vertex 14.3968 -20.5607 0
      vertex 15.0817 -19.0009 0
      vertex 15.3542 -19.0613 0
    endloop
  endfacet
  facet normal 0 0 -1
    outer loop
      vertex 14.3968 -20.5607 0
      vertex 14.8154 -18.9169 0
      vertex 15.0817 -19.0009 0
    endloop
  endfacet
  facet normal 0 0 -1
    outer loop
      vertex 14.3968 -20.5607 0
      vertex 14.5575 -18.8101 0
      vertex 14.8154 -18.9169 0
    endloop
  endfacet
  facet normal 0 0 -1
    outer loop
      vertex 14.3968 -20.5607 0
      vertex 14.3099 -18.6812 0
      vertex 14.5575 -18.8101 0
    endloop
  endfacet
  facet normal 0 0 -1
    outer loop
      vertex 14.3968 -20.5607 0
      vertex 14.0745 -18.5312 0
      vertex 14.3099 -18.6812 0
    endloop
  endfacet
  facet normal 0 0 -1
    outer loop
      vertex 14.3968 -20.5607 0
      vertex 13.853 -18.3612 0
      vertex 14.0745 -18.5312 0
    endloop
  endfacet
  facet normal 0 0 -1
    outer loop
      vertex 12.55 -21.7372 0
      vertex 13.853 -18.3612 0
      vertex 14.3968 -20.5607 0
    endloop
  endfacet
  facet normal -0 0 -1
    outer loop
      vertex 13.853 -18.3612 0
      vertex 12.55 -21.7372 0
      vertex 13.6472 -18.1726 0
    endloop
  endfacet
  facet normal 0 0 -1
    outer loop
      vertex 10.45 -18.0999 0
      vertex 13.6472 -18.1726 0
      vertex 12.55 -21.7372 0
    endloop
  endfacet
  facet normal 0 0 -1
    outer loop
      vertex 13.6472 -18.1726 0
      vertex 10.45 -18.0999 0
      vertex 13.4586 -17.9668 0
    endloop
  endfacet
  facet normal -0 0 -1
    outer loop
      vertex 13.4586 -17.9668 0
      vertex 10.45 -18.0999 0
      vertex 13.2886 -17.7453 0
    endloop
  endfacet
  facet normal 0 -0 -1
    outer loop
      vertex 11.9877 -17.1203 0
      vertex 13.2886 -17.7453 0
      vertex 10.45 -18.0999 0
    endloop
  endfacet
  facet normal 0 0 -1
    outer loop
      vertex 13.2886 -17.7453 0
      vertex 11.9877 -17.1203 0
      vertex 13.1386 -17.5099 0
    endloop
  endfacet
  facet normal 0 0 -1
    outer loop
      vertex 13.0097 -17.2623 0
      vertex 11.9877 -17.1203 0
      vertex 12.9029 -17.0044 0
    endloop
  endfacet
  facet normal -0 0 -1
    outer loop
      vertex 12.9029 -17.0044 0
      vertex 11.9877 -17.1203 0
      vertex 12.8189 -16.7381 0
    endloop
  endfacet
  facet normal -0 0 -1
    outer loop
      vertex 12.8189 -16.7381 0
      vertex 11.9877 -17.1203 0
      vertex 12.7705 -16.5196 0
    endloop
  endfacet
  facet normal 0 0 -1
    outer loop
      vertex 10.45 -18.0999 0
      vertex 12.55 -21.7372 0
      vertex 10.6077 -22.7483 0
    endloop
  endfacet
  facet normal 0 0 -1
    outer loop
      vertex 13.1386 -17.5099 0
      vertex 11.9877 -17.1203 0
      vertex 13.0097 -17.2623 0
    endloop
  endfacet
  facet normal 0 0 -1
    outer loop
      vertex 10.6077 -22.7483 0
      vertex 8.83272 -18.9418 0
      vertex 10.45 -18.0999 0
    endloop
  endfacet
  facet normal 0 0 -1
    outer loop
      vertex 8.58471 -23.5863 0
      vertex 8.83272 -18.9418 0
      vertex 10.6077 -22.7483 0
    endloop
  endfacet
  facet normal 0 0 -1
    outer loop
      vertex 8.58471 -23.5863 0
      vertex 7.14822 -19.6396 0
      vertex 8.83272 -18.9418 0
    endloop
  endfacet
  facet normal 0 0 -1
    outer loop
      vertex 6.49636 -24.2447 0
      vertex 7.14822 -19.6396 0
      vertex 8.58471 -23.5863 0
    endloop
  endfacet
  facet normal 0 0 -1
    outer loop
      vertex 6.49636 -24.2447 0
      vertex 5.40932 -20.1878 0
      vertex 7.14822 -19.6396 0
    endloop
  endfacet
  facet normal 0 0 -1
    outer loop
      vertex 4.35857 -24.7187 0
      vertex 5.40932 -20.1878 0
      vertex 6.49636 -24.2447 0
    endloop
  endfacet
  facet normal 0 0 -1
    outer loop
      vertex 4.35857 -24.7187 0
      vertex 3.62925 -20.5825 0
      vertex 5.40932 -20.1878 0
    endloop
  endfacet
  facet normal 0 0 -1
    outer loop
      vertex 2.18761 -25.0045 0
      vertex 3.62925 -20.5825 0
      vertex 4.35857 -24.7187 0
    endloop
  endfacet
  facet normal 0 0 -1
    outer loop
      vertex 2.18761 -25.0045 0
      vertex 1.82155 -20.8205 0
      vertex 3.62925 -20.5825 0
    endloop
  endfacet
  facet normal 0 0 -1
    outer loop
      vertex 0 -25.1 0
      vertex 1.82155 -20.8205 0
      vertex 2.18761 -25.0045 0
    endloop
  endfacet
  facet normal 0 0 -1
    outer loop
      vertex 0 -25.1 0
      vertex 0 -20.9 0
      vertex 1.82155 -20.8205 0
    endloop
  endfacet
  facet normal 0 0 -1
    outer loop
      vertex 0 -25.1 0
      vertex -1.82155 -20.8205 0
      vertex 0 -20.9 0
    endloop
  endfacet
  facet normal 0 0 -1
    outer loop
      vertex -2.18761 -25.0045 0
      vertex -1.82155 -20.8205 0
      vertex 0 -25.1 0
    endloop
  endfacet
  facet normal 0 0 -1
    outer loop
      vertex -2.18761 -25.0045 0
      vertex -3.62925 -20.5825 0
      vertex -1.82155 -20.8205 0
    endloop
  endfacet
  facet normal 0 0 -1
    outer loop
      vertex -4.35857 -24.7187 0
      vertex -3.62925 -20.5825 0
      vertex -2.18761 -25.0045 0
    endloop
  endfacet
  facet normal 0 0 -1
    outer loop
      vertex -4.35857 -24.7187 0
      vertex -5.40932 -20.1878 0
      vertex -3.62925 -20.5825 0
    endloop
  endfacet
  facet normal 0 0 -1
    outer loop
      vertex -6.49636 -24.2447 0
      vertex -5.40932 -20.1878 0
      vertex -4.35857 -24.7187 0
    endloop
  endfacet
  facet normal 0 0 -1
    outer loop
      vertex -6.49636 -24.2447 0
      vertex -7.14822 -19.6396 0
      vertex -5.40932 -20.1878 0
    endloop
  endfacet
  facet normal 0 0 -1
    outer loop
      vertex -8.58471 -23.5863 0
      vertex -7.14822 -19.6396 0
      vertex -6.49636 -24.2447 0
    endloop
  endfacet
  facet normal 0 0 -1
    outer loop
      vertex -8.58471 -23.5863 0
      vertex -8.83272 -18.9418 0
      vertex -7.14822 -19.6396 0
    endloop
  endfacet
  facet normal 0 0 -1
    outer loop
      vertex -10.6077 -22.7483 0
      vertex -8.83272 -18.9418 0
      vertex -8.58471 -23.5863 0
    endloop
  endfacet
  facet normal -0 0 -1
    outer loop
      vertex -8.83272 -18.9418 0
      vertex -10.6077 -22.7483 0
      vertex -10.45 -18.0999 0
    endloop
  endfacet
  facet normal 0 0 -1
    outer loop
      vertex -12.55 -21.7372 0
      vertex -10.45 -18.0999 0
      vertex -10.6077 -22.7483 0
    endloop
  endfacet
  facet normal 0 0 -1
    outer loop
      vertex -13.6472 -18.1726 0
      vertex -10.45 -18.0999 0
      vertex -12.55 -21.7372 0
    endloop
  endfacet
  facet normal 0 -0 -1
    outer loop
      vertex -13.2886 -17.7453 0
      vertex -10.45 -18.0999 0
      vertex -13.4586 -17.9668 0
    endloop
  endfacet
  facet normal 0 0 -1
    outer loop
      vertex -11.9877 -17.1203 0
      vertex -12.8189 -16.7381 0
      vertex -12.7705 -16.5196 0
    endloop
  endfacet
  facet normal 0 0 -1
    outer loop
      vertex -11.9877 -17.1203 0
      vertex -12.9029 -17.0044 0
      vertex -12.8189 -16.7381 0
    endloop
  endfacet
  facet normal -0 0 -1
    outer loop
      vertex -11.9877 -17.1203 0
      vertex -13.0097 -17.2623 0
      vertex -12.9029 -17.0044 0
    endloop
  endfacet
  facet normal 0 0 -1
    outer loop
      vertex -11.9877 -17.1203 0
      vertex -13.1386 -17.5099 0
      vertex -13.0097 -17.2623 0
    endloop
  endfacet
  facet normal 0 0 -1
    outer loop
      vertex -11.9877 -17.1203 0
      vertex -13.2886 -17.7453 0
      vertex -13.1386 -17.5099 0
    endloop
  endfacet
  facet normal 0 0 -1
    outer loop
      vertex -10.45 -18.0999 0
      vertex -13.2886 -17.7453 0
      vertex -11.9877 -17.1203 0
    endloop
  endfacet
  facet normal -0 0 -1
    outer loop
      vertex -10.45 -18.0999 0
      vertex -13.6472 -18.1726 0
      vertex -13.4586 -17.9668 0
    endloop
  endfacet
  facet normal 0 0 -1
    outer loop
      vertex -12.55 -21.7372 0
      vertex -13.853 -18.3612 0
      vertex -13.6472 -18.1726 0
    endloop
  endfacet
  facet normal 0 0 -1
    outer loop
      vertex -14.3968 -20.5607 0
      vertex -13.853 -18.3612 0
      vertex -12.55 -21.7372 0
    endloop
  endfacet
  facet normal 0 0 -1
    outer loop
      vertex -13.853 -18.3612 0
      vertex -14.3968 -20.5607 0
      vertex -14.0745 -18.5312 0
    endloop
  endfacet
  facet normal 0 0 -1
    outer loop
      vertex -14.0745 -18.5312 0
      vertex -14.3968 -20.5607 0
      vertex -14.3099 -18.6812 0
    endloop
  endfacet
  facet normal 0 0 -1
    outer loop
      vertex -14.3968 -20.5607 0
      vertex -14.5575 -18.8101 0
      vertex -14.3099 -18.6812 0
    endloop
  endfacet
  facet normal 0 0 -1
    outer loop
      vertex -14.3968 -20.5607 0
      vertex -14.8154 -18.9169 0
      vertex -14.5575 -18.8101 0
    endloop
  endfacet
  facet normal 0 0 -1
    outer loop
      vertex -14.3968 -20.5607 0
      vertex -15.0817 -19.0009 0
      vertex -14.8154 -18.9169 0
    endloop
  endfacet
  facet normal 0 0 -1
    outer loop
      vertex -14.3968 -20.5607 0
      vertex -15.3542 -19.0613 0
      vertex -15.0817 -19.0009 0
    endloop
  endfacet
  facet normal 0 0 -1
    outer loop
      vertex -14.3968 -20.5607 0
      vertex -15.631 -19.0977 0
      vertex -15.3542 -19.0613 0
    endloop
  endfacet
  facet normal 0 0 -1
    outer loop
      vertex -16.134 -19.2277 0
      vertex -15.631 -19.0977 0
      vertex -14.3968 -20.5607 0
    endloop
  endfacet
  facet normal 0 0 -1
    outer loop
      vertex -15.631 -19.0977 0
      vertex -16.134 -19.2277 0
      vertex -15.9099 -19.1099 0
    endloop
  endfacet
  facet normal 0 0 -1
    outer loop
      vertex -16.134 -19.2277 0
      vertex -16.1888 -19.0977 0
      vertex -15.9099 -19.1099 0
    endloop
  endfacet
  facet normal -0 -0 -1
    outer loop
      vertex -16.1888 -19.0977 0
      vertex -16.134 -19.2277 0
      vertex -16.2904 -19.0843 0
    endloop
  endfacet
  facet normal 0 0 -1
    outer loop
      vertex 16.1888 19.0977 0
      vertex 16.134 19.2277 0
      vertex 16.2904 19.0843 0
    endloop
  endfacet
  facet normal 0 0 -1
    outer loop
      vertex 15.9099 19.1099 0
      vertex 16.134 19.2277 0
      vertex 16.1888 19.0977 0
    endloop
  endfacet
  facet normal 0 0 -1
    outer loop
      vertex 15.631 19.0977 0
      vertex 16.134 19.2277 0
      vertex 15.9099 19.1099 0
    endloop
  endfacet
  facet normal 0 0 -1
    outer loop
      vertex 14.3968 20.5607 0
      vertex 15.631 19.0977 0
      vertex 15.3542 19.0613 0
    endloop
  endfacet
  facet normal 0 0 -1
    outer loop
      vertex 15.631 19.0977 0
      vertex 14.3968 20.5607 0
      vertex 16.134 19.2277 0
    endloop
  endfacet
  facet normal 0 0 -1
    outer loop
      vertex 15.0817 19.0009 0
      vertex 14.3968 20.5607 0
      vertex 15.3542 19.0613 0
    endloop
  endfacet
  facet normal 0 0 -1
    outer loop
      vertex 14.8154 18.9169 0
      vertex 14.3968 20.5607 0
      vertex 15.0817 19.0009 0
    endloop
  endfacet
  facet normal 0 0 -1
    outer loop
      vertex 14.5575 18.8101 0
      vertex 14.3968 20.5607 0
      vertex 14.8154 18.9169 0
    endloop
  endfacet
  facet normal 0 0 -1
    outer loop
      vertex 14.3099 18.6812 0
      vertex 14.3968 20.5607 0
      vertex 14.5575 18.8101 0
    endloop
  endfacet
  facet normal 0 0 -1
    outer loop
      vertex 14.0745 18.5312 0
      vertex 14.3968 20.5607 0
      vertex 14.3099 18.6812 0
    endloop
  endfacet
  facet normal 0 0 -1
    outer loop
      vertex 13.853 18.3612 0
      vertex 14.3968 20.5607 0
      vertex 14.0745 18.5312 0
    endloop
  endfacet
  facet normal 0 0 -1
    outer loop
      vertex 12.55 21.7372 0
      vertex 13.853 18.3612 0
      vertex 13.6472 18.1726 0
    endloop
  endfacet
  facet normal 0 0 -1
    outer loop
      vertex 10.45 18.0999 0
      vertex 13.6472 18.1726 0
      vertex 13.4586 17.9668 0
    endloop
  endfacet
  facet normal 0 0 -1
    outer loop
      vertex 10.45 18.0999 0
      vertex 13.4586 17.9668 0
      vertex 13.2886 17.7453 0
    endloop
  endfacet
  facet normal 0 0 -1
    outer loop
      vertex 11.9877 17.1203 0
      vertex 13.2886 17.7453 0
      vertex 13.1386 17.5099 0
    endloop
  endfacet
  facet normal 0 0 -1
    outer loop
      vertex 11.9877 17.1203 0
      vertex 13.1386 17.5099 0
      vertex 13.0097 17.2623 0
    endloop
  endfacet
  facet normal 0 0 -1
    outer loop
      vertex 13.853 18.3612 0
      vertex 12.55 21.7372 0
      vertex 14.3968 20.5607 0
    endloop
  endfacet
  facet normal 0 0 -1
    outer loop
      vertex 11.9877 17.1203 0
      vertex 13.0097 17.2623 0
      vertex 12.9029 17.0044 0
    endloop
  endfacet
  facet normal 0 0 -1
    outer loop
      vertex 11.9877 17.1203 0
      vertex 12.9029 17.0044 0
      vertex 12.8189 16.7381 0
    endloop
  endfacet
  facet normal 0 0 -1
    outer loop
      vertex 11.9877 17.1203 0
      vertex 12.8189 16.7381 0
      vertex 12.7705 16.5196 0
    endloop
  endfacet
  facet normal -0 0 -1
    outer loop
      vertex 13.2886 17.7453 0
      vertex 11.9877 17.1203 0
      vertex 10.45 18.0999 0
    endloop
  endfacet
  facet normal -0 0 -1
    outer loop
      vertex 13.6472 18.1726 0
      vertex 10.45 18.0999 0
      vertex 12.55 21.7372 0
    endloop
  endfacet
  facet normal -0 0 -1
    outer loop
      vertex 12.55 21.7372 0
      vertex 10.45 18.0999 0
      vertex 10.6077 22.7483 0
    endloop
  endfacet
  facet normal 0 0 -1
    outer loop
      vertex 8.83272 18.9418 0
      vertex 10.6077 22.7483 0
      vertex 10.45 18.0999 0
    endloop
  endfacet
  facet normal 0 0 -1
    outer loop
      vertex 8.83272 18.9418 0
      vertex 8.58471 23.5863 0
      vertex 10.6077 22.7483 0
    endloop
  endfacet
  facet normal 0 0 -1
    outer loop
      vertex 7.14822 19.6396 0
      vertex 8.58471 23.5863 0
      vertex 8.83272 18.9418 0
    endloop
  endfacet
  facet normal 0 0 -1
    outer loop
      vertex 7.14822 19.6396 0
      vertex 6.49636 24.2447 0
      vertex 8.58471 23.5863 0
    endloop
  endfacet
  facet normal 0 0 -1
    outer loop
      vertex 5.40932 20.1878 0
      vertex 6.49636 24.2447 0
      vertex 7.14822 19.6396 0
    endloop
  endfacet
  facet normal 0 0 -1
    outer loop
      vertex 5.40932 20.1878 0
      vertex 4.35857 24.7187 0
      vertex 6.49636 24.2447 0
    endloop
  endfacet
  facet normal 0 0 -1
    outer loop
      vertex 3.62925 20.5825 0
      vertex 4.35857 24.7187 0
      vertex 5.40932 20.1878 0
    endloop
  endfacet
  facet normal 0 0 -1
    outer loop
      vertex 3.62925 20.5825 0
      vertex 2.18761 25.0045 0
      vertex 4.35857 24.7187 0
    endloop
  endfacet
  facet normal 0 0 -1
    outer loop
      vertex 1.82155 20.8205 0
      vertex 2.18761 25.0045 0
      vertex 3.62925 20.5825 0
    endloop
  endfacet
  facet normal 0 0 -1
    outer loop
      vertex 0 20.9 0
      vertex 2.18761 25.0045 0
      vertex 1.82155 20.8205 0
    endloop
  endfacet
  facet normal 0 0 -1
    outer loop
      vertex 0 20.9 0
      vertex 0 25.1 0
      vertex 2.18761 25.0045 0
    endloop
  endfacet
  facet normal 0 0 -1
    outer loop
      vertex -1.82155 20.8205 0
      vertex 0 25.1 0
      vertex 0 20.9 0
    endloop
  endfacet
  facet normal 0 0 -1
    outer loop
      vertex -1.82155 20.8205 0
      vertex -2.18761 25.0045 0
      vertex 0 25.1 0
    endloop
  endfacet
  facet normal 0 0 -1
    outer loop
      vertex -3.62925 20.5825 0
      vertex -2.18761 25.0045 0
      vertex -1.82155 20.8205 0
    endloop
  endfacet
  facet normal 0 0 -1
    outer loop
      vertex -3.62925 20.5825 0
      vertex -4.35857 24.7187 0
      vertex -2.18761 25.0045 0
    endloop
  endfacet
  facet normal 0 0 -1
    outer loop
      vertex -5.40932 20.1878 0
      vertex -4.35857 24.7187 0
      vertex -3.62925 20.5825 0
    endloop
  endfacet
  facet normal 0 0 -1
    outer loop
      vertex -5.40932 20.1878 0
      vertex -6.49636 24.2447 0
      vertex -4.35857 24.7187 0
    endloop
  endfacet
  facet normal 0 0 -1
    outer loop
      vertex -7.14822 19.6396 0
      vertex -6.49636 24.2447 0
      vertex -5.40932 20.1878 0
    endloop
  endfacet
  facet normal 0 0 -1
    outer loop
      vertex -7.14822 19.6396 0
      vertex -8.58471 23.5863 0
      vertex -6.49636 24.2447 0
    endloop
  endfacet
  facet normal 0 0 -1
    outer loop
      vertex -8.83272 18.9418 0
      vertex -8.58471 23.5863 0
      vertex -7.14822 19.6396 0
    endloop
  endfacet
  facet normal 0 0 -1
    outer loop
      vertex -10.6077 22.7483 0
      vertex -8.83272 18.9418 0
      vertex -10.45 18.0999 0
    endloop
  endfacet
  facet normal 0 0 -1
    outer loop
      vertex -8.83272 18.9418 0
      vertex -10.6077 22.7483 0
      vertex -8.58471 23.5863 0
    endloop
  endfacet
  facet normal 0 0 -1
    outer loop
      vertex -13.2886 17.7453 0
      vertex -10.45 18.0999 0
      vertex -11.9877 17.1203 0
    endloop
  endfacet
  facet normal 0 0 -1
    outer loop
      vertex -10.45 18.0999 0
      vertex -12.55 21.7372 0
      vertex -10.6077 22.7483 0
    endloop
  endfacet
  facet normal 0 0 -1
    outer loop
      vertex -12.8189 16.7381 0
      vertex -11.9877 17.1203 0
      vertex -12.7705 16.5196 0
    endloop
  endfacet
  facet normal 0 0 -1
    outer loop
      vertex -12.9029 17.0044 0
      vertex -11.9877 17.1203 0
      vertex -12.8189 16.7381 0
    endloop
  endfacet
  facet normal 0 0 -1
    outer loop
      vertex -13.0097 17.2623 0
      vertex -11.9877 17.1203 0
      vertex -12.9029 17.0044 0
    endloop
  endfacet
  facet normal 0 0 -1
    outer loop
      vertex -13.1386 17.5099 0
      vertex -11.9877 17.1203 0
      vertex -13.0097 17.2623 0
    endloop
  endfacet
  facet normal 0 0 -1
    outer loop
      vertex -13.2886 17.7453 0
      vertex -11.9877 17.1203 0
      vertex -13.1386 17.5099 0
    endloop
  endfacet
  facet normal 0 0 -1
    outer loop
      vertex -10.45 18.0999 0
      vertex -13.2886 17.7453 0
      vertex -13.4586 17.9668 0
    endloop
  endfacet
  facet normal 0 0 -1
    outer loop
      vertex -13.6472 18.1726 0
      vertex -10.45 18.0999 0
      vertex -13.4586 17.9668 0
    endloop
  endfacet
  facet normal 0 0 -1
    outer loop
      vertex -10.45 18.0999 0
      vertex -13.6472 18.1726 0
      vertex -12.55 21.7372 0
    endloop
  endfacet
  facet normal 0 0 -1
    outer loop
      vertex -13.853 18.3612 0
      vertex -12.55 21.7372 0
      vertex -13.6472 18.1726 0
    endloop
  endfacet
  facet normal 0 0 -1
    outer loop
      vertex -14.3968 20.5607 0
      vertex -13.853 18.3612 0
      vertex -14.0745 18.5312 0
    endloop
  endfacet
  facet normal 0 0 -1
    outer loop
      vertex -14.3968 20.5607 0
      vertex -14.0745 18.5312 0
      vertex -14.3099 18.6812 0
    endloop
  endfacet
  facet normal 0 0 -1
    outer loop
      vertex -13.853 18.3612 0
      vertex -14.3968 20.5607 0
      vertex -12.55 21.7372 0
    endloop
  endfacet
  facet normal 0 0 -1
    outer loop
      vertex -14.5575 18.8101 0
      vertex -14.3968 20.5607 0
      vertex -14.3099 18.6812 0
    endloop
  endfacet
  facet normal 0 0 -1
    outer loop
      vertex -14.8154 18.9169 0
      vertex -14.3968 20.5607 0
      vertex -14.5575 18.8101 0
    endloop
  endfacet
  facet normal 0 0 -1
    outer loop
      vertex -15.0817 19.0009 0
      vertex -14.3968 20.5607 0
      vertex -14.8154 18.9169 0
    endloop
  endfacet
  facet normal 0 0 -1
    outer loop
      vertex -15.3542 19.0613 0
      vertex -14.3968 20.5607 0
      vertex -15.0817 19.0009 0
    endloop
  endfacet
  facet normal 0 0 -1
    outer loop
      vertex -15.631 19.0977 0
      vertex -14.3968 20.5607 0
      vertex -15.3542 19.0613 0
    endloop
  endfacet
  facet normal 0 0 -1
    outer loop
      vertex -16.134 19.2277 0
      vertex -15.631 19.0977 0
      vertex -15.9099 19.1099 0
    endloop
  endfacet
  facet normal 0 0 -1
    outer loop
      vertex -15.631 19.0977 0
      vertex -16.134 19.2277 0
      vertex -14.3968 20.5607 0
    endloop
  endfacet
  facet normal 0 0 -1
    outer loop
      vertex -16.1888 19.0977 0
      vertex -16.134 19.2277 0
      vertex -15.9099 19.1099 0
    endloop
  endfacet
  facet normal 0 0 -1
    outer loop
      vertex -16.134 19.2277 0
      vertex -16.1888 19.0977 0
      vertex -16.2904 19.0843 0
    endloop
  endfacet
  facet normal 0 0 -1
    outer loop
      vertex 5.35 0 0
      vertex 15.1 0 0
      vertex 15.0425 -1.31605 0
    endloop
  endfacet
  facet normal 0 0 -1
    outer loop
      vertex 5.32964 -0.466283 0
      vertex 15.0425 -1.31605 0
      vertex 14.8706 -2.62209 0
    endloop
  endfacet
  facet normal 0 0 -1
    outer loop
      vertex 15.1 0 0
      vertex 5.35 0 0
      vertex 15.0425 1.31605 0
    endloop
  endfacet
  facet normal 0 0 -1
    outer loop
      vertex 5.26872 -0.929017 0
      vertex 14.8706 -2.62209 0
      vertex 14.5855 -3.90817 0
    endloop
  endfacet
  facet normal 0 0 -1
    outer loop
      vertex 5.32964 0.466283 0
      vertex 15.0425 1.31605 0
      vertex 5.35 0 0
    endloop
  endfacet
  facet normal 0 0 -1
    outer loop
      vertex 5.1677 -1.38468 0
      vertex 14.5855 -3.90817 0
      vertex 14.1894 -5.1645 0
    endloop
  endfacet
  facet normal -0 0 -1
    outer loop
      vertex 15.0425 1.31605 0
      vertex 5.32964 0.466283 0
      vertex 14.8706 2.62209 0
    endloop
  endfacet
  facet normal 0 0 -1
    outer loop
      vertex 5.02736 -1.82981 0
      vertex 14.1894 -5.1645 0
      vertex 13.6852 -6.38154 0
    endloop
  endfacet
  facet normal 0 0 -1
    outer loop
      vertex 5.26872 0.929017 0
      vertex 14.8706 2.62209 0
      vertex 5.32964 0.466283 0
    endloop
  endfacet
  facet normal 0 0 -1
    outer loop
      vertex 4.84875 -2.26101 0
      vertex 13.6852 -6.38154 0
      vertex 13.077 -7.55 0
    endloop
  endfacet
  facet normal -0 0 -1
    outer loop
      vertex 14.8706 2.62209 0
      vertex 5.26872 0.929017 0
      vertex 14.5855 3.90817 0
    endloop
  endfacet
  facet normal 0 0 -1
    outer loop
      vertex 4.63323 -2.675 0
      vertex 13.077 -7.55 0
      vertex 12.3692 -8.661 0
    endloop
  endfacet
  facet normal 0 0 -1
    outer loop
      vertex 5.1677 1.38468 0
      vertex 14.5855 3.90817 0
      vertex 5.26872 0.929017 0
    endloop
  endfacet
  facet normal 0 0 -1
    outer loop
      vertex 4.38246 -3.06863 0
      vertex 12.3692 -8.661 0
      vertex 11.5673 -9.70609 0
    endloop
  endfacet
  facet normal -0 0 -1
    outer loop
      vertex 14.5855 3.90817 0
      vertex 5.1677 1.38468 0
      vertex 14.1894 5.1645 0
    endloop
  endfacet
  facet normal 0 0 -1
    outer loop
      vertex 4.09834 -3.43891 0
      vertex 11.5673 -9.70609 0
      vertex 10.6773 -10.6773 0
    endloop
  endfacet
  facet normal 0 0 -1
    outer loop
      vertex 5.02736 1.82981 0
      vertex 14.1894 5.1645 0
      vertex 5.1677 1.38468 0
    endloop
  endfacet
  facet normal 0 0 -1
    outer loop
      vertex 3.78302 -3.78302 0
      vertex 10.6773 -10.6773 0
      vertex 9.70609 -11.5673 0
    endloop
  endfacet
  facet normal -0 0 -1
    outer loop
      vertex 14.1894 5.1645 0
      vertex 5.02736 1.82981 0
      vertex 13.6852 6.38154 0
    endloop
  endfacet
  facet normal 0 0 -1
    outer loop
      vertex 3.43891 -4.09834 0
      vertex 9.70609 -11.5673 0
      vertex 8.661 -12.3692 0
    endloop
  endfacet
  facet normal 0 0 -1
    outer loop
      vertex 4.84875 2.26101 0
      vertex 13.6852 6.38154 0
      vertex 5.02736 1.82981 0
    endloop
  endfacet
  facet normal 0 0 -1
    outer loop
      vertex 3.06863 -4.38246 0
      vertex 8.661 -12.3692 0
      vertex 7.55 -13.077 0
    endloop
  endfacet
  facet normal -0 0 -1
    outer loop
      vertex 13.6852 6.38154 0
      vertex 4.84875 2.26101 0
      vertex 13.077 7.55 0
    endloop
  endfacet
  facet normal 0 0 -1
    outer loop
      vertex 2.675 -4.63323 0
      vertex 7.55 -13.077 0
      vertex 6.38154 -13.6852 0
    endloop
  endfacet
  facet normal 0 0 -1
    outer loop
      vertex 4.63323 2.675 0
      vertex 13.077 7.55 0
      vertex 4.84875 2.26101 0
    endloop
  endfacet
  facet normal -0 0 -1
    outer loop
      vertex 13.077 7.55 0
      vertex 4.63323 2.675 0
      vertex 12.3692 8.661 0
    endloop
  endfacet
  facet normal 0 0 -1
    outer loop
      vertex 15.0425 -1.31605 0
      vertex 5.32964 -0.466283 0
      vertex 5.35 0 0
    endloop
  endfacet
  facet normal 0 0 -1
    outer loop
      vertex 14.8706 -2.62209 0
      vertex 5.26872 -0.929017 0
      vertex 5.32964 -0.466283 0
    endloop
  endfacet
  facet normal 0 0 -1
    outer loop
      vertex 14.5855 -3.90817 0
      vertex 5.1677 -1.38468 0
      vertex 5.26872 -0.929017 0
    endloop
  endfacet
  facet normal 0 0 -1
    outer loop
      vertex 2.26101 -4.84875 0
      vertex 6.38154 -13.6852 0
      vertex 5.1645 -14.1894 0
    endloop
  endfacet
  facet normal 0 0 -1
    outer loop
      vertex 14.1894 -5.1645 0
      vertex 5.02736 -1.82981 0
      vertex 5.1677 -1.38468 0
    endloop
  endfacet
  facet normal 0 0 -1
    outer loop
      vertex 13.6852 -6.38154 0
      vertex 4.84875 -2.26101 0
      vertex 5.02736 -1.82981 0
    endloop
  endfacet
  facet normal 0 0 -1
    outer loop
      vertex 13.077 -7.55 0
      vertex 4.63323 -2.675 0
      vertex 4.84875 -2.26101 0
    endloop
  endfacet
  facet normal 0 0 -1
    outer loop
      vertex 12.3692 -8.661 0
      vertex 4.38246 -3.06863 0
      vertex 4.63323 -2.675 0
    endloop
  endfacet
  facet normal 0 0 -1
    outer loop
      vertex 11.5673 -9.70609 0
      vertex 4.09834 -3.43891 0
      vertex 4.38246 -3.06863 0
    endloop
  endfacet
  facet normal 0 0 -1
    outer loop
      vertex 1.82981 -5.02736 0
      vertex 5.1645 -14.1894 0
      vertex 3.90817 -14.5855 0
    endloop
  endfacet
  facet normal 0 0 -1
    outer loop
      vertex 10.6773 -10.6773 0
      vertex 3.78302 -3.78302 0
      vertex 4.09834 -3.43891 0
    endloop
  endfacet
  facet normal 0 0 -1
    outer loop
      vertex 9.70609 -11.5673 0
      vertex 3.43891 -4.09834 0
      vertex 3.78302 -3.78302 0
    endloop
  endfacet
  facet normal 0 0 -1
    outer loop
      vertex 8.661 -12.3692 0
      vertex 3.06863 -4.38246 0
      vertex 3.43891 -4.09834 0
    endloop
  endfacet
  facet normal 0 0 -1
    outer loop
      vertex 7.55 -13.077 0
      vertex 2.675 -4.63323 0
      vertex 3.06863 -4.38246 0
    endloop
  endfacet
  facet normal 0 0 -1
    outer loop
      vertex 1.38468 -5.1677 0
      vertex 3.90817 -14.5855 0
      vertex 2.62209 -14.8706 0
    endloop
  endfacet
  facet normal 0 0 -1
    outer loop
      vertex 6.38154 -13.6852 0
      vertex 2.26101 -4.84875 0
      vertex 2.675 -4.63323 0
    endloop
  endfacet
  facet normal 0 0 -1
    outer loop
      vertex 5.1645 -14.1894 0
      vertex 1.82981 -5.02736 0
      vertex 2.26101 -4.84875 0
    endloop
  endfacet
  facet normal 0 0 -1
    outer loop
      vertex 3.90817 -14.5855 0
      vertex 1.38468 -5.1677 0
      vertex 1.82981 -5.02736 0
    endloop
  endfacet
  facet normal 0 0 -1
    outer loop
      vertex 0.929017 -5.26872 0
      vertex 2.62209 -14.8706 0
      vertex 1.31605 -15.0425 0
    endloop
  endfacet
  facet normal 0 0 -1
    outer loop
      vertex 2.62209 -14.8706 0
      vertex 0.929017 -5.26872 0
      vertex 1.38468 -5.1677 0
    endloop
  endfacet
  facet normal 0 0 -1
    outer loop
      vertex 1.31605 -15.0425 0
      vertex 0.466283 -5.32964 0
      vertex 0.929017 -5.26872 0
    endloop
  endfacet
  facet normal 0 0 -1
    outer loop
      vertex 0 -15.1 0
      vertex 0.466283 -5.32964 0
      vertex 1.31605 -15.0425 0
    endloop
  endfacet
  facet normal 0 0 -1
    outer loop
      vertex 0 -15.1 0
      vertex 0 -5.35 0
      vertex 0.466283 -5.32964 0
    endloop
  endfacet
  facet normal 0 0 -1
    outer loop
      vertex 0 -15.1 0
      vertex -0.466283 -5.32964 0
      vertex 0 -5.35 0
    endloop
  endfacet
  facet normal 0 0 -1
    outer loop
      vertex -1.31605 -15.0425 0
      vertex -0.466283 -5.32964 0
      vertex 0 -15.1 0
    endloop
  endfacet
  facet normal -0 0 -1
    outer loop
      vertex -0.466283 -5.32964 0
      vertex -1.31605 -15.0425 0
      vertex -0.929017 -5.26872 0
    endloop
  endfacet
  facet normal 0 0 -1
    outer loop
      vertex -2.62209 -14.8706 0
      vertex -0.929017 -5.26872 0
      vertex -1.31605 -15.0425 0
    endloop
  endfacet
  facet normal -0 0 -1
    outer loop
      vertex -0.929017 -5.26872 0
      vertex -2.62209 -14.8706 0
      vertex -1.38468 -5.1677 0
    endloop
  endfacet
  facet normal 0 0 -1
    outer loop
      vertex -3.90817 -14.5855 0
      vertex -1.38468 -5.1677 0
      vertex -2.62209 -14.8706 0
    endloop
  endfacet
  facet normal -0 0 -1
    outer loop
      vertex -1.38468 -5.1677 0
      vertex -3.90817 -14.5855 0
      vertex -1.82981 -5.02736 0
    endloop
  endfacet
  facet normal 0 0 -1
    outer loop
      vertex -5.1645 -14.1894 0
      vertex -1.82981 -5.02736 0
      vertex -3.90817 -14.5855 0
    endloop
  endfacet
  facet normal -0 0 -1
    outer loop
      vertex -1.82981 -5.02736 0
      vertex -5.1645 -14.1894 0
      vertex -2.26101 -4.84875 0
    endloop
  endfacet
  facet normal 0 0 -1
    outer loop
      vertex -6.38154 -13.6852 0
      vertex -2.26101 -4.84875 0
      vertex -5.1645 -14.1894 0
    endloop
  endfacet
  facet normal -0 0 -1
    outer loop
      vertex -2.26101 -4.84875 0
      vertex -6.38154 -13.6852 0
      vertex -2.675 -4.63323 0
    endloop
  endfacet
  facet normal 0 0 -1
    outer loop
      vertex -7.55 -13.077 0
      vertex -2.675 -4.63323 0
      vertex -6.38154 -13.6852 0
    endloop
  endfacet
  facet normal -0 0 -1
    outer loop
      vertex -2.675 -4.63323 0
      vertex -7.55 -13.077 0
      vertex -3.06863 -4.38246 0
    endloop
  endfacet
  facet normal 0 0 -1
    outer loop
      vertex -8.661 -12.3692 0
      vertex -3.06863 -4.38246 0
      vertex -7.55 -13.077 0
    endloop
  endfacet
  facet normal -0 0 -1
    outer loop
      vertex -3.06863 -4.38246 0
      vertex -8.661 -12.3692 0
      vertex -3.43891 -4.09834 0
    endloop
  endfacet
  facet normal 0 0 -1
    outer loop
      vertex -9.70609 -11.5673 0
      vertex -3.43891 -4.09834 0
      vertex -8.661 -12.3692 0
    endloop
  endfacet
  facet normal -0 0 -1
    outer loop
      vertex -3.43891 -4.09834 0
      vertex -9.70609 -11.5673 0
      vertex -3.78302 -3.78302 0
    endloop
  endfacet
  facet normal 0 0 -1
    outer loop
      vertex -10.6773 -10.6773 0
      vertex -3.78302 -3.78302 0
      vertex -9.70609 -11.5673 0
    endloop
  endfacet
  facet normal -0 0 -1
    outer loop
      vertex -3.78302 -3.78302 0
      vertex -10.6773 -10.6773 0
      vertex -4.09834 -3.43891 0
    endloop
  endfacet
  facet normal 0 0 -1
    outer loop
      vertex -11.5673 -9.70609 0
      vertex -4.09834 -3.43891 0
      vertex -10.6773 -10.6773 0
    endloop
  endfacet
  facet normal -0 0 -1
    outer loop
      vertex -4.09834 -3.43891 0
      vertex -11.5673 -9.70609 0
      vertex -4.38246 -3.06863 0
    endloop
  endfacet
  facet normal 0 0 -1
    outer loop
      vertex -12.3692 -8.661 0
      vertex -4.38246 -3.06863 0
      vertex -11.5673 -9.70609 0
    endloop
  endfacet
  facet normal -0 0 -1
    outer loop
      vertex -4.38246 -3.06863 0
      vertex -12.3692 -8.661 0
      vertex -4.63323 -2.675 0
    endloop
  endfacet
  facet normal 0 0 -1
    outer loop
      vertex 4.38246 3.06863 0
      vertex 12.3692 8.661 0
      vertex 4.63323 2.675 0
    endloop
  endfacet
  facet normal -0 0 -1
    outer loop
      vertex 12.3692 8.661 0
      vertex 4.38246 3.06863 0
      vertex 11.5673 9.70609 0
    endloop
  endfacet
  facet normal 0 0 -1
    outer loop
      vertex 4.09834 3.43891 0
      vertex 11.5673 9.70609 0
      vertex 4.38246 3.06863 0
    endloop
  endfacet
  facet normal -0 0 -1
    outer loop
      vertex 11.5673 9.70609 0
      vertex 4.09834 3.43891 0
      vertex 10.6773 10.6773 0
    endloop
  endfacet
  facet normal 0 0 -1
    outer loop
      vertex 3.78302 3.78302 0
      vertex 10.6773 10.6773 0
      vertex 4.09834 3.43891 0
    endloop
  endfacet
  facet normal -0 0 -1
    outer loop
      vertex 10.6773 10.6773 0
      vertex 3.78302 3.78302 0
      vertex 9.70609 11.5673 0
    endloop
  endfacet
  facet normal 0 0 -1
    outer loop
      vertex 3.43891 4.09834 0
      vertex 9.70609 11.5673 0
      vertex 3.78302 3.78302 0
    endloop
  endfacet
  facet normal -0 0 -1
    outer loop
      vertex 9.70609 11.5673 0
      vertex 3.43891 4.09834 0
      vertex 8.661 12.3692 0
    endloop
  endfacet
  facet normal 0 0 -1
    outer loop
      vertex 3.06863 4.38246 0
      vertex 8.661 12.3692 0
      vertex 3.43891 4.09834 0
    endloop
  endfacet
  facet normal -0 0 -1
    outer loop
      vertex 8.661 12.3692 0
      vertex 3.06863 4.38246 0
      vertex 7.55 13.077 0
    endloop
  endfacet
  facet normal 0 0 -1
    outer loop
      vertex 2.675 4.63323 0
      vertex 7.55 13.077 0
      vertex 3.06863 4.38246 0
    endloop
  endfacet
  facet normal -0 0 -1
    outer loop
      vertex 7.55 13.077 0
      vertex 2.675 4.63323 0
      vertex 6.38154 13.6852 0
    endloop
  endfacet
  facet normal 0 0 -1
    outer loop
      vertex 2.26101 4.84875 0
      vertex 6.38154 13.6852 0
      vertex 2.675 4.63323 0
    endloop
  endfacet
  facet normal -0 0 -1
    outer loop
      vertex 6.38154 13.6852 0
      vertex 2.26101 4.84875 0
      vertex 5.1645 14.1894 0
    endloop
  endfacet
  facet normal 0 0 -1
    outer loop
      vertex 1.82981 5.02736 0
      vertex 5.1645 14.1894 0
      vertex 2.26101 4.84875 0
    endloop
  endfacet
  facet normal -0 0 -1
    outer loop
      vertex 5.1645 14.1894 0
      vertex 1.82981 5.02736 0
      vertex 3.90817 14.5855 0
    endloop
  endfacet
  facet normal 0 0 -1
    outer loop
      vertex 1.38468 5.1677 0
      vertex 3.90817 14.5855 0
      vertex 1.82981 5.02736 0
    endloop
  endfacet
  facet normal -0 0 -1
    outer loop
      vertex 3.90817 14.5855 0
      vertex 1.38468 5.1677 0
      vertex 2.62209 14.8706 0
    endloop
  endfacet
  facet normal 0 0 -1
    outer loop
      vertex 0.929017 5.26872 0
      vertex 2.62209 14.8706 0
      vertex 1.38468 5.1677 0
    endloop
  endfacet
  facet normal -0 0 -1
    outer loop
      vertex 2.62209 14.8706 0
      vertex 0.929017 5.26872 0
      vertex 1.31605 15.0425 0
    endloop
  endfacet
  facet normal 0 0 -1
    outer loop
      vertex 0.466283 5.32964 0
      vertex 1.31605 15.0425 0
      vertex 0.929017 5.26872 0
    endloop
  endfacet
  facet normal 0 0 -1
    outer loop
      vertex 0 5.35 0
      vertex 1.31605 15.0425 0
      vertex 0.466283 5.32964 0
    endloop
  endfacet
  facet normal 0 0 -1
    outer loop
      vertex 0 5.35 0
      vertex 0 15.1 0
      vertex 1.31605 15.0425 0
    endloop
  endfacet
  facet normal 0 0 -1
    outer loop
      vertex -0.466283 5.32964 0
      vertex 0 15.1 0
      vertex 0 5.35 0
    endloop
  endfacet
  facet normal 0 0 -1
    outer loop
      vertex -1.31605 15.0425 0
      vertex -0.466283 5.32964 0
      vertex -0.929017 5.26872 0
    endloop
  endfacet
  facet normal 0 0 -1
    outer loop
      vertex -0.466283 5.32964 0
      vertex -1.31605 15.0425 0
      vertex 0 15.1 0
    endloop
  endfacet
  facet normal 0 0 -1
    outer loop
      vertex -2.62209 14.8706 0
      vertex -0.929017 5.26872 0
      vertex -1.38468 5.1677 0
    endloop
  endfacet
  facet normal 0 0 -1
    outer loop
      vertex -3.90817 14.5855 0
      vertex -1.38468 5.1677 0
      vertex -1.82981 5.02736 0
    endloop
  endfacet
  facet normal 0 0 -1
    outer loop
      vertex -5.1645 14.1894 0
      vertex -1.82981 5.02736 0
      vertex -2.26101 4.84875 0
    endloop
  endfacet
  facet normal 0 0 -1
    outer loop
      vertex -0.929017 5.26872 0
      vertex -2.62209 14.8706 0
      vertex -1.31605 15.0425 0
    endloop
  endfacet
  facet normal 0 0 -1
    outer loop
      vertex -6.38154 13.6852 0
      vertex -2.26101 4.84875 0
      vertex -2.675 4.63323 0
    endloop
  endfacet
  facet normal 0 0 -1
    outer loop
      vertex -7.55 13.077 0
      vertex -2.675 4.63323 0
      vertex -3.06863 4.38246 0
    endloop
  endfacet
  facet normal 0 0 -1
    outer loop
      vertex -8.661 12.3692 0
      vertex -3.06863 4.38246 0
      vertex -3.43891 4.09834 0
    endloop
  endfacet
  facet normal 0 0 -1
    outer loop
      vertex -9.70609 11.5673 0
      vertex -3.43891 4.09834 0
      vertex -3.78302 3.78302 0
    endloop
  endfacet
  facet normal 0 0 -1
    outer loop
      vertex -1.38468 5.1677 0
      vertex -3.90817 14.5855 0
      vertex -2.62209 14.8706 0
    endloop
  endfacet
  facet normal 0 0 -1
    outer loop
      vertex -10.6773 10.6773 0
      vertex -3.78302 3.78302 0
      vertex -4.09834 3.43891 0
    endloop
  endfacet
  facet normal 0 0 -1
    outer loop
      vertex -11.5673 9.70609 0
      vertex -4.09834 3.43891 0
      vertex -4.38246 3.06863 0
    endloop
  endfacet
  facet normal 0 0 -1
    outer loop
      vertex -12.3692 8.661 0
      vertex -4.38246 3.06863 0
      vertex -4.63323 2.675 0
    endloop
  endfacet
  facet normal 0 0 -1
    outer loop
      vertex -13.077 7.55 0
      vertex -4.63323 2.675 0
      vertex -4.84875 2.26101 0
    endloop
  endfacet
  facet normal 0 0 -1
    outer loop
      vertex -13.6852 6.38154 0
      vertex -4.84875 2.26101 0
      vertex -5.02736 1.82981 0
    endloop
  endfacet
  facet normal 0 0 -1
    outer loop
      vertex -1.82981 5.02736 0
      vertex -5.1645 14.1894 0
      vertex -3.90817 14.5855 0
    endloop
  endfacet
  facet normal 0 0 -1
    outer loop
      vertex -14.1894 5.1645 0
      vertex -5.02736 1.82981 0
      vertex -5.1677 1.38468 0
    endloop
  endfacet
  facet normal 0 0 -1
    outer loop
      vertex -14.5855 3.90817 0
      vertex -5.1677 1.38468 0
      vertex -5.26872 0.929017 0
    endloop
  endfacet
  facet normal 0 0 -1
    outer loop
      vertex -14.8706 2.62209 0
      vertex -5.26872 0.929017 0
      vertex -5.32964 0.466283 0
    endloop
  endfacet
  facet normal 0 0 -1
    outer loop
      vertex -15.0425 1.31605 0
      vertex -5.32964 0.466283 0
      vertex -5.35 0 0
    endloop
  endfacet
  facet normal 0 0 -1
    outer loop
      vertex -13.077 -7.55 0
      vertex -4.63323 -2.675 0
      vertex -12.3692 -8.661 0
    endloop
  endfacet
  facet normal 0 0 -1
    outer loop
      vertex -2.26101 4.84875 0
      vertex -6.38154 13.6852 0
      vertex -5.1645 14.1894 0
    endloop
  endfacet
  facet normal -0 0 -1
    outer loop
      vertex -4.63323 -2.675 0
      vertex -13.077 -7.55 0
      vertex -4.84875 -2.26101 0
    endloop
  endfacet
  facet normal 0 0 -1
    outer loop
      vertex -2.675 4.63323 0
      vertex -7.55 13.077 0
      vertex -6.38154 13.6852 0
    endloop
  endfacet
  facet normal 0 0 -1
    outer loop
      vertex -13.6852 -6.38154 0
      vertex -4.84875 -2.26101 0
      vertex -13.077 -7.55 0
    endloop
  endfacet
  facet normal 0 0 -1
    outer loop
      vertex -3.06863 4.38246 0
      vertex -8.661 12.3692 0
      vertex -7.55 13.077 0
    endloop
  endfacet
  facet normal -0 0 -1
    outer loop
      vertex -4.84875 -2.26101 0
      vertex -13.6852 -6.38154 0
      vertex -5.02736 -1.82981 0
    endloop
  endfacet
  facet normal 0 0 -1
    outer loop
      vertex -3.43891 4.09834 0
      vertex -9.70609 11.5673 0
      vertex -8.661 12.3692 0
    endloop
  endfacet
  facet normal 0 0 -1
    outer loop
      vertex -14.1894 -5.1645 0
      vertex -5.02736 -1.82981 0
      vertex -13.6852 -6.38154 0
    endloop
  endfacet
  facet normal 0 0 -1
    outer loop
      vertex -3.78302 3.78302 0
      vertex -10.6773 10.6773 0
      vertex -9.70609 11.5673 0
    endloop
  endfacet
  facet normal -0 0 -1
    outer loop
      vertex -5.02736 -1.82981 0
      vertex -14.1894 -5.1645 0
      vertex -5.1677 -1.38468 0
    endloop
  endfacet
  facet normal 0 0 -1
    outer loop
      vertex -4.09834 3.43891 0
      vertex -11.5673 9.70609 0
      vertex -10.6773 10.6773 0
    endloop
  endfacet
  facet normal 0 0 -1
    outer loop
      vertex -14.5855 -3.90817 0
      vertex -5.1677 -1.38468 0
      vertex -14.1894 -5.1645 0
    endloop
  endfacet
  facet normal 0 0 -1
    outer loop
      vertex -4.38246 3.06863 0
      vertex -12.3692 8.661 0
      vertex -11.5673 9.70609 0
    endloop
  endfacet
  facet normal -0 0 -1
    outer loop
      vertex -5.1677 -1.38468 0
      vertex -14.5855 -3.90817 0
      vertex -5.26872 -0.929017 0
    endloop
  endfacet
  facet normal 0 0 -1
    outer loop
      vertex -4.63323 2.675 0
      vertex -13.077 7.55 0
      vertex -12.3692 8.661 0
    endloop
  endfacet
  facet normal 0 0 -1
    outer loop
      vertex -14.8706 -2.62209 0
      vertex -5.26872 -0.929017 0
      vertex -14.5855 -3.90817 0
    endloop
  endfacet
  facet normal 0 0 -1
    outer loop
      vertex -4.84875 2.26101 0
      vertex -13.6852 6.38154 0
      vertex -13.077 7.55 0
    endloop
  endfacet
  facet normal -0 0 -1
    outer loop
      vertex -5.26872 -0.929017 0
      vertex -14.8706 -2.62209 0
      vertex -5.32964 -0.466283 0
    endloop
  endfacet
  facet normal 0 0 -1
    outer loop
      vertex -5.02736 1.82981 0
      vertex -14.1894 5.1645 0
      vertex -13.6852 6.38154 0
    endloop
  endfacet
  facet normal 0 0 -1
    outer loop
      vertex -15.0425 -1.31605 0
      vertex -5.32964 -0.466283 0
      vertex -14.8706 -2.62209 0
    endloop
  endfacet
  facet normal 0 0 -1
    outer loop
      vertex -5.1677 1.38468 0
      vertex -14.5855 3.90817 0
      vertex -14.1894 5.1645 0
    endloop
  endfacet
  facet normal -0 0 -1
    outer loop
      vertex -5.32964 -0.466283 0
      vertex -15.0425 -1.31605 0
      vertex -5.35 0 0
    endloop
  endfacet
  facet normal 0 0 -1
    outer loop
      vertex -5.26872 0.929017 0
      vertex -14.8706 2.62209 0
      vertex -14.5855 3.90817 0
    endloop
  endfacet
  facet normal 0 0 -1
    outer loop
      vertex -15.1 0 0
      vertex -5.35 0 0
      vertex -15.0425 -1.31605 0
    endloop
  endfacet
  facet normal 0 0 -1
    outer loop
      vertex -5.32964 0.466283 0
      vertex -15.0425 1.31605 0
      vertex -14.8706 2.62209 0
    endloop
  endfacet
  facet normal 0 0 -1
    outer loop
      vertex -5.35 0 0
      vertex -15.1 0 0
      vertex -15.0425 1.31605 0
    endloop
  endfacet
  facet normal -0 0 -1
    outer loop
      vertex 19.2277 -16.134 0
      vertex 19.0977 -16.1888 0
      vertex 19.1099 -15.9099 0
    endloop
  endfacet
  facet normal 0 -0 -1
    outer loop
      vertex 19.0977 -16.1888 0
      vertex 19.2277 -16.134 0
      vertex 19.0843 -16.2904 0
    endloop
  endfacet
  facet normal 0 0 -1
    outer loop
      vertex 20.9 0 0
      vertex 25.1 0 0
      vertex 25.0045 -2.18761 0
    endloop
  endfacet
  facet normal 0 0 -1
    outer loop
      vertex 20.8205 -1.82155 0
      vertex 25.0045 -2.18761 0
      vertex 24.7187 -4.35857 0
    endloop
  endfacet
  facet normal 0 0 -1
    outer loop
      vertex 25.1 0 0
      vertex 20.9 0 0
      vertex 25.0045 2.18761 0
    endloop
  endfacet
  facet normal 0 0 -1
    outer loop
      vertex 20.5825 -3.62925 0
      vertex 24.7187 -4.35857 0
      vertex 24.2447 -6.49636 0
    endloop
  endfacet
  facet normal 0 0 -1
    outer loop
      vertex 20.8205 1.82155 0
      vertex 25.0045 2.18761 0
      vertex 20.9 0 0
    endloop
  endfacet
  facet normal 0 0 -1
    outer loop
      vertex 20.1878 -5.40932 0
      vertex 24.2447 -6.49636 0
      vertex 23.5863 -8.58471 0
    endloop
  endfacet
  facet normal -0 0 -1
    outer loop
      vertex 25.0045 2.18761 0
      vertex 20.8205 1.82155 0
      vertex 24.7187 4.35857 0
    endloop
  endfacet
  facet normal 0 0 -1
    outer loop
      vertex 19.6396 -7.14822 0
      vertex 23.5863 -8.58471 0
      vertex 22.7483 -10.6077 0
    endloop
  endfacet
  facet normal 0 0 -1
    outer loop
      vertex 20.5825 3.62925 0
      vertex 24.7187 4.35857 0
      vertex 20.8205 1.82155 0
    endloop
  endfacet
  facet normal 0 0 -1
    outer loop
      vertex 18.9418 -8.83272 0
      vertex 22.7483 -10.6077 0
      vertex 21.7372 -12.55 0
    endloop
  endfacet
  facet normal -0 0 -1
    outer loop
      vertex 24.7187 4.35857 0
      vertex 20.5825 3.62925 0
      vertex 24.2447 6.49636 0
    endloop
  endfacet
  facet normal 0 0 -1
    outer loop
      vertex 20.1878 5.40932 0
      vertex 24.2447 6.49636 0
      vertex 20.5825 3.62925 0
    endloop
  endfacet
  facet normal 0 0 -1
    outer loop
      vertex 25.0045 -2.18761 0
      vertex 20.8205 -1.82155 0
      vertex 20.9 0 0
    endloop
  endfacet
  facet normal 0 0 -1
    outer loop
      vertex 24.7187 -4.35857 0
      vertex 20.5825 -3.62925 0
      vertex 20.8205 -1.82155 0
    endloop
  endfacet
  facet normal 0 0 -1
    outer loop
      vertex 18.3612 -13.853 0
      vertex 21.7372 -12.55 0
      vertex 20.5607 -14.3968 0
    endloop
  endfacet
  facet normal 0 0 -1
    outer loop
      vertex 24.2447 -6.49636 0
      vertex 20.1878 -5.40932 0
      vertex 20.5825 -3.62925 0
    endloop
  endfacet
  facet normal 0 0 -1
    outer loop
      vertex 23.5863 -8.58471 0
      vertex 19.6396 -7.14822 0
      vertex 20.1878 -5.40932 0
    endloop
  endfacet
  facet normal 0 0 -1
    outer loop
      vertex 19.0977 -15.631 0
      vertex 20.5607 -14.3968 0
      vertex 19.2277 -16.134 0
    endloop
  endfacet
  facet normal 0 0 -1
    outer loop
      vertex 19.0977 -15.631 0
      vertex 19.2277 -16.134 0
      vertex 19.1099 -15.9099 0
    endloop
  endfacet
  facet normal 0 0 -1
    outer loop
      vertex 20.5607 -14.3968 0
      vertex 19.0977 -15.631 0
      vertex 19.0613 -15.3542 0
    endloop
  endfacet
  facet normal 0 0 -1
    outer loop
      vertex 19.0009 -15.0817 0
      vertex 20.5607 -14.3968 0
      vertex 19.0613 -15.3542 0
    endloop
  endfacet
  facet normal 0 0 -1
    outer loop
      vertex 18.9169 -14.8154 0
      vertex 20.5607 -14.3968 0
      vertex 19.0009 -15.0817 0
    endloop
  endfacet
  facet normal 0 0 -1
    outer loop
      vertex 22.7483 -10.6077 0
      vertex 18.9418 -8.83272 0
      vertex 19.6396 -7.14822 0
    endloop
  endfacet
  facet normal 0 0 -1
    outer loop
      vertex 18.8101 -14.5575 0
      vertex 20.5607 -14.3968 0
      vertex 18.9169 -14.8154 0
    endloop
  endfacet
  facet normal 0 0 -1
    outer loop
      vertex 18.6812 -14.3099 0
      vertex 20.5607 -14.3968 0
      vertex 18.8101 -14.5575 0
    endloop
  endfacet
  facet normal 0 0 -1
    outer loop
      vertex 18.5312 -14.0745 0
      vertex 20.5607 -14.3968 0
      vertex 18.6812 -14.3099 0
    endloop
  endfacet
  facet normal 0 0 -1
    outer loop
      vertex 18.3612 -13.853 0
      vertex 20.5607 -14.3968 0
      vertex 18.5312 -14.0745 0
    endloop
  endfacet
  facet normal 0 0 -1
    outer loop
      vertex 21.7372 -12.55 0
      vertex 18.3612 -13.853 0
      vertex 18.1726 -13.6472 0
    endloop
  endfacet
  facet normal -0 0 -1
    outer loop
      vertex 21.7372 -12.55 0
      vertex 18.1726 -13.6472 0
      vertex 18.0999 -10.45 0
    endloop
  endfacet
  facet normal 0 0 -1
    outer loop
      vertex 21.7372 -12.55 0
      vertex 18.0999 -10.45 0
      vertex 18.9418 -8.83272 0
    endloop
  endfacet
  facet normal 0 0 -1
    outer loop
      vertex 17.9668 -13.4586 0
      vertex 18.0999 -10.45 0
      vertex 18.1726 -13.6472 0
    endloop
  endfacet
  facet normal 0 0 -1
    outer loop
      vertex 17.7453 -13.2886 0
      vertex 18.0999 -10.45 0
      vertex 17.9668 -13.4586 0
    endloop
  endfacet
  facet normal 0 0 -1
    outer loop
      vertex 17.1203 -11.9877 0
      vertex 17.7453 -13.2886 0
      vertex 17.5099 -13.1386 0
    endloop
  endfacet
  facet normal 0 0 -1
    outer loop
      vertex 17.1203 -11.9877 0
      vertex 17.5099 -13.1386 0
      vertex 17.2623 -13.0097 0
    endloop
  endfacet
  facet normal 0 0 -1
    outer loop
      vertex 17.7453 -13.2886 0
      vertex 17.1203 -11.9877 0
      vertex 18.0999 -10.45 0
    endloop
  endfacet
  facet normal 0 0 -1
    outer loop
      vertex 17.0044 -12.9029 0
      vertex 17.1203 -11.9877 0
      vertex 17.2623 -13.0097 0
    endloop
  endfacet
  facet normal 0 0 -1
    outer loop
      vertex 16.7381 -12.8189 0
      vertex 17.1203 -11.9877 0
      vertex 17.0044 -12.9029 0
    endloop
  endfacet
  facet normal 0 0 -1
    outer loop
      vertex 17.1203 -11.9877 0
      vertex 16.7381 -12.8189 0
      vertex 16.5196 -12.7705 0
    endloop
  endfacet
  facet normal -0 0 -1
    outer loop
      vertex 24.2447 6.49636 0
      vertex 20.1878 5.40932 0
      vertex 23.5863 8.58471 0
    endloop
  endfacet
  facet normal 0 0 -1
    outer loop
      vertex 19.6396 7.14822 0
      vertex 23.5863 8.58471 0
      vertex 20.1878 5.40932 0
    endloop
  endfacet
  facet normal -0 0 -1
    outer loop
      vertex 23.5863 8.58471 0
      vertex 19.6396 7.14822 0
      vertex 22.7483 10.6077 0
    endloop
  endfacet
  facet normal 0 0 -1
    outer loop
      vertex 18.9418 8.83272 0
      vertex 22.7483 10.6077 0
      vertex 19.6396 7.14822 0
    endloop
  endfacet
  facet normal -0 0 -1
    outer loop
      vertex 22.7483 10.6077 0
      vertex 18.9418 8.83272 0
      vertex 21.7372 12.55 0
    endloop
  endfacet
  facet normal 0 0 -1
    outer loop
      vertex 18.0999 10.45 0
      vertex 21.7372 12.55 0
      vertex 18.9418 8.83272 0
    endloop
  endfacet
  facet normal 0 -0 -1
    outer loop
      vertex 19.0977 15.631 0
      vertex 20.5607 14.3968 0
      vertex 19.0613 15.3542 0
    endloop
  endfacet
  facet normal 0 0 -1
    outer loop
      vertex 19.2277 16.134 0
      vertex 19.0977 15.631 0
      vertex 19.1099 15.9099 0
    endloop
  endfacet
  facet normal 0 0 -1
    outer loop
      vertex 20.5607 14.3968 0
      vertex 19.0977 15.631 0
      vertex 19.2277 16.134 0
    endloop
  endfacet
  facet normal 0 0 -1
    outer loop
      vertex 20.5607 14.3968 0
      vertex 19.0009 15.0817 0
      vertex 19.0613 15.3542 0
    endloop
  endfacet
  facet normal 0 -0 -1
    outer loop
      vertex 18.1726 13.6472 0
      vertex 21.7372 12.55 0
      vertex 18.0999 10.45 0
    endloop
  endfacet
  facet normal 0 0 -1
    outer loop
      vertex 20.5607 14.3968 0
      vertex 18.9169 14.8154 0
      vertex 19.0009 15.0817 0
    endloop
  endfacet
  facet normal 0 0 -1
    outer loop
      vertex 20.5607 14.3968 0
      vertex 18.8101 14.5575 0
      vertex 18.9169 14.8154 0
    endloop
  endfacet
  facet normal -0 0 -1
    outer loop
      vertex 20.5607 14.3968 0
      vertex 18.6812 14.3099 0
      vertex 18.8101 14.5575 0
    endloop
  endfacet
  facet normal 0 -0 -1
    outer loop
      vertex 18.3612 13.853 0
      vertex 21.7372 12.55 0
      vertex 18.1726 13.6472 0
    endloop
  endfacet
  facet normal 0 0 -1
    outer loop
      vertex 20.5607 14.3968 0
      vertex 18.5312 14.0745 0
      vertex 18.6812 14.3099 0
    endloop
  endfacet
  facet normal 0 0 -1
    outer loop
      vertex 20.5607 14.3968 0
      vertex 18.3612 13.853 0
      vertex 18.5312 14.0745 0
    endloop
  endfacet
  facet normal 0 0 -1
    outer loop
      vertex 21.7372 12.55 0
      vertex 18.3612 13.853 0
      vertex 20.5607 14.3968 0
    endloop
  endfacet
  facet normal 0 0 -1
    outer loop
      vertex 18.0999 10.45 0
      vertex 17.9668 13.4586 0
      vertex 18.1726 13.6472 0
    endloop
  endfacet
  facet normal 0 0 -1
    outer loop
      vertex 18.0999 10.45 0
      vertex 17.7453 13.2886 0
      vertex 17.9668 13.4586 0
    endloop
  endfacet
  facet normal 0 0 -1
    outer loop
      vertex 17.1203 11.9877 0
      vertex 17.7453 13.2886 0
      vertex 18.0999 10.45 0
    endloop
  endfacet
  facet normal 0 0 -1
    outer loop
      vertex 17.7453 13.2886 0
      vertex 17.1203 11.9877 0
      vertex 17.5099 13.1386 0
    endloop
  endfacet
  facet normal 0 0 -1
    outer loop
      vertex 17.5099 13.1386 0
      vertex 17.1203 11.9877 0
      vertex 17.2623 13.0097 0
    endloop
  endfacet
  facet normal 0 0 -1
    outer loop
      vertex 17.1203 11.9877 0
      vertex 17.0044 12.9029 0
      vertex 17.2623 13.0097 0
    endloop
  endfacet
  facet normal 0 0 -1
    outer loop
      vertex 17.1203 11.9877 0
      vertex 16.7381 12.8189 0
      vertex 17.0044 12.9029 0
    endloop
  endfacet
  facet normal 0 -0 -1
    outer loop
      vertex 16.7381 12.8189 0
      vertex 17.1203 11.9877 0
      vertex 16.5196 12.7705 0
    endloop
  endfacet
  facet normal 0 0 -1
    outer loop
      vertex 19.0977 16.1888 0
      vertex 19.2277 16.134 0
      vertex 19.1099 15.9099 0
    endloop
  endfacet
  facet normal 0 0 -1
    outer loop
      vertex 19.2277 16.134 0
      vertex 19.0977 16.1888 0
      vertex 19.0843 16.2904 0
    endloop
  endfacet
  facet normal 0.991445 -0.130523 0
    outer loop
      vertex 22.7983 -4.01995 14.99
      vertex 23.0619 -2.01766 9
      vertex 23.0619 -2.01766 14.99
    endloop
  endfacet
  facet normal 0.991445 -0.130523 0
    outer loop
      vertex 23.0619 -2.01766 9
      vertex 22.7983 -4.01995 14.99
      vertex 22.7983 -4.01995 9
    endloop
  endfacet
  facet normal 0.999048 -0.0436229 0
    outer loop
      vertex 23.0619 -2.01766 14.99
      vertex 23.15 0 9
      vertex 23.15 0 14.99
    endloop
  endfacet
  facet normal 0.999048 -0.0436229 0
    outer loop
      vertex 23.15 0 9
      vertex 23.0619 -2.01766 14.99
      vertex 23.0619 -2.01766 9
    endloop
  endfacet
  facet normal 0.976298 -0.216431 0
    outer loop
      vertex 22.3612 -5.99166 14.99
      vertex 22.7983 -4.01995 9
      vertex 22.7983 -4.01995 14.99
    endloop
  endfacet
  facet normal 0.976298 -0.216431 0
    outer loop
      vertex 22.7983 -4.01995 9
      vertex 22.3612 -5.99166 14.99
      vertex 22.3612 -5.99166 9
    endloop
  endfacet
  facet normal 0.537292 0.843396 -0
    outer loop
      vertex 13.2783 18.9634 9
      vertex 11.575 20.0485 14.99
      vertex 13.2783 18.9634 14.99
    endloop
  endfacet
  facet normal 0.537292 0.843396 0
    outer loop
      vertex 11.575 20.0485 14.99
      vertex 13.2783 18.9634 9
      vertex 11.575 20.0485 9
    endloop
  endfacet
  facet normal 0.130523 -0.991445 0
    outer loop
      vertex 2.01766 -23.0619 9
      vertex 4.01995 -22.7983 14.99
      vertex 2.01766 -23.0619 14.99
    endloop
  endfacet
  facet normal 0.130523 -0.991445 0
    outer loop
      vertex 4.01995 -22.7983 14.99
      vertex 2.01766 -23.0619 9
      vertex 4.01995 -22.7983 9
    endloop
  endfacet
  facet normal 0.382702 -0.923872 0
    outer loop
      vertex 7.91777 -21.7539 9
      vertex 9.78361 -20.981 14.99
      vertex 7.91777 -21.7539 14.99
    endloop
  endfacet
  facet normal 0.382702 -0.923872 0
    outer loop
      vertex 9.78361 -20.981 14.99
      vertex 7.91777 -21.7539 9
      vertex 9.78361 -20.981 9
    endloop
  endfacet
  facet normal 0.0436229 -0.999048 0
    outer loop
      vertex 0 -23.15 9
      vertex 2.01766 -23.0619 14.99
      vertex 0 -23.15 14.99
    endloop
  endfacet
  facet normal 0.0436229 -0.999048 0
    outer loop
      vertex 2.01766 -23.0619 14.99
      vertex 0 -23.15 9
      vertex 2.01766 -23.0619 9
    endloop
  endfacet
  facet normal -0.216431 0.976298 0
    outer loop
      vertex -4.01995 22.7983 9
      vertex -5.99166 22.3612 14.99
      vertex -4.01995 22.7983 14.99
    endloop
  endfacet
  facet normal -0.216431 0.976298 0
    outer loop
      vertex -5.99166 22.3612 14.99
      vertex -4.01995 22.7983 9
      vertex -5.99166 22.3612 9
    endloop
  endfacet
  facet normal -0.923872 0.382702 0
    outer loop
      vertex -21.7539 7.91777 9
      vertex -20.981 9.78361 14.99
      vertex -20.981 9.78361 9
    endloop
  endfacet
  facet normal -0.923872 0.382702 0
    outer loop
      vertex -20.981 9.78361 14.99
      vertex -21.7539 7.91777 9
      vertex -21.7539 7.91777 14.99
    endloop
  endfacet
  facet normal -0.991445 0.130523 0
    outer loop
      vertex -23.0619 2.01766 9
      vertex -22.7983 4.01995 14.99
      vertex -22.7983 4.01995 9
    endloop
  endfacet
  facet normal -0.991445 0.130523 0
    outer loop
      vertex -22.7983 4.01995 14.99
      vertex -23.0619 2.01766 9
      vertex -23.0619 2.01766 14.99
    endloop
  endfacet
  facet normal 0.953717 0.300706 0
    outer loop
      vertex 22.3612 5.99166 14.99
      vertex 21.7539 7.91777 9
      vertex 21.7539 7.91777 14.99
    endloop
  endfacet
  facet normal 0.953717 0.300706 0
    outer loop
      vertex 21.7539 7.91777 9
      vertex 22.3612 5.99166 14.99
      vertex 22.3612 5.99166 9
    endloop
  endfacet
  facet normal 0.887019 0.461734 0
    outer loop
      vertex 20.981 9.78361 14.99
      vertex 20.0485 11.575 9
      vertex 20.0485 11.575 14.99
    endloop
  endfacet
  facet normal 0.887019 0.461734 0
    outer loop
      vertex 20.0485 11.575 9
      vertex 20.981 9.78361 14.99
      vertex 20.981 9.78361 9
    endloop
  endfacet
  facet normal 0.923872 0.382702 0
    outer loop
      vertex 21.7539 7.91777 14.99
      vertex 20.981 9.78361 9
      vertex 20.981 9.78361 14.99
    endloop
  endfacet
  facet normal 0.923872 0.382702 0
    outer loop
      vertex 20.981 9.78361 9
      vertex 21.7539 7.91777 14.99
      vertex 21.7539 7.91777 9
    endloop
  endfacet
  facet normal 0.461734 0.887019 -0
    outer loop
      vertex 11.575 20.0485 9
      vertex 9.78361 20.981 14.99
      vertex 11.575 20.0485 14.99
    endloop
  endfacet
  facet normal 0.461734 0.887019 0
    outer loop
      vertex 9.78361 20.981 14.99
      vertex 11.575 20.0485 9
      vertex 9.78361 20.981 9
    endloop
  endfacet
  facet normal 0.793332 0.608789 0
    outer loop
      vertex 18.9634 13.2783 14.99
      vertex 17.7339 14.8805 9
      vertex 17.7339 14.8805 14.99
    endloop
  endfacet
  facet normal 0.793332 0.608789 0
    outer loop
      vertex 17.7339 14.8805 9
      vertex 18.9634 13.2783 14.99
      vertex 18.9634 13.2783 9
    endloop
  endfacet
  facet normal -0.461734 0.887019 0
    outer loop
      vertex -9.78361 20.981 9
      vertex -11.575 20.0485 14.99
      vertex -9.78361 20.981 14.99
    endloop
  endfacet
  facet normal -0.461734 0.887019 0
    outer loop
      vertex -11.575 20.0485 14.99
      vertex -9.78361 20.981 9
      vertex -11.575 20.0485 9
    endloop
  endfacet
  facet normal 0.991445 0.130523 0
    outer loop
      vertex 23.0619 2.01766 14.99
      vertex 22.7983 4.01995 9
      vertex 22.7983 4.01995 14.99
    endloop
  endfacet
  facet normal 0.991445 0.130523 0
    outer loop
      vertex 22.7983 4.01995 9
      vertex 23.0619 2.01766 14.99
      vertex 23.0619 2.01766 9
    endloop
  endfacet
  facet normal -0.843396 0.537292 0
    outer loop
      vertex -20.0485 11.575 9
      vertex -18.9634 13.2783 14.99
      vertex -18.9634 13.2783 9
    endloop
  endfacet
  facet normal -0.843396 0.537292 0
    outer loop
      vertex -18.9634 13.2783 14.99
      vertex -20.0485 11.575 9
      vertex -20.0485 11.575 14.99
    endloop
  endfacet
  facet normal 0.461734 -0.887019 0
    outer loop
      vertex 9.78361 -20.981 9
      vertex 11.575 -20.0485 14.99
      vertex 9.78361 -20.981 14.99
    endloop
  endfacet
  facet normal 0.461734 -0.887019 0
    outer loop
      vertex 11.575 -20.0485 14.99
      vertex 9.78361 -20.981 9
      vertex 11.575 -20.0485 9
    endloop
  endfacet
  facet normal -0.675586 0.737282 1.08771e-05
    outer loop
      vertex -14.8805 17.7339 14.99
      vertex -15.2715 17.3757 9.5
      vertex -16.3695 16.3695 14.99
    endloop
  endfacet
  facet normal -0.675503 0.737358 0
    outer loop
      vertex -14.8805 17.7339 9
      vertex -15.2715 17.3757 9.5
      vertex -14.8805 17.7339 14.99
    endloop
  endfacet
  facet normal -0.675503 0.737358 0
    outer loop
      vertex -15.2715 17.3757 9.5
      vertex -14.8805 17.7339 9
      vertex -15.2715 17.3757 9
    endloop
  endfacet
  facet normal -0.675615 0.737254 0
    outer loop
      vertex -16.3695 16.3695 14.99
      vertex -15.2715 17.3757 9.5
      vertex -16.3695 16.3695 9.5
    endloop
  endfacet
  facet normal -0.887019 0.461734 0
    outer loop
      vertex -20.981 9.78361 9
      vertex -20.0485 11.575 14.99
      vertex -20.0485 11.575 9
    endloop
  endfacet
  facet normal -0.887019 0.461734 0
    outer loop
      vertex -20.0485 11.575 14.99
      vertex -20.981 9.78361 9
      vertex -20.981 9.78361 14.99
    endloop
  endfacet
  facet normal -0.953717 -0.300706 0
    outer loop
      vertex -21.7539 -7.91777 9
      vertex -22.3612 -5.99166 14.99
      vertex -22.3612 -5.99166 9
    endloop
  endfacet
  facet normal -0.953717 -0.300706 0
    outer loop
      vertex -22.3612 -5.99166 14.99
      vertex -21.7539 -7.91777 9
      vertex -21.7539 -7.91777 14.99
    endloop
  endfacet
  facet normal -0.953717 0.300706 0
    outer loop
      vertex -22.3612 5.99166 9
      vertex -21.7539 7.91777 14.99
      vertex -21.7539 7.91777 9
    endloop
  endfacet
  facet normal -0.953717 0.300706 0
    outer loop
      vertex -21.7539 7.91777 14.99
      vertex -22.3612 5.99166 9
      vertex -22.3612 5.99166 14.99
    endloop
  endfacet
  facet normal -0.130523 -0.991445 0
    outer loop
      vertex -4.01995 -22.7983 9
      vertex -2.01766 -23.0619 14.99
      vertex -4.01995 -22.7983 14.99
    endloop
  endfacet
  facet normal -0.130523 -0.991445 -0
    outer loop
      vertex -2.01766 -23.0619 14.99
      vertex -4.01995 -22.7983 9
      vertex -2.01766 -23.0619 9
    endloop
  endfacet
  facet normal 0.976298 0.216431 0
    outer loop
      vertex 22.7983 4.01995 14.99
      vertex 22.3612 5.99166 9
      vertex 22.3612 5.99166 14.99
    endloop
  endfacet
  facet normal 0.976298 0.216431 0
    outer loop
      vertex 22.3612 5.99166 9
      vertex 22.7983 4.01995 14.99
      vertex 22.7983 4.01995 9
    endloop
  endfacet
  facet normal -0.382702 -0.923872 0
    outer loop
      vertex -9.78361 -20.981 9
      vertex -7.91777 -21.7539 14.99
      vertex -9.78361 -20.981 14.99
    endloop
  endfacet
  facet normal -0.382702 -0.923872 -0
    outer loop
      vertex -7.91777 -21.7539 14.99
      vertex -9.78361 -20.981 9
      vertex -7.91777 -21.7539 9
    endloop
  endfacet
  facet normal -0.608789 -0.793332 0
    outer loop
      vertex -14.8805 -17.7339 9
      vertex -13.2783 -18.9634 14.99
      vertex -14.8805 -17.7339 14.99
    endloop
  endfacet
  facet normal -0.608789 -0.793332 -0
    outer loop
      vertex -13.2783 -18.9634 14.99
      vertex -14.8805 -17.7339 9
      vertex -13.2783 -18.9634 9
    endloop
  endfacet
  facet normal 0.300706 0.953717 -0
    outer loop
      vertex 7.91777 21.7539 9
      vertex 5.99166 22.3612 14.99
      vertex 7.91777 21.7539 14.99
    endloop
  endfacet
  facet normal 0.300706 0.953717 0
    outer loop
      vertex 5.99166 22.3612 14.99
      vertex 7.91777 21.7539 9
      vertex 5.99166 22.3612 9
    endloop
  endfacet
  facet normal -0.130523 0.991445 0
    outer loop
      vertex -2.01766 23.0619 9
      vertex -4.01995 22.7983 14.99
      vertex -2.01766 23.0619 14.99
    endloop
  endfacet
  facet normal -0.130523 0.991445 0
    outer loop
      vertex -4.01995 22.7983 14.99
      vertex -2.01766 23.0619 9
      vertex -4.01995 22.7983 9
    endloop
  endfacet
  facet normal -0.300706 -0.953717 0
    outer loop
      vertex -7.91777 -21.7539 9
      vertex -5.99166 -22.3612 14.99
      vertex -7.91777 -21.7539 14.99
    endloop
  endfacet
  facet normal -0.300706 -0.953717 -0
    outer loop
      vertex -5.99166 -22.3612 14.99
      vertex -7.91777 -21.7539 9
      vertex -5.99166 -22.3612 9
    endloop
  endfacet
  facet normal -0.887019 -0.461734 0
    outer loop
      vertex -20.0485 -11.575 9
      vertex -20.981 -9.78361 14.99
      vertex -20.981 -9.78361 9
    endloop
  endfacet
  facet normal -0.887019 -0.461734 0
    outer loop
      vertex -20.981 -9.78361 14.99
      vertex -20.0485 -11.575 9
      vertex -20.0485 -11.575 14.99
    endloop
  endfacet
  facet normal 0.793332 -0.608789 0
    outer loop
      vertex 17.7339 -14.8805 14.99
      vertex 18.9634 -13.2783 9
      vertex 18.9634 -13.2783 14.99
    endloop
  endfacet
  facet normal 0.793332 -0.608789 0
    outer loop
      vertex 18.9634 -13.2783 9
      vertex 17.7339 -14.8805 14.99
      vertex 17.7339 -14.8805 9
    endloop
  endfacet
  facet normal 0.953717 -0.300706 0
    outer loop
      vertex 21.7539 -7.91777 14.99
      vertex 22.3612 -5.99166 9
      vertex 22.3612 -5.99166 14.99
    endloop
  endfacet
  facet normal 0.953717 -0.300706 0
    outer loop
      vertex 22.3612 -5.99166 9
      vertex 21.7539 -7.91777 14.99
      vertex 21.7539 -7.91777 9
    endloop
  endfacet
  facet normal 0.923872 -0.382702 0
    outer loop
      vertex 20.981 -9.78361 14.99
      vertex 21.7539 -7.91777 9
      vertex 21.7539 -7.91777 14.99
    endloop
  endfacet
  facet normal 0.923872 -0.382702 0
    outer loop
      vertex 21.7539 -7.91777 9
      vertex 20.981 -9.78361 14.99
      vertex 20.981 -9.78361 9
    endloop
  endfacet
  facet normal 0.999048 0.0436229 0
    outer loop
      vertex 23.15 0 14.99
      vertex 23.0619 2.01766 9
      vertex 23.0619 2.01766 14.99
    endloop
  endfacet
  facet normal 0.999048 0.0436229 0
    outer loop
      vertex 23.0619 2.01766 9
      vertex 23.15 0 14.99
      vertex 23.15 0 9
    endloop
  endfacet
  facet normal -0.537292 0.843396 0
    outer loop
      vertex -11.575 20.0485 9
      vertex -13.2783 18.9634 14.99
      vertex -11.575 20.0485 14.99
    endloop
  endfacet
  facet normal -0.537292 0.843396 0
    outer loop
      vertex -13.2783 18.9634 14.99
      vertex -11.575 20.0485 9
      vertex -13.2783 18.9634 9
    endloop
  endfacet
  facet normal 0.608789 -0.793332 0
    outer loop
      vertex 13.2783 -18.9634 9
      vertex 14.8805 -17.7339 14.99
      vertex 13.2783 -18.9634 14.99
    endloop
  endfacet
  facet normal 0.608789 -0.793332 0
    outer loop
      vertex 14.8805 -17.7339 14.99
      vertex 13.2783 -18.9634 9
      vertex 14.8805 -17.7339 9
    endloop
  endfacet
  facet normal 0.537292 -0.843396 0
    outer loop
      vertex 11.575 -20.0485 9
      vertex 13.2783 -18.9634 14.99
      vertex 11.575 -20.0485 14.99
    endloop
  endfacet
  facet normal 0.537292 -0.843396 0
    outer loop
      vertex 13.2783 -18.9634 14.99
      vertex 11.575 -20.0485 9
      vertex 13.2783 -18.9634 9
    endloop
  endfacet
  facet normal 0.0436229 0.999048 -0
    outer loop
      vertex 2.01766 23.0619 9
      vertex 0 23.15 14.99
      vertex 2.01766 23.0619 14.99
    endloop
  endfacet
  facet normal 0.0436229 0.999048 0
    outer loop
      vertex 0 23.15 14.99
      vertex 2.01766 23.0619 9
      vertex 0 23.15 9
    endloop
  endfacet
  facet normal 0.843396 0.537292 0
    outer loop
      vertex 20.0485 11.575 14.99
      vertex 18.9634 13.2783 9
      vertex 18.9634 13.2783 14.99
    endloop
  endfacet
  facet normal 0.843396 0.537292 0
    outer loop
      vertex 18.9634 13.2783 9
      vertex 20.0485 11.575 14.99
      vertex 20.0485 11.575 9
    endloop
  endfacet
  facet normal 0.675586 -0.737282 1.08771e-05
    outer loop
      vertex 14.8805 -17.7339 14.99
      vertex 15.2715 -17.3757 9.5
      vertex 16.3695 -16.3695 14.99
    endloop
  endfacet
  facet normal 0.675503 -0.737358 0
    outer loop
      vertex 14.8805 -17.7339 9
      vertex 15.2715 -17.3757 9.5
      vertex 14.8805 -17.7339 14.99
    endloop
  endfacet
  facet normal 0.675503 -0.737358 0
    outer loop
      vertex 15.2715 -17.3757 9.5
      vertex 14.8805 -17.7339 9
      vertex 15.2715 -17.3757 9
    endloop
  endfacet
  facet normal 0.675615 -0.737254 0
    outer loop
      vertex 16.3695 -16.3695 14.99
      vertex 15.2715 -17.3757 9.5
      vertex 16.3695 -16.3695 9.5
    endloop
  endfacet
  facet normal 0.737358 -0.675503 0
    outer loop
      vertex 17.7339 -14.8805 14.99
      vertex 17.3757 -15.2715 9.5
      vertex 17.7339 -14.8805 9
    endloop
  endfacet
  facet normal 0.737282 -0.675586 1.08771e-05
    outer loop
      vertex 16.3695 -16.3695 14.99
      vertex 17.3757 -15.2715 9.5
      vertex 17.7339 -14.8805 14.99
    endloop
  endfacet
  facet normal 0.737254 -0.675615 0
    outer loop
      vertex 17.3757 -15.2715 9.5
      vertex 16.3695 -16.3695 14.99
      vertex 16.3695 -16.3695 9.5
    endloop
  endfacet
  facet normal 0.737358 -0.675503 0
    outer loop
      vertex 17.7339 -14.8805 9
      vertex 17.3757 -15.2715 9.5
      vertex 17.3757 -15.2715 9
    endloop
  endfacet
  facet normal -0.923872 -0.382702 0
    outer loop
      vertex -20.981 -9.78361 9
      vertex -21.7539 -7.91777 14.99
      vertex -21.7539 -7.91777 9
    endloop
  endfacet
  facet normal -0.923872 -0.382702 0
    outer loop
      vertex -21.7539 -7.91777 14.99
      vertex -20.981 -9.78361 9
      vertex -20.981 -9.78361 14.99
    endloop
  endfacet
  facet normal -0.608789 0.793332 0
    outer loop
      vertex -13.2783 18.9634 9
      vertex -14.8805 17.7339 14.99
      vertex -13.2783 18.9634 14.99
    endloop
  endfacet
  facet normal -0.608789 0.793332 0
    outer loop
      vertex -14.8805 17.7339 14.99
      vertex -13.2783 18.9634 9
      vertex -14.8805 17.7339 9
    endloop
  endfacet
  facet normal 0.887019 -0.461734 0
    outer loop
      vertex 20.0485 -11.575 14.99
      vertex 20.981 -9.78361 9
      vertex 20.981 -9.78361 14.99
    endloop
  endfacet
  facet normal 0.887019 -0.461734 0
    outer loop
      vertex 20.981 -9.78361 9
      vertex 20.0485 -11.575 14.99
      vertex 20.0485 -11.575 9
    endloop
  endfacet
  facet normal -0.461734 -0.887019 0
    outer loop
      vertex -11.575 -20.0485 9
      vertex -9.78361 -20.981 14.99
      vertex -11.575 -20.0485 14.99
    endloop
  endfacet
  facet normal -0.461734 -0.887019 -0
    outer loop
      vertex -9.78361 -20.981 14.99
      vertex -11.575 -20.0485 9
      vertex -9.78361 -20.981 9
    endloop
  endfacet
  facet normal 0 0 1
    outer loop
      vertex 5.35 0 14.99
      vertex 23.15 0 14.99
      vertex 23.0619 2.01766 14.99
    endloop
  endfacet
  facet normal 0 0 1
    outer loop
      vertex 5.32964 0.466283 14.99
      vertex 23.0619 2.01766 14.99
      vertex 22.7983 4.01995 14.99
    endloop
  endfacet
  facet normal 0 0 1
    outer loop
      vertex 23.15 0 14.99
      vertex 5.35 0 14.99
      vertex 23.0619 -2.01766 14.99
    endloop
  endfacet
  facet normal 0 0 1
    outer loop
      vertex 5.26872 0.929017 14.99
      vertex 22.7983 4.01995 14.99
      vertex 22.3612 5.99166 14.99
    endloop
  endfacet
  facet normal -0 0 1
    outer loop
      vertex 5.32964 -0.466283 14.99
      vertex 23.0619 -2.01766 14.99
      vertex 5.35 0 14.99
    endloop
  endfacet
  facet normal 0 0 1
    outer loop
      vertex 5.1677 1.38468 14.99
      vertex 22.3612 5.99166 14.99
      vertex 21.7539 7.91777 14.99
    endloop
  endfacet
  facet normal 0 0 1
    outer loop
      vertex 23.0619 -2.01766 14.99
      vertex 5.32964 -0.466283 14.99
      vertex 22.7983 -4.01995 14.99
    endloop
  endfacet
  facet normal 0 0 1
    outer loop
      vertex 5.02736 1.82981 14.99
      vertex 21.7539 7.91777 14.99
      vertex 20.981 9.78361 14.99
    endloop
  endfacet
  facet normal -0 0 1
    outer loop
      vertex 5.26872 -0.929017 14.99
      vertex 22.7983 -4.01995 14.99
      vertex 5.32964 -0.466283 14.99
    endloop
  endfacet
  facet normal 0 0 1
    outer loop
      vertex 4.84875 2.26101 14.99
      vertex 20.981 9.78361 14.99
      vertex 20.0485 11.575 14.99
    endloop
  endfacet
  facet normal 0 0 1
    outer loop
      vertex 22.7983 -4.01995 14.99
      vertex 5.26872 -0.929017 14.99
      vertex 22.3612 -5.99166 14.99
    endloop
  endfacet
  facet normal 0 0 1
    outer loop
      vertex 4.63323 2.675 14.99
      vertex 20.0485 11.575 14.99
      vertex 18.9634 13.2783 14.99
    endloop
  endfacet
  facet normal -0 0 1
    outer loop
      vertex 5.1677 -1.38468 14.99
      vertex 22.3612 -5.99166 14.99
      vertex 5.26872 -0.929017 14.99
    endloop
  endfacet
  facet normal 0 0 1
    outer loop
      vertex 4.38246 3.06863 14.99
      vertex 18.9634 13.2783 14.99
      vertex 17.7339 14.8805 14.99
    endloop
  endfacet
  facet normal 0 0 1
    outer loop
      vertex 22.3612 -5.99166 14.99
      vertex 5.1677 -1.38468 14.99
      vertex 21.7539 -7.91777 14.99
    endloop
  endfacet
  facet normal 0 0 1
    outer loop
      vertex 4.09834 3.43891 14.99
      vertex 17.7339 14.8805 14.99
      vertex 16.3695 16.3695 14.99
    endloop
  endfacet
  facet normal -0 0 1
    outer loop
      vertex 5.02736 -1.82981 14.99
      vertex 21.7539 -7.91777 14.99
      vertex 5.1677 -1.38468 14.99
    endloop
  endfacet
  facet normal 0 0 1
    outer loop
      vertex 3.78302 3.78302 14.99
      vertex 16.3695 16.3695 14.99
      vertex 14.8805 17.7339 14.99
    endloop
  endfacet
  facet normal 0 0 1
    outer loop
      vertex 21.7539 -7.91777 14.99
      vertex 5.02736 -1.82981 14.99
      vertex 20.981 -9.78361 14.99
    endloop
  endfacet
  facet normal 0 0 1
    outer loop
      vertex 3.43891 4.09834 14.99
      vertex 14.8805 17.7339 14.99
      vertex 13.2783 18.9634 14.99
    endloop
  endfacet
  facet normal -0 0 1
    outer loop
      vertex 4.84875 -2.26101 14.99
      vertex 20.981 -9.78361 14.99
      vertex 5.02736 -1.82981 14.99
    endloop
  endfacet
  facet normal 0 0 1
    outer loop
      vertex 3.06863 4.38246 14.99
      vertex 13.2783 18.9634 14.99
      vertex 11.575 20.0485 14.99
    endloop
  endfacet
  facet normal 0 0 1
    outer loop
      vertex 20.981 -9.78361 14.99
      vertex 4.84875 -2.26101 14.99
      vertex 20.0485 -11.575 14.99
    endloop
  endfacet
  facet normal 0 0 1
    outer loop
      vertex 2.675 4.63323 14.99
      vertex 11.575 20.0485 14.99
      vertex 9.78361 20.981 14.99
    endloop
  endfacet
  facet normal -0 0 1
    outer loop
      vertex 4.63323 -2.675 14.99
      vertex 20.0485 -11.575 14.99
      vertex 4.84875 -2.26101 14.99
    endloop
  endfacet
  facet normal 0 0 1
    outer loop
      vertex 2.26101 4.84875 14.99
      vertex 9.78361 20.981 14.99
      vertex 7.91777 21.7539 14.99
    endloop
  endfacet
  facet normal 0 0 1
    outer loop
      vertex 20.0485 -11.575 14.99
      vertex 4.63323 -2.675 14.99
      vertex 18.9634 -13.2783 14.99
    endloop
  endfacet
  facet normal 0 0 1
    outer loop
      vertex 1.82981 5.02736 14.99
      vertex 7.91777 21.7539 14.99
      vertex 5.99166 22.3612 14.99
    endloop
  endfacet
  facet normal -0 0 1
    outer loop
      vertex 4.38246 -3.06863 14.99
      vertex 18.9634 -13.2783 14.99
      vertex 4.63323 -2.675 14.99
    endloop
  endfacet
  facet normal 0 0 1
    outer loop
      vertex 18.9634 -13.2783 14.99
      vertex 4.38246 -3.06863 14.99
      vertex 17.7339 -14.8805 14.99
    endloop
  endfacet
  facet normal 0 0 1
    outer loop
      vertex 23.0619 2.01766 14.99
      vertex 5.32964 0.466283 14.99
      vertex 5.35 0 14.99
    endloop
  endfacet
  facet normal 0 0 1
    outer loop
      vertex 22.7983 4.01995 14.99
      vertex 5.26872 0.929017 14.99
      vertex 5.32964 0.466283 14.99
    endloop
  endfacet
  facet normal 0 0 1
    outer loop
      vertex 22.3612 5.99166 14.99
      vertex 5.1677 1.38468 14.99
      vertex 5.26872 0.929017 14.99
    endloop
  endfacet
  facet normal 0 0 1
    outer loop
      vertex 21.7539 7.91777 14.99
      vertex 5.02736 1.82981 14.99
      vertex 5.1677 1.38468 14.99
    endloop
  endfacet
  facet normal 0 0 1
    outer loop
      vertex 20.981 9.78361 14.99
      vertex 4.84875 2.26101 14.99
      vertex 5.02736 1.82981 14.99
    endloop
  endfacet
  facet normal 0 0 1
    outer loop
      vertex 20.0485 11.575 14.99
      vertex 4.63323 2.675 14.99
      vertex 4.84875 2.26101 14.99
    endloop
  endfacet
  facet normal 0 0 1
    outer loop
      vertex 18.9634 13.2783 14.99
      vertex 4.38246 3.06863 14.99
      vertex 4.63323 2.675 14.99
    endloop
  endfacet
  facet normal 0 0 1
    outer loop
      vertex 17.7339 14.8805 14.99
      vertex 4.09834 3.43891 14.99
      vertex 4.38246 3.06863 14.99
    endloop
  endfacet
  facet normal 0 0 1
    outer loop
      vertex 1.38468 5.1677 14.99
      vertex 5.99166 22.3612 14.99
      vertex 4.01995 22.7983 14.99
    endloop
  endfacet
  facet normal 0 0 1
    outer loop
      vertex 16.3695 16.3695 14.99
      vertex 3.78302 3.78302 14.99
      vertex 4.09834 3.43891 14.99
    endloop
  endfacet
  facet normal 0 0 1
    outer loop
      vertex 14.8805 17.7339 14.99
      vertex 3.43891 4.09834 14.99
      vertex 3.78302 3.78302 14.99
    endloop
  endfacet
  facet normal 0 0 1
    outer loop
      vertex 13.2783 18.9634 14.99
      vertex 3.06863 4.38246 14.99
      vertex 3.43891 4.09834 14.99
    endloop
  endfacet
  facet normal 0 0 1
    outer loop
      vertex 11.575 20.0485 14.99
      vertex 2.675 4.63323 14.99
      vertex 3.06863 4.38246 14.99
    endloop
  endfacet
  facet normal 0 0 1
    outer loop
      vertex 9.78361 20.981 14.99
      vertex 2.26101 4.84875 14.99
      vertex 2.675 4.63323 14.99
    endloop
  endfacet
  facet normal 0 0 1
    outer loop
      vertex 0.929017 5.26872 14.99
      vertex 4.01995 22.7983 14.99
      vertex 2.01766 23.0619 14.99
    endloop
  endfacet
  facet normal 0 0 1
    outer loop
      vertex 7.91777 21.7539 14.99
      vertex 1.82981 5.02736 14.99
      vertex 2.26101 4.84875 14.99
    endloop
  endfacet
  facet normal 0 0 1
    outer loop
      vertex 5.99166 22.3612 14.99
      vertex 1.38468 5.1677 14.99
      vertex 1.82981 5.02736 14.99
    endloop
  endfacet
  facet normal 0 0 1
    outer loop
      vertex 4.01995 22.7983 14.99
      vertex 0.929017 5.26872 14.99
      vertex 1.38468 5.1677 14.99
    endloop
  endfacet
  facet normal 0 0 1
    outer loop
      vertex 2.01766 23.0619 14.99
      vertex 0.466283 5.32964 14.99
      vertex 0.929017 5.26872 14.99
    endloop
  endfacet
  facet normal 0 0 1
    outer loop
      vertex 0 23.15 14.99
      vertex 0.466283 5.32964 14.99
      vertex 2.01766 23.0619 14.99
    endloop
  endfacet
  facet normal 0 0 1
    outer loop
      vertex 0 23.15 14.99
      vertex 0 5.35 14.99
      vertex 0.466283 5.32964 14.99
    endloop
  endfacet
  facet normal 0 0 1
    outer loop
      vertex 0 23.15 14.99
      vertex -0.466283 5.32964 14.99
      vertex 0 5.35 14.99
    endloop
  endfacet
  facet normal -0 0 1
    outer loop
      vertex -2.01766 23.0619 14.99
      vertex -0.466283 5.32964 14.99
      vertex 0 23.15 14.99
    endloop
  endfacet
  facet normal 0 0 1
    outer loop
      vertex -0.466283 5.32964 14.99
      vertex -2.01766 23.0619 14.99
      vertex -0.929017 5.26872 14.99
    endloop
  endfacet
  facet normal -0 0 1
    outer loop
      vertex -4.01995 22.7983 14.99
      vertex -0.929017 5.26872 14.99
      vertex -2.01766 23.0619 14.99
    endloop
  endfacet
  facet normal 0 0 1
    outer loop
      vertex -0.929017 5.26872 14.99
      vertex -4.01995 22.7983 14.99
      vertex -1.38468 5.1677 14.99
    endloop
  endfacet
  facet normal -0 0 1
    outer loop
      vertex -5.99166 22.3612 14.99
      vertex -1.38468 5.1677 14.99
      vertex -4.01995 22.7983 14.99
    endloop
  endfacet
  facet normal 0 0 1
    outer loop
      vertex -1.38468 5.1677 14.99
      vertex -5.99166 22.3612 14.99
      vertex -1.82981 5.02736 14.99
    endloop
  endfacet
  facet normal -0 0 1
    outer loop
      vertex -7.91777 21.7539 14.99
      vertex -1.82981 5.02736 14.99
      vertex -5.99166 22.3612 14.99
    endloop
  endfacet
  facet normal 0 0 1
    outer loop
      vertex -1.82981 5.02736 14.99
      vertex -7.91777 21.7539 14.99
      vertex -2.26101 4.84875 14.99
    endloop
  endfacet
  facet normal -0 0 1
    outer loop
      vertex -9.78361 20.981 14.99
      vertex -2.26101 4.84875 14.99
      vertex -7.91777 21.7539 14.99
    endloop
  endfacet
  facet normal 0 0 1
    outer loop
      vertex -2.26101 4.84875 14.99
      vertex -9.78361 20.981 14.99
      vertex -2.675 4.63323 14.99
    endloop
  endfacet
  facet normal -0 0 1
    outer loop
      vertex -11.575 20.0485 14.99
      vertex -2.675 4.63323 14.99
      vertex -9.78361 20.981 14.99
    endloop
  endfacet
  facet normal 0 0 1
    outer loop
      vertex -2.675 4.63323 14.99
      vertex -11.575 20.0485 14.99
      vertex -3.06863 4.38246 14.99
    endloop
  endfacet
  facet normal -0 0 1
    outer loop
      vertex -13.2783 18.9634 14.99
      vertex -3.06863 4.38246 14.99
      vertex -11.575 20.0485 14.99
    endloop
  endfacet
  facet normal 0 0 1
    outer loop
      vertex -3.06863 4.38246 14.99
      vertex -13.2783 18.9634 14.99
      vertex -3.43891 4.09834 14.99
    endloop
  endfacet
  facet normal -0 0 1
    outer loop
      vertex -14.8805 17.7339 14.99
      vertex -3.43891 4.09834 14.99
      vertex -13.2783 18.9634 14.99
    endloop
  endfacet
  facet normal 0 0 1
    outer loop
      vertex -3.43891 4.09834 14.99
      vertex -14.8805 17.7339 14.99
      vertex -3.78302 3.78302 14.99
    endloop
  endfacet
  facet normal -0 0 1
    outer loop
      vertex -16.3695 16.3695 14.99
      vertex -3.78302 3.78302 14.99
      vertex -14.8805 17.7339 14.99
    endloop
  endfacet
  facet normal 0 0 1
    outer loop
      vertex -3.78302 3.78302 14.99
      vertex -16.3695 16.3695 14.99
      vertex -4.09834 3.43891 14.99
    endloop
  endfacet
  facet normal 0 0 1
    outer loop
      vertex -4.09834 3.43891 14.99
      vertex -17.7339 14.8805 14.99
      vertex -4.38246 3.06863 14.99
    endloop
  endfacet
  facet normal -0 0 1
    outer loop
      vertex -17.7339 14.8805 14.99
      vertex -4.09834 3.43891 14.99
      vertex -16.3695 16.3695 14.99
    endloop
  endfacet
  facet normal -0 0 1
    outer loop
      vertex 4.09834 -3.43891 14.99
      vertex 17.7339 -14.8805 14.99
      vertex 4.38246 -3.06863 14.99
    endloop
  endfacet
  facet normal 0 0 1
    outer loop
      vertex 17.7339 -14.8805 14.99
      vertex 4.09834 -3.43891 14.99
      vertex 16.3695 -16.3695 14.99
    endloop
  endfacet
  facet normal -0 0 1
    outer loop
      vertex 3.78302 -3.78302 14.99
      vertex 16.3695 -16.3695 14.99
      vertex 4.09834 -3.43891 14.99
    endloop
  endfacet
  facet normal 0 0 1
    outer loop
      vertex 16.3695 -16.3695 14.99
      vertex 3.78302 -3.78302 14.99
      vertex 14.8805 -17.7339 14.99
    endloop
  endfacet
  facet normal -0 0 1
    outer loop
      vertex 3.43891 -4.09834 14.99
      vertex 14.8805 -17.7339 14.99
      vertex 3.78302 -3.78302 14.99
    endloop
  endfacet
  facet normal 0 0 1
    outer loop
      vertex 14.8805 -17.7339 14.99
      vertex 3.43891 -4.09834 14.99
      vertex 13.2783 -18.9634 14.99
    endloop
  endfacet
  facet normal -0 0 1
    outer loop
      vertex 3.06863 -4.38246 14.99
      vertex 13.2783 -18.9634 14.99
      vertex 3.43891 -4.09834 14.99
    endloop
  endfacet
  facet normal 0 0 1
    outer loop
      vertex 13.2783 -18.9634 14.99
      vertex 3.06863 -4.38246 14.99
      vertex 11.575 -20.0485 14.99
    endloop
  endfacet
  facet normal -0 0 1
    outer loop
      vertex 2.675 -4.63323 14.99
      vertex 11.575 -20.0485 14.99
      vertex 3.06863 -4.38246 14.99
    endloop
  endfacet
  facet normal 0 0 1
    outer loop
      vertex 11.575 -20.0485 14.99
      vertex 2.675 -4.63323 14.99
      vertex 9.78361 -20.981 14.99
    endloop
  endfacet
  facet normal -0 0 1
    outer loop
      vertex 2.26101 -4.84875 14.99
      vertex 9.78361 -20.981 14.99
      vertex 2.675 -4.63323 14.99
    endloop
  endfacet
  facet normal 0 0 1
    outer loop
      vertex 9.78361 -20.981 14.99
      vertex 2.26101 -4.84875 14.99
      vertex 7.91777 -21.7539 14.99
    endloop
  endfacet
  facet normal -0 0 1
    outer loop
      vertex 1.82981 -5.02736 14.99
      vertex 7.91777 -21.7539 14.99
      vertex 2.26101 -4.84875 14.99
    endloop
  endfacet
  facet normal 0 0 1
    outer loop
      vertex 7.91777 -21.7539 14.99
      vertex 1.82981 -5.02736 14.99
      vertex 5.99166 -22.3612 14.99
    endloop
  endfacet
  facet normal -0 0 1
    outer loop
      vertex 1.38468 -5.1677 14.99
      vertex 5.99166 -22.3612 14.99
      vertex 1.82981 -5.02736 14.99
    endloop
  endfacet
  facet normal 0 0 1
    outer loop
      vertex 5.99166 -22.3612 14.99
      vertex 1.38468 -5.1677 14.99
      vertex 4.01995 -22.7983 14.99
    endloop
  endfacet
  facet normal -0 0 1
    outer loop
      vertex 0.929017 -5.26872 14.99
      vertex 4.01995 -22.7983 14.99
      vertex 1.38468 -5.1677 14.99
    endloop
  endfacet
  facet normal 0 0 1
    outer loop
      vertex 4.01995 -22.7983 14.99
      vertex 0.929017 -5.26872 14.99
      vertex 2.01766 -23.0619 14.99
    endloop
  endfacet
  facet normal -0 0 1
    outer loop
      vertex 0.466283 -5.32964 14.99
      vertex 2.01766 -23.0619 14.99
      vertex 0.929017 -5.26872 14.99
    endloop
  endfacet
  facet normal -0 0 1
    outer loop
      vertex 0 -5.35 14.99
      vertex 2.01766 -23.0619 14.99
      vertex 0.466283 -5.32964 14.99
    endloop
  endfacet
  facet normal 0 0 1
    outer loop
      vertex 0 -5.35 14.99
      vertex 0 -23.15 14.99
      vertex 2.01766 -23.0619 14.99
    endloop
  endfacet
  facet normal 0 0 1
    outer loop
      vertex -0.466283 -5.32964 14.99
      vertex 0 -23.15 14.99
      vertex 0 -5.35 14.99
    endloop
  endfacet
  facet normal 0 0 1
    outer loop
      vertex -2.01766 -23.0619 14.99
      vertex -0.466283 -5.32964 14.99
      vertex -0.929017 -5.26872 14.99
    endloop
  endfacet
  facet normal 0 0 1
    outer loop
      vertex -4.01995 -22.7983 14.99
      vertex -0.929017 -5.26872 14.99
      vertex -1.38468 -5.1677 14.99
    endloop
  endfacet
  facet normal 0 0 1
    outer loop
      vertex -5.99166 -22.3612 14.99
      vertex -1.38468 -5.1677 14.99
      vertex -1.82981 -5.02736 14.99
    endloop
  endfacet
  facet normal 0 0 1
    outer loop
      vertex -0.466283 -5.32964 14.99
      vertex -2.01766 -23.0619 14.99
      vertex 0 -23.15 14.99
    endloop
  endfacet
  facet normal 0 0 1
    outer loop
      vertex -7.91777 -21.7539 14.99
      vertex -1.82981 -5.02736 14.99
      vertex -2.26101 -4.84875 14.99
    endloop
  endfacet
  facet normal 0 0 1
    outer loop
      vertex -9.78361 -20.981 14.99
      vertex -2.26101 -4.84875 14.99
      vertex -2.675 -4.63323 14.99
    endloop
  endfacet
  facet normal 0 0 1
    outer loop
      vertex -11.575 -20.0485 14.99
      vertex -2.675 -4.63323 14.99
      vertex -3.06863 -4.38246 14.99
    endloop
  endfacet
  facet normal 0 0 1
    outer loop
      vertex -13.2783 -18.9634 14.99
      vertex -3.06863 -4.38246 14.99
      vertex -3.43891 -4.09834 14.99
    endloop
  endfacet
  facet normal 0 0 1
    outer loop
      vertex -14.8805 -17.7339 14.99
      vertex -3.43891 -4.09834 14.99
      vertex -3.78302 -3.78302 14.99
    endloop
  endfacet
  facet normal 0 0 1
    outer loop
      vertex -0.929017 -5.26872 14.99
      vertex -4.01995 -22.7983 14.99
      vertex -2.01766 -23.0619 14.99
    endloop
  endfacet
  facet normal 0 0 1
    outer loop
      vertex -16.3695 -16.3695 14.99
      vertex -3.78302 -3.78302 14.99
      vertex -4.09834 -3.43891 14.99
    endloop
  endfacet
  facet normal 0 0 1
    outer loop
      vertex -17.7339 -14.8805 14.99
      vertex -4.09834 -3.43891 14.99
      vertex -4.38246 -3.06863 14.99
    endloop
  endfacet
  facet normal 0 0 1
    outer loop
      vertex -18.9634 -13.2783 14.99
      vertex -4.38246 -3.06863 14.99
      vertex -4.63323 -2.675 14.99
    endloop
  endfacet
  facet normal 0 0 1
    outer loop
      vertex -20.0485 -11.575 14.99
      vertex -4.63323 -2.675 14.99
      vertex -4.84875 -2.26101 14.99
    endloop
  endfacet
  facet normal 0 0 1
    outer loop
      vertex -20.981 -9.78361 14.99
      vertex -4.84875 -2.26101 14.99
      vertex -5.02736 -1.82981 14.99
    endloop
  endfacet
  facet normal 0 0 1
    outer loop
      vertex -21.7539 -7.91777 14.99
      vertex -5.02736 -1.82981 14.99
      vertex -5.1677 -1.38468 14.99
    endloop
  endfacet
  facet normal 0 0 1
    outer loop
      vertex -22.3612 -5.99166 14.99
      vertex -5.1677 -1.38468 14.99
      vertex -5.26872 -0.929017 14.99
    endloop
  endfacet
  facet normal 0 0 1
    outer loop
      vertex -22.7983 -4.01995 14.99
      vertex -5.26872 -0.929017 14.99
      vertex -5.32964 -0.466283 14.99
    endloop
  endfacet
  facet normal 0 0 1
    outer loop
      vertex -1.38468 -5.1677 14.99
      vertex -5.99166 -22.3612 14.99
      vertex -4.01995 -22.7983 14.99
    endloop
  endfacet
  facet normal 0 0 1
    outer loop
      vertex -23.0619 -2.01766 14.99
      vertex -5.32964 -0.466283 14.99
      vertex -5.35 0 14.99
    endloop
  endfacet
  facet normal -0 0 1
    outer loop
      vertex -18.9634 13.2783 14.99
      vertex -4.38246 3.06863 14.99
      vertex -17.7339 14.8805 14.99
    endloop
  endfacet
  facet normal 0 0 1
    outer loop
      vertex -4.38246 3.06863 14.99
      vertex -18.9634 13.2783 14.99
      vertex -4.63323 2.675 14.99
    endloop
  endfacet
  facet normal 0 0 1
    outer loop
      vertex -1.82981 -5.02736 14.99
      vertex -7.91777 -21.7539 14.99
      vertex -5.99166 -22.3612 14.99
    endloop
  endfacet
  facet normal -0 0 1
    outer loop
      vertex -20.0485 11.575 14.99
      vertex -4.63323 2.675 14.99
      vertex -18.9634 13.2783 14.99
    endloop
  endfacet
  facet normal 0 0 1
    outer loop
      vertex -2.26101 -4.84875 14.99
      vertex -9.78361 -20.981 14.99
      vertex -7.91777 -21.7539 14.99
    endloop
  endfacet
  facet normal 0 0 1
    outer loop
      vertex -4.63323 2.675 14.99
      vertex -20.0485 11.575 14.99
      vertex -4.84875 2.26101 14.99
    endloop
  endfacet
  facet normal 0 0 1
    outer loop
      vertex -2.675 -4.63323 14.99
      vertex -11.575 -20.0485 14.99
      vertex -9.78361 -20.981 14.99
    endloop
  endfacet
  facet normal -0 0 1
    outer loop
      vertex -20.981 9.78361 14.99
      vertex -4.84875 2.26101 14.99
      vertex -20.0485 11.575 14.99
    endloop
  endfacet
  facet normal 0 0 1
    outer loop
      vertex -3.06863 -4.38246 14.99
      vertex -13.2783 -18.9634 14.99
      vertex -11.575 -20.0485 14.99
    endloop
  endfacet
  facet normal 0 0 1
    outer loop
      vertex -4.84875 2.26101 14.99
      vertex -20.981 9.78361 14.99
      vertex -5.02736 1.82981 14.99
    endloop
  endfacet
  facet normal 0 0 1
    outer loop
      vertex -3.43891 -4.09834 14.99
      vertex -14.8805 -17.7339 14.99
      vertex -13.2783 -18.9634 14.99
    endloop
  endfacet
  facet normal -0 0 1
    outer loop
      vertex -21.7539 7.91777 14.99
      vertex -5.02736 1.82981 14.99
      vertex -20.981 9.78361 14.99
    endloop
  endfacet
  facet normal 0 0 1
    outer loop
      vertex -3.78302 -3.78302 14.99
      vertex -16.3695 -16.3695 14.99
      vertex -14.8805 -17.7339 14.99
    endloop
  endfacet
  facet normal 0 0 1
    outer loop
      vertex -5.02736 1.82981 14.99
      vertex -21.7539 7.91777 14.99
      vertex -5.1677 1.38468 14.99
    endloop
  endfacet
  facet normal 0 0 1
    outer loop
      vertex -4.09834 -3.43891 14.99
      vertex -17.7339 -14.8805 14.99
      vertex -16.3695 -16.3695 14.99
    endloop
  endfacet
  facet normal -0 0 1
    outer loop
      vertex -22.3612 5.99166 14.99
      vertex -5.1677 1.38468 14.99
      vertex -21.7539 7.91777 14.99
    endloop
  endfacet
  facet normal 0 0 1
    outer loop
      vertex -4.38246 -3.06863 14.99
      vertex -18.9634 -13.2783 14.99
      vertex -17.7339 -14.8805 14.99
    endloop
  endfacet
  facet normal 0 0 1
    outer loop
      vertex -5.1677 1.38468 14.99
      vertex -22.3612 5.99166 14.99
      vertex -5.26872 0.929017 14.99
    endloop
  endfacet
  facet normal 0 0 1
    outer loop
      vertex -4.63323 -2.675 14.99
      vertex -20.0485 -11.575 14.99
      vertex -18.9634 -13.2783 14.99
    endloop
  endfacet
  facet normal -0 0 1
    outer loop
      vertex -22.7983 4.01995 14.99
      vertex -5.26872 0.929017 14.99
      vertex -22.3612 5.99166 14.99
    endloop
  endfacet
  facet normal 0 0 1
    outer loop
      vertex -4.84875 -2.26101 14.99
      vertex -20.981 -9.78361 14.99
      vertex -20.0485 -11.575 14.99
    endloop
  endfacet
  facet normal 0 0 1
    outer loop
      vertex -5.26872 0.929017 14.99
      vertex -22.7983 4.01995 14.99
      vertex -5.32964 0.466283 14.99
    endloop
  endfacet
  facet normal 0 0 1
    outer loop
      vertex -5.02736 -1.82981 14.99
      vertex -21.7539 -7.91777 14.99
      vertex -20.981 -9.78361 14.99
    endloop
  endfacet
  facet normal -0 0 1
    outer loop
      vertex -23.0619 2.01766 14.99
      vertex -5.32964 0.466283 14.99
      vertex -22.7983 4.01995 14.99
    endloop
  endfacet
  facet normal 0 0 1
    outer loop
      vertex -5.1677 -1.38468 14.99
      vertex -22.3612 -5.99166 14.99
      vertex -21.7539 -7.91777 14.99
    endloop
  endfacet
  facet normal 0 0 1
    outer loop
      vertex -5.32964 0.466283 14.99
      vertex -23.0619 2.01766 14.99
      vertex -5.35 0 14.99
    endloop
  endfacet
  facet normal 0 0 1
    outer loop
      vertex -5.26872 -0.929017 14.99
      vertex -22.7983 -4.01995 14.99
      vertex -22.3612 -5.99166 14.99
    endloop
  endfacet
  facet normal 0 0 1
    outer loop
      vertex -23.15 0 14.99
      vertex -5.35 0 14.99
      vertex -23.0619 2.01766 14.99
    endloop
  endfacet
  facet normal 0 0 1
    outer loop
      vertex -5.32964 -0.466283 14.99
      vertex -23.0619 -2.01766 14.99
      vertex -22.7983 -4.01995 14.99
    endloop
  endfacet
  facet normal 0 0 1
    outer loop
      vertex -5.35 0 14.99
      vertex -23.15 0 14.99
      vertex -23.0619 -2.01766 14.99
    endloop
  endfacet
  facet normal -0.976298 -0.216431 0
    outer loop
      vertex -22.3612 -5.99166 9
      vertex -22.7983 -4.01995 14.99
      vertex -22.7983 -4.01995 9
    endloop
  endfacet
  facet normal -0.976298 -0.216431 0
    outer loop
      vertex -22.7983 -4.01995 14.99
      vertex -22.3612 -5.99166 9
      vertex -22.3612 -5.99166 14.99
    endloop
  endfacet
  facet normal 0.737254 0.675615 0
    outer loop
      vertex 16.3695 16.3695 14.99
      vertex 17.3757 15.2715 9.5
      vertex 16.3695 16.3695 9.5
    endloop
  endfacet
  facet normal 0.737282 0.675586 1.08771e-05
    outer loop
      vertex 17.7339 14.8805 14.99
      vertex 17.3757 15.2715 9.5
      vertex 16.3695 16.3695 14.99
    endloop
  endfacet
  facet normal 0.737358 0.675503 -0
    outer loop
      vertex 17.7339 14.8805 9
      vertex 17.3757 15.2715 9.5
      vertex 17.7339 14.8805 14.99
    endloop
  endfacet
  facet normal 0.737358 0.675503 0
    outer loop
      vertex 17.3757 15.2715 9.5
      vertex 17.7339 14.8805 9
      vertex 17.3757 15.2715 9
    endloop
  endfacet
  facet normal 0.843396 -0.537292 0
    outer loop
      vertex 18.9634 -13.2783 14.99
      vertex 20.0485 -11.575 9
      vertex 20.0485 -11.575 14.99
    endloop
  endfacet
  facet normal 0.843396 -0.537292 0
    outer loop
      vertex 20.0485 -11.575 9
      vertex 18.9634 -13.2783 14.99
      vertex 18.9634 -13.2783 9
    endloop
  endfacet
  facet normal -0.675615 -0.737254 0
    outer loop
      vertex -15.2715 -17.3757 9.5
      vertex -16.3695 -16.3695 14.99
      vertex -16.3695 -16.3695 9.5
    endloop
  endfacet
  facet normal -0.675586 -0.737282 1.08771e-05
    outer loop
      vertex -16.3695 -16.3695 14.99
      vertex -15.2715 -17.3757 9.5
      vertex -14.8805 -17.7339 14.99
    endloop
  endfacet
  facet normal -0.675503 -0.737358 0
    outer loop
      vertex -14.8805 -17.7339 9
      vertex -15.2715 -17.3757 9.5
      vertex -15.2715 -17.3757 9
    endloop
  endfacet
  facet normal -0.675503 -0.737358 0
    outer loop
      vertex -15.2715 -17.3757 9.5
      vertex -14.8805 -17.7339 9
      vertex -14.8805 -17.7339 14.99
    endloop
  endfacet
  facet normal 0.130523 0.991445 -0
    outer loop
      vertex 4.01995 22.7983 9
      vertex 2.01766 23.0619 14.99
      vertex 4.01995 22.7983 14.99
    endloop
  endfacet
  facet normal 0.130523 0.991445 0
    outer loop
      vertex 2.01766 23.0619 14.99
      vertex 4.01995 22.7983 9
      vertex 2.01766 23.0619 9
    endloop
  endfacet
  facet normal 0.300706 -0.953717 0
    outer loop
      vertex 5.99166 -22.3612 9
      vertex 7.91777 -21.7539 14.99
      vertex 5.99166 -22.3612 14.99
    endloop
  endfacet
  facet normal 0.300706 -0.953717 0
    outer loop
      vertex 7.91777 -21.7539 14.99
      vertex 5.99166 -22.3612 9
      vertex 7.91777 -21.7539 9
    endloop
  endfacet
  facet normal 0.216431 -0.976298 0
    outer loop
      vertex 4.01995 -22.7983 9
      vertex 5.99166 -22.3612 14.99
      vertex 4.01995 -22.7983 14.99
    endloop
  endfacet
  facet normal 0.216431 -0.976298 0
    outer loop
      vertex 5.99166 -22.3612 14.99
      vertex 4.01995 -22.7983 9
      vertex 5.99166 -22.3612 9
    endloop
  endfacet
  facet normal -0.0436229 -0.999048 0
    outer loop
      vertex -2.01766 -23.0619 9
      vertex 0 -23.15 14.99
      vertex -2.01766 -23.0619 14.99
    endloop
  endfacet
  facet normal -0.0436229 -0.999048 -0
    outer loop
      vertex 0 -23.15 14.99
      vertex -2.01766 -23.0619 9
      vertex 0 -23.15 9
    endloop
  endfacet
  facet normal -0.737358 -0.675503 -0
    outer loop
      vertex -17.3757 -15.2715 9.5
      vertex -17.7339 -14.8805 9
      vertex -17.3757 -15.2715 9
    endloop
  endfacet
  facet normal -0.737358 -0.675503 0
    outer loop
      vertex -17.7339 -14.8805 9
      vertex -17.3757 -15.2715 9.5
      vertex -17.7339 -14.8805 14.99
    endloop
  endfacet
  facet normal -0.737254 -0.675615 -0
    outer loop
      vertex -16.3695 -16.3695 14.99
      vertex -17.3757 -15.2715 9.5
      vertex -16.3695 -16.3695 9.5
    endloop
  endfacet
  facet normal -0.737282 -0.675586 1.08771e-05
    outer loop
      vertex -17.3757 -15.2715 9.5
      vertex -16.3695 -16.3695 14.99
      vertex -17.7339 -14.8805 14.99
    endloop
  endfacet
  facet normal -0.300706 0.953717 0
    outer loop
      vertex -5.99166 22.3612 9
      vertex -7.91777 21.7539 14.99
      vertex -5.99166 22.3612 14.99
    endloop
  endfacet
  facet normal -0.300706 0.953717 0
    outer loop
      vertex -7.91777 21.7539 14.99
      vertex -5.99166 22.3612 9
      vertex -7.91777 21.7539 9
    endloop
  endfacet
  facet normal -0.737358 0.675503 0
    outer loop
      vertex -17.3757 15.2715 9
      vertex -17.7339 14.8805 9
      vertex -17.3757 15.2715 9.5
    endloop
  endfacet
  facet normal -0.737254 0.675615 0
    outer loop
      vertex -17.3757 15.2715 9.5
      vertex -16.3695 16.3695 14.99
      vertex -16.3695 16.3695 9.5
    endloop
  endfacet
  facet normal -0.737358 0.675503 0
    outer loop
      vertex -17.7339 14.8805 14.99
      vertex -17.3757 15.2715 9.5
      vertex -17.7339 14.8805 9
    endloop
  endfacet
  facet normal -0.737282 0.675586 1.08771e-05
    outer loop
      vertex -17.3757 15.2715 9.5
      vertex -17.7339 14.8805 14.99
      vertex -16.3695 16.3695 14.99
    endloop
  endfacet
  facet normal 0.608789 0.793332 -0
    outer loop
      vertex 14.8805 17.7339 9
      vertex 13.2783 18.9634 14.99
      vertex 14.8805 17.7339 14.99
    endloop
  endfacet
  facet normal 0.608789 0.793332 0
    outer loop
      vertex 13.2783 18.9634 14.99
      vertex 14.8805 17.7339 9
      vertex 13.2783 18.9634 9
    endloop
  endfacet
  facet normal -0.793332 0.608789 0
    outer loop
      vertex -18.9634 13.2783 9
      vertex -17.7339 14.8805 14.99
      vertex -17.7339 14.8805 9
    endloop
  endfacet
  facet normal -0.793332 0.608789 0
    outer loop
      vertex -17.7339 14.8805 14.99
      vertex -18.9634 13.2783 9
      vertex -18.9634 13.2783 14.99
    endloop
  endfacet
  facet normal 0.382702 0.923872 -0
    outer loop
      vertex 9.78361 20.981 9
      vertex 7.91777 21.7539 14.99
      vertex 9.78361 20.981 14.99
    endloop
  endfacet
  facet normal 0.382702 0.923872 0
    outer loop
      vertex 7.91777 21.7539 14.99
      vertex 9.78361 20.981 9
      vertex 7.91777 21.7539 9
    endloop
  endfacet
  facet normal -0.999048 0.0436229 0
    outer loop
      vertex -23.15 0 9
      vertex -23.0619 2.01766 14.99
      vertex -23.0619 2.01766 9
    endloop
  endfacet
  facet normal -0.999048 0.0436229 0
    outer loop
      vertex -23.0619 2.01766 14.99
      vertex -23.15 0 9
      vertex -23.15 0 14.99
    endloop
  endfacet
  facet normal -0.537292 -0.843396 0
    outer loop
      vertex -13.2783 -18.9634 9
      vertex -11.575 -20.0485 14.99
      vertex -13.2783 -18.9634 14.99
    endloop
  endfacet
  facet normal -0.537292 -0.843396 -0
    outer loop
      vertex -11.575 -20.0485 14.99
      vertex -13.2783 -18.9634 9
      vertex -11.575 -20.0485 9
    endloop
  endfacet
  facet normal -0.216431 -0.976298 0
    outer loop
      vertex -5.99166 -22.3612 9
      vertex -4.01995 -22.7983 14.99
      vertex -5.99166 -22.3612 14.99
    endloop
  endfacet
  facet normal -0.216431 -0.976298 -0
    outer loop
      vertex -4.01995 -22.7983 14.99
      vertex -5.99166 -22.3612 9
      vertex -4.01995 -22.7983 9
    endloop
  endfacet
  facet normal -0.793332 -0.608789 0
    outer loop
      vertex -17.7339 -14.8805 9
      vertex -18.9634 -13.2783 14.99
      vertex -18.9634 -13.2783 9
    endloop
  endfacet
  facet normal -0.793332 -0.608789 0
    outer loop
      vertex -18.9634 -13.2783 14.99
      vertex -17.7339 -14.8805 9
      vertex -17.7339 -14.8805 14.99
    endloop
  endfacet
  facet normal -0.976298 0.216431 0
    outer loop
      vertex -22.7983 4.01995 9
      vertex -22.3612 5.99166 14.99
      vertex -22.3612 5.99166 9
    endloop
  endfacet
  facet normal -0.976298 0.216431 0
    outer loop
      vertex -22.3612 5.99166 14.99
      vertex -22.7983 4.01995 9
      vertex -22.7983 4.01995 14.99
    endloop
  endfacet
  facet normal -0.0436229 0.999048 0
    outer loop
      vertex 0 23.15 9
      vertex -2.01766 23.0619 14.99
      vertex 0 23.15 14.99
    endloop
  endfacet
  facet normal -0.0436229 0.999048 0
    outer loop
      vertex -2.01766 23.0619 14.99
      vertex 0 23.15 9
      vertex -2.01766 23.0619 9
    endloop
  endfacet
  facet normal -0.999048 -0.0436229 0
    outer loop
      vertex -23.0619 -2.01766 9
      vertex -23.15 0 14.99
      vertex -23.15 0 9
    endloop
  endfacet
  facet normal -0.999048 -0.0436229 0
    outer loop
      vertex -23.15 0 14.99
      vertex -23.0619 -2.01766 9
      vertex -23.0619 -2.01766 14.99
    endloop
  endfacet
  facet normal -0.382702 0.923872 0
    outer loop
      vertex -7.91777 21.7539 9
      vertex -9.78361 20.981 14.99
      vertex -7.91777 21.7539 14.99
    endloop
  endfacet
  facet normal -0.382702 0.923872 0
    outer loop
      vertex -9.78361 20.981 14.99
      vertex -7.91777 21.7539 9
      vertex -9.78361 20.981 9
    endloop
  endfacet
  facet normal 0.216431 0.976298 -0
    outer loop
      vertex 5.99166 22.3612 9
      vertex 4.01995 22.7983 14.99
      vertex 5.99166 22.3612 14.99
    endloop
  endfacet
  facet normal 0.216431 0.976298 0
    outer loop
      vertex 4.01995 22.7983 14.99
      vertex 5.99166 22.3612 9
      vertex 4.01995 22.7983 9
    endloop
  endfacet
  facet normal -0.843396 -0.537292 0
    outer loop
      vertex -18.9634 -13.2783 9
      vertex -20.0485 -11.575 14.99
      vertex -20.0485 -11.575 9
    endloop
  endfacet
  facet normal -0.843396 -0.537292 0
    outer loop
      vertex -20.0485 -11.575 14.99
      vertex -18.9634 -13.2783 9
      vertex -18.9634 -13.2783 14.99
    endloop
  endfacet
  facet normal 0.675615 0.737254 0
    outer loop
      vertex 15.2715 17.3757 9.5
      vertex 16.3695 16.3695 14.99
      vertex 16.3695 16.3695 9.5
    endloop
  endfacet
  facet normal 0.675586 0.737282 1.08771e-05
    outer loop
      vertex 16.3695 16.3695 14.99
      vertex 15.2715 17.3757 9.5
      vertex 14.8805 17.7339 14.99
    endloop
  endfacet
  facet normal 0.675503 0.737358 0
    outer loop
      vertex 14.8805 17.7339 9
      vertex 15.2715 17.3757 9.5
      vertex 15.2715 17.3757 9
    endloop
  endfacet
  facet normal 0.675503 0.737358 0
    outer loop
      vertex 15.2715 17.3757 9.5
      vertex 14.8805 17.7339 9
      vertex 14.8805 17.7339 14.99
    endloop
  endfacet
  facet normal -0.991445 -0.130523 0
    outer loop
      vertex -22.7983 -4.01995 9
      vertex -23.0619 -2.01766 14.99
      vertex -23.0619 -2.01766 9
    endloop
  endfacet
  facet normal -0.991445 -0.130523 0
    outer loop
      vertex -23.0619 -2.01766 14.99
      vertex -22.7983 -4.01995 9
      vertex -22.7983 -4.01995 14.99
    endloop
  endfacet
  facet normal -0.991446 0.130516 0
    outer loop
      vertex 25.5065 -4.49749 0
      vertex 25.8014 -2.25733 0.6
      vertex 25.8014 -2.25733 0
    endloop
  endfacet
  facet normal -0.991446 0.130516 0
    outer loop
      vertex 25.8014 -2.25733 0.6
      vertex 25.5065 -4.49749 0
      vertex 25.5065 -4.49749 0.6
    endloop
  endfacet
  facet normal -0.999047 0.0436383 0
    outer loop
      vertex 25.8014 -2.25733 0
      vertex 25.9 0 0.6
      vertex 25.9 0 0
    endloop
  endfacet
  facet normal -0.999047 0.0436383 0
    outer loop
      vertex 25.9 0 0.6
      vertex 25.8014 -2.25733 0
      vertex 25.8014 -2.25733 0.6
    endloop
  endfacet
  facet normal -0.9763 0.216422 0
    outer loop
      vertex 25.0175 -6.70341 0
      vertex 25.5065 -4.49749 0.6
      vertex 25.5065 -4.49749 0
    endloop
  endfacet
  facet normal -0.9763 0.216422 0
    outer loop
      vertex 25.5065 -4.49749 0.6
      vertex 25.0175 -6.70341 0
      vertex 25.0175 -6.70341 0.6
    endloop
  endfacet
  facet normal 0.843372 -0.537331 0
    outer loop
      vertex -22.4301 12.95 0.6
      vertex -21.216 14.8556 0
      vertex -21.216 14.8556 0.6
    endloop
  endfacet
  facet normal 0.843372 -0.537331 0
    outer loop
      vertex -21.216 14.8556 0
      vertex -22.4301 12.95 0.6
      vertex -22.4301 12.95 0
    endloop
  endfacet
  facet normal 0.843372 0.537331 0
    outer loop
      vertex -21.216 -14.8556 0.6
      vertex -22.4301 -12.95 0
      vertex -22.4301 -12.95 0.6
    endloop
  endfacet
  facet normal 0.843372 0.537331 0
    outer loop
      vertex -22.4301 -12.95 0
      vertex -21.216 -14.8556 0.6
      vertex -21.216 -14.8556 0
    endloop
  endfacet
  facet normal -0.30073 0.953709 0
    outer loop
      vertex 8.85832 -24.338 0
      vertex 6.70341 -25.0175 0.6
      vertex 8.85832 -24.338 0.6
    endloop
  endfacet
  facet normal -0.30073 0.953709 0
    outer loop
      vertex 6.70341 -25.0175 0.6
      vertex 8.85832 -24.338 0
      vertex 6.70341 -25.0175 0
    endloop
  endfacet
  facet normal 0.30073 0.953709 -0
    outer loop
      vertex -6.70341 -25.0175 0
      vertex -8.85832 -24.338 0.6
      vertex -6.70341 -25.0175 0.6
    endloop
  endfacet
  facet normal 0.30073 0.953709 0
    outer loop
      vertex -8.85832 -24.338 0.6
      vertex -6.70341 -25.0175 0
      vertex -8.85832 -24.338 0
    endloop
  endfacet
  facet normal -0.130516 -0.991446 0
    outer loop
      vertex 2.25733 25.8014 0
      vertex 4.49749 25.5065 0.6
      vertex 2.25733 25.8014 0.6
    endloop
  endfacet
  facet normal -0.130516 -0.991446 -0
    outer loop
      vertex 4.49749 25.5065 0.6
      vertex 2.25733 25.8014 0
      vertex 4.49749 25.5065 0
    endloop
  endfacet
  facet normal 0.953709 0.30073 0
    outer loop
      vertex -24.338 -8.85832 0.6
      vertex -25.0175 -6.70341 0
      vertex -25.0175 -6.70341 0.6
    endloop
  endfacet
  facet normal 0.953709 0.30073 0
    outer loop
      vertex -25.0175 -6.70341 0
      vertex -24.338 -8.85832 0.6
      vertex -24.338 -8.85832 0
    endloop
  endfacet
  facet normal -0.608759 0.793356 0
    outer loop
      vertex 16.6482 -19.8405 0
      vertex 14.8556 -21.216 0.6
      vertex 16.6482 -19.8405 0.6
    endloop
  endfacet
  facet normal -0.608759 0.793356 0
    outer loop
      vertex 14.8556 -21.216 0.6
      vertex 16.6482 -19.8405 0
      vertex 14.8556 -21.216 0
    endloop
  endfacet
  facet normal -0.130516 0.991446 0
    outer loop
      vertex 4.49749 -25.5065 0
      vertex 2.25733 -25.8014 0.6
      vertex 4.49749 -25.5065 0.6
    endloop
  endfacet
  facet normal -0.130516 0.991446 0
    outer loop
      vertex 2.25733 -25.8014 0.6
      vertex 4.49749 -25.5065 0
      vertex 2.25733 -25.8014 0
    endloop
  endfacet
  facet normal 0.923889 -0.38266 0
    outer loop
      vertex -24.338 8.85832 0.6
      vertex -23.4734 10.9458 0
      vertex -23.4734 10.9458 0.6
    endloop
  endfacet
  facet normal 0.923889 -0.38266 0
    outer loop
      vertex -23.4734 10.9458 0
      vertex -24.338 8.85832 0.6
      vertex -24.338 8.85832 0
    endloop
  endfacet
  facet normal -0.793356 -0.608759 0
    outer loop
      vertex 21.216 14.8556 0
      vertex 19.8405 16.6482 0.6
      vertex 19.8405 16.6482 0
    endloop
  endfacet
  facet normal -0.793356 -0.608759 0
    outer loop
      vertex 19.8405 16.6482 0.6
      vertex 21.216 14.8556 0
      vertex 21.216 14.8556 0.6
    endloop
  endfacet
  facet normal 0.953709 -0.30073 0
    outer loop
      vertex -25.0175 6.70341 0.6
      vertex -24.338 8.85832 0
      vertex -24.338 8.85832 0.6
    endloop
  endfacet
  facet normal 0.953709 -0.30073 0
    outer loop
      vertex -24.338 8.85832 0
      vertex -25.0175 6.70341 0.6
      vertex -25.0175 6.70341 0
    endloop
  endfacet
  facet normal 0 0 -1
    outer loop
      vertex 25.1 0 0.6
      vertex 25.9 0 0.6
      vertex 25.8014 -2.25733 0.6
    endloop
  endfacet
  facet normal 0 0 -1
    outer loop
      vertex 25.0045 -2.18761 0.6
      vertex 25.8014 -2.25733 0.6
      vertex 25.5065 -4.49749 0.6
    endloop
  endfacet
  facet normal 0 0 -1
    outer loop
      vertex 25.9 0 0.6
      vertex 25.1 0 0.6
      vertex 25.8014 2.25733 0.6
    endloop
  endfacet
  facet normal 0 0 -1
    outer loop
      vertex 25.0045 2.18761 0.6
      vertex 25.8014 2.25733 0.6
      vertex 25.1 0 0.6
    endloop
  endfacet
  facet normal 0 0 -1
    outer loop
      vertex 24.7187 -4.35857 0.6
      vertex 25.5065 -4.49749 0.6
      vertex 25.0175 -6.70341 0.6
    endloop
  endfacet
  facet normal 0 0 -1
    outer loop
      vertex 25.8014 -2.25733 0.6
      vertex 25.0045 -2.18761 0.6
      vertex 25.1 0 0.6
    endloop
  endfacet
  facet normal 0 0 -1
    outer loop
      vertex 25.5065 -4.49749 0.6
      vertex 24.7187 -4.35857 0.6
      vertex 25.0045 -2.18761 0.6
    endloop
  endfacet
  facet normal 0 0 -1
    outer loop
      vertex 24.2447 -6.49636 0.6
      vertex 25.0175 -6.70341 0.6
      vertex 24.338 -8.85832 0.6
    endloop
  endfacet
  facet normal 0 0 -1
    outer loop
      vertex 25.0175 -6.70341 0.6
      vertex 24.2447 -6.49636 0.6
      vertex 24.7187 -4.35857 0.6
    endloop
  endfacet
  facet normal 0 0 -1
    outer loop
      vertex 24.338 -8.85832 0.6
      vertex 23.5863 -8.58471 0.6
      vertex 24.2447 -6.49636 0.6
    endloop
  endfacet
  facet normal 0 0 -1
    outer loop
      vertex 23.4734 -10.9458 0.6
      vertex 23.5863 -8.58471 0.6
      vertex 24.338 -8.85832 0.6
    endloop
  endfacet
  facet normal 0 0 -1
    outer loop
      vertex 23.4734 -10.9458 0.6
      vertex 22.7483 -10.6077 0.6
      vertex 23.5863 -8.58471 0.6
    endloop
  endfacet
  facet normal 0 0 -1
    outer loop
      vertex 22.4301 -12.95 0.6
      vertex 22.7483 -10.6077 0.6
      vertex 23.4734 -10.9458 0.6
    endloop
  endfacet
  facet normal 0 0 -1
    outer loop
      vertex 22.4301 -12.95 0.6
      vertex 21.7372 -12.55 0.6
      vertex 22.7483 -10.6077 0.6
    endloop
  endfacet
  facet normal 0 0 -1
    outer loop
      vertex 21.216 -14.8556 0.6
      vertex 21.7372 -12.55 0.6
      vertex 22.4301 -12.95 0.6
    endloop
  endfacet
  facet normal 0 0 -1
    outer loop
      vertex 21.216 -14.8556 0.6
      vertex 20.5607 -14.3968 0.6
      vertex 21.7372 -12.55 0.6
    endloop
  endfacet
  facet normal 0 0 -1
    outer loop
      vertex 19.8405 -16.6482 0.6
      vertex 20.5607 -14.3968 0.6
      vertex 21.216 -14.8556 0.6
    endloop
  endfacet
  facet normal 0 0 -1
    outer loop
      vertex 19.8405 -16.6482 0.6
      vertex 19.2277 -16.134 0.6
      vertex 20.5607 -14.3968 0.6
    endloop
  endfacet
  facet normal 0 0 -1
    outer loop
      vertex 19.0613 -16.4656 0.6
      vertex 19.2277 -16.134 0.6
      vertex 19.8405 -16.6482 0.6
    endloop
  endfacet
  facet normal 0 0 -1
    outer loop
      vertex 19.2277 -16.134 0.6
      vertex 19.0613 -16.4656 0.6
      vertex 19.0843 -16.2904 0.6
    endloop
  endfacet
  facet normal -0 0 -1
    outer loop
      vertex 19.8405 -16.6482 0.6
      vertex 19.0009 -16.7381 0.6
      vertex 19.0613 -16.4656 0.6
    endloop
  endfacet
  facet normal 0 0 -1
    outer loop
      vertex 19.8405 -16.6482 0.6
      vertex 18.9169 -17.0044 0.6
      vertex 19.0009 -16.7381 0.6
    endloop
  endfacet
  facet normal 0 0 -1
    outer loop
      vertex 19.8405 -16.6482 0.6
      vertex 18.8101 -17.2623 0.6
      vertex 18.9169 -17.0044 0.6
    endloop
  endfacet
  facet normal 0 0 -1
    outer loop
      vertex 19.8405 -16.6482 0.6
      vertex 18.6812 -17.5099 0.6
      vertex 18.8101 -17.2623 0.6
    endloop
  endfacet
  facet normal 0 0 -1
    outer loop
      vertex 18.3141 -18.3141 0.6
      vertex 18.6812 -17.5099 0.6
      vertex 19.8405 -16.6482 0.6
    endloop
  endfacet
  facet normal 0 0 -1
    outer loop
      vertex 18.6812 -17.5099 0.6
      vertex 18.3141 -18.3141 0.6
      vertex 18.5312 -17.7453 0.6
    endloop
  endfacet
  facet normal 0 0 -1
    outer loop
      vertex 18.5312 -17.7453 0.6
      vertex 18.3141 -18.3141 0.6
      vertex 18.3612 -17.9668 0.6
    endloop
  endfacet
  facet normal 0 0 -1
    outer loop
      vertex 18.3141 -18.3141 0.6
      vertex 18.1726 -18.1726 0.6
      vertex 18.3612 -17.9668 0.6
    endloop
  endfacet
  facet normal -0 0 -1
    outer loop
      vertex 18.3141 -18.3141 0.6
      vertex 17.9668 -18.3612 0.6
      vertex 18.1726 -18.1726 0.6
    endloop
  endfacet
  facet normal 0 0 -1
    outer loop
      vertex 18.3141 -18.3141 0.6
      vertex 17.7453 -18.5312 0.6
      vertex 17.9668 -18.3612 0.6
    endloop
  endfacet
  facet normal 0 0 -1
    outer loop
      vertex 18.3141 -18.3141 0.6
      vertex 17.5099 -18.6812 0.6
      vertex 17.7453 -18.5312 0.6
    endloop
  endfacet
  facet normal 0 0 -1
    outer loop
      vertex 16.6482 -19.8405 0.6
      vertex 17.5099 -18.6812 0.6
      vertex 18.3141 -18.3141 0.6
    endloop
  endfacet
  facet normal 0 0 -1
    outer loop
      vertex 17.5099 -18.6812 0.6
      vertex 16.6482 -19.8405 0.6
      vertex 17.2623 -18.8101 0.6
    endloop
  endfacet
  facet normal 0 0 -1
    outer loop
      vertex 16.6482 -19.8405 0.6
      vertex 17.0044 -18.9169 0.6
      vertex 17.2623 -18.8101 0.6
    endloop
  endfacet
  facet normal 0 0 -1
    outer loop
      vertex 16.6482 -19.8405 0.6
      vertex 16.7381 -19.0009 0.6
      vertex 17.0044 -18.9169 0.6
    endloop
  endfacet
  facet normal 0 0 -1
    outer loop
      vertex 16.6482 -19.8405 0.6
      vertex 16.4656 -19.0613 0.6
      vertex 16.7381 -19.0009 0.6
    endloop
  endfacet
  facet normal 0 0 -1
    outer loop
      vertex 16.134 -19.2277 0.6
      vertex 16.4656 -19.0613 0.6
      vertex 16.6482 -19.8405 0.6
    endloop
  endfacet
  facet normal 0 0 -1
    outer loop
      vertex 16.4656 -19.0613 0.6
      vertex 16.134 -19.2277 0.6
      vertex 16.2904 -19.0843 0.6
    endloop
  endfacet
  facet normal 0 0 -1
    outer loop
      vertex 14.8556 -21.216 0.6
      vertex 16.134 -19.2277 0.6
      vertex 16.6482 -19.8405 0.6
    endloop
  endfacet
  facet normal 0 0 -1
    outer loop
      vertex 14.8556 -21.216 0.6
      vertex 14.3968 -20.5607 0.6
      vertex 16.134 -19.2277 0.6
    endloop
  endfacet
  facet normal 0 0 -1
    outer loop
      vertex 12.95 -22.4301 0.6
      vertex 14.3968 -20.5607 0.6
      vertex 14.8556 -21.216 0.6
    endloop
  endfacet
  facet normal 0 0 -1
    outer loop
      vertex 12.95 -22.4301 0.6
      vertex 12.55 -21.7372 0.6
      vertex 14.3968 -20.5607 0.6
    endloop
  endfacet
  facet normal 0 0 -1
    outer loop
      vertex 10.9458 -23.4734 0.6
      vertex 12.55 -21.7372 0.6
      vertex 12.95 -22.4301 0.6
    endloop
  endfacet
  facet normal 0 0 -1
    outer loop
      vertex 10.9458 -23.4734 0.6
      vertex 10.6077 -22.7483 0.6
      vertex 12.55 -21.7372 0.6
    endloop
  endfacet
  facet normal 0 0 -1
    outer loop
      vertex 8.85832 -24.338 0.6
      vertex 10.6077 -22.7483 0.6
      vertex 10.9458 -23.4734 0.6
    endloop
  endfacet
  facet normal 0 0 -1
    outer loop
      vertex 8.85832 -24.338 0.6
      vertex 8.58471 -23.5863 0.6
      vertex 10.6077 -22.7483 0.6
    endloop
  endfacet
  facet normal 0 0 -1
    outer loop
      vertex 6.70341 -25.0175 0.6
      vertex 8.58471 -23.5863 0.6
      vertex 8.85832 -24.338 0.6
    endloop
  endfacet
  facet normal 0 0 -1
    outer loop
      vertex 6.70341 -25.0175 0.6
      vertex 6.49636 -24.2447 0.6
      vertex 8.58471 -23.5863 0.6
    endloop
  endfacet
  facet normal 0 0 -1
    outer loop
      vertex 4.49749 -25.5065 0.6
      vertex 6.49636 -24.2447 0.6
      vertex 6.70341 -25.0175 0.6
    endloop
  endfacet
  facet normal 0 0 -1
    outer loop
      vertex 4.49749 -25.5065 0.6
      vertex 4.35857 -24.7187 0.6
      vertex 6.49636 -24.2447 0.6
    endloop
  endfacet
  facet normal 0 0 -1
    outer loop
      vertex 2.25733 -25.8014 0.6
      vertex 4.35857 -24.7187 0.6
      vertex 4.49749 -25.5065 0.6
    endloop
  endfacet
  facet normal 0 0 -1
    outer loop
      vertex 2.25733 -25.8014 0.6
      vertex 2.18761 -25.0045 0.6
      vertex 4.35857 -24.7187 0.6
    endloop
  endfacet
  facet normal 0 0 -1
    outer loop
      vertex 0 -25.9 0.6
      vertex 2.18761 -25.0045 0.6
      vertex 2.25733 -25.8014 0.6
    endloop
  endfacet
  facet normal 0 0 -1
    outer loop
      vertex 0 -25.9 0.6
      vertex 0 -25.1 0.6
      vertex 2.18761 -25.0045 0.6
    endloop
  endfacet
  facet normal 0 0 -1
    outer loop
      vertex 0 -25.9 0.6
      vertex -2.18761 -25.0045 0.6
      vertex 0 -25.1 0.6
    endloop
  endfacet
  facet normal 0 0 -1
    outer loop
      vertex -2.25733 -25.8014 0.6
      vertex -2.18761 -25.0045 0.6
      vertex 0 -25.9 0.6
    endloop
  endfacet
  facet normal 0 0 -1
    outer loop
      vertex -2.25733 -25.8014 0.6
      vertex -4.35857 -24.7187 0.6
      vertex -2.18761 -25.0045 0.6
    endloop
  endfacet
  facet normal 0 0 -1
    outer loop
      vertex -4.49749 -25.5065 0.6
      vertex -4.35857 -24.7187 0.6
      vertex -2.25733 -25.8014 0.6
    endloop
  endfacet
  facet normal 0 0 -1
    outer loop
      vertex -4.49749 -25.5065 0.6
      vertex -6.49636 -24.2447 0.6
      vertex -4.35857 -24.7187 0.6
    endloop
  endfacet
  facet normal 0 0 -1
    outer loop
      vertex -6.70341 -25.0175 0.6
      vertex -6.49636 -24.2447 0.6
      vertex -4.49749 -25.5065 0.6
    endloop
  endfacet
  facet normal 0 0 -1
    outer loop
      vertex -6.70341 -25.0175 0.6
      vertex -8.58471 -23.5863 0.6
      vertex -6.49636 -24.2447 0.6
    endloop
  endfacet
  facet normal 0 0 -1
    outer loop
      vertex -8.85832 -24.338 0.6
      vertex -8.58471 -23.5863 0.6
      vertex -6.70341 -25.0175 0.6
    endloop
  endfacet
  facet normal 0 0 -1
    outer loop
      vertex -8.85832 -24.338 0.6
      vertex -10.6077 -22.7483 0.6
      vertex -8.58471 -23.5863 0.6
    endloop
  endfacet
  facet normal 0 0 -1
    outer loop
      vertex -10.9458 -23.4734 0.6
      vertex -10.6077 -22.7483 0.6
      vertex -8.85832 -24.338 0.6
    endloop
  endfacet
  facet normal 0 0 -1
    outer loop
      vertex -10.9458 -23.4734 0.6
      vertex -12.55 -21.7372 0.6
      vertex -10.6077 -22.7483 0.6
    endloop
  endfacet
  facet normal 0 0 -1
    outer loop
      vertex -12.95 -22.4301 0.6
      vertex -12.55 -21.7372 0.6
      vertex -10.9458 -23.4734 0.6
    endloop
  endfacet
  facet normal 0 0 -1
    outer loop
      vertex -12.95 -22.4301 0.6
      vertex -14.3968 -20.5607 0.6
      vertex -12.55 -21.7372 0.6
    endloop
  endfacet
  facet normal 0 0 -1
    outer loop
      vertex -14.8556 -21.216 0.6
      vertex -14.3968 -20.5607 0.6
      vertex -12.95 -22.4301 0.6
    endloop
  endfacet
  facet normal 0 0 -1
    outer loop
      vertex -14.8556 -21.216 0.6
      vertex -16.134 -19.2277 0.6
      vertex -14.3968 -20.5607 0.6
    endloop
  endfacet
  facet normal 0 0 -1
    outer loop
      vertex -16.6482 -19.8405 0.6
      vertex -16.134 -19.2277 0.6
      vertex -14.8556 -21.216 0.6
    endloop
  endfacet
  facet normal 0 -0 -1
    outer loop
      vertex -16.4656 -19.0613 0.6
      vertex -16.134 -19.2277 0.6
      vertex -16.6482 -19.8405 0.6
    endloop
  endfacet
  facet normal 0 0 -1
    outer loop
      vertex -16.134 -19.2277 0.6
      vertex -16.4656 -19.0613 0.6
      vertex -16.2904 -19.0843 0.6
    endloop
  endfacet
  facet normal 0 0 -1
    outer loop
      vertex -16.6482 -19.8405 0.6
      vertex -16.7381 -19.0009 0.6
      vertex -16.4656 -19.0613 0.6
    endloop
  endfacet
  facet normal 0 0 -1
    outer loop
      vertex -16.6482 -19.8405 0.6
      vertex -17.0044 -18.9169 0.6
      vertex -16.7381 -19.0009 0.6
    endloop
  endfacet
  facet normal 0 0 -1
    outer loop
      vertex -16.6482 -19.8405 0.6
      vertex -17.2623 -18.8101 0.6
      vertex -17.0044 -18.9169 0.6
    endloop
  endfacet
  facet normal 0 0 -1
    outer loop
      vertex -16.6482 -19.8405 0.6
      vertex -17.5099 -18.6812 0.6
      vertex -17.2623 -18.8101 0.6
    endloop
  endfacet
  facet normal 0 0 -1
    outer loop
      vertex -18.3141 -18.3141 0.6
      vertex -17.5099 -18.6812 0.6
      vertex -16.6482 -19.8405 0.6
    endloop
  endfacet
  facet normal 0 0 -1
    outer loop
      vertex -17.5099 -18.6812 0.6
      vertex -18.3141 -18.3141 0.6
      vertex -17.7453 -18.5312 0.6
    endloop
  endfacet
  facet normal 0 0 -1
    outer loop
      vertex -17.7453 -18.5312 0.6
      vertex -18.3141 -18.3141 0.6
      vertex -17.9668 -18.3612 0.6
    endloop
  endfacet
  facet normal 0 0 -1
    outer loop
      vertex -17.9668 -18.3612 0.6
      vertex -18.3141 -18.3141 0.6
      vertex -18.1726 -18.1726 0.6
    endloop
  endfacet
  facet normal 0 0 -1
    outer loop
      vertex -18.3141 -18.3141 0.6
      vertex -18.3612 -17.9668 0.6
      vertex -18.1726 -18.1726 0.6
    endloop
  endfacet
  facet normal 0 0 -1
    outer loop
      vertex -18.3141 -18.3141 0.6
      vertex -18.5312 -17.7453 0.6
      vertex -18.3612 -17.9668 0.6
    endloop
  endfacet
  facet normal 0 0 -1
    outer loop
      vertex -18.3141 -18.3141 0.6
      vertex -18.6812 -17.5099 0.6
      vertex -18.5312 -17.7453 0.6
    endloop
  endfacet
  facet normal 0 0 -1
    outer loop
      vertex -19.8405 -16.6482 0.6
      vertex -18.6812 -17.5099 0.6
      vertex -18.3141 -18.3141 0.6
    endloop
  endfacet
  facet normal 0 0 -1
    outer loop
      vertex -19.0613 -16.4656 0.6
      vertex -19.2277 -16.134 0.6
      vertex -19.0843 -16.2904 0.6
    endloop
  endfacet
  facet normal 0 0 -1
    outer loop
      vertex -19.8405 -16.6482 0.6
      vertex -19.0613 -16.4656 0.6
      vertex -19.0009 -16.7381 0.6
    endloop
  endfacet
  facet normal 0 0 -1
    outer loop
      vertex -19.8405 -16.6482 0.6
      vertex -19.0009 -16.7381 0.6
      vertex -18.9169 -17.0044 0.6
    endloop
  endfacet
  facet normal 0 0 -1
    outer loop
      vertex -18.6812 -17.5099 0.6
      vertex -19.8405 -16.6482 0.6
      vertex -18.8101 -17.2623 0.6
    endloop
  endfacet
  facet normal 0 0 -1
    outer loop
      vertex -19.8405 -16.6482 0.6
      vertex -18.9169 -17.0044 0.6
      vertex -18.8101 -17.2623 0.6
    endloop
  endfacet
  facet normal -0 0 -1
    outer loop
      vertex -19.0613 -16.4656 0.6
      vertex -19.8405 -16.6482 0.6
      vertex -19.2277 -16.134 0.6
    endloop
  endfacet
  facet normal 0 0 -1
    outer loop
      vertex -19.8405 -16.6482 0.6
      vertex -20.5607 -14.3968 0.6
      vertex -19.2277 -16.134 0.6
    endloop
  endfacet
  facet normal 0 0 -1
    outer loop
      vertex -21.216 -14.8556 0.6
      vertex -20.5607 -14.3968 0.6
      vertex -19.8405 -16.6482 0.6
    endloop
  endfacet
  facet normal 0 0 -1
    outer loop
      vertex -21.216 -14.8556 0.6
      vertex -21.7372 -12.55 0.6
      vertex -20.5607 -14.3968 0.6
    endloop
  endfacet
  facet normal 0 0 -1
    outer loop
      vertex -22.4301 -12.95 0.6
      vertex -21.7372 -12.55 0.6
      vertex -21.216 -14.8556 0.6
    endloop
  endfacet
  facet normal 0 0 -1
    outer loop
      vertex -22.4301 -12.95 0.6
      vertex -22.7483 -10.6077 0.6
      vertex -21.7372 -12.55 0.6
    endloop
  endfacet
  facet normal 0 0 -1
    outer loop
      vertex -23.4734 -10.9458 0.6
      vertex -22.7483 -10.6077 0.6
      vertex -22.4301 -12.95 0.6
    endloop
  endfacet
  facet normal 0 0 -1
    outer loop
      vertex -23.4734 -10.9458 0.6
      vertex -23.5863 -8.58471 0.6
      vertex -22.7483 -10.6077 0.6
    endloop
  endfacet
  facet normal 0 0 -1
    outer loop
      vertex -24.338 -8.85832 0.6
      vertex -23.5863 -8.58471 0.6
      vertex -23.4734 -10.9458 0.6
    endloop
  endfacet
  facet normal -0 0 -1
    outer loop
      vertex -23.5863 -8.58471 0.6
      vertex -24.338 -8.85832 0.6
      vertex -24.2447 -6.49636 0.6
    endloop
  endfacet
  facet normal 0 0 -1
    outer loop
      vertex -25.0175 -6.70341 0.6
      vertex -24.2447 -6.49636 0.6
      vertex -24.338 -8.85832 0.6
    endloop
  endfacet
  facet normal -0 0 -1
    outer loop
      vertex -24.2447 -6.49636 0.6
      vertex -25.0175 -6.70341 0.6
      vertex -24.7187 -4.35857 0.6
    endloop
  endfacet
  facet normal 0 0 -1
    outer loop
      vertex -25.5065 -4.49749 0.6
      vertex -24.7187 -4.35857 0.6
      vertex -25.0175 -6.70341 0.6
    endloop
  endfacet
  facet normal -0 0 -1
    outer loop
      vertex -24.7187 -4.35857 0.6
      vertex -25.5065 -4.49749 0.6
      vertex -25.0045 -2.18761 0.6
    endloop
  endfacet
  facet normal 0 0 -1
    outer loop
      vertex -25.8014 -2.25733 0.6
      vertex -25.0045 -2.18761 0.6
      vertex -25.5065 -4.49749 0.6
    endloop
  endfacet
  facet normal -0 0 -1
    outer loop
      vertex 25.8014 2.25733 0.6
      vertex 25.0045 2.18761 0.6
      vertex 25.5065 4.49749 0.6
    endloop
  endfacet
  facet normal 0 0 -1
    outer loop
      vertex 24.7187 4.35857 0.6
      vertex 25.5065 4.49749 0.6
      vertex 25.0045 2.18761 0.6
    endloop
  endfacet
  facet normal -0 0 -1
    outer loop
      vertex 25.5065 4.49749 0.6
      vertex 24.7187 4.35857 0.6
      vertex 25.0175 6.70341 0.6
    endloop
  endfacet
  facet normal 0 0 -1
    outer loop
      vertex 24.2447 6.49636 0.6
      vertex 25.0175 6.70341 0.6
      vertex 24.7187 4.35857 0.6
    endloop
  endfacet
  facet normal -0 0 -1
    outer loop
      vertex 25.0175 6.70341 0.6
      vertex 24.2447 6.49636 0.6
      vertex 24.338 8.85832 0.6
    endloop
  endfacet
  facet normal 0 0 -1
    outer loop
      vertex 23.5863 8.58471 0.6
      vertex 24.338 8.85832 0.6
      vertex 24.2447 6.49636 0.6
    endloop
  endfacet
  facet normal 0 0 -1
    outer loop
      vertex 23.5863 8.58471 0.6
      vertex 23.4734 10.9458 0.6
      vertex 24.338 8.85832 0.6
    endloop
  endfacet
  facet normal 0 0 -1
    outer loop
      vertex 22.7483 10.6077 0.6
      vertex 23.4734 10.9458 0.6
      vertex 23.5863 8.58471 0.6
    endloop
  endfacet
  facet normal 0 0 -1
    outer loop
      vertex 22.7483 10.6077 0.6
      vertex 22.4301 12.95 0.6
      vertex 23.4734 10.9458 0.6
    endloop
  endfacet
  facet normal 0 0 -1
    outer loop
      vertex 21.7372 12.55 0.6
      vertex 22.4301 12.95 0.6
      vertex 22.7483 10.6077 0.6
    endloop
  endfacet
  facet normal 0 0 -1
    outer loop
      vertex 21.7372 12.55 0.6
      vertex 21.216 14.8556 0.6
      vertex 22.4301 12.95 0.6
    endloop
  endfacet
  facet normal 0 0 -1
    outer loop
      vertex 20.5607 14.3968 0.6
      vertex 21.216 14.8556 0.6
      vertex 21.7372 12.55 0.6
    endloop
  endfacet
  facet normal 0 0 -1
    outer loop
      vertex 20.5607 14.3968 0.6
      vertex 19.8405 16.6482 0.6
      vertex 21.216 14.8556 0.6
    endloop
  endfacet
  facet normal 0 0 -1
    outer loop
      vertex 19.2277 16.134 0.6
      vertex 19.8405 16.6482 0.6
      vertex 20.5607 14.3968 0.6
    endloop
  endfacet
  facet normal 0 0 -1
    outer loop
      vertex 19.0613 16.4656 0.6
      vertex 19.2277 16.134 0.6
      vertex 19.0843 16.2904 0.6
    endloop
  endfacet
  facet normal 0 0 -1
    outer loop
      vertex 19.2277 16.134 0.6
      vertex 19.0613 16.4656 0.6
      vertex 19.8405 16.6482 0.6
    endloop
  endfacet
  facet normal 0 0 -1
    outer loop
      vertex 19.0009 16.7381 0.6
      vertex 19.8405 16.6482 0.6
      vertex 19.0613 16.4656 0.6
    endloop
  endfacet
  facet normal 0 0 -1
    outer loop
      vertex 18.9169 17.0044 0.6
      vertex 19.8405 16.6482 0.6
      vertex 19.0009 16.7381 0.6
    endloop
  endfacet
  facet normal 0 0 -1
    outer loop
      vertex 18.8101 17.2623 0.6
      vertex 19.8405 16.6482 0.6
      vertex 18.9169 17.0044 0.6
    endloop
  endfacet
  facet normal 0 0 -1
    outer loop
      vertex 18.6812 17.5099 0.6
      vertex 19.8405 16.6482 0.6
      vertex 18.8101 17.2623 0.6
    endloop
  endfacet
  facet normal 0 0 -1
    outer loop
      vertex 18.3141 18.3141 0.6
      vertex 18.6812 17.5099 0.6
      vertex 18.5312 17.7453 0.6
    endloop
  endfacet
  facet normal 0 0 -1
    outer loop
      vertex 18.3141 18.3141 0.6
      vertex 18.5312 17.7453 0.6
      vertex 18.3612 17.9668 0.6
    endloop
  endfacet
  facet normal 0 0 -1
    outer loop
      vertex 18.6812 17.5099 0.6
      vertex 18.3141 18.3141 0.6
      vertex 19.8405 16.6482 0.6
    endloop
  endfacet
  facet normal 0 0 -1
    outer loop
      vertex 18.1726 18.1726 0.6
      vertex 18.3141 18.3141 0.6
      vertex 18.3612 17.9668 0.6
    endloop
  endfacet
  facet normal 0 0 -1
    outer loop
      vertex 17.9668 18.3612 0.6
      vertex 18.3141 18.3141 0.6
      vertex 18.1726 18.1726 0.6
    endloop
  endfacet
  facet normal 0 0 -1
    outer loop
      vertex 17.7453 18.5312 0.6
      vertex 18.3141 18.3141 0.6
      vertex 17.9668 18.3612 0.6
    endloop
  endfacet
  facet normal 0 0 -1
    outer loop
      vertex 17.5099 18.6812 0.6
      vertex 18.3141 18.3141 0.6
      vertex 17.7453 18.5312 0.6
    endloop
  endfacet
  facet normal 0 0 -1
    outer loop
      vertex 16.6482 19.8405 0.6
      vertex 17.5099 18.6812 0.6
      vertex 17.2623 18.8101 0.6
    endloop
  endfacet
  facet normal 0 0 -1
    outer loop
      vertex 17.5099 18.6812 0.6
      vertex 16.6482 19.8405 0.6
      vertex 18.3141 18.3141 0.6
    endloop
  endfacet
  facet normal 0 0 -1
    outer loop
      vertex 17.0044 18.9169 0.6
      vertex 16.6482 19.8405 0.6
      vertex 17.2623 18.8101 0.6
    endloop
  endfacet
  facet normal 0 0 -1
    outer loop
      vertex 16.7381 19.0009 0.6
      vertex 16.6482 19.8405 0.6
      vertex 17.0044 18.9169 0.6
    endloop
  endfacet
  facet normal 0 0 -1
    outer loop
      vertex 16.4656 19.0613 0.6
      vertex 16.6482 19.8405 0.6
      vertex 16.7381 19.0009 0.6
    endloop
  endfacet
  facet normal 0 0 -1
    outer loop
      vertex 16.134 19.2277 0.6
      vertex 16.4656 19.0613 0.6
      vertex 16.2904 19.0843 0.6
    endloop
  endfacet
  facet normal 0 0 -1
    outer loop
      vertex 16.4656 19.0613 0.6
      vertex 16.134 19.2277 0.6
      vertex 16.6482 19.8405 0.6
    endloop
  endfacet
  facet normal 0 0 -1
    outer loop
      vertex 16.134 19.2277 0.6
      vertex 14.8556 21.216 0.6
      vertex 16.6482 19.8405 0.6
    endloop
  endfacet
  facet normal 0 0 -1
    outer loop
      vertex 14.3968 20.5607 0.6
      vertex 14.8556 21.216 0.6
      vertex 16.134 19.2277 0.6
    endloop
  endfacet
  facet normal 0 0 -1
    outer loop
      vertex 14.3968 20.5607 0.6
      vertex 12.95 22.4301 0.6
      vertex 14.8556 21.216 0.6
    endloop
  endfacet
  facet normal 0 0 -1
    outer loop
      vertex 12.55 21.7372 0.6
      vertex 12.95 22.4301 0.6
      vertex 14.3968 20.5607 0.6
    endloop
  endfacet
  facet normal 0 0 -1
    outer loop
      vertex 12.55 21.7372 0.6
      vertex 10.9458 23.4734 0.6
      vertex 12.95 22.4301 0.6
    endloop
  endfacet
  facet normal 0 0 -1
    outer loop
      vertex 10.6077 22.7483 0.6
      vertex 10.9458 23.4734 0.6
      vertex 12.55 21.7372 0.6
    endloop
  endfacet
  facet normal 0 0 -1
    outer loop
      vertex 10.6077 22.7483 0.6
      vertex 8.85832 24.338 0.6
      vertex 10.9458 23.4734 0.6
    endloop
  endfacet
  facet normal 0 0 -1
    outer loop
      vertex 8.58471 23.5863 0.6
      vertex 8.85832 24.338 0.6
      vertex 10.6077 22.7483 0.6
    endloop
  endfacet
  facet normal 0 0 -1
    outer loop
      vertex 8.58471 23.5863 0.6
      vertex 6.70341 25.0175 0.6
      vertex 8.85832 24.338 0.6
    endloop
  endfacet
  facet normal 0 0 -1
    outer loop
      vertex 6.49636 24.2447 0.6
      vertex 6.70341 25.0175 0.6
      vertex 8.58471 23.5863 0.6
    endloop
  endfacet
  facet normal 0 0 -1
    outer loop
      vertex 6.49636 24.2447 0.6
      vertex 4.49749 25.5065 0.6
      vertex 6.70341 25.0175 0.6
    endloop
  endfacet
  facet normal 0 0 -1
    outer loop
      vertex 4.35857 24.7187 0.6
      vertex 4.49749 25.5065 0.6
      vertex 6.49636 24.2447 0.6
    endloop
  endfacet
  facet normal 0 0 -1
    outer loop
      vertex 4.35857 24.7187 0.6
      vertex 2.25733 25.8014 0.6
      vertex 4.49749 25.5065 0.6
    endloop
  endfacet
  facet normal 0 0 -1
    outer loop
      vertex 2.18761 25.0045 0.6
      vertex 2.25733 25.8014 0.6
      vertex 4.35857 24.7187 0.6
    endloop
  endfacet
  facet normal 0 0 -1
    outer loop
      vertex 0 25.1 0.6
      vertex 2.25733 25.8014 0.6
      vertex 2.18761 25.0045 0.6
    endloop
  endfacet
  facet normal 0 0 -1
    outer loop
      vertex 0 25.1 0.6
      vertex 0 25.9 0.6
      vertex 2.25733 25.8014 0.6
    endloop
  endfacet
  facet normal 0 0 -1
    outer loop
      vertex -2.18761 25.0045 0.6
      vertex 0 25.9 0.6
      vertex 0 25.1 0.6
    endloop
  endfacet
  facet normal 0 0 -1
    outer loop
      vertex -2.18761 25.0045 0.6
      vertex -2.25733 25.8014 0.6
      vertex 0 25.9 0.6
    endloop
  endfacet
  facet normal 0 0 -1
    outer loop
      vertex -4.35857 24.7187 0.6
      vertex -2.25733 25.8014 0.6
      vertex -2.18761 25.0045 0.6
    endloop
  endfacet
  facet normal 0 0 -1
    outer loop
      vertex -4.35857 24.7187 0.6
      vertex -4.49749 25.5065 0.6
      vertex -2.25733 25.8014 0.6
    endloop
  endfacet
  facet normal 0 0 -1
    outer loop
      vertex -6.49636 24.2447 0.6
      vertex -4.49749 25.5065 0.6
      vertex -4.35857 24.7187 0.6
    endloop
  endfacet
  facet normal 0 0 -1
    outer loop
      vertex -6.49636 24.2447 0.6
      vertex -6.70341 25.0175 0.6
      vertex -4.49749 25.5065 0.6
    endloop
  endfacet
  facet normal 0 0 -1
    outer loop
      vertex -8.58471 23.5863 0.6
      vertex -6.70341 25.0175 0.6
      vertex -6.49636 24.2447 0.6
    endloop
  endfacet
  facet normal 0 0 -1
    outer loop
      vertex -8.58471 23.5863 0.6
      vertex -8.85832 24.338 0.6
      vertex -6.70341 25.0175 0.6
    endloop
  endfacet
  facet normal 0 0 -1
    outer loop
      vertex -10.6077 22.7483 0.6
      vertex -8.85832 24.338 0.6
      vertex -8.58471 23.5863 0.6
    endloop
  endfacet
  facet normal 0 0 -1
    outer loop
      vertex -10.6077 22.7483 0.6
      vertex -10.9458 23.4734 0.6
      vertex -8.85832 24.338 0.6
    endloop
  endfacet
  facet normal 0 0 -1
    outer loop
      vertex -12.55 21.7372 0.6
      vertex -10.9458 23.4734 0.6
      vertex -10.6077 22.7483 0.6
    endloop
  endfacet
  facet normal 0 0 -1
    outer loop
      vertex -12.55 21.7372 0.6
      vertex -12.95 22.4301 0.6
      vertex -10.9458 23.4734 0.6
    endloop
  endfacet
  facet normal 0 0 -1
    outer loop
      vertex -14.3968 20.5607 0.6
      vertex -12.95 22.4301 0.6
      vertex -12.55 21.7372 0.6
    endloop
  endfacet
  facet normal 0 0 -1
    outer loop
      vertex -14.3968 20.5607 0.6
      vertex -14.8556 21.216 0.6
      vertex -12.95 22.4301 0.6
    endloop
  endfacet
  facet normal 0 0 -1
    outer loop
      vertex -16.134 19.2277 0.6
      vertex -14.8556 21.216 0.6
      vertex -14.3968 20.5607 0.6
    endloop
  endfacet
  facet normal 0 0 -1
    outer loop
      vertex -16.4656 19.0613 0.6
      vertex -16.134 19.2277 0.6
      vertex -16.2904 19.0843 0.6
    endloop
  endfacet
  facet normal -0 0 -1
    outer loop
      vertex -16.134 19.2277 0.6
      vertex -16.4656 19.0613 0.6
      vertex -16.6482 19.8405 0.6
    endloop
  endfacet
  facet normal 0 0 -1
    outer loop
      vertex -16.134 19.2277 0.6
      vertex -16.6482 19.8405 0.6
      vertex -14.8556 21.216 0.6
    endloop
  endfacet
  facet normal 0 0 -1
    outer loop
      vertex -16.7381 19.0009 0.6
      vertex -16.6482 19.8405 0.6
      vertex -16.4656 19.0613 0.6
    endloop
  endfacet
  facet normal 0 0 -1
    outer loop
      vertex -17.0044 18.9169 0.6
      vertex -16.6482 19.8405 0.6
      vertex -16.7381 19.0009 0.6
    endloop
  endfacet
  facet normal 0 0 -1
    outer loop
      vertex -17.2623 18.8101 0.6
      vertex -16.6482 19.8405 0.6
      vertex -17.0044 18.9169 0.6
    endloop
  endfacet
  facet normal 0 0 -1
    outer loop
      vertex -17.5099 18.6812 0.6
      vertex -16.6482 19.8405 0.6
      vertex -17.2623 18.8101 0.6
    endloop
  endfacet
  facet normal 0 0 -1
    outer loop
      vertex -18.3141 18.3141 0.6
      vertex -17.5099 18.6812 0.6
      vertex -17.7453 18.5312 0.6
    endloop
  endfacet
  facet normal 0 0 -1
    outer loop
      vertex -18.3141 18.3141 0.6
      vertex -17.7453 18.5312 0.6
      vertex -17.9668 18.3612 0.6
    endloop
  endfacet
  facet normal 0 0 -1
    outer loop
      vertex -18.3141 18.3141 0.6
      vertex -17.9668 18.3612 0.6
      vertex -18.1726 18.1726 0.6
    endloop
  endfacet
  facet normal -0 0 -1
    outer loop
      vertex -17.5099 18.6812 0.6
      vertex -18.3141 18.3141 0.6
      vertex -16.6482 19.8405 0.6
    endloop
  endfacet
  facet normal 0 0 -1
    outer loop
      vertex -18.3612 17.9668 0.6
      vertex -18.3141 18.3141 0.6
      vertex -18.1726 18.1726 0.6
    endloop
  endfacet
  facet normal 0 0 -1
    outer loop
      vertex -18.5312 17.7453 0.6
      vertex -18.3141 18.3141 0.6
      vertex -18.3612 17.9668 0.6
    endloop
  endfacet
  facet normal 0 0 -1
    outer loop
      vertex -18.6812 17.5099 0.6
      vertex -18.3141 18.3141 0.6
      vertex -18.5312 17.7453 0.6
    endloop
  endfacet
  facet normal 0 0 -1
    outer loop
      vertex -19.8405 16.6482 0.6
      vertex -18.6812 17.5099 0.6
      vertex -18.8101 17.2623 0.6
    endloop
  endfacet
  facet normal 0 0 -1
    outer loop
      vertex -19.2277 16.134 0.6
      vertex -19.0613 16.4656 0.6
      vertex -19.0843 16.2904 0.6
    endloop
  endfacet
  facet normal 0 0 -1
    outer loop
      vertex -19.8405 16.6482 0.6
      vertex -19.0613 16.4656 0.6
      vertex -19.2277 16.134 0.6
    endloop
  endfacet
  facet normal 0 0 -1
    outer loop
      vertex -19.0613 16.4656 0.6
      vertex -19.8405 16.6482 0.6
      vertex -19.0009 16.7381 0.6
    endloop
  endfacet
  facet normal -0 0 -1
    outer loop
      vertex -18.6812 17.5099 0.6
      vertex -19.8405 16.6482 0.6
      vertex -18.3141 18.3141 0.6
    endloop
  endfacet
  facet normal -0 0 -1
    outer loop
      vertex -18.9169 17.0044 0.6
      vertex -19.8405 16.6482 0.6
      vertex -18.8101 17.2623 0.6
    endloop
  endfacet
  facet normal -0 0 -1
    outer loop
      vertex -19.0009 16.7381 0.6
      vertex -19.8405 16.6482 0.6
      vertex -18.9169 17.0044 0.6
    endloop
  endfacet
  facet normal 0 0 -1
    outer loop
      vertex -20.5607 14.3968 0.6
      vertex -19.8405 16.6482 0.6
      vertex -19.2277 16.134 0.6
    endloop
  endfacet
  facet normal 0 0 -1
    outer loop
      vertex -20.5607 14.3968 0.6
      vertex -21.216 14.8556 0.6
      vertex -19.8405 16.6482 0.6
    endloop
  endfacet
  facet normal 0 0 -1
    outer loop
      vertex -21.7372 12.55 0.6
      vertex -21.216 14.8556 0.6
      vertex -20.5607 14.3968 0.6
    endloop
  endfacet
  facet normal 0 0 -1
    outer loop
      vertex -21.7372 12.55 0.6
      vertex -22.4301 12.95 0.6
      vertex -21.216 14.8556 0.6
    endloop
  endfacet
  facet normal 0 0 -1
    outer loop
      vertex -22.7483 10.6077 0.6
      vertex -22.4301 12.95 0.6
      vertex -21.7372 12.55 0.6
    endloop
  endfacet
  facet normal 0 0 -1
    outer loop
      vertex -22.7483 10.6077 0.6
      vertex -23.4734 10.9458 0.6
      vertex -22.4301 12.95 0.6
    endloop
  endfacet
  facet normal 0 0 -1
    outer loop
      vertex -23.5863 8.58471 0.6
      vertex -23.4734 10.9458 0.6
      vertex -22.7483 10.6077 0.6
    endloop
  endfacet
  facet normal 0 0 -1
    outer loop
      vertex -24.338 8.85832 0.6
      vertex -23.5863 8.58471 0.6
      vertex -24.2447 6.49636 0.6
    endloop
  endfacet
  facet normal 0 0 -1
    outer loop
      vertex -23.5863 8.58471 0.6
      vertex -24.338 8.85832 0.6
      vertex -23.4734 10.9458 0.6
    endloop
  endfacet
  facet normal 0 0 -1
    outer loop
      vertex -25.0175 6.70341 0.6
      vertex -24.2447 6.49636 0.6
      vertex -24.7187 4.35857 0.6
    endloop
  endfacet
  facet normal 0 0 -1
    outer loop
      vertex -25.5065 4.49749 0.6
      vertex -24.7187 4.35857 0.6
      vertex -25.0045 2.18761 0.6
    endloop
  endfacet
  facet normal 0 0 -1
    outer loop
      vertex -24.2447 6.49636 0.6
      vertex -25.0175 6.70341 0.6
      vertex -24.338 8.85832 0.6
    endloop
  endfacet
  facet normal 0 0 -1
    outer loop
      vertex -25.8014 2.25733 0.6
      vertex -25.0045 2.18761 0.6
      vertex -25.1 0 0.6
    endloop
  endfacet
  facet normal -0 0 -1
    outer loop
      vertex -25.0045 -2.18761 0.6
      vertex -25.8014 -2.25733 0.6
      vertex -25.1 0 0.6
    endloop
  endfacet
  facet normal 0 0 -1
    outer loop
      vertex -24.7187 4.35857 0.6
      vertex -25.5065 4.49749 0.6
      vertex -25.0175 6.70341 0.6
    endloop
  endfacet
  facet normal 0 0 -1
    outer loop
      vertex -25.9 0 0.6
      vertex -25.1 0 0.6
      vertex -25.8014 -2.25733 0.6
    endloop
  endfacet
  facet normal 0 0 -1
    outer loop
      vertex -25.0045 2.18761 0.6
      vertex -25.8014 2.25733 0.6
      vertex -25.5065 4.49749 0.6
    endloop
  endfacet
  facet normal 0 0 -1
    outer loop
      vertex -25.1 0 0.6
      vertex -25.9 0 0.6
      vertex -25.8014 2.25733 0.6
    endloop
  endfacet
  facet normal -0.9763 -0.216422 0
    outer loop
      vertex 25.5065 4.49749 0
      vertex 25.0175 6.70341 0.6
      vertex 25.0175 6.70341 0
    endloop
  endfacet
  facet normal -0.9763 -0.216422 0
    outer loop
      vertex 25.0175 6.70341 0.6
      vertex 25.5065 4.49749 0
      vertex 25.5065 4.49749 0.6
    endloop
  endfacet
  facet normal 0.461741 -0.887015 0
    outer loop
      vertex -12.95 22.4301 0
      vertex -10.9458 23.4734 0.6
      vertex -12.95 22.4301 0.6
    endloop
  endfacet
  facet normal 0.461741 -0.887015 0
    outer loop
      vertex -10.9458 23.4734 0.6
      vertex -12.95 22.4301 0
      vertex -10.9458 23.4734 0
    endloop
  endfacet
  facet normal 0.793356 -0.608759 0
    outer loop
      vertex -21.216 14.8556 0.6
      vertex -19.8405 16.6482 0
      vertex -19.8405 16.6482 0.6
    endloop
  endfacet
  facet normal 0.793356 -0.608759 0
    outer loop
      vertex -19.8405 16.6482 0
      vertex -21.216 14.8556 0.6
      vertex -21.216 14.8556 0
    endloop
  endfacet
  facet normal -0.461741 0.887015 0
    outer loop
      vertex 12.95 -22.4301 0
      vertex 10.9458 -23.4734 0.6
      vertex 12.95 -22.4301 0.6
    endloop
  endfacet
  facet normal -0.461741 0.887015 0
    outer loop
      vertex 10.9458 -23.4734 0.6
      vertex 12.95 -22.4301 0
      vertex 10.9458 -23.4734 0
    endloop
  endfacet
  facet normal -0.0436383 0.999047 0
    outer loop
      vertex 2.25733 -25.8014 0
      vertex 0 -25.9 0.6
      vertex 2.25733 -25.8014 0.6
    endloop
  endfacet
  facet normal -0.0436383 0.999047 0
    outer loop
      vertex 0 -25.9 0.6
      vertex 2.25733 -25.8014 0
      vertex 0 -25.9 0
    endloop
  endfacet
  facet normal -0.737303 0.675562 0
    outer loop
      vertex 18.3141 -18.3141 0
      vertex 19.8405 -16.6482 0.6
      vertex 19.8405 -16.6482 0
    endloop
  endfacet
  facet normal -0.737303 0.675562 0
    outer loop
      vertex 19.8405 -16.6482 0.6
      vertex 18.3141 -18.3141 0
      vertex 18.3141 -18.3141 0.6
    endloop
  endfacet
  facet normal -0.537331 0.843372 0
    outer loop
      vertex 14.8556 -21.216 0
      vertex 12.95 -22.4301 0.6
      vertex 14.8556 -21.216 0.6
    endloop
  endfacet
  facet normal -0.537331 0.843372 0
    outer loop
      vertex 12.95 -22.4301 0.6
      vertex 14.8556 -21.216 0
      vertex 12.95 -22.4301 0
    endloop
  endfacet
  facet normal 0.216422 0.9763 -0
    outer loop
      vertex -4.49749 -25.5065 0
      vertex -6.70341 -25.0175 0.6
      vertex -4.49749 -25.5065 0.6
    endloop
  endfacet
  facet normal 0.216422 0.9763 0
    outer loop
      vertex -6.70341 -25.0175 0.6
      vertex -4.49749 -25.5065 0
      vertex -6.70341 -25.0175 0
    endloop
  endfacet
  facet normal 0.608759 0.793356 -0
    outer loop
      vertex -14.8556 -21.216 0
      vertex -16.6482 -19.8405 0.6
      vertex -14.8556 -21.216 0.6
    endloop
  endfacet
  facet normal 0.608759 0.793356 0
    outer loop
      vertex -16.6482 -19.8405 0.6
      vertex -14.8556 -21.216 0
      vertex -16.6482 -19.8405 0
    endloop
  endfacet
  facet normal -0.953709 0.30073 0
    outer loop
      vertex 24.338 -8.85832 0
      vertex 25.0175 -6.70341 0.6
      vertex 25.0175 -6.70341 0
    endloop
  endfacet
  facet normal -0.953709 0.30073 0
    outer loop
      vertex 25.0175 -6.70341 0.6
      vertex 24.338 -8.85832 0
      vertex 24.338 -8.85832 0.6
    endloop
  endfacet
  facet normal 0.608759 -0.793356 0
    outer loop
      vertex -16.6482 19.8405 0
      vertex -14.8556 21.216 0.6
      vertex -16.6482 19.8405 0.6
    endloop
  endfacet
  facet normal 0.608759 -0.793356 0
    outer loop
      vertex -14.8556 21.216 0.6
      vertex -16.6482 19.8405 0
      vertex -14.8556 21.216 0
    endloop
  endfacet
  facet normal -0.923889 -0.38266 0
    outer loop
      vertex 24.338 8.85832 0
      vertex 23.4734 10.9458 0.6
      vertex 23.4734 10.9458 0
    endloop
  endfacet
  facet normal -0.923889 -0.38266 0
    outer loop
      vertex 23.4734 10.9458 0.6
      vertex 24.338 8.85832 0
      vertex 24.338 8.85832 0.6
    endloop
  endfacet
  facet normal -0.38266 0.923889 0
    outer loop
      vertex 10.9458 -23.4734 0
      vertex 8.85832 -24.338 0.6
      vertex 10.9458 -23.4734 0.6
    endloop
  endfacet
  facet normal -0.38266 0.923889 0
    outer loop
      vertex 8.85832 -24.338 0.6
      vertex 10.9458 -23.4734 0
      vertex 8.85832 -24.338 0
    endloop
  endfacet
  facet normal -0.216422 0.9763 0
    outer loop
      vertex 6.70341 -25.0175 0
      vertex 4.49749 -25.5065 0.6
      vertex 6.70341 -25.0175 0.6
    endloop
  endfacet
  facet normal -0.216422 0.9763 0
    outer loop
      vertex 4.49749 -25.5065 0.6
      vertex 6.70341 -25.0175 0
      vertex 4.49749 -25.5065 0
    endloop
  endfacet
  facet normal 0.991446 0.130516 0
    outer loop
      vertex -25.5065 -4.49749 0.6
      vertex -25.8014 -2.25733 0
      vertex -25.8014 -2.25733 0.6
    endloop
  endfacet
  facet normal 0.991446 0.130516 0
    outer loop
      vertex -25.8014 -2.25733 0
      vertex -25.5065 -4.49749 0.6
      vertex -25.5065 -4.49749 0
    endloop
  endfacet
  facet normal 0.923889 0.38266 0
    outer loop
      vertex -23.4734 -10.9458 0.6
      vertex -24.338 -8.85832 0
      vertex -24.338 -8.85832 0.6
    endloop
  endfacet
  facet normal 0.923889 0.38266 0
    outer loop
      vertex -24.338 -8.85832 0
      vertex -23.4734 -10.9458 0.6
      vertex -23.4734 -10.9458 0
    endloop
  endfacet
  facet normal 0.537331 -0.843372 0
    outer loop
      vertex -14.8556 21.216 0
      vertex -12.95 22.4301 0.6
      vertex -14.8556 21.216 0.6
    endloop
  endfacet
  facet normal 0.537331 -0.843372 0
    outer loop
      vertex -12.95 22.4301 0.6
      vertex -14.8556 21.216 0
      vertex -12.95 22.4301 0
    endloop
  endfacet
  facet normal 0.887015 0.461741 0
    outer loop
      vertex -22.4301 -12.95 0.6
      vertex -23.4734 -10.9458 0
      vertex -23.4734 -10.9458 0.6
    endloop
  endfacet
  facet normal 0.887015 0.461741 0
    outer loop
      vertex -23.4734 -10.9458 0
      vertex -22.4301 -12.95 0.6
      vertex -22.4301 -12.95 0
    endloop
  endfacet
  facet normal -0.30073 -0.953709 0
    outer loop
      vertex 6.70341 25.0175 0
      vertex 8.85832 24.338 0.6
      vertex 6.70341 25.0175 0.6
    endloop
  endfacet
  facet normal -0.30073 -0.953709 -0
    outer loop
      vertex 8.85832 24.338 0.6
      vertex 6.70341 25.0175 0
      vertex 8.85832 24.338 0
    endloop
  endfacet
  facet normal 0.737303 0.675562 0
    outer loop
      vertex -18.3141 -18.3141 0.6
      vertex -19.8405 -16.6482 0
      vertex -19.8405 -16.6482 0.6
    endloop
  endfacet
  facet normal 0.737303 0.675562 0
    outer loop
      vertex -19.8405 -16.6482 0
      vertex -18.3141 -18.3141 0.6
      vertex -18.3141 -18.3141 0
    endloop
  endfacet
  facet normal -0.843372 0.537331 0
    outer loop
      vertex 21.216 -14.8556 0
      vertex 22.4301 -12.95 0.6
      vertex 22.4301 -12.95 0
    endloop
  endfacet
  facet normal -0.843372 0.537331 0
    outer loop
      vertex 22.4301 -12.95 0.6
      vertex 21.216 -14.8556 0
      vertex 21.216 -14.8556 0.6
    endloop
  endfacet
  facet normal -0.461741 -0.887015 0
    outer loop
      vertex 10.9458 23.4734 0
      vertex 12.95 22.4301 0.6
      vertex 10.9458 23.4734 0.6
    endloop
  endfacet
  facet normal -0.461741 -0.887015 -0
    outer loop
      vertex 12.95 22.4301 0.6
      vertex 10.9458 23.4734 0
      vertex 12.95 22.4301 0
    endloop
  endfacet
  facet normal 0.9763 0.216422 0
    outer loop
      vertex -25.0175 -6.70341 0.6
      vertex -25.5065 -4.49749 0
      vertex -25.5065 -4.49749 0.6
    endloop
  endfacet
  facet normal 0.9763 0.216422 0
    outer loop
      vertex -25.5065 -4.49749 0
      vertex -25.0175 -6.70341 0.6
      vertex -25.0175 -6.70341 0
    endloop
  endfacet
  facet normal -0.793356 0.608759 0
    outer loop
      vertex 19.8405 -16.6482 0
      vertex 21.216 -14.8556 0.6
      vertex 21.216 -14.8556 0
    endloop
  endfacet
  facet normal -0.793356 0.608759 0
    outer loop
      vertex 21.216 -14.8556 0.6
      vertex 19.8405 -16.6482 0
      vertex 19.8405 -16.6482 0.6
    endloop
  endfacet
  facet normal -0.0436383 -0.999047 0
    outer loop
      vertex 0 25.9 0
      vertex 2.25733 25.8014 0.6
      vertex 0 25.9 0.6
    endloop
  endfacet
  facet normal -0.0436383 -0.999047 -0
    outer loop
      vertex 2.25733 25.8014 0.6
      vertex 0 25.9 0
      vertex 2.25733 25.8014 0
    endloop
  endfacet
  facet normal -0.953709 -0.30073 0
    outer loop
      vertex 25.0175 6.70341 0
      vertex 24.338 8.85832 0.6
      vertex 24.338 8.85832 0
    endloop
  endfacet
  facet normal -0.953709 -0.30073 0
    outer loop
      vertex 24.338 8.85832 0.6
      vertex 25.0175 6.70341 0
      vertex 25.0175 6.70341 0.6
    endloop
  endfacet
  facet normal -0.843372 -0.537331 0
    outer loop
      vertex 22.4301 12.95 0
      vertex 21.216 14.8556 0.6
      vertex 21.216 14.8556 0
    endloop
  endfacet
  facet normal -0.843372 -0.537331 0
    outer loop
      vertex 21.216 14.8556 0.6
      vertex 22.4301 12.95 0
      vertex 22.4301 12.95 0.6
    endloop
  endfacet
  facet normal 0.675562 -0.737303 0
    outer loop
      vertex -18.3141 18.3141 0
      vertex -16.6482 19.8405 0.6
      vertex -18.3141 18.3141 0.6
    endloop
  endfacet
  facet normal 0.675562 -0.737303 0
    outer loop
      vertex -16.6482 19.8405 0.6
      vertex -18.3141 18.3141 0
      vertex -16.6482 19.8405 0
    endloop
  endfacet
  facet normal 0.130516 0.991446 -0
    outer loop
      vertex -2.25733 -25.8014 0
      vertex -4.49749 -25.5065 0.6
      vertex -2.25733 -25.8014 0.6
    endloop
  endfacet
  facet normal 0.130516 0.991446 0
    outer loop
      vertex -4.49749 -25.5065 0.6
      vertex -2.25733 -25.8014 0
      vertex -4.49749 -25.5065 0
    endloop
  endfacet
  facet normal 0.537331 0.843372 -0
    outer loop
      vertex -12.95 -22.4301 0
      vertex -14.8556 -21.216 0.6
      vertex -12.95 -22.4301 0.6
    endloop
  endfacet
  facet normal 0.537331 0.843372 0
    outer loop
      vertex -14.8556 -21.216 0.6
      vertex -12.95 -22.4301 0
      vertex -14.8556 -21.216 0
    endloop
  endfacet
  facet normal -0.923889 0.38266 0
    outer loop
      vertex 23.4734 -10.9458 0
      vertex 24.338 -8.85832 0.6
      vertex 24.338 -8.85832 0
    endloop
  endfacet
  facet normal -0.923889 0.38266 0
    outer loop
      vertex 24.338 -8.85832 0.6
      vertex 23.4734 -10.9458 0
      vertex 23.4734 -10.9458 0.6
    endloop
  endfacet
  facet normal 0.461741 0.887015 -0
    outer loop
      vertex -10.9458 -23.4734 0
      vertex -12.95 -22.4301 0.6
      vertex -10.9458 -23.4734 0.6
    endloop
  endfacet
  facet normal 0.461741 0.887015 0
    outer loop
      vertex -12.95 -22.4301 0.6
      vertex -10.9458 -23.4734 0
      vertex -12.95 -22.4301 0
    endloop
  endfacet
  facet normal -0.887015 0.461741 0
    outer loop
      vertex 22.4301 -12.95 0
      vertex 23.4734 -10.9458 0.6
      vertex 23.4734 -10.9458 0
    endloop
  endfacet
  facet normal -0.887015 0.461741 0
    outer loop
      vertex 23.4734 -10.9458 0.6
      vertex 22.4301 -12.95 0
      vertex 22.4301 -12.95 0.6
    endloop
  endfacet
  facet normal -0.999047 -0.0436383 0
    outer loop
      vertex 25.9 0 0
      vertex 25.8014 2.25733 0.6
      vertex 25.8014 2.25733 0
    endloop
  endfacet
  facet normal -0.999047 -0.0436383 0
    outer loop
      vertex 25.8014 2.25733 0.6
      vertex 25.9 0 0
      vertex 25.9 0 0.6
    endloop
  endfacet
  facet normal -0.991446 -0.130516 0
    outer loop
      vertex 25.8014 2.25733 0
      vertex 25.5065 4.49749 0.6
      vertex 25.5065 4.49749 0
    endloop
  endfacet
  facet normal -0.991446 -0.130516 0
    outer loop
      vertex 25.5065 4.49749 0.6
      vertex 25.8014 2.25733 0
      vertex 25.8014 2.25733 0.6
    endloop
  endfacet
  facet normal 0.675562 0.737303 -0
    outer loop
      vertex -16.6482 -19.8405 0
      vertex -18.3141 -18.3141 0.6
      vertex -16.6482 -19.8405 0.6
    endloop
  endfacet
  facet normal 0.675562 0.737303 0
    outer loop
      vertex -18.3141 -18.3141 0.6
      vertex -16.6482 -19.8405 0
      vertex -18.3141 -18.3141 0
    endloop
  endfacet
  facet normal 0.0436383 -0.999047 0
    outer loop
      vertex -2.25733 25.8014 0
      vertex 0 25.9 0.6
      vertex -2.25733 25.8014 0.6
    endloop
  endfacet
  facet normal 0.0436383 -0.999047 0
    outer loop
      vertex 0 25.9 0.6
      vertex -2.25733 25.8014 0
      vertex 0 25.9 0
    endloop
  endfacet
  facet normal -0.537331 -0.843372 0
    outer loop
      vertex 12.95 22.4301 0
      vertex 14.8556 21.216 0.6
      vertex 12.95 22.4301 0.6
    endloop
  endfacet
  facet normal -0.537331 -0.843372 -0
    outer loop
      vertex 14.8556 21.216 0.6
      vertex 12.95 22.4301 0
      vertex 14.8556 21.216 0
    endloop
  endfacet
  facet normal 0.38266 0.923889 -0
    outer loop
      vertex -8.85832 -24.338 0
      vertex -10.9458 -23.4734 0.6
      vertex -8.85832 -24.338 0.6
    endloop
  endfacet
  facet normal 0.38266 0.923889 0
    outer loop
      vertex -10.9458 -23.4734 0.6
      vertex -8.85832 -24.338 0
      vertex -10.9458 -23.4734 0
    endloop
  endfacet
  facet normal 0.999047 -0.0436383 0
    outer loop
      vertex -25.9 0 0.6
      vertex -25.8014 2.25733 0
      vertex -25.8014 2.25733 0.6
    endloop
  endfacet
  facet normal 0.999047 -0.0436383 0
    outer loop
      vertex -25.8014 2.25733 0
      vertex -25.9 0 0.6
      vertex -25.9 0 0
    endloop
  endfacet
  facet normal 0.0436383 0.999047 -0
    outer loop
      vertex 0 -25.9 0
      vertex -2.25733 -25.8014 0.6
      vertex 0 -25.9 0.6
    endloop
  endfacet
  facet normal 0.0436383 0.999047 0
    outer loop
      vertex -2.25733 -25.8014 0.6
      vertex 0 -25.9 0
      vertex -2.25733 -25.8014 0
    endloop
  endfacet
  facet normal 0.887015 -0.461741 0
    outer loop
      vertex -23.4734 10.9458 0.6
      vertex -22.4301 12.95 0
      vertex -22.4301 12.95 0.6
    endloop
  endfacet
  facet normal 0.887015 -0.461741 0
    outer loop
      vertex -22.4301 12.95 0
      vertex -23.4734 10.9458 0.6
      vertex -23.4734 10.9458 0
    endloop
  endfacet
  facet normal -0.38266 -0.923889 0
    outer loop
      vertex 8.85832 24.338 0
      vertex 10.9458 23.4734 0.6
      vertex 8.85832 24.338 0.6
    endloop
  endfacet
  facet normal -0.38266 -0.923889 -0
    outer loop
      vertex 10.9458 23.4734 0.6
      vertex 8.85832 24.338 0
      vertex 10.9458 23.4734 0
    endloop
  endfacet
  facet normal 0.793356 0.608759 0
    outer loop
      vertex -19.8405 -16.6482 0.6
      vertex -21.216 -14.8556 0
      vertex -21.216 -14.8556 0.6
    endloop
  endfacet
  facet normal 0.793356 0.608759 0
    outer loop
      vertex -21.216 -14.8556 0
      vertex -19.8405 -16.6482 0.6
      vertex -19.8405 -16.6482 0
    endloop
  endfacet
  facet normal 0.737303 -0.675562 0
    outer loop
      vertex -19.8405 16.6482 0.6
      vertex -18.3141 18.3141 0
      vertex -18.3141 18.3141 0.6
    endloop
  endfacet
  facet normal 0.737303 -0.675562 0
    outer loop
      vertex -18.3141 18.3141 0
      vertex -19.8405 16.6482 0.6
      vertex -19.8405 16.6482 0
    endloop
  endfacet
  facet normal 0.991446 -0.130516 0
    outer loop
      vertex -25.8014 2.25733 0.6
      vertex -25.5065 4.49749 0
      vertex -25.5065 4.49749 0.6
    endloop
  endfacet
  facet normal 0.991446 -0.130516 0
    outer loop
      vertex -25.5065 4.49749 0
      vertex -25.8014 2.25733 0.6
      vertex -25.8014 2.25733 0
    endloop
  endfacet
  facet normal -0.216422 -0.9763 0
    outer loop
      vertex 4.49749 25.5065 0
      vertex 6.70341 25.0175 0.6
      vertex 4.49749 25.5065 0.6
    endloop
  endfacet
  facet normal -0.216422 -0.9763 -0
    outer loop
      vertex 6.70341 25.0175 0.6
      vertex 4.49749 25.5065 0
      vertex 6.70341 25.0175 0
    endloop
  endfacet
  facet normal -0.887015 -0.461741 0
    outer loop
      vertex 23.4734 10.9458 0
      vertex 22.4301 12.95 0.6
      vertex 22.4301 12.95 0
    endloop
  endfacet
  facet normal -0.887015 -0.461741 0
    outer loop
      vertex 22.4301 12.95 0.6
      vertex 23.4734 10.9458 0
      vertex 23.4734 10.9458 0.6
    endloop
  endfacet
  facet normal -0.608759 -0.793356 0
    outer loop
      vertex 14.8556 21.216 0
      vertex 16.6482 19.8405 0.6
      vertex 14.8556 21.216 0.6
    endloop
  endfacet
  facet normal -0.608759 -0.793356 -0
    outer loop
      vertex 16.6482 19.8405 0.6
      vertex 14.8556 21.216 0
      vertex 16.6482 19.8405 0
    endloop
  endfacet
  facet normal 0.9763 -0.216422 0
    outer loop
      vertex -25.5065 4.49749 0.6
      vertex -25.0175 6.70341 0
      vertex -25.0175 6.70341 0.6
    endloop
  endfacet
  facet normal 0.9763 -0.216422 0
    outer loop
      vertex -25.0175 6.70341 0
      vertex -25.5065 4.49749 0.6
      vertex -25.5065 4.49749 0
    endloop
  endfacet
  facet normal -0.675562 0.737303 0
    outer loop
      vertex 18.3141 -18.3141 0
      vertex 16.6482 -19.8405 0.6
      vertex 18.3141 -18.3141 0.6
    endloop
  endfacet
  facet normal -0.675562 0.737303 0
    outer loop
      vertex 16.6482 -19.8405 0.6
      vertex 18.3141 -18.3141 0
      vertex 16.6482 -19.8405 0
    endloop
  endfacet
  facet normal 0.999047 0.0436383 0
    outer loop
      vertex -25.8014 -2.25733 0.6
      vertex -25.9 0 0
      vertex -25.9 0 0.6
    endloop
  endfacet
  facet normal 0.999047 0.0436383 0
    outer loop
      vertex -25.9 0 0
      vertex -25.8014 -2.25733 0.6
      vertex -25.8014 -2.25733 0
    endloop
  endfacet
  facet normal 0.38266 -0.923889 0
    outer loop
      vertex -10.9458 23.4734 0
      vertex -8.85832 24.338 0.6
      vertex -10.9458 23.4734 0.6
    endloop
  endfacet
  facet normal 0.38266 -0.923889 0
    outer loop
      vertex -8.85832 24.338 0.6
      vertex -10.9458 23.4734 0
      vertex -8.85832 24.338 0
    endloop
  endfacet
  facet normal -0.737303 -0.675562 0
    outer loop
      vertex 19.8405 16.6482 0
      vertex 18.3141 18.3141 0.6
      vertex 18.3141 18.3141 0
    endloop
  endfacet
  facet normal -0.737303 -0.675562 0
    outer loop
      vertex 18.3141 18.3141 0.6
      vertex 19.8405 16.6482 0
      vertex 19.8405 16.6482 0.6
    endloop
  endfacet
  facet normal 0.130516 -0.991446 0
    outer loop
      vertex -4.49749 25.5065 0
      vertex -2.25733 25.8014 0.6
      vertex -4.49749 25.5065 0.6
    endloop
  endfacet
  facet normal 0.130516 -0.991446 0
    outer loop
      vertex -2.25733 25.8014 0.6
      vertex -4.49749 25.5065 0
      vertex -2.25733 25.8014 0
    endloop
  endfacet
  facet normal -0.675562 -0.737303 0
    outer loop
      vertex 16.6482 19.8405 0
      vertex 18.3141 18.3141 0.6
      vertex 16.6482 19.8405 0.6
    endloop
  endfacet
  facet normal -0.675562 -0.737303 -0
    outer loop
      vertex 18.3141 18.3141 0.6
      vertex 16.6482 19.8405 0
      vertex 18.3141 18.3141 0
    endloop
  endfacet
  facet normal 0.216422 -0.9763 0
    outer loop
      vertex -6.70341 25.0175 0
      vertex -4.49749 25.5065 0.6
      vertex -6.70341 25.0175 0.6
    endloop
  endfacet
  facet normal 0.216422 -0.9763 0
    outer loop
      vertex -4.49749 25.5065 0.6
      vertex -6.70341 25.0175 0
      vertex -4.49749 25.5065 0
    endloop
  endfacet
  facet normal 0.30073 -0.953709 0
    outer loop
      vertex -8.85832 24.338 0
      vertex -6.70341 25.0175 0.6
      vertex -8.85832 24.338 0.6
    endloop
  endfacet
  facet normal 0.30073 -0.953709 0
    outer loop
      vertex -6.70341 25.0175 0.6
      vertex -8.85832 24.338 0
      vertex -6.70341 25.0175 0
    endloop
  endfacet
  facet normal 0.991446 -0.130521 0
    outer loop
      vertex 24.7187 -4.35857 0.6
      vertex 25.0045 -2.18761 0
      vertex 25.0045 -2.18761 0.6
    endloop
  endfacet
  facet normal 0.991446 -0.130521 0
    outer loop
      vertex 25.0045 -2.18761 0
      vertex 24.7187 -4.35857 0.6
      vertex 24.7187 -4.35857 0
    endloop
  endfacet
  facet normal 0.999048 -0.0436134 0
    outer loop
      vertex 25.0045 -2.18761 0.6
      vertex 25.1 0 0
      vertex 25.1 0 0.6
    endloop
  endfacet
  facet normal 0.999048 -0.0436134 0
    outer loop
      vertex 25.1 0 0
      vertex 25.0045 -2.18761 0.6
      vertex 25.0045 -2.18761 0
    endloop
  endfacet
  facet normal 0.97629 -0.216467 0
    outer loop
      vertex 24.2447 -6.49636 0.6
      vertex 24.7187 -4.35857 0
      vertex 24.7187 -4.35857 0.6
    endloop
  endfacet
  facet normal 0.97629 -0.216467 0
    outer loop
      vertex 24.7187 -4.35857 0
      vertex 24.2447 -6.49636 0.6
      vertex 24.2447 -6.49636 0
    endloop
  endfacet
  facet normal 0.300683 0.953724 -0
    outer loop
      vertex 8.58471 23.5863 0
      vertex 6.49636 24.2447 0.6
      vertex 8.58471 23.5863 0.6
    endloop
  endfacet
  facet normal 0.300683 0.953724 0
    outer loop
      vertex 6.49636 24.2447 0.6
      vertex 8.58471 23.5863 0
      vertex 6.49636 24.2447 0
    endloop
  endfacet
  facet normal 0.88701 0.46175 0
    outer loop
      vertex 22.7483 10.6077 0.6
      vertex 21.7372 12.55 0
      vertex 21.7372 12.55 0.6
    endloop
  endfacet
  facet normal 0.88701 0.46175 0
    outer loop
      vertex 21.7372 12.55 0
      vertex 22.7483 10.6077 0.6
      vertex 22.7483 10.6077 0
    endloop
  endfacet
  facet normal -0.608761 0.793353 0
    outer loop
      vertex -14.3968 20.5607 0
      vertex -16.134 19.2277 0.6
      vertex -14.3968 20.5607 0.6
    endloop
  endfacet
  facet normal -0.608761 0.793353 0
    outer loop
      vertex -16.134 19.2277 0.6
      vertex -14.3968 20.5607 0
      vertex -16.134 19.2277 0
    endloop
  endfacet
  facet normal 0.46175 0.88701 -0
    outer loop
      vertex 12.55 21.7372 0
      vertex 10.6077 22.7483 0.6
      vertex 12.55 21.7372 0.6
    endloop
  endfacet
  facet normal 0.46175 0.88701 0
    outer loop
      vertex 10.6077 22.7483 0.6
      vertex 12.55 21.7372 0
      vertex 10.6077 22.7483 0
    endloop
  endfacet
  facet normal -0.382703 -0.923871 0
    outer loop
      vertex -10.6077 -22.7483 0
      vertex -8.58471 -23.5863 0.6
      vertex -10.6077 -22.7483 0.6
    endloop
  endfacet
  facet normal -0.382703 -0.923871 -0
    outer loop
      vertex -8.58471 -23.5863 0.6
      vertex -10.6077 -22.7483 0
      vertex -8.58471 -23.5863 0
    endloop
  endfacet
  facet normal 0.793353 -0.608761 0
    outer loop
      vertex 19.2277 -16.134 0.6
      vertex 20.5607 -14.3968 0
      vertex 20.5607 -14.3968 0.6
    endloop
  endfacet
  facet normal 0.793353 -0.608761 0
    outer loop
      vertex 20.5607 -14.3968 0
      vertex 19.2277 -16.134 0.6
      vertex 19.2277 -16.134 0
    endloop
  endfacet
  facet normal -0.67581 0.737076 0
    outer loop
      vertex -16.134 19.2277 0
      vertex -16.2904 19.0843 0.6
      vertex -16.134 19.2277 0.6
    endloop
  endfacet
  facet normal -0.67581 0.737076 0
    outer loop
      vertex -16.2904 19.0843 0.6
      vertex -16.134 19.2277 0
      vertex -16.2904 19.0843 0
    endloop
  endfacet
  facet normal 0.216467 0.97629 -0
    outer loop
      vertex 6.49636 24.2447 0
      vertex 4.35857 24.7187 0.6
      vertex 6.49636 24.2447 0.6
    endloop
  endfacet
  facet normal 0.216467 0.97629 0
    outer loop
      vertex 4.35857 24.7187 0.6
      vertex 6.49636 24.2447 0
      vertex 4.35857 24.7187 0
    endloop
  endfacet
  facet normal -0.216467 -0.97629 0
    outer loop
      vertex -6.49636 -24.2447 0
      vertex -4.35857 -24.7187 0.6
      vertex -6.49636 -24.2447 0.6
    endloop
  endfacet
  facet normal -0.216467 -0.97629 -0
    outer loop
      vertex -4.35857 -24.7187 0.6
      vertex -6.49636 -24.2447 0
      vertex -4.35857 -24.7187 0
    endloop
  endfacet
  facet normal -0.953724 0.300683 0
    outer loop
      vertex -24.2447 6.49636 0
      vertex -23.5863 8.58471 0.6
      vertex -23.5863 8.58471 0
    endloop
  endfacet
  facet normal -0.953724 0.300683 0
    outer loop
      vertex -23.5863 8.58471 0.6
      vertex -24.2447 6.49636 0
      vertex -24.2447 6.49636 0.6
    endloop
  endfacet
  facet normal 0.793353 0.608761 0
    outer loop
      vertex 20.5607 14.3968 0.6
      vertex 19.2277 16.134 0
      vertex 19.2277 16.134 0.6
    endloop
  endfacet
  facet normal 0.793353 0.608761 0
    outer loop
      vertex 19.2277 16.134 0
      vertex 20.5607 14.3968 0.6
      vertex 20.5607 14.3968 0
    endloop
  endfacet
  facet normal -0.923871 -0.382703 0
    outer loop
      vertex -22.7483 -10.6077 0
      vertex -23.5863 -8.58471 0.6
      vertex -23.5863 -8.58471 0
    endloop
  endfacet
  facet normal -0.923871 -0.382703 0
    outer loop
      vertex -23.5863 -8.58471 0.6
      vertex -22.7483 -10.6077 0
      vertex -22.7483 -10.6077 0.6
    endloop
  endfacet
  facet normal 0.608761 0.793353 -0
    outer loop
      vertex 16.134 19.2277 0
      vertex 14.3968 20.5607 0.6
      vertex 16.134 19.2277 0.6
    endloop
  endfacet
  facet normal 0.608761 0.793353 0
    outer loop
      vertex 14.3968 20.5607 0.6
      vertex 16.134 19.2277 0
      vertex 14.3968 20.5607 0
    endloop
  endfacet
  facet normal -0.537286 -0.8434 0
    outer loop
      vertex -14.3968 -20.5607 0
      vertex -12.55 -21.7372 0.6
      vertex -14.3968 -20.5607 0.6
    endloop
  endfacet
  facet normal -0.537286 -0.8434 -0
    outer loop
      vertex -12.55 -21.7372 0.6
      vertex -14.3968 -20.5607 0
      vertex -12.55 -21.7372 0
    endloop
  endfacet
  facet normal 0.67581 -0.737076 0
    outer loop
      vertex 16.134 -19.2277 0
      vertex 16.2904 -19.0843 0.6
      vertex 16.134 -19.2277 0.6
    endloop
  endfacet
  facet normal 0.67581 -0.737076 0
    outer loop
      vertex 16.2904 -19.0843 0.6
      vertex 16.134 -19.2277 0
      vertex 16.2904 -19.0843 0
    endloop
  endfacet
  facet normal 0.130521 0.991446 -0
    outer loop
      vertex 4.35857 24.7187 0
      vertex 2.18761 25.0045 0.6
      vertex 4.35857 24.7187 0.6
    endloop
  endfacet
  facet normal 0.130521 0.991446 0
    outer loop
      vertex 2.18761 25.0045 0.6
      vertex 4.35857 24.7187 0
      vertex 2.18761 25.0045 0
    endloop
  endfacet
  facet normal -0.8434 0.537286 0
    outer loop
      vertex -21.7372 12.55 0
      vertex -20.5607 14.3968 0.6
      vertex -20.5607 14.3968 0
    endloop
  endfacet
  facet normal -0.8434 0.537286 0
    outer loop
      vertex -20.5607 14.3968 0.6
      vertex -21.7372 12.55 0
      vertex -21.7372 12.55 0.6
    endloop
  endfacet
  facet normal 0.537286 -0.8434 0
    outer loop
      vertex 12.55 -21.7372 0
      vertex 14.3968 -20.5607 0.6
      vertex 12.55 -21.7372 0.6
    endloop
  endfacet
  facet normal 0.537286 -0.8434 0
    outer loop
      vertex 14.3968 -20.5607 0.6
      vertex 12.55 -21.7372 0
      vertex 14.3968 -20.5607 0
    endloop
  endfacet
  facet normal 0.953724 0.300683 0
    outer loop
      vertex 24.2447 6.49636 0.6
      vertex 23.5863 8.58471 0
      vertex 23.5863 8.58471 0.6
    endloop
  endfacet
  facet normal 0.953724 0.300683 0
    outer loop
      vertex 23.5863 8.58471 0
      vertex 24.2447 6.49636 0.6
      vertex 24.2447 6.49636 0
    endloop
  endfacet
  facet normal 0.999048 0.0436134 0
    outer loop
      vertex 25.1 0 0.6
      vertex 25.0045 2.18761 0
      vertex 25.0045 2.18761 0.6
    endloop
  endfacet
  facet normal 0.999048 0.0436134 0
    outer loop
      vertex 25.0045 2.18761 0
      vertex 25.1 0 0.6
      vertex 25.1 0 0
    endloop
  endfacet
  facet normal -0.608761 -0.793353 0
    outer loop
      vertex -16.134 -19.2277 0
      vertex -14.3968 -20.5607 0.6
      vertex -16.134 -19.2277 0.6
    endloop
  endfacet
  facet normal -0.608761 -0.793353 -0
    outer loop
      vertex -14.3968 -20.5607 0.6
      vertex -16.134 -19.2277 0
      vertex -14.3968 -20.5607 0
    endloop
  endfacet
  facet normal -0.793353 0.608761 0
    outer loop
      vertex -20.5607 14.3968 0
      vertex -19.2277 16.134 0.6
      vertex -19.2277 16.134 0
    endloop
  endfacet
  facet normal -0.793353 0.608761 0
    outer loop
      vertex -19.2277 16.134 0.6
      vertex -20.5607 14.3968 0
      vertex -20.5607 14.3968 0.6
    endloop
  endfacet
  facet normal 0.46175 -0.88701 0
    outer loop
      vertex 10.6077 -22.7483 0
      vertex 12.55 -21.7372 0.6
      vertex 10.6077 -22.7483 0.6
    endloop
  endfacet
  facet normal 0.46175 -0.88701 0
    outer loop
      vertex 12.55 -21.7372 0.6
      vertex 10.6077 -22.7483 0
      vertex 12.55 -21.7372 0
    endloop
  endfacet
  facet normal -0.382703 0.923871 0
    outer loop
      vertex -8.58471 23.5863 0
      vertex -10.6077 22.7483 0.6
      vertex -8.58471 23.5863 0.6
    endloop
  endfacet
  facet normal -0.382703 0.923871 0
    outer loop
      vertex -10.6077 22.7483 0.6
      vertex -8.58471 23.5863 0
      vertex -10.6077 22.7483 0
    endloop
  endfacet
  facet normal -0.130521 -0.991446 0
    outer loop
      vertex -4.35857 -24.7187 0
      vertex -2.18761 -25.0045 0.6
      vertex -4.35857 -24.7187 0.6
    endloop
  endfacet
  facet normal -0.130521 -0.991446 -0
    outer loop
      vertex -2.18761 -25.0045 0.6
      vertex -4.35857 -24.7187 0
      vertex -2.18761 -25.0045 0
    endloop
  endfacet
  facet normal -0.923871 0.382703 0
    outer loop
      vertex -23.5863 8.58471 0
      vertex -22.7483 10.6077 0.6
      vertex -22.7483 10.6077 0
    endloop
  endfacet
  facet normal -0.923871 0.382703 0
    outer loop
      vertex -22.7483 10.6077 0.6
      vertex -23.5863 8.58471 0
      vertex -23.5863 8.58471 0.6
    endloop
  endfacet
  facet normal 0.608761 -0.793353 0
    outer loop
      vertex 14.3968 -20.5607 0
      vertex 16.134 -19.2277 0.6
      vertex 14.3968 -20.5607 0.6
    endloop
  endfacet
  facet normal 0.608761 -0.793353 0
    outer loop
      vertex 16.134 -19.2277 0.6
      vertex 14.3968 -20.5607 0
      vertex 16.134 -19.2277 0
    endloop
  endfacet
  facet normal -0.737076 0.67581 0
    outer loop
      vertex -19.2277 16.134 0
      vertex -19.0843 16.2904 0.6
      vertex -19.0843 16.2904 0
    endloop
  endfacet
  facet normal -0.737076 0.67581 0
    outer loop
      vertex -19.0843 16.2904 0.6
      vertex -19.2277 16.134 0
      vertex -19.2277 16.134 0.6
    endloop
  endfacet
  facet normal -0.793353 -0.608761 0
    outer loop
      vertex -19.2277 -16.134 0
      vertex -20.5607 -14.3968 0.6
      vertex -20.5607 -14.3968 0
    endloop
  endfacet
  facet normal -0.793353 -0.608761 0
    outer loop
      vertex -20.5607 -14.3968 0.6
      vertex -19.2277 -16.134 0
      vertex -19.2277 -16.134 0.6
    endloop
  endfacet
  facet normal 0.8434 -0.537286 0
    outer loop
      vertex 20.5607 -14.3968 0.6
      vertex 21.7372 -12.55 0
      vertex 21.7372 -12.55 0.6
    endloop
  endfacet
  facet normal 0.8434 -0.537286 0
    outer loop
      vertex 21.7372 -12.55 0
      vertex 20.5607 -14.3968 0.6
      vertex 20.5607 -14.3968 0
    endloop
  endfacet
  facet normal -0.216467 0.97629 0
    outer loop
      vertex -4.35857 24.7187 0
      vertex -6.49636 24.2447 0.6
      vertex -4.35857 24.7187 0.6
    endloop
  endfacet
  facet normal -0.216467 0.97629 0
    outer loop
      vertex -6.49636 24.2447 0.6
      vertex -4.35857 24.7187 0
      vertex -6.49636 24.2447 0
    endloop
  endfacet
  facet normal 0.97629 0.216467 0
    outer loop
      vertex 24.7187 4.35857 0.6
      vertex 24.2447 6.49636 0
      vertex 24.2447 6.49636 0.6
    endloop
  endfacet
  facet normal 0.97629 0.216467 0
    outer loop
      vertex 24.2447 6.49636 0
      vertex 24.7187 4.35857 0.6
      vertex 24.7187 4.35857 0
    endloop
  endfacet
  facet normal -0.953724 -0.300683 0
    outer loop
      vertex -23.5863 -8.58471 0
      vertex -24.2447 -6.49636 0.6
      vertex -24.2447 -6.49636 0
    endloop
  endfacet
  facet normal -0.953724 -0.300683 0
    outer loop
      vertex -24.2447 -6.49636 0.6
      vertex -23.5863 -8.58471 0
      vertex -23.5863 -8.58471 0.6
    endloop
  endfacet
  facet normal 0.953724 -0.300683 0
    outer loop
      vertex 23.5863 -8.58471 0.6
      vertex 24.2447 -6.49636 0
      vertex 24.2447 -6.49636 0.6
    endloop
  endfacet
  facet normal 0.953724 -0.300683 0
    outer loop
      vertex 24.2447 -6.49636 0
      vertex 23.5863 -8.58471 0.6
      vertex 23.5863 -8.58471 0
    endloop
  endfacet
  facet normal 0.8434 0.537286 0
    outer loop
      vertex 21.7372 12.55 0.6
      vertex 20.5607 14.3968 0
      vertex 20.5607 14.3968 0.6
    endloop
  endfacet
  facet normal 0.8434 0.537286 0
    outer loop
      vertex 20.5607 14.3968 0
      vertex 21.7372 12.55 0.6
      vertex 21.7372 12.55 0
    endloop
  endfacet
  facet normal -0.737076 -0.67581 0
    outer loop
      vertex -19.0843 -16.2904 0
      vertex -19.2277 -16.134 0.6
      vertex -19.2277 -16.134 0
    endloop
  endfacet
  facet normal -0.737076 -0.67581 0
    outer loop
      vertex -19.2277 -16.134 0.6
      vertex -19.0843 -16.2904 0
      vertex -19.0843 -16.2904 0.6
    endloop
  endfacet
  facet normal 0.382703 -0.923871 0
    outer loop
      vertex 8.58471 -23.5863 0
      vertex 10.6077 -22.7483 0.6
      vertex 8.58471 -23.5863 0.6
    endloop
  endfacet
  facet normal 0.382703 -0.923871 0
    outer loop
      vertex 10.6077 -22.7483 0.6
      vertex 8.58471 -23.5863 0
      vertex 10.6077 -22.7483 0
    endloop
  endfacet
  facet normal 0.130521 -0.991446 0
    outer loop
      vertex 2.18761 -25.0045 0
      vertex 4.35857 -24.7187 0.6
      vertex 2.18761 -25.0045 0.6
    endloop
  endfacet
  facet normal 0.130521 -0.991446 0
    outer loop
      vertex 4.35857 -24.7187 0.6
      vertex 2.18761 -25.0045 0
      vertex 4.35857 -24.7187 0
    endloop
  endfacet
  facet normal 0.737076 -0.67581 0
    outer loop
      vertex 19.0843 -16.2904 0.6
      vertex 19.2277 -16.134 0
      vertex 19.2277 -16.134 0.6
    endloop
  endfacet
  facet normal 0.737076 -0.67581 0
    outer loop
      vertex 19.2277 -16.134 0
      vertex 19.0843 -16.2904 0.6
      vertex 19.0843 -16.2904 0
    endloop
  endfacet
  facet normal -0.88701 -0.46175 0
    outer loop
      vertex -21.7372 -12.55 0
      vertex -22.7483 -10.6077 0.6
      vertex -22.7483 -10.6077 0
    endloop
  endfacet
  facet normal -0.88701 -0.46175 0
    outer loop
      vertex -22.7483 -10.6077 0.6
      vertex -21.7372 -12.55 0
      vertex -21.7372 -12.55 0.6
    endloop
  endfacet
  facet normal -0.97629 -0.216467 0
    outer loop
      vertex -24.2447 -6.49636 0
      vertex -24.7187 -4.35857 0.6
      vertex -24.7187 -4.35857 0
    endloop
  endfacet
  facet normal -0.97629 -0.216467 0
    outer loop
      vertex -24.7187 -4.35857 0.6
      vertex -24.2447 -6.49636 0
      vertex -24.2447 -6.49636 0.6
    endloop
  endfacet
  facet normal -0.97629 0.216467 0
    outer loop
      vertex -24.7187 4.35857 0
      vertex -24.2447 6.49636 0.6
      vertex -24.2447 6.49636 0
    endloop
  endfacet
  facet normal -0.97629 0.216467 0
    outer loop
      vertex -24.2447 6.49636 0.6
      vertex -24.7187 4.35857 0
      vertex -24.7187 4.35857 0.6
    endloop
  endfacet
  facet normal 0.923871 -0.382703 0
    outer loop
      vertex 22.7483 -10.6077 0.6
      vertex 23.5863 -8.58471 0
      vertex 23.5863 -8.58471 0.6
    endloop
  endfacet
  facet normal 0.923871 -0.382703 0
    outer loop
      vertex 23.5863 -8.58471 0
      vertex 22.7483 -10.6077 0.6
      vertex 22.7483 -10.6077 0
    endloop
  endfacet
  facet normal -0.991446 -0.130521 0
    outer loop
      vertex -24.7187 -4.35857 0
      vertex -25.0045 -2.18761 0.6
      vertex -25.0045 -2.18761 0
    endloop
  endfacet
  facet normal -0.991446 -0.130521 0
    outer loop
      vertex -25.0045 -2.18761 0.6
      vertex -24.7187 -4.35857 0
      vertex -24.7187 -4.35857 0.6
    endloop
  endfacet
  facet normal 0.382703 0.923871 -0
    outer loop
      vertex 10.6077 22.7483 0
      vertex 8.58471 23.5863 0.6
      vertex 10.6077 22.7483 0.6
    endloop
  endfacet
  facet normal 0.382703 0.923871 0
    outer loop
      vertex 8.58471 23.5863 0.6
      vertex 10.6077 22.7483 0
      vertex 8.58471 23.5863 0
    endloop
  endfacet
  facet normal 0.88701 -0.46175 0
    outer loop
      vertex 21.7372 -12.55 0.6
      vertex 22.7483 -10.6077 0
      vertex 22.7483 -10.6077 0.6
    endloop
  endfacet
  facet normal 0.88701 -0.46175 0
    outer loop
      vertex 22.7483 -10.6077 0
      vertex 21.7372 -12.55 0.6
      vertex 21.7372 -12.55 0
    endloop
  endfacet
  facet normal -0.300683 0.953724 0
    outer loop
      vertex -6.49636 24.2447 0
      vertex -8.58471 23.5863 0.6
      vertex -6.49636 24.2447 0.6
    endloop
  endfacet
  facet normal -0.300683 0.953724 0
    outer loop
      vertex -8.58471 23.5863 0.6
      vertex -6.49636 24.2447 0
      vertex -8.58471 23.5863 0
    endloop
  endfacet
  facet normal -0.67581 -0.737076 0
    outer loop
      vertex -16.2904 -19.0843 0
      vertex -16.134 -19.2277 0.6
      vertex -16.2904 -19.0843 0.6
    endloop
  endfacet
  facet normal -0.67581 -0.737076 -0
    outer loop
      vertex -16.134 -19.2277 0.6
      vertex -16.2904 -19.0843 0
      vertex -16.134 -19.2277 0
    endloop
  endfacet
  facet normal -0.0436134 0.999048 0
    outer loop
      vertex 0 25.1 0
      vertex -2.18761 25.0045 0.6
      vertex 0 25.1 0.6
    endloop
  endfacet
  facet normal -0.0436134 0.999048 0
    outer loop
      vertex -2.18761 25.0045 0.6
      vertex 0 25.1 0
      vertex -2.18761 25.0045 0
    endloop
  endfacet
  facet normal 0.991446 0.130521 0
    outer loop
      vertex 25.0045 2.18761 0.6
      vertex 24.7187 4.35857 0
      vertex 24.7187 4.35857 0.6
    endloop
  endfacet
  facet normal 0.991446 0.130521 0
    outer loop
      vertex 24.7187 4.35857 0
      vertex 25.0045 2.18761 0.6
      vertex 25.0045 2.18761 0
    endloop
  endfacet
  facet normal -0.300683 -0.953724 0
    outer loop
      vertex -8.58471 -23.5863 0
      vertex -6.49636 -24.2447 0.6
      vertex -8.58471 -23.5863 0.6
    endloop
  endfacet
  facet normal -0.300683 -0.953724 -0
    outer loop
      vertex -6.49636 -24.2447 0.6
      vertex -8.58471 -23.5863 0
      vertex -6.49636 -24.2447 0
    endloop
  endfacet
  facet normal -0.999048 0.0436134 0
    outer loop
      vertex -25.1 0 0
      vertex -25.0045 2.18761 0.6
      vertex -25.0045 2.18761 0
    endloop
  endfacet
  facet normal -0.999048 0.0436134 0
    outer loop
      vertex -25.0045 2.18761 0.6
      vertex -25.1 0 0
      vertex -25.1 0 0.6
    endloop
  endfacet
  facet normal -0.0436134 -0.999048 0
    outer loop
      vertex -2.18761 -25.0045 0
      vertex 0 -25.1 0.6
      vertex -2.18761 -25.0045 0.6
    endloop
  endfacet
  facet normal -0.0436134 -0.999048 -0
    outer loop
      vertex 0 -25.1 0.6
      vertex -2.18761 -25.0045 0
      vertex 0 -25.1 0
    endloop
  endfacet
  facet normal 0.0436134 -0.999048 0
    outer loop
      vertex 0 -25.1 0
      vertex 2.18761 -25.0045 0.6
      vertex 0 -25.1 0.6
    endloop
  endfacet
  facet normal 0.0436134 -0.999048 0
    outer loop
      vertex 2.18761 -25.0045 0.6
      vertex 0 -25.1 0
      vertex 2.18761 -25.0045 0
    endloop
  endfacet
  facet normal 0.0436134 0.999048 -0
    outer loop
      vertex 2.18761 25.0045 0
      vertex 0 25.1 0.6
      vertex 2.18761 25.0045 0.6
    endloop
  endfacet
  facet normal 0.0436134 0.999048 0
    outer loop
      vertex 0 25.1 0.6
      vertex 2.18761 25.0045 0
      vertex 0 25.1 0
    endloop
  endfacet
  facet normal -0.991446 0.130521 0
    outer loop
      vertex -25.0045 2.18761 0
      vertex -24.7187 4.35857 0.6
      vertex -24.7187 4.35857 0
    endloop
  endfacet
  facet normal -0.991446 0.130521 0
    outer loop
      vertex -24.7187 4.35857 0.6
      vertex -25.0045 2.18761 0
      vertex -25.0045 2.18761 0.6
    endloop
  endfacet
  facet normal 0.923871 0.382703 0
    outer loop
      vertex 23.5863 8.58471 0.6
      vertex 22.7483 10.6077 0
      vertex 22.7483 10.6077 0.6
    endloop
  endfacet
  facet normal 0.923871 0.382703 0
    outer loop
      vertex 22.7483 10.6077 0
      vertex 23.5863 8.58471 0.6
      vertex 23.5863 8.58471 0
    endloop
  endfacet
  facet normal -0.537286 0.8434 0
    outer loop
      vertex -12.55 21.7372 0
      vertex -14.3968 20.5607 0.6
      vertex -12.55 21.7372 0.6
    endloop
  endfacet
  facet normal -0.537286 0.8434 0
    outer loop
      vertex -14.3968 20.5607 0.6
      vertex -12.55 21.7372 0
      vertex -14.3968 20.5607 0
    endloop
  endfacet
  facet normal -0.88701 0.46175 0
    outer loop
      vertex -22.7483 10.6077 0
      vertex -21.7372 12.55 0.6
      vertex -21.7372 12.55 0
    endloop
  endfacet
  facet normal -0.88701 0.46175 0
    outer loop
      vertex -21.7372 12.55 0.6
      vertex -22.7483 10.6077 0
      vertex -22.7483 10.6077 0.6
    endloop
  endfacet
  facet normal -0.46175 0.88701 0
    outer loop
      vertex -10.6077 22.7483 0
      vertex -12.55 21.7372 0.6
      vertex -10.6077 22.7483 0.6
    endloop
  endfacet
  facet normal -0.46175 0.88701 0
    outer loop
      vertex -12.55 21.7372 0.6
      vertex -10.6077 22.7483 0
      vertex -12.55 21.7372 0
    endloop
  endfacet
  facet normal -0.46175 -0.88701 0
    outer loop
      vertex -12.55 -21.7372 0
      vertex -10.6077 -22.7483 0.6
      vertex -12.55 -21.7372 0.6
    endloop
  endfacet
  facet normal -0.46175 -0.88701 -0
    outer loop
      vertex -10.6077 -22.7483 0.6
      vertex -12.55 -21.7372 0
      vertex -10.6077 -22.7483 0
    endloop
  endfacet
  facet normal -0.999048 -0.0436134 0
    outer loop
      vertex -25.0045 -2.18761 0
      vertex -25.1 0 0.6
      vertex -25.1 0 0
    endloop
  endfacet
  facet normal -0.999048 -0.0436134 0
    outer loop
      vertex -25.1 0 0.6
      vertex -25.0045 -2.18761 0
      vertex -25.0045 -2.18761 0.6
    endloop
  endfacet
  facet normal 0.537286 0.8434 -0
    outer loop
      vertex 14.3968 20.5607 0
      vertex 12.55 21.7372 0.6
      vertex 14.3968 20.5607 0.6
    endloop
  endfacet
  facet normal 0.537286 0.8434 0
    outer loop
      vertex 12.55 21.7372 0.6
      vertex 14.3968 20.5607 0
      vertex 12.55 21.7372 0
    endloop
  endfacet
  facet normal 0.737076 0.67581 0
    outer loop
      vertex 19.2277 16.134 0.6
      vertex 19.0843 16.2904 0
      vertex 19.0843 16.2904 0.6
    endloop
  endfacet
  facet normal 0.737076 0.67581 0
    outer loop
      vertex 19.0843 16.2904 0
      vertex 19.2277 16.134 0.6
      vertex 19.2277 16.134 0
    endloop
  endfacet
  facet normal -0.130521 0.991446 0
    outer loop
      vertex -2.18761 25.0045 0
      vertex -4.35857 24.7187 0.6
      vertex -2.18761 25.0045 0.6
    endloop
  endfacet
  facet normal -0.130521 0.991446 0
    outer loop
      vertex -4.35857 24.7187 0.6
      vertex -2.18761 25.0045 0
      vertex -4.35857 24.7187 0
    endloop
  endfacet
  facet normal 0.67581 0.737076 -0
    outer loop
      vertex 16.2904 19.0843 0
      vertex 16.134 19.2277 0.6
      vertex 16.2904 19.0843 0.6
    endloop
  endfacet
  facet normal 0.67581 0.737076 0
    outer loop
      vertex 16.134 19.2277 0.6
      vertex 16.2904 19.0843 0
      vertex 16.134 19.2277 0
    endloop
  endfacet
  facet normal 0.216467 -0.97629 0
    outer loop
      vertex 4.35857 -24.7187 0
      vertex 6.49636 -24.2447 0.6
      vertex 4.35857 -24.7187 0.6
    endloop
  endfacet
  facet normal 0.216467 -0.97629 0
    outer loop
      vertex 6.49636 -24.2447 0.6
      vertex 4.35857 -24.7187 0
      vertex 6.49636 -24.2447 0
    endloop
  endfacet
  facet normal 0.300683 -0.953724 0
    outer loop
      vertex 6.49636 -24.2447 0
      vertex 8.58471 -23.5863 0.6
      vertex 6.49636 -24.2447 0.6
    endloop
  endfacet
  facet normal 0.300683 -0.953724 0
    outer loop
      vertex 8.58471 -23.5863 0.6
      vertex 6.49636 -24.2447 0
      vertex 8.58471 -23.5863 0
    endloop
  endfacet
  facet normal -0.8434 -0.537286 0
    outer loop
      vertex -20.5607 -14.3968 0
      vertex -21.7372 -12.55 0.6
      vertex -21.7372 -12.55 0
    endloop
  endfacet
  facet normal -0.8434 -0.537286 0
    outer loop
      vertex -21.7372 -12.55 0.6
      vertex -20.5607 -14.3968 0
      vertex -20.5607 -14.3968 0.6
    endloop
  endfacet
  facet normal -0.38271 0.923868 0
    outer loop
      vertex 8.83272 -18.9418 0
      vertex 7.14822 -19.6396 0.6
      vertex 8.83272 -18.9418 0.6
    endloop
  endfacet
  facet normal -0.38271 0.923868 0
    outer loop
      vertex 7.14822 -19.6396 0.6
      vertex 8.83272 -18.9418 0
      vertex 7.14822 -19.6396 0
    endloop
  endfacet
  facet normal -0.991444 0.130533 0
    outer loop
      vertex 20.5825 -3.62925 0
      vertex 20.8205 -1.82155 0.6
      vertex 20.8205 -1.82155 0
    endloop
  endfacet
  facet normal -0.991444 0.130533 0
    outer loop
      vertex 20.8205 -1.82155 0.6
      vertex 20.5825 -3.62925 0
      vertex 20.5825 -3.62925 0.6
    endloop
  endfacet
  facet normal -0.999049 0.0436026 0
    outer loop
      vertex 20.8205 -1.82155 0
      vertex 20.9 0 0.6
      vertex 20.9 0 0
    endloop
  endfacet
  facet normal -0.999049 0.0436026 0
    outer loop
      vertex 20.9 0 0.6
      vertex 20.8205 -1.82155 0
      vertex 20.8205 -1.82155 0.6
    endloop
  endfacet
  facet normal -0.976288 0.216475 0
    outer loop
      vertex 20.1878 -5.40932 0
      vertex 20.5825 -3.62925 0.6
      vertex 20.5825 -3.62925 0
    endloop
  endfacet
  facet normal -0.976288 0.216475 0
    outer loop
      vertex 20.5825 -3.62925 0.6
      vertex 20.1878 -5.40932 0
      vertex 20.1878 -5.40932 0.6
    endloop
  endfacet
  facet normal 0.216475 0.976288 -0
    outer loop
      vertex -3.62925 -20.5825 0
      vertex -5.40932 -20.1878 0.6
      vertex -3.62925 -20.5825 0.6
    endloop
  endfacet
  facet normal 0.216475 0.976288 0
    outer loop
      vertex -5.40932 -20.1878 0.6
      vertex -3.62925 -20.5825 0
      vertex -5.40932 -20.1878 0
    endloop
  endfacet
  facet normal 0.130533 0.991444 -0
    outer loop
      vertex -1.82155 -20.8205 0
      vertex -3.62925 -20.5825 0.6
      vertex -1.82155 -20.8205 0.6
    endloop
  endfacet
  facet normal 0.130533 0.991444 0
    outer loop
      vertex -3.62925 -20.5825 0.6
      vertex -1.82155 -20.8205 0
      vertex -3.62925 -20.5825 0
    endloop
  endfacet
  facet normal 0.953728 -0.300669 0
    outer loop
      vertex -20.1878 5.40932 0.6
      vertex -19.6396 7.14822 0
      vertex -19.6396 7.14822 0.6
    endloop
  endfacet
  facet normal 0.953728 -0.300669 0
    outer loop
      vertex -19.6396 7.14822 0
      vertex -20.1878 5.40932 0.6
      vertex -20.1878 5.40932 0
    endloop
  endfacet
  facet normal 0.793336 0.608785 0
    outer loop
      vertex -16.5196 -12.7705 0.6
      vertex -17.1203 -11.9877 0
      vertex -17.1203 -11.9877 0.6
    endloop
  endfacet
  facet normal 0.793336 0.608785 0
    outer loop
      vertex -17.1203 -11.9877 0
      vertex -16.5196 -12.7705 0.6
      vertex -16.5196 -12.7705 0
    endloop
  endfacet
  facet normal -0.0436026 0.999049 0
    outer loop
      vertex 1.82155 -20.8205 0
      vertex 0 -20.9 0.6
      vertex 1.82155 -20.8205 0.6
    endloop
  endfacet
  facet normal -0.0436026 0.999049 0
    outer loop
      vertex 0 -20.9 0.6
      vertex 1.82155 -20.8205 0
      vertex 0 -20.9 0
    endloop
  endfacet
  facet normal -0.999049 -0.0436026 0
    outer loop
      vertex 20.9 0 0
      vertex 20.8205 1.82155 0.6
      vertex 20.8205 1.82155 0
    endloop
  endfacet
  facet normal -0.999049 -0.0436026 0
    outer loop
      vertex 20.8205 1.82155 0.6
      vertex 20.9 0 0
      vertex 20.9 0 0.6
    endloop
  endfacet
  facet normal 0.976288 -0.216475 0
    outer loop
      vertex -20.5825 3.62925 0.6
      vertex -20.1878 5.40932 0
      vertex -20.1878 5.40932 0.6
    endloop
  endfacet
  facet normal 0.976288 -0.216475 0
    outer loop
      vertex -20.1878 5.40932 0
      vertex -20.5825 3.62925 0.6
      vertex -20.5825 3.62925 0
    endloop
  endfacet
  facet normal 0.991444 -0.130533 0
    outer loop
      vertex -20.8205 1.82155 0.6
      vertex -20.5825 3.62925 0
      vertex -20.5825 3.62925 0.6
    endloop
  endfacet
  facet normal 0.991444 -0.130533 0
    outer loop
      vertex -20.5825 3.62925 0
      vertex -20.8205 1.82155 0.6
      vertex -20.8205 1.82155 0
    endloop
  endfacet
  facet normal 0.300669 0.953728 -0
    outer loop
      vertex -5.40932 -20.1878 0
      vertex -7.14822 -19.6396 0.6
      vertex -5.40932 -20.1878 0.6
    endloop
  endfacet
  facet normal 0.300669 0.953728 0
    outer loop
      vertex -7.14822 -19.6396 0.6
      vertex -5.40932 -20.1878 0
      vertex -7.14822 -19.6396 0
    endloop
  endfacet
  facet normal 0.843397 -0.537291 0
    outer loop
      vertex -18.0999 10.45 0.6
      vertex -17.1203 11.9877 0
      vertex -17.1203 11.9877 0.6
    endloop
  endfacet
  facet normal 0.843397 -0.537291 0
    outer loop
      vertex -17.1203 11.9877 0
      vertex -18.0999 10.45 0.6
      vertex -18.0999 10.45 0
    endloop
  endfacet
  facet normal -0.923868 0.38271 0
    outer loop
      vertex 18.9418 -8.83272 0
      vertex 19.6396 -7.14822 0.6
      vertex 19.6396 -7.14822 0
    endloop
  endfacet
  facet normal -0.923868 0.38271 0
    outer loop
      vertex 19.6396 -7.14822 0.6
      vertex 18.9418 -8.83272 0
      vertex 18.9418 -8.83272 0.6
    endloop
  endfacet
  facet normal 0.923868 0.38271 0
    outer loop
      vertex -18.9418 -8.83272 0.6
      vertex -19.6396 -7.14822 0
      vertex -19.6396 -7.14822 0.6
    endloop
  endfacet
  facet normal 0.923868 0.38271 0
    outer loop
      vertex -19.6396 -7.14822 0
      vertex -18.9418 -8.83272 0.6
      vertex -18.9418 -8.83272 0
    endloop
  endfacet
  facet normal -0.300669 -0.953728 0
    outer loop
      vertex 5.40932 20.1878 0
      vertex 7.14822 19.6396 0.6
      vertex 5.40932 20.1878 0.6
    endloop
  endfacet
  facet normal -0.300669 -0.953728 -0
    outer loop
      vertex 7.14822 19.6396 0.6
      vertex 5.40932 20.1878 0
      vertex 7.14822 19.6396 0
    endloop
  endfacet
  facet normal -0.461747 -0.887011 0
    outer loop
      vertex 8.83272 18.9418 0
      vertex 10.45 18.0999 0.6
      vertex 8.83272 18.9418 0.6
    endloop
  endfacet
  facet normal -0.461747 -0.887011 -0
    outer loop
      vertex 10.45 18.0999 0.6
      vertex 8.83272 18.9418 0
      vertex 10.45 18.0999 0
    endloop
  endfacet
  facet normal 0.0436026 -0.999049 0
    outer loop
      vertex -1.82155 20.8205 0
      vertex 0 20.9 0.6
      vertex -1.82155 20.8205 0.6
    endloop
  endfacet
  facet normal 0.0436026 -0.999049 0
    outer loop
      vertex 0 20.9 0.6
      vertex -1.82155 20.8205 0
      vertex 0 20.9 0
    endloop
  endfacet
  facet normal 0.976288 0.216475 0
    outer loop
      vertex -20.1878 -5.40932 0.6
      vertex -20.5825 -3.62925 0
      vertex -20.5825 -3.62925 0.6
    endloop
  endfacet
  facet normal 0.976288 0.216475 0
    outer loop
      vertex -20.5825 -3.62925 0
      vertex -20.1878 -5.40932 0.6
      vertex -20.1878 -5.40932 0
    endloop
  endfacet
  facet normal 0.537291 -0.843397 0
    outer loop
      vertex -11.9877 17.1203 0
      vertex -10.45 18.0999 0.6
      vertex -11.9877 17.1203 0.6
    endloop
  endfacet
  facet normal 0.537291 -0.843397 0
    outer loop
      vertex -10.45 18.0999 0.6
      vertex -11.9877 17.1203 0
      vertex -10.45 18.0999 0
    endloop
  endfacet
  facet normal -0.843397 -0.537291 0
    outer loop
      vertex 18.0999 10.45 0
      vertex 17.1203 11.9877 0.6
      vertex 17.1203 11.9877 0
    endloop
  endfacet
  facet normal -0.843397 -0.537291 0
    outer loop
      vertex 17.1203 11.9877 0.6
      vertex 18.0999 10.45 0
      vertex 18.0999 10.45 0.6
    endloop
  endfacet
  facet normal 0.537291 0.843397 -0
    outer loop
      vertex -10.45 -18.0999 0
      vertex -11.9877 -17.1203 0.6
      vertex -10.45 -18.0999 0.6
    endloop
  endfacet
  facet normal 0.537291 0.843397 0
    outer loop
      vertex -11.9877 -17.1203 0.6
      vertex -10.45 -18.0999 0
      vertex -11.9877 -17.1203 0
    endloop
  endfacet
  facet normal -0.887011 -0.461747 0
    outer loop
      vertex 18.9418 8.83272 0
      vertex 18.0999 10.45 0.6
      vertex 18.0999 10.45 0
    endloop
  endfacet
  facet normal -0.887011 -0.461747 0
    outer loop
      vertex 18.0999 10.45 0.6
      vertex 18.9418 8.83272 0
      vertex 18.9418 8.83272 0.6
    endloop
  endfacet
  facet normal -0.461747 0.887011 0
    outer loop
      vertex 10.45 -18.0999 0
      vertex 8.83272 -18.9418 0.6
      vertex 10.45 -18.0999 0.6
    endloop
  endfacet
  facet normal -0.461747 0.887011 0
    outer loop
      vertex 8.83272 -18.9418 0.6
      vertex 10.45 -18.0999 0
      vertex 8.83272 -18.9418 0
    endloop
  endfacet
  facet normal -0.953728 0.300669 0
    outer loop
      vertex 19.6396 -7.14822 0
      vertex 20.1878 -5.40932 0.6
      vertex 20.1878 -5.40932 0
    endloop
  endfacet
  facet normal -0.953728 0.300669 0
    outer loop
      vertex 20.1878 -5.40932 0.6
      vertex 19.6396 -7.14822 0
      vertex 19.6396 -7.14822 0.6
    endloop
  endfacet
  facet normal -0.793336 0.608785 0
    outer loop
      vertex 16.5196 -12.7705 0
      vertex 17.1203 -11.9877 0.6
      vertex 17.1203 -11.9877 0
    endloop
  endfacet
  facet normal -0.793336 0.608785 0
    outer loop
      vertex 17.1203 -11.9877 0.6
      vertex 16.5196 -12.7705 0
      vertex 16.5196 -12.7705 0.6
    endloop
  endfacet
  facet normal -0.216475 0.976288 0
    outer loop
      vertex 5.40932 -20.1878 0
      vertex 3.62925 -20.5825 0.6
      vertex 5.40932 -20.1878 0.6
    endloop
  endfacet
  facet normal -0.216475 0.976288 0
    outer loop
      vertex 3.62925 -20.5825 0.6
      vertex 5.40932 -20.1878 0
      vertex 3.62925 -20.5825 0
    endloop
  endfacet
  facet normal 0.38271 -0.923868 0
    outer loop
      vertex -8.83272 18.9418 0
      vertex -7.14822 19.6396 0.6
      vertex -8.83272 18.9418 0.6
    endloop
  endfacet
  facet normal 0.38271 -0.923868 0
    outer loop
      vertex -7.14822 19.6396 0.6
      vertex -8.83272 18.9418 0
      vertex -7.14822 19.6396 0
    endloop
  endfacet
  facet normal 0.0436026 0.999049 -0
    outer loop
      vertex 0 -20.9 0
      vertex -1.82155 -20.8205 0.6
      vertex 0 -20.9 0.6
    endloop
  endfacet
  facet normal 0.0436026 0.999049 0
    outer loop
      vertex -1.82155 -20.8205 0.6
      vertex 0 -20.9 0
      vertex -1.82155 -20.8205 0
    endloop
  endfacet
  facet normal 0.991444 0.130533 0
    outer loop
      vertex -20.5825 -3.62925 0.6
      vertex -20.8205 -1.82155 0
      vertex -20.8205 -1.82155 0.6
    endloop
  endfacet
  facet normal 0.991444 0.130533 0
    outer loop
      vertex -20.8205 -1.82155 0
      vertex -20.5825 -3.62925 0.6
      vertex -20.5825 -3.62925 0
    endloop
  endfacet
  facet normal 0.999049 0.0436026 0
    outer loop
      vertex -20.8205 -1.82155 0.6
      vertex -20.9 0 0
      vertex -20.9 0 0.6
    endloop
  endfacet
  facet normal 0.999049 0.0436026 0
    outer loop
      vertex -20.9 0 0
      vertex -20.8205 -1.82155 0.6
      vertex -20.8205 -1.82155 0
    endloop
  endfacet
  facet normal -0.608785 -0.793336 0
    outer loop
      vertex 11.9877 17.1203 0
      vertex 12.7705 16.5196 0.6
      vertex 11.9877 17.1203 0.6
    endloop
  endfacet
  facet normal -0.608785 -0.793336 -0
    outer loop
      vertex 12.7705 16.5196 0.6
      vertex 11.9877 17.1203 0
      vertex 12.7705 16.5196 0
    endloop
  endfacet
  facet normal -0.793336 -0.608785 0
    outer loop
      vertex 17.1203 11.9877 0
      vertex 16.5196 12.7705 0.6
      vertex 16.5196 12.7705 0
    endloop
  endfacet
  facet normal -0.793336 -0.608785 0
    outer loop
      vertex 16.5196 12.7705 0.6
      vertex 17.1203 11.9877 0
      vertex 17.1203 11.9877 0.6
    endloop
  endfacet
  facet normal 0.953728 0.300669 0
    outer loop
      vertex -19.6396 -7.14822 0.6
      vertex -20.1878 -5.40932 0
      vertex -20.1878 -5.40932 0.6
    endloop
  endfacet
  facet normal 0.953728 0.300669 0
    outer loop
      vertex -20.1878 -5.40932 0
      vertex -19.6396 -7.14822 0.6
      vertex -19.6396 -7.14822 0
    endloop
  endfacet
  facet normal 0.793336 -0.608785 0
    outer loop
      vertex -17.1203 11.9877 0.6
      vertex -16.5196 12.7705 0
      vertex -16.5196 12.7705 0.6
    endloop
  endfacet
  facet normal 0.793336 -0.608785 0
    outer loop
      vertex -16.5196 12.7705 0
      vertex -17.1203 11.9877 0.6
      vertex -17.1203 11.9877 0
    endloop
  endfacet
  facet normal -0.130533 -0.991444 0
    outer loop
      vertex 1.82155 20.8205 0
      vertex 3.62925 20.5825 0.6
      vertex 1.82155 20.8205 0.6
    endloop
  endfacet
  facet normal -0.130533 -0.991444 -0
    outer loop
      vertex 3.62925 20.5825 0.6
      vertex 1.82155 20.8205 0
      vertex 3.62925 20.5825 0
    endloop
  endfacet
  facet normal -0.991444 -0.130533 0
    outer loop
      vertex 20.8205 1.82155 0
      vertex 20.5825 3.62925 0.6
      vertex 20.5825 3.62925 0
    endloop
  endfacet
  facet normal -0.991444 -0.130533 0
    outer loop
      vertex 20.5825 3.62925 0.6
      vertex 20.8205 1.82155 0
      vertex 20.8205 1.82155 0.6
    endloop
  endfacet
  facet normal -0.537291 0.843397 0
    outer loop
      vertex 11.9877 -17.1203 0
      vertex 10.45 -18.0999 0.6
      vertex 11.9877 -17.1203 0.6
    endloop
  endfacet
  facet normal -0.537291 0.843397 0
    outer loop
      vertex 10.45 -18.0999 0.6
      vertex 11.9877 -17.1203 0
      vertex 10.45 -18.0999 0
    endloop
  endfacet
  facet normal 0.461747 0.887011 -0
    outer loop
      vertex -8.83272 -18.9418 0
      vertex -10.45 -18.0999 0.6
      vertex -8.83272 -18.9418 0.6
    endloop
  endfacet
  facet normal 0.461747 0.887011 0
    outer loop
      vertex -10.45 -18.0999 0.6
      vertex -8.83272 -18.9418 0
      vertex -10.45 -18.0999 0
    endloop
  endfacet
  facet normal -0.608785 0.793336 0
    outer loop
      vertex 12.7705 -16.5196 0
      vertex 11.9877 -17.1203 0.6
      vertex 12.7705 -16.5196 0.6
    endloop
  endfacet
  facet normal -0.608785 0.793336 0
    outer loop
      vertex 11.9877 -17.1203 0.6
      vertex 12.7705 -16.5196 0
      vertex 11.9877 -17.1203 0
    endloop
  endfacet
  facet normal -0.887011 0.461747 0
    outer loop
      vertex 18.0999 -10.45 0
      vertex 18.9418 -8.83272 0.6
      vertex 18.9418 -8.83272 0
    endloop
  endfacet
  facet normal -0.887011 0.461747 0
    outer loop
      vertex 18.9418 -8.83272 0.6
      vertex 18.0999 -10.45 0
      vertex 18.0999 -10.45 0.6
    endloop
  endfacet
  facet normal -0.843397 0.537291 0
    outer loop
      vertex 17.1203 -11.9877 0
      vertex 18.0999 -10.45 0.6
      vertex 18.0999 -10.45 0
    endloop
  endfacet
  facet normal -0.843397 0.537291 0
    outer loop
      vertex 18.0999 -10.45 0.6
      vertex 17.1203 -11.9877 0
      vertex 17.1203 -11.9877 0.6
    endloop
  endfacet
  facet normal -0.976288 -0.216475 0
    outer loop
      vertex 20.5825 3.62925 0
      vertex 20.1878 5.40932 0.6
      vertex 20.1878 5.40932 0
    endloop
  endfacet
  facet normal -0.976288 -0.216475 0
    outer loop
      vertex 20.1878 5.40932 0.6
      vertex 20.5825 3.62925 0
      vertex 20.5825 3.62925 0.6
    endloop
  endfacet
  facet normal -0.537291 -0.843397 0
    outer loop
      vertex 10.45 18.0999 0
      vertex 11.9877 17.1203 0.6
      vertex 10.45 18.0999 0.6
    endloop
  endfacet
  facet normal -0.537291 -0.843397 -0
    outer loop
      vertex 11.9877 17.1203 0.6
      vertex 10.45 18.0999 0
      vertex 11.9877 17.1203 0
    endloop
  endfacet
  facet normal 0.999049 -0.0436026 0
    outer loop
      vertex -20.9 0 0.6
      vertex -20.8205 1.82155 0
      vertex -20.8205 1.82155 0.6
    endloop
  endfacet
  facet normal 0.999049 -0.0436026 0
    outer loop
      vertex -20.8205 1.82155 0
      vertex -20.9 0 0.6
      vertex -20.9 0 0
    endloop
  endfacet
  facet normal 0.300669 -0.953728 0
    outer loop
      vertex -7.14822 19.6396 0
      vertex -5.40932 20.1878 0.6
      vertex -7.14822 19.6396 0.6
    endloop
  endfacet
  facet normal 0.300669 -0.953728 0
    outer loop
      vertex -5.40932 20.1878 0.6
      vertex -7.14822 19.6396 0
      vertex -5.40932 20.1878 0
    endloop
  endfacet
  facet normal 0.887011 0.461747 0
    outer loop
      vertex -18.0999 -10.45 0.6
      vertex -18.9418 -8.83272 0
      vertex -18.9418 -8.83272 0.6
    endloop
  endfacet
  facet normal 0.887011 0.461747 0
    outer loop
      vertex -18.9418 -8.83272 0
      vertex -18.0999 -10.45 0.6
      vertex -18.0999 -10.45 0
    endloop
  endfacet
  facet normal 0.608785 -0.793336 0
    outer loop
      vertex -12.7705 16.5196 0
      vertex -11.9877 17.1203 0.6
      vertex -12.7705 16.5196 0.6
    endloop
  endfacet
  facet normal 0.608785 -0.793336 0
    outer loop
      vertex -11.9877 17.1203 0.6
      vertex -12.7705 16.5196 0
      vertex -11.9877 17.1203 0
    endloop
  endfacet
  facet normal -0.216475 -0.976288 0
    outer loop
      vertex 3.62925 20.5825 0
      vertex 5.40932 20.1878 0.6
      vertex 3.62925 20.5825 0.6
    endloop
  endfacet
  facet normal -0.216475 -0.976288 -0
    outer loop
      vertex 5.40932 20.1878 0.6
      vertex 3.62925 20.5825 0
      vertex 5.40932 20.1878 0
    endloop
  endfacet
  facet normal -0.0436026 -0.999049 0
    outer loop
      vertex 0 20.9 0
      vertex 1.82155 20.8205 0.6
      vertex 0 20.9 0.6
    endloop
  endfacet
  facet normal -0.0436026 -0.999049 -0
    outer loop
      vertex 1.82155 20.8205 0.6
      vertex 0 20.9 0
      vertex 1.82155 20.8205 0
    endloop
  endfacet
  facet normal 0.843397 0.537291 0
    outer loop
      vertex -17.1203 -11.9877 0.6
      vertex -18.0999 -10.45 0
      vertex -18.0999 -10.45 0.6
    endloop
  endfacet
  facet normal 0.843397 0.537291 0
    outer loop
      vertex -18.0999 -10.45 0
      vertex -17.1203 -11.9877 0.6
      vertex -17.1203 -11.9877 0
    endloop
  endfacet
  facet normal -0.953728 -0.300669 0
    outer loop
      vertex 20.1878 5.40932 0
      vertex 19.6396 7.14822 0.6
      vertex 19.6396 7.14822 0
    endloop
  endfacet
  facet normal -0.953728 -0.300669 0
    outer loop
      vertex 19.6396 7.14822 0.6
      vertex 20.1878 5.40932 0
      vertex 20.1878 5.40932 0.6
    endloop
  endfacet
  facet normal 0.130533 -0.991444 0
    outer loop
      vertex -3.62925 20.5825 0
      vertex -1.82155 20.8205 0.6
      vertex -3.62925 20.5825 0.6
    endloop
  endfacet
  facet normal 0.130533 -0.991444 0
    outer loop
      vertex -1.82155 20.8205 0.6
      vertex -3.62925 20.5825 0
      vertex -1.82155 20.8205 0
    endloop
  endfacet
  facet normal -0.300669 0.953728 0
    outer loop
      vertex 7.14822 -19.6396 0
      vertex 5.40932 -20.1878 0.6
      vertex 7.14822 -19.6396 0.6
    endloop
  endfacet
  facet normal -0.300669 0.953728 0
    outer loop
      vertex 5.40932 -20.1878 0.6
      vertex 7.14822 -19.6396 0
      vertex 5.40932 -20.1878 0
    endloop
  endfacet
  facet normal 0.608785 0.793336 -0
    outer loop
      vertex -11.9877 -17.1203 0
      vertex -12.7705 -16.5196 0.6
      vertex -11.9877 -17.1203 0.6
    endloop
  endfacet
  facet normal 0.608785 0.793336 0
    outer loop
      vertex -12.7705 -16.5196 0.6
      vertex -11.9877 -17.1203 0
      vertex -12.7705 -16.5196 0
    endloop
  endfacet
  facet normal -0.130533 0.991444 0
    outer loop
      vertex 3.62925 -20.5825 0
      vertex 1.82155 -20.8205 0.6
      vertex 3.62925 -20.5825 0.6
    endloop
  endfacet
  facet normal -0.130533 0.991444 0
    outer loop
      vertex 1.82155 -20.8205 0.6
      vertex 3.62925 -20.5825 0
      vertex 1.82155 -20.8205 0
    endloop
  endfacet
  facet normal 0.887011 -0.461747 0
    outer loop
      vertex -18.9418 8.83272 0.6
      vertex -18.0999 10.45 0
      vertex -18.0999 10.45 0.6
    endloop
  endfacet
  facet normal 0.887011 -0.461747 0
    outer loop
      vertex -18.0999 10.45 0
      vertex -18.9418 8.83272 0.6
      vertex -18.9418 8.83272 0
    endloop
  endfacet
  facet normal 0.38271 0.923868 -0
    outer loop
      vertex -7.14822 -19.6396 0
      vertex -8.83272 -18.9418 0.6
      vertex -7.14822 -19.6396 0.6
    endloop
  endfacet
  facet normal 0.38271 0.923868 0
    outer loop
      vertex -8.83272 -18.9418 0.6
      vertex -7.14822 -19.6396 0
      vertex -8.83272 -18.9418 0
    endloop
  endfacet
  facet normal 0.461747 -0.887011 0
    outer loop
      vertex -10.45 18.0999 0
      vertex -8.83272 18.9418 0.6
      vertex -10.45 18.0999 0.6
    endloop
  endfacet
  facet normal 0.461747 -0.887011 0
    outer loop
      vertex -8.83272 18.9418 0.6
      vertex -10.45 18.0999 0
      vertex -8.83272 18.9418 0
    endloop
  endfacet
  facet normal 0.216475 -0.976288 0
    outer loop
      vertex -5.40932 20.1878 0
      vertex -3.62925 20.5825 0.6
      vertex -5.40932 20.1878 0.6
    endloop
  endfacet
  facet normal 0.216475 -0.976288 0
    outer loop
      vertex -3.62925 20.5825 0.6
      vertex -5.40932 20.1878 0
      vertex -3.62925 20.5825 0
    endloop
  endfacet
  facet normal 0.923868 -0.38271 0
    outer loop
      vertex -19.6396 7.14822 0.6
      vertex -18.9418 8.83272 0
      vertex -18.9418 8.83272 0.6
    endloop
  endfacet
  facet normal 0.923868 -0.38271 0
    outer loop
      vertex -18.9418 8.83272 0
      vertex -19.6396 7.14822 0.6
      vertex -19.6396 7.14822 0
    endloop
  endfacet
  facet normal -0.923868 -0.38271 0
    outer loop
      vertex 19.6396 7.14822 0
      vertex 18.9418 8.83272 0.6
      vertex 18.9418 8.83272 0
    endloop
  endfacet
  facet normal -0.923868 -0.38271 0
    outer loop
      vertex 18.9418 8.83272 0.6
      vertex 19.6396 7.14822 0
      vertex 19.6396 7.14822 0.6
    endloop
  endfacet
  facet normal -0.38271 -0.923868 0
    outer loop
      vertex 7.14822 19.6396 0
      vertex 8.83272 18.9418 0.6
      vertex 7.14822 19.6396 0.6
    endloop
  endfacet
  facet normal -0.38271 -0.923868 -0
    outer loop
      vertex 8.83272 18.9418 0.6
      vertex 7.14822 19.6396 0
      vertex 8.83272 18.9418 0
    endloop
  endfacet
  facet normal 0 0 -1
    outer loop
      vertex 12.7585 -16.4656 0.6
      vertex 11.5289 -16.465 0.6
      vertex 12.7221 -16.1888 0.6
    endloop
  endfacet
  facet normal 0 0 -1
    outer loop
      vertex 11.5289 -16.465 0.6
      vertex 12.7585 -16.4656 0.6
      vertex 11.9877 -17.1203 0.6
    endloop
  endfacet
  facet normal 0 0 -1
    outer loop
      vertex 11.9877 -17.1203 0.6
      vertex 12.7585 -16.4656 0.6
      vertex 12.7705 -16.5196 0.6
    endloop
  endfacet
  facet normal -0 0 -1
    outer loop
      vertex 12.7221 -16.1888 0.6
      vertex 11.5289 -16.465 0.6
      vertex 12.7099 -15.9099 0.6
    endloop
  endfacet
  facet normal -0 0 -1
    outer loop
      vertex 12.7099 -15.9099 0.6
      vertex 11.5289 -16.465 0.6
      vertex 12.7221 -15.631 0.6
    endloop
  endfacet
  facet normal -0 0 -1
    outer loop
      vertex 12.7221 -15.631 0.6
      vertex 11.5289 -16.465 0.6
      vertex 12.734 -15.5402 0.6
    endloop
  endfacet
  facet normal 0 0 -1
    outer loop
      vertex 10.45 -18.0999 0.6
      vertex 11.5289 -16.465 0.6
      vertex 11.9877 -17.1203 0.6
    endloop
  endfacet
  facet normal 0 0 -1
    outer loop
      vertex 10.45 -18.0999 0.6
      vertex 10.05 -17.4071 0.6
      vertex 11.5289 -16.465 0.6
    endloop
  endfacet
  facet normal 0 0 -1
    outer loop
      vertex 8.83272 -18.9418 0.6
      vertex 10.05 -17.4071 0.6
      vertex 10.45 -18.0999 0.6
    endloop
  endfacet
  facet normal 0 0 -1
    outer loop
      vertex 8.83272 -18.9418 0.6
      vertex 8.49463 -18.2168 0.6
      vertex 10.05 -17.4071 0.6
    endloop
  endfacet
  facet normal 0 0 -1
    outer loop
      vertex 7.14822 -19.6396 0.6
      vertex 8.49463 -18.2168 0.6
      vertex 8.83272 -18.9418 0.6
    endloop
  endfacet
  facet normal 0 0 -1
    outer loop
      vertex 7.14822 -19.6396 0.6
      vertex 6.8746 -18.8878 0.6
      vertex 8.49463 -18.2168 0.6
    endloop
  endfacet
  facet normal 0 0 -1
    outer loop
      vertex 5.40932 -20.1878 0.6
      vertex 6.8746 -18.8878 0.6
      vertex 7.14822 -19.6396 0.6
    endloop
  endfacet
  facet normal 0 0 -1
    outer loop
      vertex 5.40932 -20.1878 0.6
      vertex 5.20226 -19.4151 0.6
      vertex 6.8746 -18.8878 0.6
    endloop
  endfacet
  facet normal 0 0 -1
    outer loop
      vertex 3.62925 -20.5825 0.6
      vertex 5.20226 -19.4151 0.6
      vertex 5.40932 -20.1878 0.6
    endloop
  endfacet
  facet normal 0 0 -1
    outer loop
      vertex 3.62925 -20.5825 0.6
      vertex 3.49033 -19.7946 0.6
      vertex 5.20226 -19.4151 0.6
    endloop
  endfacet
  facet normal 0 0 -1
    outer loop
      vertex 1.82155 -20.8205 0.6
      vertex 3.49033 -19.7946 0.6
      vertex 3.62925 -20.5825 0.6
    endloop
  endfacet
  facet normal 0 0 -1
    outer loop
      vertex 1.82155 -20.8205 0.6
      vertex 1.75183 -20.0235 0.6
      vertex 3.49033 -19.7946 0.6
    endloop
  endfacet
  facet normal 0 0 -1
    outer loop
      vertex 0 -20.9 0.6
      vertex 1.75183 -20.0235 0.6
      vertex 1.82155 -20.8205 0.6
    endloop
  endfacet
  facet normal 0 0 -1
    outer loop
      vertex 0 -20.9 0.6
      vertex 0 -20.1 0.6
      vertex 1.75183 -20.0235 0.6
    endloop
  endfacet
  facet normal 0 0 -1
    outer loop
      vertex 0 -20.9 0.6
      vertex -1.75183 -20.0235 0.6
      vertex 0 -20.1 0.6
    endloop
  endfacet
  facet normal 0 0 -1
    outer loop
      vertex -1.82155 -20.8205 0.6
      vertex -1.75183 -20.0235 0.6
      vertex 0 -20.9 0.6
    endloop
  endfacet
  facet normal 0 0 -1
    outer loop
      vertex -1.82155 -20.8205 0.6
      vertex -3.49033 -19.7946 0.6
      vertex -1.75183 -20.0235 0.6
    endloop
  endfacet
  facet normal 0 0 -1
    outer loop
      vertex -3.62925 -20.5825 0.6
      vertex -3.49033 -19.7946 0.6
      vertex -1.82155 -20.8205 0.6
    endloop
  endfacet
  facet normal 0 0 -1
    outer loop
      vertex -3.62925 -20.5825 0.6
      vertex -5.20226 -19.4151 0.6
      vertex -3.49033 -19.7946 0.6
    endloop
  endfacet
  facet normal 0 0 -1
    outer loop
      vertex -5.40932 -20.1878 0.6
      vertex -5.20226 -19.4151 0.6
      vertex -3.62925 -20.5825 0.6
    endloop
  endfacet
  facet normal 0 0 -1
    outer loop
      vertex -5.40932 -20.1878 0.6
      vertex -6.8746 -18.8878 0.6
      vertex -5.20226 -19.4151 0.6
    endloop
  endfacet
  facet normal 0 0 -1
    outer loop
      vertex -7.14822 -19.6396 0.6
      vertex -6.8746 -18.8878 0.6
      vertex -5.40932 -20.1878 0.6
    endloop
  endfacet
  facet normal 0 0 -1
    outer loop
      vertex -7.14822 -19.6396 0.6
      vertex -8.49463 -18.2168 0.6
      vertex -6.8746 -18.8878 0.6
    endloop
  endfacet
  facet normal 0 0 -1
    outer loop
      vertex -8.83272 -18.9418 0.6
      vertex -8.49463 -18.2168 0.6
      vertex -7.14822 -19.6396 0.6
    endloop
  endfacet
  facet normal 0 0 -1
    outer loop
      vertex -8.83272 -18.9418 0.6
      vertex -10.05 -17.4071 0.6
      vertex -8.49463 -18.2168 0.6
    endloop
  endfacet
  facet normal 0 0 -1
    outer loop
      vertex -10.45 -18.0999 0.6
      vertex -10.05 -17.4071 0.6
      vertex -8.83272 -18.9418 0.6
    endloop
  endfacet
  facet normal 0 0 -1
    outer loop
      vertex -10.45 -18.0999 0.6
      vertex -11.5289 -16.465 0.6
      vertex -10.05 -17.4071 0.6
    endloop
  endfacet
  facet normal 0 0 -1
    outer loop
      vertex -11.9877 -17.1203 0.6
      vertex -11.5289 -16.465 0.6
      vertex -10.45 -18.0999 0.6
    endloop
  endfacet
  facet normal 0 0 -1
    outer loop
      vertex -12.7585 -16.4656 0.6
      vertex -11.5289 -16.465 0.6
      vertex -11.9877 -17.1203 0.6
    endloop
  endfacet
  facet normal 0 0 -1
    outer loop
      vertex -12.7221 -15.631 0.6
      vertex -11.5289 -16.465 0.6
      vertex -12.7099 -15.9099 0.6
    endloop
  endfacet
  facet normal 0 0 -1
    outer loop
      vertex -11.5289 -16.465 0.6
      vertex -12.7221 -15.631 0.6
      vertex -12.734 -15.5402 0.6
    endloop
  endfacet
  facet normal 0 0 -1
    outer loop
      vertex -11.5289 -16.465 0.6
      vertex -12.7221 -16.1888 0.6
      vertex -12.7099 -15.9099 0.6
    endloop
  endfacet
  facet normal -0 0 -1
    outer loop
      vertex -11.5289 -16.465 0.6
      vertex -12.7585 -16.4656 0.6
      vertex -12.7221 -16.1888 0.6
    endloop
  endfacet
  facet normal 0 -0 -1
    outer loop
      vertex -12.7585 -16.4656 0.6
      vertex -11.9877 -17.1203 0.6
      vertex -12.7705 -16.5196 0.6
    endloop
  endfacet
  facet normal 0 0 -1
    outer loop
      vertex 20.1 0 0.6
      vertex 20.9 0 0.6
      vertex 20.8205 -1.82155 0.6
    endloop
  endfacet
  facet normal 0 0 -1
    outer loop
      vertex 20.0235 -1.75183 0.6
      vertex 20.8205 -1.82155 0.6
      vertex 20.5825 -3.62925 0.6
    endloop
  endfacet
  facet normal 0 0 -1
    outer loop
      vertex 20.9 0 0.6
      vertex 20.1 0 0.6
      vertex 20.8205 1.82155 0.6
    endloop
  endfacet
  facet normal 0 0 -1
    outer loop
      vertex 19.7946 -3.49033 0.6
      vertex 20.5825 -3.62925 0.6
      vertex 20.1878 -5.40932 0.6
    endloop
  endfacet
  facet normal 0 0 -1
    outer loop
      vertex 20.0235 1.75183 0.6
      vertex 20.8205 1.82155 0.6
      vertex 20.1 0 0.6
    endloop
  endfacet
  facet normal -0 0 -1
    outer loop
      vertex 20.8205 1.82155 0.6
      vertex 20.0235 1.75183 0.6
      vertex 20.5825 3.62925 0.6
    endloop
  endfacet
  facet normal 0 0 -1
    outer loop
      vertex 20.8205 -1.82155 0.6
      vertex 20.0235 -1.75183 0.6
      vertex 20.1 0 0.6
    endloop
  endfacet
  facet normal 0 0 -1
    outer loop
      vertex 20.5825 -3.62925 0.6
      vertex 19.7946 -3.49033 0.6
      vertex 20.0235 -1.75183 0.6
    endloop
  endfacet
  facet normal 0 0 -1
    outer loop
      vertex 19.4151 -5.20226 0.6
      vertex 20.1878 -5.40932 0.6
      vertex 19.6396 -7.14822 0.6
    endloop
  endfacet
  facet normal 0 0 -1
    outer loop
      vertex 20.1878 -5.40932 0.6
      vertex 19.4151 -5.20226 0.6
      vertex 19.7946 -3.49033 0.6
    endloop
  endfacet
  facet normal 0 0 -1
    outer loop
      vertex 18.8878 -6.8746 0.6
      vertex 19.6396 -7.14822 0.6
      vertex 18.9418 -8.83272 0.6
    endloop
  endfacet
  facet normal 0 0 -1
    outer loop
      vertex 19.6396 -7.14822 0.6
      vertex 18.8878 -6.8746 0.6
      vertex 19.4151 -5.20226 0.6
    endloop
  endfacet
  facet normal 0 0 -1
    outer loop
      vertex 18.9418 -8.83272 0.6
      vertex 18.2168 -8.49463 0.6
      vertex 18.8878 -6.8746 0.6
    endloop
  endfacet
  facet normal 0 0 -1
    outer loop
      vertex 18.0999 -10.45 0.6
      vertex 18.2168 -8.49463 0.6
      vertex 18.9418 -8.83272 0.6
    endloop
  endfacet
  facet normal 0 0 -1
    outer loop
      vertex 18.0999 -10.45 0.6
      vertex 17.4071 -10.05 0.6
      vertex 18.2168 -8.49463 0.6
    endloop
  endfacet
  facet normal 0 0 -1
    outer loop
      vertex 17.1203 -11.9877 0.6
      vertex 17.4071 -10.05 0.6
      vertex 18.0999 -10.45 0.6
    endloop
  endfacet
  facet normal 0 0 -1
    outer loop
      vertex 16.4656 -12.7585 0.6
      vertex 17.1203 -11.9877 0.6
      vertex 16.5196 -12.7705 0.6
    endloop
  endfacet
  facet normal -0 0 -1
    outer loop
      vertex 17.1203 -11.9877 0.6
      vertex 16.4656 -12.7585 0.6
      vertex 16.465 -11.5289 0.6
    endloop
  endfacet
  facet normal 0 0 -1
    outer loop
      vertex 17.1203 -11.9877 0.6
      vertex 16.465 -11.5289 0.6
      vertex 17.4071 -10.05 0.6
    endloop
  endfacet
  facet normal 0 0 -1
    outer loop
      vertex 16.1888 -12.7221 0.6
      vertex 16.465 -11.5289 0.6
      vertex 16.4656 -12.7585 0.6
    endloop
  endfacet
  facet normal 0 0 -1
    outer loop
      vertex 15.9099 -12.7099 0.6
      vertex 16.465 -11.5289 0.6
      vertex 16.1888 -12.7221 0.6
    endloop
  endfacet
  facet normal 0 0 -1
    outer loop
      vertex 15.631 -12.7221 0.6
      vertex 16.465 -11.5289 0.6
      vertex 15.9099 -12.7099 0.6
    endloop
  endfacet
  facet normal 0 0 -1
    outer loop
      vertex 16.465 -11.5289 0.6
      vertex 15.631 -12.7221 0.6
      vertex 15.5402 -12.734 0.6
    endloop
  endfacet
  facet normal 0 0 -1
    outer loop
      vertex 19.7946 3.49033 0.6
      vertex 20.5825 3.62925 0.6
      vertex 20.0235 1.75183 0.6
    endloop
  endfacet
  facet normal -0 0 -1
    outer loop
      vertex 20.5825 3.62925 0.6
      vertex 19.7946 3.49033 0.6
      vertex 20.1878 5.40932 0.6
    endloop
  endfacet
  facet normal 0 0 -1
    outer loop
      vertex 19.4151 5.20226 0.6
      vertex 20.1878 5.40932 0.6
      vertex 19.7946 3.49033 0.6
    endloop
  endfacet
  facet normal -0 0 -1
    outer loop
      vertex 20.1878 5.40932 0.6
      vertex 19.4151 5.20226 0.6
      vertex 19.6396 7.14822 0.6
    endloop
  endfacet
  facet normal 0 0 -1
    outer loop
      vertex 18.8878 6.8746 0.6
      vertex 19.6396 7.14822 0.6
      vertex 19.4151 5.20226 0.6
    endloop
  endfacet
  facet normal -0 0 -1
    outer loop
      vertex 19.6396 7.14822 0.6
      vertex 18.8878 6.8746 0.6
      vertex 18.9418 8.83272 0.6
    endloop
  endfacet
  facet normal 0 0 -1
    outer loop
      vertex 18.2168 8.49463 0.6
      vertex 18.9418 8.83272 0.6
      vertex 18.8878 6.8746 0.6
    endloop
  endfacet
  facet normal 0 0 -1
    outer loop
      vertex 18.2168 8.49463 0.6
      vertex 18.0999 10.45 0.6
      vertex 18.9418 8.83272 0.6
    endloop
  endfacet
  facet normal 0 0 -1
    outer loop
      vertex 17.4071 10.05 0.6
      vertex 18.0999 10.45 0.6
      vertex 18.2168 8.49463 0.6
    endloop
  endfacet
  facet normal 0 0 -1
    outer loop
      vertex 17.4071 10.05 0.6
      vertex 17.1203 11.9877 0.6
      vertex 18.0999 10.45 0.6
    endloop
  endfacet
  facet normal 0 0 -1
    outer loop
      vertex 16.465 11.5289 0.6
      vertex 17.1203 11.9877 0.6
      vertex 17.4071 10.05 0.6
    endloop
  endfacet
  facet normal 0 -0 -1
    outer loop
      vertex 16.4656 12.7585 0.6
      vertex 17.1203 11.9877 0.6
      vertex 16.465 11.5289 0.6
    endloop
  endfacet
  facet normal 0 0 -1
    outer loop
      vertex 17.1203 11.9877 0.6
      vertex 16.4656 12.7585 0.6
      vertex 16.5196 12.7705 0.6
    endloop
  endfacet
  facet normal 0 0 -1
    outer loop
      vertex 16.465 11.5289 0.6
      vertex 16.1888 12.7221 0.6
      vertex 16.4656 12.7585 0.6
    endloop
  endfacet
  facet normal 0 0 -1
    outer loop
      vertex 16.465 11.5289 0.6
      vertex 15.9099 12.7099 0.6
      vertex 16.1888 12.7221 0.6
    endloop
  endfacet
  facet normal 0 0 -1
    outer loop
      vertex 16.465 11.5289 0.6
      vertex 15.631 12.7221 0.6
      vertex 15.9099 12.7099 0.6
    endloop
  endfacet
  facet normal -0 -0 -1
    outer loop
      vertex 15.631 12.7221 0.6
      vertex 16.465 11.5289 0.6
      vertex 15.5402 12.734 0.6
    endloop
  endfacet
  facet normal 0 0 -1
    outer loop
      vertex -15.631 -12.7221 0.6
      vertex -16.465 -11.5289 0.6
      vertex -15.5402 -12.734 0.6
    endloop
  endfacet
  facet normal 0 0 -1
    outer loop
      vertex -15.9099 -12.7099 0.6
      vertex -16.465 -11.5289 0.6
      vertex -15.631 -12.7221 0.6
    endloop
  endfacet
  facet normal 0 0 -1
    outer loop
      vertex -16.1888 -12.7221 0.6
      vertex -16.465 -11.5289 0.6
      vertex -15.9099 -12.7099 0.6
    endloop
  endfacet
  facet normal 0 0 -1
    outer loop
      vertex -16.4656 -12.7585 0.6
      vertex -16.465 -11.5289 0.6
      vertex -16.1888 -12.7221 0.6
    endloop
  endfacet
  facet normal 0 0 -1
    outer loop
      vertex -17.1203 -11.9877 0.6
      vertex -16.4656 -12.7585 0.6
      vertex -16.5196 -12.7705 0.6
    endloop
  endfacet
  facet normal 0 0 -1
    outer loop
      vertex -16.4656 -12.7585 0.6
      vertex -17.1203 -11.9877 0.6
      vertex -16.465 -11.5289 0.6
    endloop
  endfacet
  facet normal 0 0 -1
    outer loop
      vertex -17.1203 -11.9877 0.6
      vertex -17.4071 -10.05 0.6
      vertex -16.465 -11.5289 0.6
    endloop
  endfacet
  facet normal 0 0 -1
    outer loop
      vertex -18.0999 -10.45 0.6
      vertex -17.4071 -10.05 0.6
      vertex -17.1203 -11.9877 0.6
    endloop
  endfacet
  facet normal 0 0 -1
    outer loop
      vertex -18.0999 -10.45 0.6
      vertex -18.2168 -8.49463 0.6
      vertex -17.4071 -10.05 0.6
    endloop
  endfacet
  facet normal 0 0 -1
    outer loop
      vertex -18.9418 -8.83272 0.6
      vertex -18.2168 -8.49463 0.6
      vertex -18.0999 -10.45 0.6
    endloop
  endfacet
  facet normal -0 0 -1
    outer loop
      vertex -18.2168 -8.49463 0.6
      vertex -18.9418 -8.83272 0.6
      vertex -18.8878 -6.8746 0.6
    endloop
  endfacet
  facet normal 0 0 -1
    outer loop
      vertex -19.6396 -7.14822 0.6
      vertex -18.8878 -6.8746 0.6
      vertex -18.9418 -8.83272 0.6
    endloop
  endfacet
  facet normal -0 0 -1
    outer loop
      vertex -18.8878 -6.8746 0.6
      vertex -19.6396 -7.14822 0.6
      vertex -19.4151 -5.20226 0.6
    endloop
  endfacet
  facet normal 0 0 -1
    outer loop
      vertex -20.1878 -5.40932 0.6
      vertex -19.4151 -5.20226 0.6
      vertex -19.6396 -7.14822 0.6
    endloop
  endfacet
  facet normal -0 0 -1
    outer loop
      vertex -19.4151 -5.20226 0.6
      vertex -20.1878 -5.40932 0.6
      vertex -19.7946 -3.49033 0.6
    endloop
  endfacet
  facet normal -0 0 -1
    outer loop
      vertex -19.7946 -3.49033 0.6
      vertex -20.5825 -3.62925 0.6
      vertex -20.0235 -1.75183 0.6
    endloop
  endfacet
  facet normal 0 0 -1
    outer loop
      vertex -20.5825 -3.62925 0.6
      vertex -19.7946 -3.49033 0.6
      vertex -20.1878 -5.40932 0.6
    endloop
  endfacet
  facet normal 0 0 -1
    outer loop
      vertex -16.465 11.5289 0.6
      vertex -15.631 12.7221 0.6
      vertex -15.5402 12.734 0.6
    endloop
  endfacet
  facet normal 0 0 -1
    outer loop
      vertex -16.465 11.5289 0.6
      vertex -15.9099 12.7099 0.6
      vertex -15.631 12.7221 0.6
    endloop
  endfacet
  facet normal 0 0 -1
    outer loop
      vertex -16.465 11.5289 0.6
      vertex -16.1888 12.7221 0.6
      vertex -15.9099 12.7099 0.6
    endloop
  endfacet
  facet normal 0 0 -1
    outer loop
      vertex -16.465 11.5289 0.6
      vertex -16.4656 12.7585 0.6
      vertex -16.1888 12.7221 0.6
    endloop
  endfacet
  facet normal 0 0 -1
    outer loop
      vertex -17.1203 11.9877 0.6
      vertex -16.4656 12.7585 0.6
      vertex -16.465 11.5289 0.6
    endloop
  endfacet
  facet normal -0 0 -1
    outer loop
      vertex -16.4656 12.7585 0.6
      vertex -17.1203 11.9877 0.6
      vertex -16.5196 12.7705 0.6
    endloop
  endfacet
  facet normal 0 0 -1
    outer loop
      vertex -17.4071 10.05 0.6
      vertex -17.1203 11.9877 0.6
      vertex -16.465 11.5289 0.6
    endloop
  endfacet
  facet normal 0 0 -1
    outer loop
      vertex -17.4071 10.05 0.6
      vertex -18.0999 10.45 0.6
      vertex -17.1203 11.9877 0.6
    endloop
  endfacet
  facet normal 0 0 -1
    outer loop
      vertex -18.2168 8.49463 0.6
      vertex -18.0999 10.45 0.6
      vertex -17.4071 10.05 0.6
    endloop
  endfacet
  facet normal 0 0 -1
    outer loop
      vertex -18.9418 8.83272 0.6
      vertex -18.2168 8.49463 0.6
      vertex -18.8878 6.8746 0.6
    endloop
  endfacet
  facet normal 0 0 -1
    outer loop
      vertex -18.2168 8.49463 0.6
      vertex -18.9418 8.83272 0.6
      vertex -18.0999 10.45 0.6
    endloop
  endfacet
  facet normal 0 0 -1
    outer loop
      vertex -19.6396 7.14822 0.6
      vertex -18.8878 6.8746 0.6
      vertex -19.4151 5.20226 0.6
    endloop
  endfacet
  facet normal 0 0 -1
    outer loop
      vertex -18.8878 6.8746 0.6
      vertex -19.6396 7.14822 0.6
      vertex -18.9418 8.83272 0.6
    endloop
  endfacet
  facet normal 0 0 -1
    outer loop
      vertex -20.1878 5.40932 0.6
      vertex -19.4151 5.20226 0.6
      vertex -19.7946 3.49033 0.6
    endloop
  endfacet
  facet normal 0 0 -1
    outer loop
      vertex -20.5825 3.62925 0.6
      vertex -19.7946 3.49033 0.6
      vertex -20.0235 1.75183 0.6
    endloop
  endfacet
  facet normal 0 0 -1
    outer loop
      vertex -19.4151 5.20226 0.6
      vertex -20.1878 5.40932 0.6
      vertex -19.6396 7.14822 0.6
    endloop
  endfacet
  facet normal 0 0 -1
    outer loop
      vertex -20.8205 1.82155 0.6
      vertex -20.0235 1.75183 0.6
      vertex -20.1 0 0.6
    endloop
  endfacet
  facet normal 0 0 -1
    outer loop
      vertex -20.8205 -1.82155 0.6
      vertex -20.0235 -1.75183 0.6
      vertex -20.5825 -3.62925 0.6
    endloop
  endfacet
  facet normal -0 0 -1
    outer loop
      vertex -20.0235 -1.75183 0.6
      vertex -20.8205 -1.82155 0.6
      vertex -20.1 0 0.6
    endloop
  endfacet
  facet normal 0 0 -1
    outer loop
      vertex -19.7946 3.49033 0.6
      vertex -20.5825 3.62925 0.6
      vertex -20.1878 5.40932 0.6
    endloop
  endfacet
  facet normal 0 0 -1
    outer loop
      vertex -20.9 0 0.6
      vertex -20.1 0 0.6
      vertex -20.8205 -1.82155 0.6
    endloop
  endfacet
  facet normal 0 0 -1
    outer loop
      vertex -20.0235 1.75183 0.6
      vertex -20.8205 1.82155 0.6
      vertex -20.5825 3.62925 0.6
    endloop
  endfacet
  facet normal 0 0 -1
    outer loop
      vertex -20.1 0 0.6
      vertex -20.9 0 0.6
      vertex -20.8205 1.82155 0.6
    endloop
  endfacet
  facet normal 0 0 -1
    outer loop
      vertex 11.5289 16.465 0.6
      vertex 12.7099 15.9099 0.6
      vertex 12.7221 15.631 0.6
    endloop
  endfacet
  facet normal 0 0 -1
    outer loop
      vertex 11.5289 16.465 0.6
      vertex 12.7221 15.631 0.6
      vertex 12.734 15.5402 0.6
    endloop
  endfacet
  facet normal 0 0 -1
    outer loop
      vertex 12.7099 15.9099 0.6
      vertex 11.5289 16.465 0.6
      vertex 11.9877 17.1203 0.6
    endloop
  endfacet
  facet normal 0 0 -1
    outer loop
      vertex 11.5289 16.465 0.6
      vertex 10.45 18.0999 0.6
      vertex 11.9877 17.1203 0.6
    endloop
  endfacet
  facet normal 0 0 -1
    outer loop
      vertex 10.05 17.4071 0.6
      vertex 10.45 18.0999 0.6
      vertex 11.5289 16.465 0.6
    endloop
  endfacet
  facet normal 0 0 -1
    outer loop
      vertex 10.05 17.4071 0.6
      vertex 8.83272 18.9418 0.6
      vertex 10.45 18.0999 0.6
    endloop
  endfacet
  facet normal 0 0 -1
    outer loop
      vertex 8.49463 18.2168 0.6
      vertex 8.83272 18.9418 0.6
      vertex 10.05 17.4071 0.6
    endloop
  endfacet
  facet normal 0 0 -1
    outer loop
      vertex 8.49463 18.2168 0.6
      vertex 7.14822 19.6396 0.6
      vertex 8.83272 18.9418 0.6
    endloop
  endfacet
  facet normal 0 0 -1
    outer loop
      vertex 6.8746 18.8878 0.6
      vertex 7.14822 19.6396 0.6
      vertex 8.49463 18.2168 0.6
    endloop
  endfacet
  facet normal 0 0 -1
    outer loop
      vertex 6.8746 18.8878 0.6
      vertex 5.40932 20.1878 0.6
      vertex 7.14822 19.6396 0.6
    endloop
  endfacet
  facet normal 0 0 -1
    outer loop
      vertex 5.20226 19.4151 0.6
      vertex 5.40932 20.1878 0.6
      vertex 6.8746 18.8878 0.6
    endloop
  endfacet
  facet normal 0 0 -1
    outer loop
      vertex 5.20226 19.4151 0.6
      vertex 3.62925 20.5825 0.6
      vertex 5.40932 20.1878 0.6
    endloop
  endfacet
  facet normal 0 0 -1
    outer loop
      vertex 3.49033 19.7946 0.6
      vertex 3.62925 20.5825 0.6
      vertex 5.20226 19.4151 0.6
    endloop
  endfacet
  facet normal 0 0 -1
    outer loop
      vertex 3.49033 19.7946 0.6
      vertex 1.82155 20.8205 0.6
      vertex 3.62925 20.5825 0.6
    endloop
  endfacet
  facet normal 0 0 -1
    outer loop
      vertex 1.75183 20.0235 0.6
      vertex 1.82155 20.8205 0.6
      vertex 3.49033 19.7946 0.6
    endloop
  endfacet
  facet normal 0 0 -1
    outer loop
      vertex 0 20.1 0.6
      vertex 1.82155 20.8205 0.6
      vertex 1.75183 20.0235 0.6
    endloop
  endfacet
  facet normal 0 0 -1
    outer loop
      vertex 0 20.1 0.6
      vertex 0 20.9 0.6
      vertex 1.82155 20.8205 0.6
    endloop
  endfacet
  facet normal 0 0 -1
    outer loop
      vertex -1.75183 20.0235 0.6
      vertex 0 20.9 0.6
      vertex 0 20.1 0.6
    endloop
  endfacet
  facet normal 0 0 -1
    outer loop
      vertex -1.75183 20.0235 0.6
      vertex -1.82155 20.8205 0.6
      vertex 0 20.9 0.6
    endloop
  endfacet
  facet normal 0 0 -1
    outer loop
      vertex -3.49033 19.7946 0.6
      vertex -1.82155 20.8205 0.6
      vertex -1.75183 20.0235 0.6
    endloop
  endfacet
  facet normal 0 0 -1
    outer loop
      vertex -3.49033 19.7946 0.6
      vertex -3.62925 20.5825 0.6
      vertex -1.82155 20.8205 0.6
    endloop
  endfacet
  facet normal 0 0 -1
    outer loop
      vertex -5.20226 19.4151 0.6
      vertex -3.62925 20.5825 0.6
      vertex -3.49033 19.7946 0.6
    endloop
  endfacet
  facet normal 0 0 -1
    outer loop
      vertex -5.20226 19.4151 0.6
      vertex -5.40932 20.1878 0.6
      vertex -3.62925 20.5825 0.6
    endloop
  endfacet
  facet normal 0 0 -1
    outer loop
      vertex -6.8746 18.8878 0.6
      vertex -5.40932 20.1878 0.6
      vertex -5.20226 19.4151 0.6
    endloop
  endfacet
  facet normal 0 0 -1
    outer loop
      vertex -6.8746 18.8878 0.6
      vertex -7.14822 19.6396 0.6
      vertex -5.40932 20.1878 0.6
    endloop
  endfacet
  facet normal 0 0 -1
    outer loop
      vertex -8.49463 18.2168 0.6
      vertex -7.14822 19.6396 0.6
      vertex -6.8746 18.8878 0.6
    endloop
  endfacet
  facet normal 0 0 -1
    outer loop
      vertex -8.49463 18.2168 0.6
      vertex -8.83272 18.9418 0.6
      vertex -7.14822 19.6396 0.6
    endloop
  endfacet
  facet normal 0 0 -1
    outer loop
      vertex -10.05 17.4071 0.6
      vertex -8.83272 18.9418 0.6
      vertex -8.49463 18.2168 0.6
    endloop
  endfacet
  facet normal 0 0 -1
    outer loop
      vertex -10.05 17.4071 0.6
      vertex -10.45 18.0999 0.6
      vertex -8.83272 18.9418 0.6
    endloop
  endfacet
  facet normal 0 0 -1
    outer loop
      vertex -11.5289 16.465 0.6
      vertex -10.45 18.0999 0.6
      vertex -10.05 17.4071 0.6
    endloop
  endfacet
  facet normal 0 0 -1
    outer loop
      vertex -11.5289 16.465 0.6
      vertex -11.9877 17.1203 0.6
      vertex -10.45 18.0999 0.6
    endloop
  endfacet
  facet normal 0 0 -1
    outer loop
      vertex -12.7221 16.1888 0.6
      vertex -11.5289 16.465 0.6
      vertex -12.7099 15.9099 0.6
    endloop
  endfacet
  facet normal 0 0 -1
    outer loop
      vertex -11.5289 16.465 0.6
      vertex -12.7221 15.631 0.6
      vertex -12.7099 15.9099 0.6
    endloop
  endfacet
  facet normal 0 -0 -1
    outer loop
      vertex -12.7221 15.631 0.6
      vertex -11.5289 16.465 0.6
      vertex -12.734 15.5402 0.6
    endloop
  endfacet
  facet normal 0 0 -1
    outer loop
      vertex 12.7585 16.4656 0.6
      vertex 11.9877 17.1203 0.6
      vertex 12.7705 16.5196 0.6
    endloop
  endfacet
  facet normal 0 0 -1
    outer loop
      vertex 12.7221 16.1888 0.6
      vertex 11.9877 17.1203 0.6
      vertex 12.7585 16.4656 0.6
    endloop
  endfacet
  facet normal 0 0 -1
    outer loop
      vertex 11.9877 17.1203 0.6
      vertex 12.7221 16.1888 0.6
      vertex 12.7099 15.9099 0.6
    endloop
  endfacet
  facet normal 0 0 -1
    outer loop
      vertex -12.7585 16.4656 0.6
      vertex -11.5289 16.465 0.6
      vertex -12.7221 16.1888 0.6
    endloop
  endfacet
  facet normal 0 0 -1
    outer loop
      vertex -11.5289 16.465 0.6
      vertex -12.7585 16.4656 0.6
      vertex -11.9877 17.1203 0.6
    endloop
  endfacet
  facet normal 0 0 -1
    outer loop
      vertex -11.9877 17.1203 0.6
      vertex -12.7585 16.4656 0.6
      vertex -12.7705 16.5196 0.6
    endloop
  endfacet
  facet normal 0.999048 0.043627 0
    outer loop
      vertex 20.1 0 0.6
      vertex 20.0235 1.75183 0
      vertex 20.0235 1.75183 0.6
    endloop
  endfacet
  facet normal 0.999048 0.043627 0
    outer loop
      vertex 20.0235 1.75183 0
      vertex 20.1 0 0.6
      vertex 20.1 0 0
    endloop
  endfacet
  facet normal 0.991443 -0.130539 0
    outer loop
      vertex 19.7946 -3.49033 0.6
      vertex 20.0235 -1.75183 0
      vertex 20.0235 -1.75183 0.6
    endloop
  endfacet
  facet normal 0.991443 -0.130539 0
    outer loop
      vertex 20.0235 -1.75183 0
      vertex 19.7946 -3.49033 0.6
      vertex 19.7946 -3.49033 0
    endloop
  endfacet
  facet normal 0.999048 -0.043627 0
    outer loop
      vertex 20.0235 -1.75183 0.6
      vertex 20.1 0 0
      vertex 20.1 0 0.6
    endloop
  endfacet
  facet normal 0.999048 -0.043627 0
    outer loop
      vertex 20.1 0 0
      vertex 20.0235 -1.75183 0.6
      vertex 20.0235 -1.75183 0
    endloop
  endfacet
  facet normal 0.976299 -0.216426 0
    outer loop
      vertex 19.4151 -5.20226 0.6
      vertex 19.7946 -3.49033 0
      vertex 19.7946 -3.49033 0.6
    endloop
  endfacet
  facet normal 0.976299 -0.216426 0
    outer loop
      vertex 19.7946 -3.49033 0
      vertex 19.4151 -5.20226 0.6
      vertex 19.4151 -5.20226 0
    endloop
  endfacet
  facet normal -0.953715 0.300713 0
    outer loop
      vertex -19.4151 5.20226 0
      vertex -18.8878 6.8746 0.6
      vertex -18.8878 6.8746 0
    endloop
  endfacet
  facet normal -0.953715 0.300713 0
    outer loop
      vertex -18.8878 6.8746 0.6
      vertex -19.4151 5.20226 0
      vertex -19.4151 5.20226 0.6
    endloop
  endfacet
  facet normal 0.537274 0.843408 -0
    outer loop
      vertex 11.5289 16.465 0
      vertex 10.05 17.4071 0.6
      vertex 11.5289 16.465 0.6
    endloop
  endfacet
  facet normal 0.537274 0.843408 0
    outer loop
      vertex 10.05 17.4071 0.6
      vertex 11.5289 16.465 0
      vertex 10.05 17.4071 0
    endloop
  endfacet
  facet normal -0.793323 0.6088 0
    outer loop
      vertex -16.465 11.5289 0
      vertex -15.5402 12.734 0.6
      vertex -15.5402 12.734 0
    endloop
  endfacet
  facet normal -0.793323 0.6088 0
    outer loop
      vertex -15.5402 12.734 0.6
      vertex -16.465 11.5289 0
      vertex -16.465 11.5289 0.6
    endloop
  endfacet
  facet normal -0.887005 -0.46176 0
    outer loop
      vertex -17.4071 -10.05 0
      vertex -18.2168 -8.49463 0.6
      vertex -18.2168 -8.49463 0
    endloop
  endfacet
  facet normal -0.887005 -0.46176 0
    outer loop
      vertex -18.2168 -8.49463 0.6
      vertex -17.4071 -10.05 0
      vertex -17.4071 -10.05 0.6
    endloop
  endfacet
  facet normal 0.130539 0.991443 -0
    outer loop
      vertex 3.49033 19.7946 0
      vertex 1.75183 20.0235 0.6
      vertex 3.49033 19.7946 0.6
    endloop
  endfacet
  facet normal 0.130539 0.991443 0
    outer loop
      vertex 1.75183 20.0235 0.6
      vertex 3.49033 19.7946 0
      vertex 1.75183 20.0235 0
    endloop
  endfacet
  facet normal 0.043627 -0.999048 0
    outer loop
      vertex 0 -20.1 0
      vertex 1.75183 -20.0235 0.6
      vertex 0 -20.1 0.6
    endloop
  endfacet
  facet normal 0.043627 -0.999048 0
    outer loop
      vertex 1.75183 -20.0235 0.6
      vertex 0 -20.1 0
      vertex 1.75183 -20.0235 0
    endloop
  endfacet
  facet normal -0.793323 -0.6088 0
    outer loop
      vertex -15.5402 -12.734 0
      vertex -16.465 -11.5289 0.6
      vertex -16.465 -11.5289 0
    endloop
  endfacet
  facet normal -0.793323 -0.6088 0
    outer loop
      vertex -16.465 -11.5289 0.6
      vertex -15.5402 -12.734 0
      vertex -15.5402 -12.734 0.6
    endloop
  endfacet
  facet normal 0.843408 -0.537274 0
    outer loop
      vertex 16.465 -11.5289 0.6
      vertex 17.4071 -10.05 0
      vertex 17.4071 -10.05 0.6
    endloop
  endfacet
  facet normal 0.843408 -0.537274 0
    outer loop
      vertex 17.4071 -10.05 0
      vertex 16.465 -11.5289 0.6
      vertex 16.465 -11.5289 0
    endloop
  endfacet
  facet normal -0.843408 0.537274 0
    outer loop
      vertex -17.4071 10.05 0
      vertex -16.465 11.5289 0.6
      vertex -16.465 11.5289 0
    endloop
  endfacet
  facet normal -0.843408 0.537274 0
    outer loop
      vertex -16.465 11.5289 0.6
      vertex -17.4071 10.05 0
      vertex -17.4071 10.05 0.6
    endloop
  endfacet
  facet normal -0.887005 0.46176 0
    outer loop
      vertex -18.2168 8.49463 0
      vertex -17.4071 10.05 0.6
      vertex -17.4071 10.05 0
    endloop
  endfacet
  facet normal -0.887005 0.46176 0
    outer loop
      vertex -17.4071 10.05 0.6
      vertex -18.2168 8.49463 0
      vertex -18.2168 8.49463 0.6
    endloop
  endfacet
  facet normal 0.537274 -0.843408 0
    outer loop
      vertex 10.05 -17.4071 0
      vertex 11.5289 -16.465 0.6
      vertex 10.05 -17.4071 0.6
    endloop
  endfacet
  facet normal 0.537274 -0.843408 0
    outer loop
      vertex 11.5289 -16.465 0.6
      vertex 10.05 -17.4071 0
      vertex 11.5289 -16.465 0
    endloop
  endfacet
  facet normal -0.043627 0.999048 0
    outer loop
      vertex 0 20.1 0
      vertex -1.75183 20.0235 0.6
      vertex 0 20.1 0.6
    endloop
  endfacet
  facet normal -0.043627 0.999048 0
    outer loop
      vertex -1.75183 20.0235 0.6
      vertex 0 20.1 0
      vertex -1.75183 20.0235 0
    endloop
  endfacet
  facet normal -0.6088 -0.793323 0
    outer loop
      vertex -12.734 -15.5402 0
      vertex -11.5289 -16.465 0.6
      vertex -12.734 -15.5402 0.6
    endloop
  endfacet
  facet normal -0.6088 -0.793323 -0
    outer loop
      vertex -11.5289 -16.465 0.6
      vertex -12.734 -15.5402 0
      vertex -11.5289 -16.465 0
    endloop
  endfacet
  facet normal 0.793323 -0.6088 0
    outer loop
      vertex 15.5402 -12.734 0.6
      vertex 16.465 -11.5289 0
      vertex 16.465 -11.5289 0.6
    endloop
  endfacet
  facet normal 0.793323 -0.6088 0
    outer loop
      vertex 16.465 -11.5289 0
      vertex 15.5402 -12.734 0.6
      vertex 15.5402 -12.734 0
    endloop
  endfacet
  facet normal -0.130539 -0.991443 0
    outer loop
      vertex -3.49033 -19.7946 0
      vertex -1.75183 -20.0235 0.6
      vertex -3.49033 -19.7946 0.6
    endloop
  endfacet
  facet normal -0.130539 -0.991443 -0
    outer loop
      vertex -1.75183 -20.0235 0.6
      vertex -3.49033 -19.7946 0
      vertex -1.75183 -20.0235 0
    endloop
  endfacet
  facet normal 0.923887 -0.382665 0
    outer loop
      vertex 18.2168 -8.49463 0.6
      vertex 18.8878 -6.8746 0
      vertex 18.8878 -6.8746 0.6
    endloop
  endfacet
  facet normal 0.923887 -0.382665 0
    outer loop
      vertex 18.8878 -6.8746 0
      vertex 18.2168 -8.49463 0.6
      vertex 18.2168 -8.49463 0
    endloop
  endfacet
  facet normal 0.46176 -0.887005 0
    outer loop
      vertex 8.49463 -18.2168 0
      vertex 10.05 -17.4071 0.6
      vertex 8.49463 -18.2168 0.6
    endloop
  endfacet
  facet normal 0.46176 -0.887005 0
    outer loop
      vertex 10.05 -17.4071 0.6
      vertex 8.49463 -18.2168 0
      vertex 10.05 -17.4071 0
    endloop
  endfacet
  facet normal -0.537274 0.843408 0
    outer loop
      vertex -10.05 17.4071 0
      vertex -11.5289 16.465 0.6
      vertex -10.05 17.4071 0.6
    endloop
  endfacet
  facet normal -0.537274 0.843408 0
    outer loop
      vertex -11.5289 16.465 0.6
      vertex -10.05 17.4071 0
      vertex -11.5289 16.465 0
    endloop
  endfacet
  facet normal 0.887005 0.46176 0
    outer loop
      vertex 18.2168 8.49463 0.6
      vertex 17.4071 10.05 0
      vertex 17.4071 10.05 0.6
    endloop
  endfacet
  facet normal 0.887005 0.46176 0
    outer loop
      vertex 17.4071 10.05 0
      vertex 18.2168 8.49463 0.6
      vertex 18.2168 8.49463 0
    endloop
  endfacet
  facet normal -0.216426 0.976299 0
    outer loop
      vertex -3.49033 19.7946 0
      vertex -5.20226 19.4151 0.6
      vertex -3.49033 19.7946 0.6
    endloop
  endfacet
  facet normal -0.216426 0.976299 0
    outer loop
      vertex -5.20226 19.4151 0.6
      vertex -3.49033 19.7946 0
      vertex -5.20226 19.4151 0
    endloop
  endfacet
  facet normal -0.300713 0.953715 0
    outer loop
      vertex -5.20226 19.4151 0
      vertex -6.8746 18.8878 0.6
      vertex -5.20226 19.4151 0.6
    endloop
  endfacet
  facet normal -0.300713 0.953715 0
    outer loop
      vertex -6.8746 18.8878 0.6
      vertex -5.20226 19.4151 0
      vertex -6.8746 18.8878 0
    endloop
  endfacet
  facet normal 0.793323 0.6088 0
    outer loop
      vertex 16.465 11.5289 0.6
      vertex 15.5402 12.734 0
      vertex 15.5402 12.734 0.6
    endloop
  endfacet
  facet normal 0.793323 0.6088 0
    outer loop
      vertex 15.5402 12.734 0
      vertex 16.465 11.5289 0.6
      vertex 16.465 11.5289 0
    endloop
  endfacet
  facet normal -0.976299 0.216426 0
    outer loop
      vertex -19.7946 3.49033 0
      vertex -19.4151 5.20226 0.6
      vertex -19.4151 5.20226 0
    endloop
  endfacet
  facet normal -0.976299 0.216426 0
    outer loop
      vertex -19.4151 5.20226 0.6
      vertex -19.7946 3.49033 0
      vertex -19.7946 3.49033 0.6
    endloop
  endfacet
  facet normal -0.300713 -0.953715 0
    outer loop
      vertex -6.8746 -18.8878 0
      vertex -5.20226 -19.4151 0.6
      vertex -6.8746 -18.8878 0.6
    endloop
  endfacet
  facet normal -0.300713 -0.953715 -0
    outer loop
      vertex -5.20226 -19.4151 0.6
      vertex -6.8746 -18.8878 0
      vertex -5.20226 -19.4151 0
    endloop
  endfacet
  facet normal 0.6088 0.793323 -0
    outer loop
      vertex 12.734 15.5402 0
      vertex 11.5289 16.465 0.6
      vertex 12.734 15.5402 0.6
    endloop
  endfacet
  facet normal 0.6088 0.793323 0
    outer loop
      vertex 11.5289 16.465 0.6
      vertex 12.734 15.5402 0
      vertex 11.5289 16.465 0
    endloop
  endfacet
  facet normal -0.46176 -0.887005 0
    outer loop
      vertex -10.05 -17.4071 0
      vertex -8.49463 -18.2168 0.6
      vertex -10.05 -17.4071 0.6
    endloop
  endfacet
  facet normal -0.46176 -0.887005 -0
    outer loop
      vertex -8.49463 -18.2168 0.6
      vertex -10.05 -17.4071 0
      vertex -8.49463 -18.2168 0
    endloop
  endfacet
  facet normal 0.216426 -0.976299 0
    outer loop
      vertex 3.49033 -19.7946 0
      vertex 5.20226 -19.4151 0.6
      vertex 3.49033 -19.7946 0.6
    endloop
  endfacet
  facet normal 0.216426 -0.976299 0
    outer loop
      vertex 5.20226 -19.4151 0.6
      vertex 3.49033 -19.7946 0
      vertex 5.20226 -19.4151 0
    endloop
  endfacet
  facet normal -0.991443 -0.130539 0
    outer loop
      vertex -19.7946 -3.49033 0
      vertex -20.0235 -1.75183 0.6
      vertex -20.0235 -1.75183 0
    endloop
  endfacet
  facet normal -0.991443 -0.130539 0
    outer loop
      vertex -20.0235 -1.75183 0.6
      vertex -19.7946 -3.49033 0
      vertex -19.7946 -3.49033 0.6
    endloop
  endfacet
  facet normal 0.953715 0.300713 0
    outer loop
      vertex 19.4151 5.20226 0.6
      vertex 18.8878 6.8746 0
      vertex 18.8878 6.8746 0.6
    endloop
  endfacet
  facet normal 0.953715 0.300713 0
    outer loop
      vertex 18.8878 6.8746 0
      vertex 19.4151 5.20226 0.6
      vertex 19.4151 5.20226 0
    endloop
  endfacet
  facet normal 0.976299 0.216426 0
    outer loop
      vertex 19.7946 3.49033 0.6
      vertex 19.4151 5.20226 0
      vertex 19.4151 5.20226 0.6
    endloop
  endfacet
  facet normal 0.976299 0.216426 0
    outer loop
      vertex 19.4151 5.20226 0
      vertex 19.7946 3.49033 0.6
      vertex 19.7946 3.49033 0
    endloop
  endfacet
  facet normal -0.976299 -0.216426 0
    outer loop
      vertex -19.4151 -5.20226 0
      vertex -19.7946 -3.49033 0.6
      vertex -19.7946 -3.49033 0
    endloop
  endfacet
  facet normal -0.976299 -0.216426 0
    outer loop
      vertex -19.7946 -3.49033 0.6
      vertex -19.4151 -5.20226 0
      vertex -19.4151 -5.20226 0.6
    endloop
  endfacet
  facet normal 0.991443 0.130539 0
    outer loop
      vertex 20.0235 1.75183 0.6
      vertex 19.7946 3.49033 0
      vertex 19.7946 3.49033 0.6
    endloop
  endfacet
  facet normal 0.991443 0.130539 0
    outer loop
      vertex 19.7946 3.49033 0
      vertex 20.0235 1.75183 0.6
      vertex 20.0235 1.75183 0
    endloop
  endfacet
  facet normal -0.216426 -0.976299 0
    outer loop
      vertex -5.20226 -19.4151 0
      vertex -3.49033 -19.7946 0.6
      vertex -5.20226 -19.4151 0.6
    endloop
  endfacet
  facet normal -0.216426 -0.976299 -0
    outer loop
      vertex -3.49033 -19.7946 0.6
      vertex -5.20226 -19.4151 0
      vertex -3.49033 -19.7946 0
    endloop
  endfacet
  facet normal 0.043627 0.999048 -0
    outer loop
      vertex 1.75183 20.0235 0
      vertex 0 20.1 0.6
      vertex 1.75183 20.0235 0.6
    endloop
  endfacet
  facet normal 0.043627 0.999048 0
    outer loop
      vertex 0 20.1 0.6
      vertex 1.75183 20.0235 0
      vertex 0 20.1 0
    endloop
  endfacet
  facet normal 0.6088 -0.793323 0
    outer loop
      vertex 11.5289 -16.465 0
      vertex 12.734 -15.5402 0.6
      vertex 11.5289 -16.465 0.6
    endloop
  endfacet
  facet normal 0.6088 -0.793323 0
    outer loop
      vertex 12.734 -15.5402 0.6
      vertex 11.5289 -16.465 0
      vertex 12.734 -15.5402 0
    endloop
  endfacet
  facet normal 0.843408 0.537274 0
    outer loop
      vertex 17.4071 10.05 0.6
      vertex 16.465 11.5289 0
      vertex 16.465 11.5289 0.6
    endloop
  endfacet
  facet normal 0.843408 0.537274 0
    outer loop
      vertex 16.465 11.5289 0
      vertex 17.4071 10.05 0.6
      vertex 17.4071 10.05 0
    endloop
  endfacet
  facet normal 0.923887 0.382665 0
    outer loop
      vertex 18.8878 6.8746 0.6
      vertex 18.2168 8.49463 0
      vertex 18.2168 8.49463 0.6
    endloop
  endfacet
  facet normal 0.923887 0.382665 0
    outer loop
      vertex 18.2168 8.49463 0
      vertex 18.8878 6.8746 0.6
      vertex 18.8878 6.8746 0
    endloop
  endfacet
  facet normal -0.537274 -0.843408 0
    outer loop
      vertex -11.5289 -16.465 0
      vertex -10.05 -17.4071 0.6
      vertex -11.5289 -16.465 0.6
    endloop
  endfacet
  facet normal -0.537274 -0.843408 -0
    outer loop
      vertex -10.05 -17.4071 0.6
      vertex -11.5289 -16.465 0
      vertex -10.05 -17.4071 0
    endloop
  endfacet
  facet normal 0.953715 -0.300713 0
    outer loop
      vertex 18.8878 -6.8746 0.6
      vertex 19.4151 -5.20226 0
      vertex 19.4151 -5.20226 0.6
    endloop
  endfacet
  facet normal 0.953715 -0.300713 0
    outer loop
      vertex 19.4151 -5.20226 0
      vertex 18.8878 -6.8746 0.6
      vertex 18.8878 -6.8746 0
    endloop
  endfacet
  facet normal 0.887005 -0.46176 0
    outer loop
      vertex 17.4071 -10.05 0.6
      vertex 18.2168 -8.49463 0
      vertex 18.2168 -8.49463 0.6
    endloop
  endfacet
  facet normal 0.887005 -0.46176 0
    outer loop
      vertex 18.2168 -8.49463 0
      vertex 17.4071 -10.05 0.6
      vertex 17.4071 -10.05 0
    endloop
  endfacet
  facet normal 0.130539 -0.991443 0
    outer loop
      vertex 1.75183 -20.0235 0
      vertex 3.49033 -19.7946 0.6
      vertex 1.75183 -20.0235 0.6
    endloop
  endfacet
  facet normal 0.130539 -0.991443 0
    outer loop
      vertex 3.49033 -19.7946 0.6
      vertex 1.75183 -20.0235 0
      vertex 3.49033 -19.7946 0
    endloop
  endfacet
  facet normal 0.46176 0.887005 -0
    outer loop
      vertex 10.05 17.4071 0
      vertex 8.49463 18.2168 0.6
      vertex 10.05 17.4071 0.6
    endloop
  endfacet
  facet normal 0.46176 0.887005 0
    outer loop
      vertex 8.49463 18.2168 0.6
      vertex 10.05 17.4071 0
      vertex 8.49463 18.2168 0
    endloop
  endfacet
  facet normal -0.953715 -0.300713 0
    outer loop
      vertex -18.8878 -6.8746 0
      vertex -19.4151 -5.20226 0.6
      vertex -19.4151 -5.20226 0
    endloop
  endfacet
  facet normal -0.953715 -0.300713 0
    outer loop
      vertex -19.4151 -5.20226 0.6
      vertex -18.8878 -6.8746 0
      vertex -18.8878 -6.8746 0.6
    endloop
  endfacet
  facet normal -0.999048 0.043627 0
    outer loop
      vertex -20.1 0 0
      vertex -20.0235 1.75183 0.6
      vertex -20.0235 1.75183 0
    endloop
  endfacet
  facet normal -0.999048 0.043627 0
    outer loop
      vertex -20.0235 1.75183 0.6
      vertex -20.1 0 0
      vertex -20.1 0 0.6
    endloop
  endfacet
  facet normal 0.382665 0.923887 -0
    outer loop
      vertex 8.49463 18.2168 0
      vertex 6.8746 18.8878 0.6
      vertex 8.49463 18.2168 0.6
    endloop
  endfacet
  facet normal 0.382665 0.923887 0
    outer loop
      vertex 6.8746 18.8878 0.6
      vertex 8.49463 18.2168 0
      vertex 6.8746 18.8878 0
    endloop
  endfacet
  facet normal -0.043627 -0.999048 0
    outer loop
      vertex -1.75183 -20.0235 0
      vertex 0 -20.1 0.6
      vertex -1.75183 -20.0235 0.6
    endloop
  endfacet
  facet normal -0.043627 -0.999048 -0
    outer loop
      vertex 0 -20.1 0.6
      vertex -1.75183 -20.0235 0
      vertex 0 -20.1 0
    endloop
  endfacet
  facet normal 0.216426 0.976299 -0
    outer loop
      vertex 5.20226 19.4151 0
      vertex 3.49033 19.7946 0.6
      vertex 5.20226 19.4151 0.6
    endloop
  endfacet
  facet normal 0.216426 0.976299 0
    outer loop
      vertex 3.49033 19.7946 0.6
      vertex 5.20226 19.4151 0
      vertex 3.49033 19.7946 0
    endloop
  endfacet
  facet normal -0.46176 0.887005 0
    outer loop
      vertex -8.49463 18.2168 0
      vertex -10.05 17.4071 0.6
      vertex -8.49463 18.2168 0.6
    endloop
  endfacet
  facet normal -0.46176 0.887005 0
    outer loop
      vertex -10.05 17.4071 0.6
      vertex -8.49463 18.2168 0
      vertex -10.05 17.4071 0
    endloop
  endfacet
  facet normal -0.991443 0.130539 0
    outer loop
      vertex -20.0235 1.75183 0
      vertex -19.7946 3.49033 0.6
      vertex -19.7946 3.49033 0
    endloop
  endfacet
  facet normal -0.991443 0.130539 0
    outer loop
      vertex -19.7946 3.49033 0.6
      vertex -20.0235 1.75183 0
      vertex -20.0235 1.75183 0.6
    endloop
  endfacet
  facet normal 0.300713 -0.953715 0
    outer loop
      vertex 5.20226 -19.4151 0
      vertex 6.8746 -18.8878 0.6
      vertex 5.20226 -19.4151 0.6
    endloop
  endfacet
  facet normal 0.300713 -0.953715 0
    outer loop
      vertex 6.8746 -18.8878 0.6
      vertex 5.20226 -19.4151 0
      vertex 6.8746 -18.8878 0
    endloop
  endfacet
  facet normal -0.382665 -0.923887 0
    outer loop
      vertex -8.49463 -18.2168 0
      vertex -6.8746 -18.8878 0.6
      vertex -8.49463 -18.2168 0.6
    endloop
  endfacet
  facet normal -0.382665 -0.923887 -0
    outer loop
      vertex -6.8746 -18.8878 0.6
      vertex -8.49463 -18.2168 0
      vertex -6.8746 -18.8878 0
    endloop
  endfacet
  facet normal -0.923887 0.382665 0
    outer loop
      vertex -18.8878 6.8746 0
      vertex -18.2168 8.49463 0.6
      vertex -18.2168 8.49463 0
    endloop
  endfacet
  facet normal -0.923887 0.382665 0
    outer loop
      vertex -18.2168 8.49463 0.6
      vertex -18.8878 6.8746 0
      vertex -18.8878 6.8746 0.6
    endloop
  endfacet
  facet normal -0.6088 0.793323 0
    outer loop
      vertex -11.5289 16.465 0
      vertex -12.734 15.5402 0.6
      vertex -11.5289 16.465 0.6
    endloop
  endfacet
  facet normal -0.6088 0.793323 0
    outer loop
      vertex -12.734 15.5402 0.6
      vertex -11.5289 16.465 0
      vertex -12.734 15.5402 0
    endloop
  endfacet
  facet normal -0.382665 0.923887 0
    outer loop
      vertex -6.8746 18.8878 0
      vertex -8.49463 18.2168 0.6
      vertex -6.8746 18.8878 0.6
    endloop
  endfacet
  facet normal -0.382665 0.923887 0
    outer loop
      vertex -8.49463 18.2168 0.6
      vertex -6.8746 18.8878 0
      vertex -8.49463 18.2168 0
    endloop
  endfacet
  facet normal -0.130539 0.991443 0
    outer loop
      vertex -1.75183 20.0235 0
      vertex -3.49033 19.7946 0.6
      vertex -1.75183 20.0235 0.6
    endloop
  endfacet
  facet normal -0.130539 0.991443 0
    outer loop
      vertex -3.49033 19.7946 0.6
      vertex -1.75183 20.0235 0
      vertex -3.49033 19.7946 0
    endloop
  endfacet
  facet normal -0.843408 -0.537274 0
    outer loop
      vertex -16.465 -11.5289 0
      vertex -17.4071 -10.05 0.6
      vertex -17.4071 -10.05 0
    endloop
  endfacet
  facet normal -0.843408 -0.537274 0
    outer loop
      vertex -17.4071 -10.05 0.6
      vertex -16.465 -11.5289 0
      vertex -16.465 -11.5289 0.6
    endloop
  endfacet
  facet normal -0.999048 -0.043627 0
    outer loop
      vertex -20.0235 -1.75183 0
      vertex -20.1 0 0.6
      vertex -20.1 0 0
    endloop
  endfacet
  facet normal -0.999048 -0.043627 0
    outer loop
      vertex -20.1 0 0.6
      vertex -20.0235 -1.75183 0
      vertex -20.0235 -1.75183 0.6
    endloop
  endfacet
  facet normal 0.300713 0.953715 -0
    outer loop
      vertex 6.8746 18.8878 0
      vertex 5.20226 19.4151 0.6
      vertex 6.8746 18.8878 0.6
    endloop
  endfacet
  facet normal 0.300713 0.953715 0
    outer loop
      vertex 5.20226 19.4151 0.6
      vertex 6.8746 18.8878 0
      vertex 5.20226 19.4151 0
    endloop
  endfacet
  facet normal -0.923887 -0.382665 0
    outer loop
      vertex -18.2168 -8.49463 0
      vertex -18.8878 -6.8746 0.6
      vertex -18.8878 -6.8746 0
    endloop
  endfacet
  facet normal -0.923887 -0.382665 0
    outer loop
      vertex -18.8878 -6.8746 0.6
      vertex -18.2168 -8.49463 0
      vertex -18.2168 -8.49463 0.6
    endloop
  endfacet
  facet normal 0.382665 -0.923887 0
    outer loop
      vertex 6.8746 -18.8878 0
      vertex 8.49463 -18.2168 0.6
      vertex 6.8746 -18.8878 0.6
    endloop
  endfacet
  facet normal 0.382665 -0.923887 0
    outer loop
      vertex 8.49463 -18.2168 0.6
      vertex 6.8746 -18.8878 0
      vertex 8.49463 -18.2168 0
    endloop
  endfacet
  facet normal -0.99144 0.13056 0
    outer loop
      vertex 15.6584 -2.76101 0
      vertex 15.8395 -1.38578 0.6
      vertex 15.8395 -1.38578 0
    endloop
  endfacet
  facet normal -0.99144 0.13056 0
    outer loop
      vertex 15.8395 -1.38578 0.6
      vertex 15.6584 -2.76101 0
      vertex 15.6584 -2.76101 0.6
    endloop
  endfacet
  facet normal -0.999048 0.0436162 0
    outer loop
      vertex 15.8395 -1.38578 0
      vertex 15.9 0 0.6
      vertex 15.9 0 0
    endloop
  endfacet
  facet normal -0.999048 0.0436162 0
    outer loop
      vertex 15.9 0 0.6
      vertex 15.8395 -1.38578 0
      vertex 15.8395 -1.38578 0.6
    endloop
  endfacet
  facet normal -0.976299 0.216425 0
    outer loop
      vertex 15.3582 -4.11522 0
      vertex 15.6584 -2.76101 0.6
      vertex 15.6584 -2.76101 0
    endloop
  endfacet
  facet normal -0.976299 0.216425 0
    outer loop
      vertex 15.6584 -2.76101 0.6
      vertex 15.3582 -4.11522 0
      vertex 15.3582 -4.11522 0.6
    endloop
  endfacet
  facet normal -0.999048 -0.0436162 0
    outer loop
      vertex 15.9 0 0
      vertex 15.8395 1.38578 0.6
      vertex 15.8395 1.38578 0
    endloop
  endfacet
  facet normal -0.999048 -0.0436162 0
    outer loop
      vertex 15.8395 1.38578 0.6
      vertex 15.9 0 0
      vertex 15.9 0 0.6
    endloop
  endfacet
  facet normal 0.976299 -0.216425 0
    outer loop
      vertex -15.6584 2.76101 0.6
      vertex -15.3582 4.11522 0
      vertex -15.3582 4.11522 0.6
    endloop
  endfacet
  facet normal 0.976299 -0.216425 0
    outer loop
      vertex -15.3582 4.11522 0
      vertex -15.6584 2.76101 0.6
      vertex -15.6584 2.76101 0
    endloop
  endfacet
  facet normal -0.793352 0.608763 0
    outer loop
      vertex 12.1801 -10.2203 0
      vertex 13.0245 -9.11986 0.6
      vertex 13.0245 -9.11986 0
    endloop
  endfacet
  facet normal -0.793352 0.608763 0
    outer loop
      vertex 13.0245 -9.11986 0.6
      vertex 12.1801 -10.2203 0
      vertex 12.1801 -10.2203 0.6
    endloop
  endfacet
  facet normal -0.675578 -0.737289 0
    outer loop
      vertex 10.2203 12.1801 0
      vertex 11.243 11.243 0.6
      vertex 10.2203 12.1801 0.6
    endloop
  endfacet
  facet normal -0.675578 -0.737289 -0
    outer loop
      vertex 11.243 11.243 0.6
      vertex 10.2203 12.1801 0
      vertex 11.243 11.243 0
    endloop
  endfacet
  facet normal -0.608763 -0.793352 0
    outer loop
      vertex 9.11986 13.0245 0
      vertex 10.2203 12.1801 0.6
      vertex 9.11986 13.0245 0.6
    endloop
  endfacet
  facet normal -0.608763 -0.793352 -0
    outer loop
      vertex 10.2203 12.1801 0.6
      vertex 9.11986 13.0245 0
      vertex 10.2203 12.1801 0
    endloop
  endfacet
  facet normal -0.953719 0.3007 0
    outer loop
      vertex 14.9411 -5.43812 0
      vertex 15.3582 -4.11522 0.6
      vertex 15.3582 -4.11522 0
    endloop
  endfacet
  facet normal -0.953719 0.3007 0
    outer loop
      vertex 15.3582 -4.11522 0.6
      vertex 14.9411 -5.43812 0
      vertex 14.9411 -5.43812 0.6
    endloop
  endfacet
  facet normal 0.843386 -0.537308 0
    outer loop
      vertex -13.7698 7.95 0.6
      vertex -13.0245 9.11986 0
      vertex -13.0245 9.11986 0.6
    endloop
  endfacet
  facet normal 0.843386 -0.537308 0
    outer loop
      vertex -13.0245 9.11986 0
      vertex -13.7698 7.95 0.6
      vertex -13.7698 7.95 0
    endloop
  endfacet
  facet normal -0.675578 0.737289 0
    outer loop
      vertex 11.243 -11.243 0
      vertex 10.2203 -12.1801 0.6
      vertex 11.243 -11.243 0.6
    endloop
  endfacet
  facet normal -0.675578 0.737289 0
    outer loop
      vertex 10.2203 -12.1801 0.6
      vertex 11.243 -11.243 0
      vertex 10.2203 -12.1801 0
    endloop
  endfacet
  facet normal -0.382672 0.923884 0
    outer loop
      vertex 6.71963 -14.4103 0
      vertex 5.43812 -14.9411 0.6
      vertex 6.71963 -14.4103 0.6
    endloop
  endfacet
  facet normal -0.382672 0.923884 0
    outer loop
      vertex 5.43812 -14.9411 0.6
      vertex 6.71963 -14.4103 0
      vertex 5.43812 -14.9411 0
    endloop
  endfacet
  facet normal 0.216425 -0.976299 0
    outer loop
      vertex -4.11522 15.3582 0
      vertex -2.76101 15.6584 0.6
      vertex -4.11522 15.3582 0.6
    endloop
  endfacet
  facet normal 0.216425 -0.976299 0
    outer loop
      vertex -2.76101 15.6584 0.6
      vertex -4.11522 15.3582 0
      vertex -2.76101 15.6584 0
    endloop
  endfacet
  facet normal 0.3007 -0.953719 0
    outer loop
      vertex -5.43812 14.9411 0
      vertex -4.11522 15.3582 0.6
      vertex -5.43812 14.9411 0.6
    endloop
  endfacet
  facet normal 0.3007 -0.953719 0
    outer loop
      vertex -4.11522 15.3582 0.6
      vertex -5.43812 14.9411 0
      vertex -4.11522 15.3582 0
    endloop
  endfacet
  facet normal -0.843386 0.537308 0
    outer loop
      vertex 13.0245 -9.11986 0
      vertex 13.7698 -7.95 0.6
      vertex 13.7698 -7.95 0
    endloop
  endfacet
  facet normal -0.843386 0.537308 0
    outer loop
      vertex 13.7698 -7.95 0.6
      vertex 13.0245 -9.11986 0
      vertex 13.0245 -9.11986 0.6
    endloop
  endfacet
  facet normal 0.737289 -0.675578 0
    outer loop
      vertex -12.1801 10.2203 0.6
      vertex -11.243 11.243 0
      vertex -11.243 11.243 0.6
    endloop
  endfacet
  facet normal 0.737289 -0.675578 0
    outer loop
      vertex -11.243 11.243 0
      vertex -12.1801 10.2203 0.6
      vertex -12.1801 10.2203 0
    endloop
  endfacet
  facet normal 0.675578 0.737289 -0
    outer loop
      vertex -10.2203 -12.1801 0
      vertex -11.243 -11.243 0.6
      vertex -10.2203 -12.1801 0.6
    endloop
  endfacet
  facet normal 0.675578 0.737289 0
    outer loop
      vertex -11.243 -11.243 0.6
      vertex -10.2203 -12.1801 0
      vertex -11.243 -11.243 0
    endloop
  endfacet
  facet normal -0.608763 0.793352 0
    outer loop
      vertex 10.2203 -12.1801 0
      vertex 9.11986 -13.0245 0.6
      vertex 10.2203 -12.1801 0.6
    endloop
  endfacet
  facet normal -0.608763 0.793352 0
    outer loop
      vertex 9.11986 -13.0245 0.6
      vertex 10.2203 -12.1801 0
      vertex 9.11986 -13.0245 0
    endloop
  endfacet
  facet normal 0.608763 -0.793352 0
    outer loop
      vertex -10.2203 12.1801 0
      vertex -9.11986 13.0245 0.6
      vertex -10.2203 12.1801 0.6
    endloop
  endfacet
  facet normal 0.608763 -0.793352 0
    outer loop
      vertex -9.11986 13.0245 0.6
      vertex -10.2203 12.1801 0
      vertex -9.11986 13.0245 0
    endloop
  endfacet
  facet normal -0.382672 -0.923884 0
    outer loop
      vertex 5.43812 14.9411 0
      vertex 6.71963 14.4103 0.6
      vertex 5.43812 14.9411 0.6
    endloop
  endfacet
  facet normal -0.382672 -0.923884 -0
    outer loop
      vertex 6.71963 14.4103 0.6
      vertex 5.43812 14.9411 0
      vertex 6.71963 14.4103 0
    endloop
  endfacet
  facet normal -0.737289 0.675578 0
    outer loop
      vertex 11.243 -11.243 0
      vertex 12.1801 -10.2203 0.6
      vertex 12.1801 -10.2203 0
    endloop
  endfacet
  facet normal -0.737289 0.675578 0
    outer loop
      vertex 12.1801 -10.2203 0.6
      vertex 11.243 -11.243 0
      vertex 11.243 -11.243 0.6
    endloop
  endfacet
  facet normal 0.737289 0.675578 0
    outer loop
      vertex -11.243 -11.243 0.6
      vertex -12.1801 -10.2203 0
      vertex -12.1801 -10.2203 0.6
    endloop
  endfacet
  facet normal 0.737289 0.675578 0
    outer loop
      vertex -12.1801 -10.2203 0
      vertex -11.243 -11.243 0.6
      vertex -11.243 -11.243 0
    endloop
  endfacet
  facet normal -0.887008 -0.461754 0
    outer loop
      vertex 14.4103 6.71963 0
      vertex 13.7698 7.95 0.6
      vertex 13.7698 7.95 0
    endloop
  endfacet
  facet normal -0.887008 -0.461754 0
    outer loop
      vertex 13.7698 7.95 0.6
      vertex 14.4103 6.71963 0
      vertex 14.4103 6.71963 0.6
    endloop
  endfacet
  facet normal -0.99144 -0.13056 0
    outer loop
      vertex 15.8395 1.38578 0
      vertex 15.6584 2.76101 0.6
      vertex 15.6584 2.76101 0
    endloop
  endfacet
  facet normal -0.99144 -0.13056 0
    outer loop
      vertex 15.6584 2.76101 0.6
      vertex 15.8395 1.38578 0
      vertex 15.8395 1.38578 0.6
    endloop
  endfacet
  facet normal -0.3007 0.953719 0
    outer loop
      vertex 5.43812 -14.9411 0
      vertex 4.11522 -15.3582 0.6
      vertex 5.43812 -14.9411 0.6
    endloop
  endfacet
  facet normal -0.3007 0.953719 0
    outer loop
      vertex 4.11522 -15.3582 0.6
      vertex 5.43812 -14.9411 0
      vertex 4.11522 -15.3582 0
    endloop
  endfacet
  facet normal 0.953719 0.3007 0
    outer loop
      vertex -14.9411 -5.43812 0.6
      vertex -15.3582 -4.11522 0
      vertex -15.3582 -4.11522 0.6
    endloop
  endfacet
  facet normal 0.953719 0.3007 0
    outer loop
      vertex -15.3582 -4.11522 0
      vertex -14.9411 -5.43812 0.6
      vertex -14.9411 -5.43812 0
    endloop
  endfacet
  facet normal 0.537308 -0.843386 0
    outer loop
      vertex -9.11986 13.0245 0
      vertex -7.95 13.7698 0.6
      vertex -9.11986 13.0245 0.6
    endloop
  endfacet
  facet normal 0.537308 -0.843386 0
    outer loop
      vertex -7.95 13.7698 0.6
      vertex -9.11986 13.0245 0
      vertex -7.95 13.7698 0
    endloop
  endfacet
  facet normal 0.793352 -0.608763 0
    outer loop
      vertex -13.0245 9.11986 0.6
      vertex -12.1801 10.2203 0
      vertex -12.1801 10.2203 0.6
    endloop
  endfacet
  facet normal 0.793352 -0.608763 0
    outer loop
      vertex -12.1801 10.2203 0
      vertex -13.0245 9.11986 0.6
      vertex -13.0245 9.11986 0
    endloop
  endfacet
  facet normal -0.461754 -0.887008 0
    outer loop
      vertex 6.71963 14.4103 0
      vertex 7.95 13.7698 0.6
      vertex 6.71963 14.4103 0.6
    endloop
  endfacet
  facet normal -0.461754 -0.887008 -0
    outer loop
      vertex 7.95 13.7698 0.6
      vertex 6.71963 14.4103 0
      vertex 7.95 13.7698 0
    endloop
  endfacet
  facet normal -0.537308 0.843386 0
    outer loop
      vertex 9.11986 -13.0245 0
      vertex 7.95 -13.7698 0.6
      vertex 9.11986 -13.0245 0.6
    endloop
  endfacet
  facet normal -0.537308 0.843386 0
    outer loop
      vertex 7.95 -13.7698 0.6
      vertex 9.11986 -13.0245 0
      vertex 7.95 -13.7698 0
    endloop
  endfacet
  facet normal -0.923884 0.382672 0
    outer loop
      vertex 14.4103 -6.71963 0
      vertex 14.9411 -5.43812 0.6
      vertex 14.9411 -5.43812 0
    endloop
  endfacet
  facet normal -0.923884 0.382672 0
    outer loop
      vertex 14.9411 -5.43812 0.6
      vertex 14.4103 -6.71963 0
      vertex 14.4103 -6.71963 0.6
    endloop
  endfacet
  facet normal 0.382672 0.923884 -0
    outer loop
      vertex -5.43812 -14.9411 0
      vertex -6.71963 -14.4103 0.6
      vertex -5.43812 -14.9411 0.6
    endloop
  endfacet
  facet normal 0.382672 0.923884 0
    outer loop
      vertex -6.71963 -14.4103 0.6
      vertex -5.43812 -14.9411 0
      vertex -6.71963 -14.4103 0
    endloop
  endfacet
  facet normal -0.923884 -0.382672 0
    outer loop
      vertex 14.9411 5.43812 0
      vertex 14.4103 6.71963 0.6
      vertex 14.4103 6.71963 0
    endloop
  endfacet
  facet normal -0.923884 -0.382672 0
    outer loop
      vertex 14.4103 6.71963 0.6
      vertex 14.9411 5.43812 0
      vertex 14.9411 5.43812 0.6
    endloop
  endfacet
  facet normal -0.13056 -0.99144 0
    outer loop
      vertex 1.38578 15.8395 0
      vertex 2.76101 15.6584 0.6
      vertex 1.38578 15.8395 0.6
    endloop
  endfacet
  facet normal -0.13056 -0.99144 -0
    outer loop
      vertex 2.76101 15.6584 0.6
      vertex 1.38578 15.8395 0
      vertex 2.76101 15.6584 0
    endloop
  endfacet
  facet normal 0.0436162 0.999048 -0
    outer loop
      vertex 0 -15.9 0
      vertex -1.38578 -15.8395 0.6
      vertex 0 -15.9 0.6
    endloop
  endfacet
  facet normal 0.0436162 0.999048 0
    outer loop
      vertex -1.38578 -15.8395 0.6
      vertex 0 -15.9 0
      vertex -1.38578 -15.8395 0
    endloop
  endfacet
  facet normal 0.843386 0.537308 0
    outer loop
      vertex -13.0245 -9.11986 0.6
      vertex -13.7698 -7.95 0
      vertex -13.7698 -7.95 0.6
    endloop
  endfacet
  facet normal 0.843386 0.537308 0
    outer loop
      vertex -13.7698 -7.95 0
      vertex -13.0245 -9.11986 0.6
      vertex -13.0245 -9.11986 0
    endloop
  endfacet
  facet normal -0.843386 -0.537308 0
    outer loop
      vertex 13.7698 7.95 0
      vertex 13.0245 9.11986 0.6
      vertex 13.0245 9.11986 0
    endloop
  endfacet
  facet normal -0.843386 -0.537308 0
    outer loop
      vertex 13.0245 9.11986 0.6
      vertex 13.7698 7.95 0
      vertex 13.7698 7.95 0.6
    endloop
  endfacet
  facet normal -0.887008 0.461754 0
    outer loop
      vertex 13.7698 -7.95 0
      vertex 14.4103 -6.71963 0.6
      vertex 14.4103 -6.71963 0
    endloop
  endfacet
  facet normal -0.887008 0.461754 0
    outer loop
      vertex 14.4103 -6.71963 0.6
      vertex 13.7698 -7.95 0
      vertex 13.7698 -7.95 0.6
    endloop
  endfacet
  facet normal 0.99144 -0.13056 0
    outer loop
      vertex -15.8395 1.38578 0.6
      vertex -15.6584 2.76101 0
      vertex -15.6584 2.76101 0.6
    endloop
  endfacet
  facet normal 0.99144 -0.13056 0
    outer loop
      vertex -15.6584 2.76101 0
      vertex -15.8395 1.38578 0.6
      vertex -15.8395 1.38578 0
    endloop
  endfacet
  facet normal -0.3007 -0.953719 0
    outer loop
      vertex 4.11522 15.3582 0
      vertex 5.43812 14.9411 0.6
      vertex 4.11522 15.3582 0.6
    endloop
  endfacet
  facet normal -0.3007 -0.953719 -0
    outer loop
      vertex 5.43812 14.9411 0.6
      vertex 4.11522 15.3582 0
      vertex 5.43812 14.9411 0
    endloop
  endfacet
  facet normal 0.976299 0.216425 0
    outer loop
      vertex -15.3582 -4.11522 0.6
      vertex -15.6584 -2.76101 0
      vertex -15.6584 -2.76101 0.6
    endloop
  endfacet
  facet normal 0.976299 0.216425 0
    outer loop
      vertex -15.6584 -2.76101 0
      vertex -15.3582 -4.11522 0.6
      vertex -15.3582 -4.11522 0
    endloop
  endfacet
  facet normal -0.461754 0.887008 0
    outer loop
      vertex 7.95 -13.7698 0
      vertex 6.71963 -14.4103 0.6
      vertex 7.95 -13.7698 0.6
    endloop
  endfacet
  facet normal -0.461754 0.887008 0
    outer loop
      vertex 6.71963 -14.4103 0.6
      vertex 7.95 -13.7698 0
      vertex 6.71963 -14.4103 0
    endloop
  endfacet
  facet normal 0.999048 -0.0436162 0
    outer loop
      vertex -15.9 0 0.6
      vertex -15.8395 1.38578 0
      vertex -15.8395 1.38578 0.6
    endloop
  endfacet
  facet normal 0.999048 -0.0436162 0
    outer loop
      vertex -15.8395 1.38578 0
      vertex -15.9 0 0.6
      vertex -15.9 0 0
    endloop
  endfacet
  facet normal 0.887008 0.461754 0
    outer loop
      vertex -13.7698 -7.95 0.6
      vertex -14.4103 -6.71963 0
      vertex -14.4103 -6.71963 0.6
    endloop
  endfacet
  facet normal 0.887008 0.461754 0
    outer loop
      vertex -14.4103 -6.71963 0
      vertex -13.7698 -7.95 0.6
      vertex -13.7698 -7.95 0
    endloop
  endfacet
  facet normal 0.99144 0.13056 0
    outer loop
      vertex -15.6584 -2.76101 0.6
      vertex -15.8395 -1.38578 0
      vertex -15.8395 -1.38578 0.6
    endloop
  endfacet
  facet normal 0.99144 0.13056 0
    outer loop
      vertex -15.8395 -1.38578 0
      vertex -15.6584 -2.76101 0.6
      vertex -15.6584 -2.76101 0
    endloop
  endfacet
  facet normal 0.382672 -0.923884 0
    outer loop
      vertex -6.71963 14.4103 0
      vertex -5.43812 14.9411 0.6
      vertex -6.71963 14.4103 0.6
    endloop
  endfacet
  facet normal 0.382672 -0.923884 0
    outer loop
      vertex -5.43812 14.9411 0.6
      vertex -6.71963 14.4103 0
      vertex -5.43812 14.9411 0
    endloop
  endfacet
  facet normal -0.976299 -0.216425 0
    outer loop
      vertex 15.6584 2.76101 0
      vertex 15.3582 4.11522 0.6
      vertex 15.3582 4.11522 0
    endloop
  endfacet
  facet normal -0.976299 -0.216425 0
    outer loop
      vertex 15.3582 4.11522 0.6
      vertex 15.6584 2.76101 0
      vertex 15.6584 2.76101 0.6
    endloop
  endfacet
  facet normal -0.953719 -0.3007 0
    outer loop
      vertex 15.3582 4.11522 0
      vertex 14.9411 5.43812 0.6
      vertex 14.9411 5.43812 0
    endloop
  endfacet
  facet normal -0.953719 -0.3007 0
    outer loop
      vertex 14.9411 5.43812 0.6
      vertex 15.3582 4.11522 0
      vertex 15.3582 4.11522 0.6
    endloop
  endfacet
  facet normal -0.216425 0.976299 0
    outer loop
      vertex 4.11522 -15.3582 0
      vertex 2.76101 -15.6584 0.6
      vertex 4.11522 -15.3582 0.6
    endloop
  endfacet
  facet normal -0.216425 0.976299 0
    outer loop
      vertex 2.76101 -15.6584 0.6
      vertex 4.11522 -15.3582 0
      vertex 2.76101 -15.6584 0
    endloop
  endfacet
  facet normal -0.216425 -0.976299 0
    outer loop
      vertex 2.76101 15.6584 0
      vertex 4.11522 15.3582 0.6
      vertex 2.76101 15.6584 0.6
    endloop
  endfacet
  facet normal -0.216425 -0.976299 -0
    outer loop
      vertex 4.11522 15.3582 0.6
      vertex 2.76101 15.6584 0
      vertex 4.11522 15.3582 0
    endloop
  endfacet
  facet normal 0.0436162 -0.999048 0
    outer loop
      vertex -1.38578 15.8395 0
      vertex 0 15.9 0.6
      vertex -1.38578 15.8395 0.6
    endloop
  endfacet
  facet normal 0.0436162 -0.999048 0
    outer loop
      vertex 0 15.9 0.6
      vertex -1.38578 15.8395 0
      vertex 0 15.9 0
    endloop
  endfacet
  facet normal 0.216425 0.976299 -0
    outer loop
      vertex -2.76101 -15.6584 0
      vertex -4.11522 -15.3582 0.6
      vertex -2.76101 -15.6584 0.6
    endloop
  endfacet
  facet normal 0.216425 0.976299 0
    outer loop
      vertex -4.11522 -15.3582 0.6
      vertex -2.76101 -15.6584 0
      vertex -4.11522 -15.3582 0
    endloop
  endfacet
  facet normal 0.999048 0.0436162 0
    outer loop
      vertex -15.8395 -1.38578 0.6
      vertex -15.9 0 0
      vertex -15.9 0 0.6
    endloop
  endfacet
  facet normal 0.999048 0.0436162 0
    outer loop
      vertex -15.9 0 0
      vertex -15.8395 -1.38578 0.6
      vertex -15.8395 -1.38578 0
    endloop
  endfacet
  facet normal 0.13056 0.99144 -0
    outer loop
      vertex -1.38578 -15.8395 0
      vertex -2.76101 -15.6584 0.6
      vertex -1.38578 -15.8395 0.6
    endloop
  endfacet
  facet normal 0.13056 0.99144 0
    outer loop
      vertex -2.76101 -15.6584 0.6
      vertex -1.38578 -15.8395 0
      vertex -2.76101 -15.6584 0
    endloop
  endfacet
  facet normal 0.3007 0.953719 -0
    outer loop
      vertex -4.11522 -15.3582 0
      vertex -5.43812 -14.9411 0.6
      vertex -4.11522 -15.3582 0.6
    endloop
  endfacet
  facet normal 0.3007 0.953719 0
    outer loop
      vertex -5.43812 -14.9411 0.6
      vertex -4.11522 -15.3582 0
      vertex -5.43812 -14.9411 0
    endloop
  endfacet
  facet normal 0.793352 0.608763 0
    outer loop
      vertex -12.1801 -10.2203 0.6
      vertex -13.0245 -9.11986 0
      vertex -13.0245 -9.11986 0.6
    endloop
  endfacet
  facet normal 0.793352 0.608763 0
    outer loop
      vertex -13.0245 -9.11986 0
      vertex -12.1801 -10.2203 0.6
      vertex -12.1801 -10.2203 0
    endloop
  endfacet
  facet normal 0.923884 0.382672 0
    outer loop
      vertex -14.4103 -6.71963 0.6
      vertex -14.9411 -5.43812 0
      vertex -14.9411 -5.43812 0.6
    endloop
  endfacet
  facet normal 0.923884 0.382672 0
    outer loop
      vertex -14.9411 -5.43812 0
      vertex -14.4103 -6.71963 0.6
      vertex -14.4103 -6.71963 0
    endloop
  endfacet
  facet normal -0.793352 -0.608763 0
    outer loop
      vertex 13.0245 9.11986 0
      vertex 12.1801 10.2203 0.6
      vertex 12.1801 10.2203 0
    endloop
  endfacet
  facet normal -0.793352 -0.608763 0
    outer loop
      vertex 12.1801 10.2203 0.6
      vertex 13.0245 9.11986 0
      vertex 13.0245 9.11986 0.6
    endloop
  endfacet
  facet normal 0.923884 -0.382672 0
    outer loop
      vertex -14.9411 5.43812 0.6
      vertex -14.4103 6.71963 0
      vertex -14.4103 6.71963 0.6
    endloop
  endfacet
  facet normal 0.923884 -0.382672 0
    outer loop
      vertex -14.4103 6.71963 0
      vertex -14.9411 5.43812 0.6
      vertex -14.9411 5.43812 0
    endloop
  endfacet
  facet normal -0.0436162 -0.999048 0
    outer loop
      vertex 0 15.9 0
      vertex 1.38578 15.8395 0.6
      vertex 0 15.9 0.6
    endloop
  endfacet
  facet normal -0.0436162 -0.999048 -0
    outer loop
      vertex 1.38578 15.8395 0.6
      vertex 0 15.9 0
      vertex 1.38578 15.8395 0
    endloop
  endfacet
  facet normal 0.537308 0.843386 -0
    outer loop
      vertex -7.95 -13.7698 0
      vertex -9.11986 -13.0245 0.6
      vertex -7.95 -13.7698 0.6
    endloop
  endfacet
  facet normal 0.537308 0.843386 0
    outer loop
      vertex -9.11986 -13.0245 0.6
      vertex -7.95 -13.7698 0
      vertex -9.11986 -13.0245 0
    endloop
  endfacet
  facet normal -0.737289 -0.675578 0
    outer loop
      vertex 12.1801 10.2203 0
      vertex 11.243 11.243 0.6
      vertex 11.243 11.243 0
    endloop
  endfacet
  facet normal -0.737289 -0.675578 0
    outer loop
      vertex 11.243 11.243 0.6
      vertex 12.1801 10.2203 0
      vertex 12.1801 10.2203 0.6
    endloop
  endfacet
  facet normal 0.461754 -0.887008 0
    outer loop
      vertex -7.95 13.7698 0
      vertex -6.71963 14.4103 0.6
      vertex -7.95 13.7698 0.6
    endloop
  endfacet
  facet normal 0.461754 -0.887008 0
    outer loop
      vertex -6.71963 14.4103 0.6
      vertex -7.95 13.7698 0
      vertex -6.71963 14.4103 0
    endloop
  endfacet
  facet normal -0.537308 -0.843386 0
    outer loop
      vertex 7.95 13.7698 0
      vertex 9.11986 13.0245 0.6
      vertex 7.95 13.7698 0.6
    endloop
  endfacet
  facet normal -0.537308 -0.843386 -0
    outer loop
      vertex 9.11986 13.0245 0.6
      vertex 7.95 13.7698 0
      vertex 9.11986 13.0245 0
    endloop
  endfacet
  facet normal -0.0436162 0.999048 0
    outer loop
      vertex 1.38578 -15.8395 0
      vertex 0 -15.9 0.6
      vertex 1.38578 -15.8395 0.6
    endloop
  endfacet
  facet normal -0.0436162 0.999048 0
    outer loop
      vertex 0 -15.9 0.6
      vertex 1.38578 -15.8395 0
      vertex 0 -15.9 0
    endloop
  endfacet
  facet normal 0.887008 -0.461754 0
    outer loop
      vertex -14.4103 6.71963 0.6
      vertex -13.7698 7.95 0
      vertex -13.7698 7.95 0.6
    endloop
  endfacet
  facet normal 0.887008 -0.461754 0
    outer loop
      vertex -13.7698 7.95 0
      vertex -14.4103 6.71963 0.6
      vertex -14.4103 6.71963 0
    endloop
  endfacet
  facet normal -0.13056 0.99144 0
    outer loop
      vertex 2.76101 -15.6584 0
      vertex 1.38578 -15.8395 0.6
      vertex 2.76101 -15.6584 0.6
    endloop
  endfacet
  facet normal -0.13056 0.99144 0
    outer loop
      vertex 1.38578 -15.8395 0.6
      vertex 2.76101 -15.6584 0
      vertex 1.38578 -15.8395 0
    endloop
  endfacet
  facet normal 0.608763 0.793352 -0
    outer loop
      vertex -9.11986 -13.0245 0
      vertex -10.2203 -12.1801 0.6
      vertex -9.11986 -13.0245 0.6
    endloop
  endfacet
  facet normal 0.608763 0.793352 0
    outer loop
      vertex -10.2203 -12.1801 0.6
      vertex -9.11986 -13.0245 0
      vertex -10.2203 -12.1801 0
    endloop
  endfacet
  facet normal 0.675578 -0.737289 0
    outer loop
      vertex -11.243 11.243 0
      vertex -10.2203 12.1801 0.6
      vertex -11.243 11.243 0.6
    endloop
  endfacet
  facet normal 0.675578 -0.737289 0
    outer loop
      vertex -10.2203 12.1801 0.6
      vertex -11.243 11.243 0
      vertex -10.2203 12.1801 0
    endloop
  endfacet
  facet normal 0.461754 0.887008 -0
    outer loop
      vertex -6.71963 -14.4103 0
      vertex -7.95 -13.7698 0.6
      vertex -6.71963 -14.4103 0.6
    endloop
  endfacet
  facet normal 0.461754 0.887008 0
    outer loop
      vertex -7.95 -13.7698 0.6
      vertex -6.71963 -14.4103 0
      vertex -7.95 -13.7698 0
    endloop
  endfacet
  facet normal 0 0 -1
    outer loop
      vertex 15.1 0 0.6
      vertex 15.9 0 0.6
      vertex 15.8395 -1.38578 0.6
    endloop
  endfacet
  facet normal 0 0 -1
    outer loop
      vertex 15.0425 -1.31605 0.6
      vertex 15.8395 -1.38578 0.6
      vertex 15.6584 -2.76101 0.6
    endloop
  endfacet
  facet normal 0 0 -1
    outer loop
      vertex 15.9 0 0.6
      vertex 15.1 0 0.6
      vertex 15.8395 1.38578 0.6
    endloop
  endfacet
  facet normal 0 0 -1
    outer loop
      vertex 14.8706 -2.62209 0.6
      vertex 15.6584 -2.76101 0.6
      vertex 15.3582 -4.11522 0.6
    endloop
  endfacet
  facet normal 0 0 -1
    outer loop
      vertex 15.0425 1.31605 0.6
      vertex 15.8395 1.38578 0.6
      vertex 15.1 0 0.6
    endloop
  endfacet
  facet normal -0 0 -1
    outer loop
      vertex 15.8395 1.38578 0.6
      vertex 15.0425 1.31605 0.6
      vertex 15.6584 2.76101 0.6
    endloop
  endfacet
  facet normal 0 0 -1
    outer loop
      vertex 15.8395 -1.38578 0.6
      vertex 15.0425 -1.31605 0.6
      vertex 15.1 0 0.6
    endloop
  endfacet
  facet normal 0 0 -1
    outer loop
      vertex 14.5855 -3.90817 0.6
      vertex 15.3582 -4.11522 0.6
      vertex 14.9411 -5.43812 0.6
    endloop
  endfacet
  facet normal 0 0 -1
    outer loop
      vertex 15.6584 -2.76101 0.6
      vertex 14.8706 -2.62209 0.6
      vertex 15.0425 -1.31605 0.6
    endloop
  endfacet
  facet normal 0 0 -1
    outer loop
      vertex 15.3582 -4.11522 0.6
      vertex 14.5855 -3.90817 0.6
      vertex 14.8706 -2.62209 0.6
    endloop
  endfacet
  facet normal 0 0 -1
    outer loop
      vertex 14.1894 -5.1645 0.6
      vertex 14.9411 -5.43812 0.6
      vertex 14.4103 -6.71963 0.6
    endloop
  endfacet
  facet normal 0 0 -1
    outer loop
      vertex 14.9411 -5.43812 0.6
      vertex 14.1894 -5.1645 0.6
      vertex 14.5855 -3.90817 0.6
    endloop
  endfacet
  facet normal 0 0 -1
    outer loop
      vertex 13.6852 -6.38154 0.6
      vertex 14.4103 -6.71963 0.6
      vertex 13.7698 -7.95 0.6
    endloop
  endfacet
  facet normal 0 0 -1
    outer loop
      vertex 14.4103 -6.71963 0.6
      vertex 13.6852 -6.38154 0.6
      vertex 14.1894 -5.1645 0.6
    endloop
  endfacet
  facet normal 0 0 -1
    outer loop
      vertex 13.7698 -7.95 0.6
      vertex 13.077 -7.55 0.6
      vertex 13.6852 -6.38154 0.6
    endloop
  endfacet
  facet normal 0 0 -1
    outer loop
      vertex 13.0245 -9.11986 0.6
      vertex 13.077 -7.55 0.6
      vertex 13.7698 -7.95 0.6
    endloop
  endfacet
  facet normal 0 0 -1
    outer loop
      vertex 13.0245 -9.11986 0.6
      vertex 12.3692 -8.661 0.6
      vertex 13.077 -7.55 0.6
    endloop
  endfacet
  facet normal 0 0 -1
    outer loop
      vertex 12.1801 -10.2203 0.6
      vertex 12.3692 -8.661 0.6
      vertex 13.0245 -9.11986 0.6
    endloop
  endfacet
  facet normal 0 0 -1
    outer loop
      vertex 12.1801 -10.2203 0.6
      vertex 11.5673 -9.70609 0.6
      vertex 12.3692 -8.661 0.6
    endloop
  endfacet
  facet normal 0 0 -1
    outer loop
      vertex 11.243 -11.243 0.6
      vertex 11.5673 -9.70609 0.6
      vertex 12.1801 -10.2203 0.6
    endloop
  endfacet
  facet normal 0 0 -1
    outer loop
      vertex 11.243 -11.243 0.6
      vertex 10.6773 -10.6773 0.6
      vertex 11.5673 -9.70609 0.6
    endloop
  endfacet
  facet normal 0 0 -1
    outer loop
      vertex 10.2203 -12.1801 0.6
      vertex 10.6773 -10.6773 0.6
      vertex 11.243 -11.243 0.6
    endloop
  endfacet
  facet normal 0 0 -1
    outer loop
      vertex 10.2203 -12.1801 0.6
      vertex 9.70609 -11.5673 0.6
      vertex 10.6773 -10.6773 0.6
    endloop
  endfacet
  facet normal 0 0 -1
    outer loop
      vertex 9.11986 -13.0245 0.6
      vertex 9.70609 -11.5673 0.6
      vertex 10.2203 -12.1801 0.6
    endloop
  endfacet
  facet normal 0 0 -1
    outer loop
      vertex 9.11986 -13.0245 0.6
      vertex 8.661 -12.3692 0.6
      vertex 9.70609 -11.5673 0.6
    endloop
  endfacet
  facet normal 0 0 -1
    outer loop
      vertex 7.95 -13.7698 0.6
      vertex 8.661 -12.3692 0.6
      vertex 9.11986 -13.0245 0.6
    endloop
  endfacet
  facet normal 0 0 -1
    outer loop
      vertex 7.95 -13.7698 0.6
      vertex 7.55 -13.077 0.6
      vertex 8.661 -12.3692 0.6
    endloop
  endfacet
  facet normal 0 0 -1
    outer loop
      vertex 6.71963 -14.4103 0.6
      vertex 7.55 -13.077 0.6
      vertex 7.95 -13.7698 0.6
    endloop
  endfacet
  facet normal 0 0 -1
    outer loop
      vertex 6.71963 -14.4103 0.6
      vertex 6.38154 -13.6852 0.6
      vertex 7.55 -13.077 0.6
    endloop
  endfacet
  facet normal 0 0 -1
    outer loop
      vertex 5.43812 -14.9411 0.6
      vertex 6.38154 -13.6852 0.6
      vertex 6.71963 -14.4103 0.6
    endloop
  endfacet
  facet normal 0 0 -1
    outer loop
      vertex 5.43812 -14.9411 0.6
      vertex 5.1645 -14.1894 0.6
      vertex 6.38154 -13.6852 0.6
    endloop
  endfacet
  facet normal 0 0 -1
    outer loop
      vertex 4.11522 -15.3582 0.6
      vertex 5.1645 -14.1894 0.6
      vertex 5.43812 -14.9411 0.6
    endloop
  endfacet
  facet normal 0 0 -1
    outer loop
      vertex 4.11522 -15.3582 0.6
      vertex 3.90817 -14.5855 0.6
      vertex 5.1645 -14.1894 0.6
    endloop
  endfacet
  facet normal 0 0 -1
    outer loop
      vertex 2.76101 -15.6584 0.6
      vertex 3.90817 -14.5855 0.6
      vertex 4.11522 -15.3582 0.6
    endloop
  endfacet
  facet normal 0 0 -1
    outer loop
      vertex 2.76101 -15.6584 0.6
      vertex 2.62209 -14.8706 0.6
      vertex 3.90817 -14.5855 0.6
    endloop
  endfacet
  facet normal 0 0 -1
    outer loop
      vertex 1.38578 -15.8395 0.6
      vertex 2.62209 -14.8706 0.6
      vertex 2.76101 -15.6584 0.6
    endloop
  endfacet
  facet normal 0 0 -1
    outer loop
      vertex 1.38578 -15.8395 0.6
      vertex 1.31605 -15.0425 0.6
      vertex 2.62209 -14.8706 0.6
    endloop
  endfacet
  facet normal 0 0 -1
    outer loop
      vertex 0 -15.9 0.6
      vertex 1.31605 -15.0425 0.6
      vertex 1.38578 -15.8395 0.6
    endloop
  endfacet
  facet normal 0 0 -1
    outer loop
      vertex 0 -15.9 0.6
      vertex 0 -15.1 0.6
      vertex 1.31605 -15.0425 0.6
    endloop
  endfacet
  facet normal 0 0 -1
    outer loop
      vertex 0 -15.9 0.6
      vertex -1.31605 -15.0425 0.6
      vertex 0 -15.1 0.6
    endloop
  endfacet
  facet normal 0 0 -1
    outer loop
      vertex -1.38578 -15.8395 0.6
      vertex -1.31605 -15.0425 0.6
      vertex 0 -15.9 0.6
    endloop
  endfacet
  facet normal 0 0 -1
    outer loop
      vertex -1.38578 -15.8395 0.6
      vertex -2.62209 -14.8706 0.6
      vertex -1.31605 -15.0425 0.6
    endloop
  endfacet
  facet normal 0 0 -1
    outer loop
      vertex -2.76101 -15.6584 0.6
      vertex -2.62209 -14.8706 0.6
      vertex -1.38578 -15.8395 0.6
    endloop
  endfacet
  facet normal 0 0 -1
    outer loop
      vertex -2.76101 -15.6584 0.6
      vertex -3.90817 -14.5855 0.6
      vertex -2.62209 -14.8706 0.6
    endloop
  endfacet
  facet normal 0 0 -1
    outer loop
      vertex -4.11522 -15.3582 0.6
      vertex -3.90817 -14.5855 0.6
      vertex -2.76101 -15.6584 0.6
    endloop
  endfacet
  facet normal 0 0 -1
    outer loop
      vertex -4.11522 -15.3582 0.6
      vertex -5.1645 -14.1894 0.6
      vertex -3.90817 -14.5855 0.6
    endloop
  endfacet
  facet normal 0 0 -1
    outer loop
      vertex -5.43812 -14.9411 0.6
      vertex -5.1645 -14.1894 0.6
      vertex -4.11522 -15.3582 0.6
    endloop
  endfacet
  facet normal 0 0 -1
    outer loop
      vertex -5.43812 -14.9411 0.6
      vertex -6.38154 -13.6852 0.6
      vertex -5.1645 -14.1894 0.6
    endloop
  endfacet
  facet normal 0 0 -1
    outer loop
      vertex -6.71963 -14.4103 0.6
      vertex -6.38154 -13.6852 0.6
      vertex -5.43812 -14.9411 0.6
    endloop
  endfacet
  facet normal 0 0 -1
    outer loop
      vertex -6.71963 -14.4103 0.6
      vertex -7.55 -13.077 0.6
      vertex -6.38154 -13.6852 0.6
    endloop
  endfacet
  facet normal 0 0 -1
    outer loop
      vertex -7.95 -13.7698 0.6
      vertex -7.55 -13.077 0.6
      vertex -6.71963 -14.4103 0.6
    endloop
  endfacet
  facet normal 0 0 -1
    outer loop
      vertex -7.95 -13.7698 0.6
      vertex -8.661 -12.3692 0.6
      vertex -7.55 -13.077 0.6
    endloop
  endfacet
  facet normal 0 0 -1
    outer loop
      vertex -9.11986 -13.0245 0.6
      vertex -8.661 -12.3692 0.6
      vertex -7.95 -13.7698 0.6
    endloop
  endfacet
  facet normal 0 0 -1
    outer loop
      vertex -9.11986 -13.0245 0.6
      vertex -9.70609 -11.5673 0.6
      vertex -8.661 -12.3692 0.6
    endloop
  endfacet
  facet normal 0 0 -1
    outer loop
      vertex -10.2203 -12.1801 0.6
      vertex -9.70609 -11.5673 0.6
      vertex -9.11986 -13.0245 0.6
    endloop
  endfacet
  facet normal 0 0 -1
    outer loop
      vertex -10.2203 -12.1801 0.6
      vertex -10.6773 -10.6773 0.6
      vertex -9.70609 -11.5673 0.6
    endloop
  endfacet
  facet normal 0 0 -1
    outer loop
      vertex -11.243 -11.243 0.6
      vertex -10.6773 -10.6773 0.6
      vertex -10.2203 -12.1801 0.6
    endloop
  endfacet
  facet normal 0 0 -1
    outer loop
      vertex -11.243 -11.243 0.6
      vertex -11.5673 -9.70609 0.6
      vertex -10.6773 -10.6773 0.6
    endloop
  endfacet
  facet normal 0 0 -1
    outer loop
      vertex -12.1801 -10.2203 0.6
      vertex -11.5673 -9.70609 0.6
      vertex -11.243 -11.243 0.6
    endloop
  endfacet
  facet normal 0 0 -1
    outer loop
      vertex -12.1801 -10.2203 0.6
      vertex -12.3692 -8.661 0.6
      vertex -11.5673 -9.70609 0.6
    endloop
  endfacet
  facet normal 0 0 -1
    outer loop
      vertex -13.0245 -9.11986 0.6
      vertex -12.3692 -8.661 0.6
      vertex -12.1801 -10.2203 0.6
    endloop
  endfacet
  facet normal 0 0 -1
    outer loop
      vertex -13.0245 -9.11986 0.6
      vertex -13.077 -7.55 0.6
      vertex -12.3692 -8.661 0.6
    endloop
  endfacet
  facet normal 0 0 -1
    outer loop
      vertex -13.7698 -7.95 0.6
      vertex -13.077 -7.55 0.6
      vertex -13.0245 -9.11986 0.6
    endloop
  endfacet
  facet normal -0 0 -1
    outer loop
      vertex -13.077 -7.55 0.6
      vertex -13.7698 -7.95 0.6
      vertex -13.6852 -6.38154 0.6
    endloop
  endfacet
  facet normal 0 0 -1
    outer loop
      vertex -14.4103 -6.71963 0.6
      vertex -13.6852 -6.38154 0.6
      vertex -13.7698 -7.95 0.6
    endloop
  endfacet
  facet normal -0 0 -1
    outer loop
      vertex -13.6852 -6.38154 0.6
      vertex -14.4103 -6.71963 0.6
      vertex -14.1894 -5.1645 0.6
    endloop
  endfacet
  facet normal 0 0 -1
    outer loop
      vertex -14.9411 -5.43812 0.6
      vertex -14.1894 -5.1645 0.6
      vertex -14.4103 -6.71963 0.6
    endloop
  endfacet
  facet normal -0 0 -1
    outer loop
      vertex -14.1894 -5.1645 0.6
      vertex -14.9411 -5.43812 0.6
      vertex -14.5855 -3.90817 0.6
    endloop
  endfacet
  facet normal 0 0 -1
    outer loop
      vertex -15.3582 -4.11522 0.6
      vertex -14.5855 -3.90817 0.6
      vertex -14.9411 -5.43812 0.6
    endloop
  endfacet
  facet normal -0 0 -1
    outer loop
      vertex -14.5855 -3.90817 0.6
      vertex -15.3582 -4.11522 0.6
      vertex -14.8706 -2.62209 0.6
    endloop
  endfacet
  facet normal 0 0 -1
    outer loop
      vertex -15.6584 -2.76101 0.6
      vertex -14.8706 -2.62209 0.6
      vertex -15.3582 -4.11522 0.6
    endloop
  endfacet
  facet normal -0 0 -1
    outer loop
      vertex -14.8706 -2.62209 0.6
      vertex -15.6584 -2.76101 0.6
      vertex -15.0425 -1.31605 0.6
    endloop
  endfacet
  facet normal 0 0 -1
    outer loop
      vertex 14.8706 2.62209 0.6
      vertex 15.6584 2.76101 0.6
      vertex 15.0425 1.31605 0.6
    endloop
  endfacet
  facet normal -0 0 -1
    outer loop
      vertex 15.6584 2.76101 0.6
      vertex 14.8706 2.62209 0.6
      vertex 15.3582 4.11522 0.6
    endloop
  endfacet
  facet normal 0 0 -1
    outer loop
      vertex 14.5855 3.90817 0.6
      vertex 15.3582 4.11522 0.6
      vertex 14.8706 2.62209 0.6
    endloop
  endfacet
  facet normal -0 0 -1
    outer loop
      vertex 15.3582 4.11522 0.6
      vertex 14.5855 3.90817 0.6
      vertex 14.9411 5.43812 0.6
    endloop
  endfacet
  facet normal 0 0 -1
    outer loop
      vertex 14.1894 5.1645 0.6
      vertex 14.9411 5.43812 0.6
      vertex 14.5855 3.90817 0.6
    endloop
  endfacet
  facet normal -0 0 -1
    outer loop
      vertex 14.9411 5.43812 0.6
      vertex 14.1894 5.1645 0.6
      vertex 14.4103 6.71963 0.6
    endloop
  endfacet
  facet normal 0 0 -1
    outer loop
      vertex 13.6852 6.38154 0.6
      vertex 14.4103 6.71963 0.6
      vertex 14.1894 5.1645 0.6
    endloop
  endfacet
  facet normal -0 0 -1
    outer loop
      vertex 14.4103 6.71963 0.6
      vertex 13.6852 6.38154 0.6
      vertex 13.7698 7.95 0.6
    endloop
  endfacet
  facet normal 0 0 -1
    outer loop
      vertex 13.077 7.55 0.6
      vertex 13.7698 7.95 0.6
      vertex 13.6852 6.38154 0.6
    endloop
  endfacet
  facet normal 0 0 -1
    outer loop
      vertex 13.077 7.55 0.6
      vertex 13.0245 9.11986 0.6
      vertex 13.7698 7.95 0.6
    endloop
  endfacet
  facet normal 0 0 -1
    outer loop
      vertex 12.3692 8.661 0.6
      vertex 13.0245 9.11986 0.6
      vertex 13.077 7.55 0.6
    endloop
  endfacet
  facet normal 0 0 -1
    outer loop
      vertex 12.3692 8.661 0.6
      vertex 12.1801 10.2203 0.6
      vertex 13.0245 9.11986 0.6
    endloop
  endfacet
  facet normal 0 0 -1
    outer loop
      vertex 11.5673 9.70609 0.6
      vertex 12.1801 10.2203 0.6
      vertex 12.3692 8.661 0.6
    endloop
  endfacet
  facet normal 0 0 -1
    outer loop
      vertex 11.5673 9.70609 0.6
      vertex 11.243 11.243 0.6
      vertex 12.1801 10.2203 0.6
    endloop
  endfacet
  facet normal 0 0 -1
    outer loop
      vertex 10.6773 10.6773 0.6
      vertex 11.243 11.243 0.6
      vertex 11.5673 9.70609 0.6
    endloop
  endfacet
  facet normal 0 0 -1
    outer loop
      vertex 10.6773 10.6773 0.6
      vertex 10.2203 12.1801 0.6
      vertex 11.243 11.243 0.6
    endloop
  endfacet
  facet normal 0 0 -1
    outer loop
      vertex 9.70609 11.5673 0.6
      vertex 10.2203 12.1801 0.6
      vertex 10.6773 10.6773 0.6
    endloop
  endfacet
  facet normal 0 0 -1
    outer loop
      vertex 9.70609 11.5673 0.6
      vertex 9.11986 13.0245 0.6
      vertex 10.2203 12.1801 0.6
    endloop
  endfacet
  facet normal 0 0 -1
    outer loop
      vertex 8.661 12.3692 0.6
      vertex 9.11986 13.0245 0.6
      vertex 9.70609 11.5673 0.6
    endloop
  endfacet
  facet normal 0 0 -1
    outer loop
      vertex 8.661 12.3692 0.6
      vertex 7.95 13.7698 0.6
      vertex 9.11986 13.0245 0.6
    endloop
  endfacet
  facet normal 0 0 -1
    outer loop
      vertex 7.55 13.077 0.6
      vertex 7.95 13.7698 0.6
      vertex 8.661 12.3692 0.6
    endloop
  endfacet
  facet normal 0 0 -1
    outer loop
      vertex 7.55 13.077 0.6
      vertex 6.71963 14.4103 0.6
      vertex 7.95 13.7698 0.6
    endloop
  endfacet
  facet normal 0 0 -1
    outer loop
      vertex 6.38154 13.6852 0.6
      vertex 6.71963 14.4103 0.6
      vertex 7.55 13.077 0.6
    endloop
  endfacet
  facet normal 0 0 -1
    outer loop
      vertex 6.38154 13.6852 0.6
      vertex 5.43812 14.9411 0.6
      vertex 6.71963 14.4103 0.6
    endloop
  endfacet
  facet normal 0 0 -1
    outer loop
      vertex 5.1645 14.1894 0.6
      vertex 5.43812 14.9411 0.6
      vertex 6.38154 13.6852 0.6
    endloop
  endfacet
  facet normal 0 0 -1
    outer loop
      vertex 5.1645 14.1894 0.6
      vertex 4.11522 15.3582 0.6
      vertex 5.43812 14.9411 0.6
    endloop
  endfacet
  facet normal 0 0 -1
    outer loop
      vertex 3.90817 14.5855 0.6
      vertex 4.11522 15.3582 0.6
      vertex 5.1645 14.1894 0.6
    endloop
  endfacet
  facet normal 0 0 -1
    outer loop
      vertex 3.90817 14.5855 0.6
      vertex 2.76101 15.6584 0.6
      vertex 4.11522 15.3582 0.6
    endloop
  endfacet
  facet normal 0 0 -1
    outer loop
      vertex 2.62209 14.8706 0.6
      vertex 2.76101 15.6584 0.6
      vertex 3.90817 14.5855 0.6
    endloop
  endfacet
  facet normal 0 0 -1
    outer loop
      vertex 2.62209 14.8706 0.6
      vertex 1.38578 15.8395 0.6
      vertex 2.76101 15.6584 0.6
    endloop
  endfacet
  facet normal 0 0 -1
    outer loop
      vertex 1.31605 15.0425 0.6
      vertex 1.38578 15.8395 0.6
      vertex 2.62209 14.8706 0.6
    endloop
  endfacet
  facet normal 0 0 -1
    outer loop
      vertex 0 15.1 0.6
      vertex 1.38578 15.8395 0.6
      vertex 1.31605 15.0425 0.6
    endloop
  endfacet
  facet normal 0 0 -1
    outer loop
      vertex 0 15.1 0.6
      vertex 0 15.9 0.6
      vertex 1.38578 15.8395 0.6
    endloop
  endfacet
  facet normal 0 0 -1
    outer loop
      vertex -1.31605 15.0425 0.6
      vertex 0 15.9 0.6
      vertex 0 15.1 0.6
    endloop
  endfacet
  facet normal 0 0 -1
    outer loop
      vertex -1.31605 15.0425 0.6
      vertex -1.38578 15.8395 0.6
      vertex 0 15.9 0.6
    endloop
  endfacet
  facet normal 0 0 -1
    outer loop
      vertex -2.62209 14.8706 0.6
      vertex -1.38578 15.8395 0.6
      vertex -1.31605 15.0425 0.6
    endloop
  endfacet
  facet normal 0 0 -1
    outer loop
      vertex -2.62209 14.8706 0.6
      vertex -2.76101 15.6584 0.6
      vertex -1.38578 15.8395 0.6
    endloop
  endfacet
  facet normal 0 0 -1
    outer loop
      vertex -3.90817 14.5855 0.6
      vertex -2.76101 15.6584 0.6
      vertex -2.62209 14.8706 0.6
    endloop
  endfacet
  facet normal 0 0 -1
    outer loop
      vertex -3.90817 14.5855 0.6
      vertex -4.11522 15.3582 0.6
      vertex -2.76101 15.6584 0.6
    endloop
  endfacet
  facet normal 0 0 -1
    outer loop
      vertex -5.1645 14.1894 0.6
      vertex -4.11522 15.3582 0.6
      vertex -3.90817 14.5855 0.6
    endloop
  endfacet
  facet normal 0 0 -1
    outer loop
      vertex -5.1645 14.1894 0.6
      vertex -5.43812 14.9411 0.6
      vertex -4.11522 15.3582 0.6
    endloop
  endfacet
  facet normal 0 0 -1
    outer loop
      vertex -6.38154 13.6852 0.6
      vertex -5.43812 14.9411 0.6
      vertex -5.1645 14.1894 0.6
    endloop
  endfacet
  facet normal 0 0 -1
    outer loop
      vertex -6.38154 13.6852 0.6
      vertex -6.71963 14.4103 0.6
      vertex -5.43812 14.9411 0.6
    endloop
  endfacet
  facet normal 0 0 -1
    outer loop
      vertex -7.55 13.077 0.6
      vertex -6.71963 14.4103 0.6
      vertex -6.38154 13.6852 0.6
    endloop
  endfacet
  facet normal 0 0 -1
    outer loop
      vertex -7.55 13.077 0.6
      vertex -7.95 13.7698 0.6
      vertex -6.71963 14.4103 0.6
    endloop
  endfacet
  facet normal 0 0 -1
    outer loop
      vertex -8.661 12.3692 0.6
      vertex -7.95 13.7698 0.6
      vertex -7.55 13.077 0.6
    endloop
  endfacet
  facet normal 0 0 -1
    outer loop
      vertex -8.661 12.3692 0.6
      vertex -9.11986 13.0245 0.6
      vertex -7.95 13.7698 0.6
    endloop
  endfacet
  facet normal 0 0 -1
    outer loop
      vertex -9.70609 11.5673 0.6
      vertex -9.11986 13.0245 0.6
      vertex -8.661 12.3692 0.6
    endloop
  endfacet
  facet normal 0 0 -1
    outer loop
      vertex -9.70609 11.5673 0.6
      vertex -10.2203 12.1801 0.6
      vertex -9.11986 13.0245 0.6
    endloop
  endfacet
  facet normal 0 0 -1
    outer loop
      vertex -10.6773 10.6773 0.6
      vertex -10.2203 12.1801 0.6
      vertex -9.70609 11.5673 0.6
    endloop
  endfacet
  facet normal 0 0 -1
    outer loop
      vertex -10.6773 10.6773 0.6
      vertex -11.243 11.243 0.6
      vertex -10.2203 12.1801 0.6
    endloop
  endfacet
  facet normal 0 0 -1
    outer loop
      vertex -11.5673 9.70609 0.6
      vertex -11.243 11.243 0.6
      vertex -10.6773 10.6773 0.6
    endloop
  endfacet
  facet normal 0 0 -1
    outer loop
      vertex -11.5673 9.70609 0.6
      vertex -12.1801 10.2203 0.6
      vertex -11.243 11.243 0.6
    endloop
  endfacet
  facet normal 0 0 -1
    outer loop
      vertex -12.3692 8.661 0.6
      vertex -12.1801 10.2203 0.6
      vertex -11.5673 9.70609 0.6
    endloop
  endfacet
  facet normal 0 0 -1
    outer loop
      vertex -12.3692 8.661 0.6
      vertex -13.0245 9.11986 0.6
      vertex -12.1801 10.2203 0.6
    endloop
  endfacet
  facet normal 0 0 -1
    outer loop
      vertex -13.077 7.55 0.6
      vertex -13.0245 9.11986 0.6
      vertex -12.3692 8.661 0.6
    endloop
  endfacet
  facet normal 0 0 -1
    outer loop
      vertex -13.7698 7.95 0.6
      vertex -13.077 7.55 0.6
      vertex -13.6852 6.38154 0.6
    endloop
  endfacet
  facet normal 0 0 -1
    outer loop
      vertex -13.077 7.55 0.6
      vertex -13.7698 7.95 0.6
      vertex -13.0245 9.11986 0.6
    endloop
  endfacet
  facet normal 0 0 -1
    outer loop
      vertex -14.4103 6.71963 0.6
      vertex -13.6852 6.38154 0.6
      vertex -14.1894 5.1645 0.6
    endloop
  endfacet
  facet normal 0 0 -1
    outer loop
      vertex -13.6852 6.38154 0.6
      vertex -14.4103 6.71963 0.6
      vertex -13.7698 7.95 0.6
    endloop
  endfacet
  facet normal 0 0 -1
    outer loop
      vertex -14.9411 5.43812 0.6
      vertex -14.1894 5.1645 0.6
      vertex -14.5855 3.90817 0.6
    endloop
  endfacet
  facet normal 0 0 -1
    outer loop
      vertex -15.3582 4.11522 0.6
      vertex -14.5855 3.90817 0.6
      vertex -14.8706 2.62209 0.6
    endloop
  endfacet
  facet normal 0 0 -1
    outer loop
      vertex -14.1894 5.1645 0.6
      vertex -14.9411 5.43812 0.6
      vertex -14.4103 6.71963 0.6
    endloop
  endfacet
  facet normal 0 0 -1
    outer loop
      vertex -15.6584 2.76101 0.6
      vertex -14.8706 2.62209 0.6
      vertex -15.0425 1.31605 0.6
    endloop
  endfacet
  facet normal 0 0 -1
    outer loop
      vertex -15.8395 1.38578 0.6
      vertex -15.0425 1.31605 0.6
      vertex -15.1 0 0.6
    endloop
  endfacet
  facet normal 0 0 -1
    outer loop
      vertex -15.8395 -1.38578 0.6
      vertex -15.0425 -1.31605 0.6
      vertex -15.6584 -2.76101 0.6
    endloop
  endfacet
  facet normal 0 0 -1
    outer loop
      vertex -14.5855 3.90817 0.6
      vertex -15.3582 4.11522 0.6
      vertex -14.9411 5.43812 0.6
    endloop
  endfacet
  facet normal -0 0 -1
    outer loop
      vertex -15.0425 -1.31605 0.6
      vertex -15.8395 -1.38578 0.6
      vertex -15.1 0 0.6
    endloop
  endfacet
  facet normal 0 0 -1
    outer loop
      vertex -14.8706 2.62209 0.6
      vertex -15.6584 2.76101 0.6
      vertex -15.3582 4.11522 0.6
    endloop
  endfacet
  facet normal 0 0 -1
    outer loop
      vertex -15.9 0 0.6
      vertex -15.1 0 0.6
      vertex -15.8395 -1.38578 0.6
    endloop
  endfacet
  facet normal 0 0 -1
    outer loop
      vertex -15.0425 1.31605 0.6
      vertex -15.8395 1.38578 0.6
      vertex -15.6584 2.76101 0.6
    endloop
  endfacet
  facet normal 0 0 -1
    outer loop
      vertex -15.1 0 0.6
      vertex -15.9 0 0.6
      vertex -15.8395 1.38578 0.6
    endloop
  endfacet
  facet normal 0.953719 -0.3007 0
    outer loop
      vertex -15.3582 4.11522 0.6
      vertex -14.9411 5.43812 0
      vertex -14.9411 5.43812 0.6
    endloop
  endfacet
  facet normal 0.953719 -0.3007 0
    outer loop
      vertex -14.9411 5.43812 0
      vertex -15.3582 4.11522 0.6
      vertex -15.3582 4.11522 0
    endloop
  endfacet
  facet normal 0.13056 -0.99144 0
    outer loop
      vertex -2.76101 15.6584 0
      vertex -1.38578 15.8395 0.6
      vertex -2.76101 15.6584 0.6
    endloop
  endfacet
  facet normal 0.13056 -0.99144 0
    outer loop
      vertex -1.38578 15.8395 0.6
      vertex -2.76101 15.6584 0
      vertex -1.38578 15.8395 0
    endloop
  endfacet
  facet normal 0.300692 -0.953721 0
    outer loop
      vertex 3.90817 -14.5855 0
      vertex 5.1645 -14.1894 0.6
      vertex 3.90817 -14.5855 0.6
    endloop
  endfacet
  facet normal 0.300692 -0.953721 0
    outer loop
      vertex 5.1645 -14.1894 0.6
      vertex 3.90817 -14.5855 0
      vertex 5.1645 -14.1894 0
    endloop
  endfacet
  facet normal 0.991449 -0.130494 0
    outer loop
      vertex 14.8706 -2.62209 0.6
      vertex 15.0425 -1.31605 0
      vertex 15.0425 -1.31605 0.6
    endloop
  endfacet
  facet normal 0.991449 -0.130494 0
    outer loop
      vertex 15.0425 -1.31605 0
      vertex 14.8706 -2.62209 0.6
      vertex 14.8706 -2.62209 0
    endloop
  endfacet
  facet normal 0.999047 -0.0436497 0
    outer loop
      vertex 15.0425 -1.31605 0.6
      vertex 15.1 0 0
      vertex 15.1 0 0.6
    endloop
  endfacet
  facet normal 0.999047 -0.0436497 0
    outer loop
      vertex 15.1 0 0
      vertex 15.0425 -1.31605 0.6
      vertex 15.0425 -1.31605 0
    endloop
  endfacet
  facet normal 0.976299 -0.216427 0
    outer loop
      vertex 14.5855 -3.90817 0.6
      vertex 14.8706 -2.62209 0
      vertex 14.8706 -2.62209 0.6
    endloop
  endfacet
  facet normal 0.976299 -0.216427 0
    outer loop
      vertex 14.8706 -2.62209 0
      vertex 14.5855 -3.90817 0.6
      vertex 14.5855 -3.90817 0
    endloop
  endfacet
  facet normal 0.999047 0.0436497 0
    outer loop
      vertex 15.1 0 0.6
      vertex 15.0425 1.31605 0
      vertex 15.0425 1.31605 0.6
    endloop
  endfacet
  facet normal 0.999047 0.0436497 0
    outer loop
      vertex 15.0425 1.31605 0
      vertex 15.1 0 0.6
      vertex 15.1 0 0
    endloop
  endfacet
  facet normal -0.88703 -0.461712 0
    outer loop
      vertex -13.077 -7.55 0
      vertex -13.6852 -6.38154 0.6
      vertex -13.6852 -6.38154 0
    endloop
  endfacet
  facet normal -0.88703 -0.461712 0
    outer loop
      vertex -13.6852 -6.38154 0.6
      vertex -13.077 -7.55 0
      vertex -13.077 -7.55 0.6
    endloop
  endfacet
  facet normal -0.675611 0.737258 0
    outer loop
      vertex -9.70609 11.5673 0
      vertex -10.6773 10.6773 0.6
      vertex -9.70609 11.5673 0.6
    endloop
  endfacet
  facet normal -0.675611 0.737258 0
    outer loop
      vertex -10.6773 10.6773 0.6
      vertex -9.70609 11.5673 0
      vertex -10.6773 10.6773 0
    endloop
  endfacet
  facet normal -0.216427 0.976299 0
    outer loop
      vertex -2.62209 14.8706 0
      vertex -3.90817 14.5855 0.6
      vertex -2.62209 14.8706 0.6
    endloop
  endfacet
  facet normal -0.216427 0.976299 0
    outer loop
      vertex -3.90817 14.5855 0.6
      vertex -2.62209 14.8706 0
      vertex -3.90817 14.5855 0
    endloop
  endfacet
  facet normal 0.382739 -0.923857 0
    outer loop
      vertex 5.1645 -14.1894 0
      vertex 6.38154 -13.6852 0.6
      vertex 5.1645 -14.1894 0.6
    endloop
  endfacet
  facet normal 0.382739 -0.923857 0
    outer loop
      vertex 6.38154 -13.6852 0.6
      vertex 5.1645 -14.1894 0
      vertex 6.38154 -13.6852 0
    endloop
  endfacet
  facet normal -0.608749 -0.793363 0
    outer loop
      vertex -9.70609 -11.5673 0
      vertex -8.661 -12.3692 0.6
      vertex -9.70609 -11.5673 0.6
    endloop
  endfacet
  facet normal -0.608749 -0.793363 -0
    outer loop
      vertex -8.661 -12.3692 0.6
      vertex -9.70609 -11.5673 0
      vertex -8.661 -12.3692 0
    endloop
  endfacet
  facet normal -0.537308 -0.843386 0
    outer loop
      vertex -8.661 -12.3692 0
      vertex -7.55 -13.077 0.6
      vertex -8.661 -12.3692 0.6
    endloop
  endfacet
  facet normal -0.537308 -0.843386 -0
    outer loop
      vertex -7.55 -13.077 0.6
      vertex -8.661 -12.3692 0
      vertex -7.55 -13.077 0
    endloop
  endfacet
  facet normal -0.793363 -0.608749 0
    outer loop
      vertex -11.5673 -9.70609 0
      vertex -12.3692 -8.661 0.6
      vertex -12.3692 -8.661 0
    endloop
  endfacet
  facet normal -0.793363 -0.608749 0
    outer loop
      vertex -12.3692 -8.661 0.6
      vertex -11.5673 -9.70609 0
      vertex -11.5673 -9.70609 0.6
    endloop
  endfacet
  facet normal 0.216427 0.976299 -0
    outer loop
      vertex 3.90817 14.5855 0
      vertex 2.62209 14.8706 0.6
      vertex 3.90817 14.5855 0.6
    endloop
  endfacet
  facet normal 0.216427 0.976299 0
    outer loop
      vertex 2.62209 14.8706 0.6
      vertex 3.90817 14.5855 0
      vertex 2.62209 14.8706 0
    endloop
  endfacet
  facet normal 0.608749 0.793363 -0
    outer loop
      vertex 9.70609 11.5673 0
      vertex 8.661 12.3692 0.6
      vertex 9.70609 11.5673 0.6
    endloop
  endfacet
  facet normal 0.608749 0.793363 0
    outer loop
      vertex 8.661 12.3692 0.6
      vertex 9.70609 11.5673 0
      vertex 8.661 12.3692 0
    endloop
  endfacet
  facet normal -0.843386 -0.537308 0
    outer loop
      vertex -12.3692 -8.661 0
      vertex -13.077 -7.55 0.6
      vertex -13.077 -7.55 0
    endloop
  endfacet
  facet normal -0.843386 -0.537308 0
    outer loop
      vertex -13.077 -7.55 0.6
      vertex -12.3692 -8.661 0
      vertex -12.3692 -8.661 0.6
    endloop
  endfacet
  facet normal 0.382739 0.923857 -0
    outer loop
      vertex 6.38154 13.6852 0
      vertex 5.1645 14.1894 0.6
      vertex 6.38154 13.6852 0.6
    endloop
  endfacet
  facet normal 0.382739 0.923857 0
    outer loop
      vertex 5.1645 14.1894 0.6
      vertex 6.38154 13.6852 0
      vertex 5.1645 14.1894 0
    endloop
  endfacet
  facet normal -0.923857 0.382739 0
    outer loop
      vertex -14.1894 5.1645 0
      vertex -13.6852 6.38154 0.6
      vertex -13.6852 6.38154 0
    endloop
  endfacet
  facet normal -0.923857 0.382739 0
    outer loop
      vertex -13.6852 6.38154 0.6
      vertex -14.1894 5.1645 0
      vertex -14.1894 5.1645 0.6
    endloop
  endfacet
  facet normal 0.991449 0.130494 0
    outer loop
      vertex 15.0425 1.31605 0.6
      vertex 14.8706 2.62209 0
      vertex 14.8706 2.62209 0.6
    endloop
  endfacet
  facet normal 0.991449 0.130494 0
    outer loop
      vertex 14.8706 2.62209 0
      vertex 15.0425 1.31605 0.6
      vertex 15.0425 1.31605 0
    endloop
  endfacet
  facet normal -0.737258 -0.675611 0
    outer loop
      vertex -10.6773 -10.6773 0
      vertex -11.5673 -9.70609 0.6
      vertex -11.5673 -9.70609 0
    endloop
  endfacet
  facet normal -0.737258 -0.675611 0
    outer loop
      vertex -11.5673 -9.70609 0.6
      vertex -10.6773 -10.6773 0
      vertex -10.6773 -10.6773 0.6
    endloop
  endfacet
  facet normal 0.0436497 0.999047 -0
    outer loop
      vertex 1.31605 15.0425 0
      vertex 0 15.1 0.6
      vertex 1.31605 15.0425 0.6
    endloop
  endfacet
  facet normal 0.0436497 0.999047 0
    outer loop
      vertex 0 15.1 0.6
      vertex 1.31605 15.0425 0
      vertex 0 15.1 0
    endloop
  endfacet
  facet normal 0.461712 0.88703 -0
    outer loop
      vertex 7.55 13.077 0
      vertex 6.38154 13.6852 0.6
      vertex 7.55 13.077 0.6
    endloop
  endfacet
  facet normal 0.461712 0.88703 0
    outer loop
      vertex 6.38154 13.6852 0.6
      vertex 7.55 13.077 0
      vertex 6.38154 13.6852 0
    endloop
  endfacet
  facet normal -0.130494 0.991449 0
    outer loop
      vertex -1.31605 15.0425 0
      vertex -2.62209 14.8706 0.6
      vertex -1.31605 15.0425 0.6
    endloop
  endfacet
  facet normal -0.130494 0.991449 0
    outer loop
      vertex -2.62209 14.8706 0.6
      vertex -1.31605 15.0425 0
      vertex -2.62209 14.8706 0
    endloop
  endfacet
  facet normal 0.976299 0.216427 0
    outer loop
      vertex 14.8706 2.62209 0.6
      vertex 14.5855 3.90817 0
      vertex 14.5855 3.90817 0.6
    endloop
  endfacet
  facet normal 0.976299 0.216427 0
    outer loop
      vertex 14.5855 3.90817 0
      vertex 14.8706 2.62209 0.6
      vertex 14.8706 2.62209 0
    endloop
  endfacet
  facet normal -0.300692 0.953721 0
    outer loop
      vertex -3.90817 14.5855 0
      vertex -5.1645 14.1894 0.6
      vertex -3.90817 14.5855 0.6
    endloop
  endfacet
  facet normal -0.300692 0.953721 0
    outer loop
      vertex -5.1645 14.1894 0.6
      vertex -3.90817 14.5855 0
      vertex -5.1645 14.1894 0
    endloop
  endfacet
  facet normal 0.675611 -0.737258 0
    outer loop
      vertex 9.70609 -11.5673 0
      vertex 10.6773 -10.6773 0.6
      vertex 9.70609 -11.5673 0.6
    endloop
  endfacet
  facet normal 0.675611 -0.737258 0
    outer loop
      vertex 10.6773 -10.6773 0.6
      vertex 9.70609 -11.5673 0
      vertex 10.6773 -10.6773 0
    endloop
  endfacet
  facet normal 0.130494 0.991449 -0
    outer loop
      vertex 2.62209 14.8706 0
      vertex 1.31605 15.0425 0.6
      vertex 2.62209 14.8706 0.6
    endloop
  endfacet
  facet normal 0.130494 0.991449 0
    outer loop
      vertex 1.31605 15.0425 0.6
      vertex 2.62209 14.8706 0
      vertex 1.31605 15.0425 0
    endloop
  endfacet
  facet normal -0.382739 -0.923857 0
    outer loop
      vertex -6.38154 -13.6852 0
      vertex -5.1645 -14.1894 0.6
      vertex -6.38154 -13.6852 0.6
    endloop
  endfacet
  facet normal -0.382739 -0.923857 -0
    outer loop
      vertex -5.1645 -14.1894 0.6
      vertex -6.38154 -13.6852 0
      vertex -5.1645 -14.1894 0
    endloop
  endfacet
  facet normal 0.843386 -0.537308 0
    outer loop
      vertex 12.3692 -8.661 0.6
      vertex 13.077 -7.55 0
      vertex 13.077 -7.55 0.6
    endloop
  endfacet
  facet normal 0.843386 -0.537308 0
    outer loop
      vertex 13.077 -7.55 0
      vertex 12.3692 -8.661 0.6
      vertex 12.3692 -8.661 0
    endloop
  endfacet
  facet normal -0.953721 0.300692 0
    outer loop
      vertex -14.5855 3.90817 0
      vertex -14.1894 5.1645 0.6
      vertex -14.1894 5.1645 0
    endloop
  endfacet
  facet normal -0.953721 0.300692 0
    outer loop
      vertex -14.1894 5.1645 0.6
      vertex -14.5855 3.90817 0
      vertex -14.5855 3.90817 0.6
    endloop
  endfacet
  facet normal 0.300692 0.953721 -0
    outer loop
      vertex 5.1645 14.1894 0
      vertex 3.90817 14.5855 0.6
      vertex 5.1645 14.1894 0.6
    endloop
  endfacet
  facet normal 0.300692 0.953721 0
    outer loop
      vertex 3.90817 14.5855 0.6
      vertex 5.1645 14.1894 0
      vertex 3.90817 14.5855 0
    endloop
  endfacet
  facet normal 0.923857 -0.382739 0
    outer loop
      vertex 13.6852 -6.38154 0.6
      vertex 14.1894 -5.1645 0
      vertex 14.1894 -5.1645 0.6
    endloop
  endfacet
  facet normal 0.923857 -0.382739 0
    outer loop
      vertex 14.1894 -5.1645 0
      vertex 13.6852 -6.38154 0.6
      vertex 13.6852 -6.38154 0
    endloop
  endfacet
  facet normal 0.737258 -0.675611 0
    outer loop
      vertex 10.6773 -10.6773 0.6
      vertex 11.5673 -9.70609 0
      vertex 11.5673 -9.70609 0.6
    endloop
  endfacet
  facet normal 0.737258 -0.675611 0
    outer loop
      vertex 11.5673 -9.70609 0
      vertex 10.6773 -10.6773 0.6
      vertex 10.6773 -10.6773 0
    endloop
  endfacet
  facet normal -0.991449 0.130494 0
    outer loop
      vertex -15.0425 1.31605 0
      vertex -14.8706 2.62209 0.6
      vertex -14.8706 2.62209 0
    endloop
  endfacet
  facet normal -0.991449 0.130494 0
    outer loop
      vertex -14.8706 2.62209 0.6
      vertex -15.0425 1.31605 0
      vertex -15.0425 1.31605 0.6
    endloop
  endfacet
  facet normal -0.999047 -0.0436497 0
    outer loop
      vertex -15.0425 -1.31605 0
      vertex -15.1 0 0.6
      vertex -15.1 0 0
    endloop
  endfacet
  facet normal -0.999047 -0.0436497 0
    outer loop
      vertex -15.1 0 0.6
      vertex -15.0425 -1.31605 0
      vertex -15.0425 -1.31605 0.6
    endloop
  endfacet
  facet normal 0.216427 -0.976299 0
    outer loop
      vertex 2.62209 -14.8706 0
      vertex 3.90817 -14.5855 0.6
      vertex 2.62209 -14.8706 0.6
    endloop
  endfacet
  facet normal 0.216427 -0.976299 0
    outer loop
      vertex 3.90817 -14.5855 0.6
      vertex 2.62209 -14.8706 0
      vertex 3.90817 -14.5855 0
    endloop
  endfacet
  facet normal 0.843386 0.537308 0
    outer loop
      vertex 13.077 7.55 0.6
      vertex 12.3692 8.661 0
      vertex 12.3692 8.661 0.6
    endloop
  endfacet
  facet normal 0.843386 0.537308 0
    outer loop
      vertex 12.3692 8.661 0
      vertex 13.077 7.55 0.6
      vertex 13.077 7.55 0
    endloop
  endfacet
  facet normal -0.976299 -0.216427 0
    outer loop
      vertex -14.5855 -3.90817 0
      vertex -14.8706 -2.62209 0.6
      vertex -14.8706 -2.62209 0
    endloop
  endfacet
  facet normal -0.976299 -0.216427 0
    outer loop
      vertex -14.8706 -2.62209 0.6
      vertex -14.5855 -3.90817 0
      vertex -14.5855 -3.90817 0.6
    endloop
  endfacet
  facet normal 0.953721 -0.300692 0
    outer loop
      vertex 14.1894 -5.1645 0.6
      vertex 14.5855 -3.90817 0
      vertex 14.5855 -3.90817 0.6
    endloop
  endfacet
  facet normal 0.953721 -0.300692 0
    outer loop
      vertex 14.5855 -3.90817 0
      vertex 14.1894 -5.1645 0.6
      vertex 14.1894 -5.1645 0
    endloop
  endfacet
  facet normal 0.461712 -0.88703 0
    outer loop
      vertex 6.38154 -13.6852 0
      vertex 7.55 -13.077 0.6
      vertex 6.38154 -13.6852 0.6
    endloop
  endfacet
  facet normal 0.461712 -0.88703 0
    outer loop
      vertex 7.55 -13.077 0.6
      vertex 6.38154 -13.6852 0
      vertex 7.55 -13.077 0
    endloop
  endfacet
  facet normal 0.537308 0.843386 -0
    outer loop
      vertex 8.661 12.3692 0
      vertex 7.55 13.077 0.6
      vertex 8.661 12.3692 0.6
    endloop
  endfacet
  facet normal 0.537308 0.843386 0
    outer loop
      vertex 7.55 13.077 0.6
      vertex 8.661 12.3692 0
      vertex 7.55 13.077 0
    endloop
  endfacet
  facet normal -0.0436497 0.999047 0
    outer loop
      vertex 0 15.1 0
      vertex -1.31605 15.0425 0.6
      vertex 0 15.1 0.6
    endloop
  endfacet
  facet normal -0.0436497 0.999047 0
    outer loop
      vertex -1.31605 15.0425 0.6
      vertex 0 15.1 0
      vertex -1.31605 15.0425 0
    endloop
  endfacet
  facet normal -0.675611 -0.737258 0
    outer loop
      vertex -10.6773 -10.6773 0
      vertex -9.70609 -11.5673 0.6
      vertex -10.6773 -10.6773 0.6
    endloop
  endfacet
  facet normal -0.675611 -0.737258 -0
    outer loop
      vertex -9.70609 -11.5673 0.6
      vertex -10.6773 -10.6773 0
      vertex -9.70609 -11.5673 0
    endloop
  endfacet
  facet normal -0.923857 -0.382739 0
    outer loop
      vertex -13.6852 -6.38154 0
      vertex -14.1894 -5.1645 0.6
      vertex -14.1894 -5.1645 0
    endloop
  endfacet
  facet normal -0.923857 -0.382739 0
    outer loop
      vertex -14.1894 -5.1645 0.6
      vertex -13.6852 -6.38154 0
      vertex -13.6852 -6.38154 0.6
    endloop
  endfacet
  facet normal -0.382739 0.923857 0
    outer loop
      vertex -5.1645 14.1894 0
      vertex -6.38154 13.6852 0.6
      vertex -5.1645 14.1894 0.6
    endloop
  endfacet
  facet normal -0.382739 0.923857 0
    outer loop
      vertex -6.38154 13.6852 0.6
      vertex -5.1645 14.1894 0
      vertex -6.38154 13.6852 0
    endloop
  endfacet
  facet normal 0.953721 0.300692 0
    outer loop
      vertex 14.5855 3.90817 0.6
      vertex 14.1894 5.1645 0
      vertex 14.1894 5.1645 0.6
    endloop
  endfacet
  facet normal 0.953721 0.300692 0
    outer loop
      vertex 14.1894 5.1645 0
      vertex 14.5855 3.90817 0.6
      vertex 14.5855 3.90817 0
    endloop
  endfacet
  facet normal 0.88703 -0.461712 0
    outer loop
      vertex 13.077 -7.55 0.6
      vertex 13.6852 -6.38154 0
      vertex 13.6852 -6.38154 0.6
    endloop
  endfacet
  facet normal 0.88703 -0.461712 0
    outer loop
      vertex 13.6852 -6.38154 0
      vertex 13.077 -7.55 0.6
      vertex 13.077 -7.55 0
    endloop
  endfacet
  facet normal -0.843386 0.537308 0
    outer loop
      vertex -13.077 7.55 0
      vertex -12.3692 8.661 0.6
      vertex -12.3692 8.661 0
    endloop
  endfacet
  facet normal -0.843386 0.537308 0
    outer loop
      vertex -12.3692 8.661 0.6
      vertex -13.077 7.55 0
      vertex -13.077 7.55 0.6
    endloop
  endfacet
  facet normal -0.793363 0.608749 0
    outer loop
      vertex -12.3692 8.661 0
      vertex -11.5673 9.70609 0.6
      vertex -11.5673 9.70609 0
    endloop
  endfacet
  facet normal -0.793363 0.608749 0
    outer loop
      vertex -11.5673 9.70609 0.6
      vertex -12.3692 8.661 0
      vertex -12.3692 8.661 0.6
    endloop
  endfacet
  facet normal 0.923857 0.382739 0
    outer loop
      vertex 14.1894 5.1645 0.6
      vertex 13.6852 6.38154 0
      vertex 13.6852 6.38154 0.6
    endloop
  endfacet
  facet normal 0.923857 0.382739 0
    outer loop
      vertex 13.6852 6.38154 0
      vertex 14.1894 5.1645 0.6
      vertex 14.1894 5.1645 0
    endloop
  endfacet
  facet normal -0.216427 -0.976299 0
    outer loop
      vertex -3.90817 -14.5855 0
      vertex -2.62209 -14.8706 0.6
      vertex -3.90817 -14.5855 0.6
    endloop
  endfacet
  facet normal -0.216427 -0.976299 -0
    outer loop
      vertex -2.62209 -14.8706 0.6
      vertex -3.90817 -14.5855 0
      vertex -2.62209 -14.8706 0
    endloop
  endfacet
  facet normal -0.737258 0.675611 0
    outer loop
      vertex -11.5673 9.70609 0
      vertex -10.6773 10.6773 0.6
      vertex -10.6773 10.6773 0
    endloop
  endfacet
  facet normal -0.737258 0.675611 0
    outer loop
      vertex -10.6773 10.6773 0.6
      vertex -11.5673 9.70609 0
      vertex -11.5673 9.70609 0.6
    endloop
  endfacet
  facet normal -0.130494 -0.991449 0
    outer loop
      vertex -2.62209 -14.8706 0
      vertex -1.31605 -15.0425 0.6
      vertex -2.62209 -14.8706 0.6
    endloop
  endfacet
  facet normal -0.130494 -0.991449 -0
    outer loop
      vertex -1.31605 -15.0425 0.6
      vertex -2.62209 -14.8706 0
      vertex -1.31605 -15.0425 0
    endloop
  endfacet
  facet normal -0.300692 -0.953721 0
    outer loop
      vertex -5.1645 -14.1894 0
      vertex -3.90817 -14.5855 0.6
      vertex -5.1645 -14.1894 0.6
    endloop
  endfacet
  facet normal -0.300692 -0.953721 -0
    outer loop
      vertex -3.90817 -14.5855 0.6
      vertex -5.1645 -14.1894 0
      vertex -3.90817 -14.5855 0
    endloop
  endfacet
  facet normal -0.953721 -0.300692 0
    outer loop
      vertex -14.1894 -5.1645 0
      vertex -14.5855 -3.90817 0.6
      vertex -14.5855 -3.90817 0
    endloop
  endfacet
  facet normal -0.953721 -0.300692 0
    outer loop
      vertex -14.5855 -3.90817 0.6
      vertex -14.1894 -5.1645 0
      vertex -14.1894 -5.1645 0.6
    endloop
  endfacet
  facet normal -0.537308 0.843386 0
    outer loop
      vertex -7.55 13.077 0
      vertex -8.661 12.3692 0.6
      vertex -7.55 13.077 0.6
    endloop
  endfacet
  facet normal -0.537308 0.843386 0
    outer loop
      vertex -8.661 12.3692 0.6
      vertex -7.55 13.077 0
      vertex -8.661 12.3692 0
    endloop
  endfacet
  facet normal 0.793363 -0.608749 0
    outer loop
      vertex 11.5673 -9.70609 0.6
      vertex 12.3692 -8.661 0
      vertex 12.3692 -8.661 0.6
    endloop
  endfacet
  facet normal 0.793363 -0.608749 0
    outer loop
      vertex 12.3692 -8.661 0
      vertex 11.5673 -9.70609 0.6
      vertex 11.5673 -9.70609 0
    endloop
  endfacet
  facet normal -0.976299 0.216427 0
    outer loop
      vertex -14.8706 2.62209 0
      vertex -14.5855 3.90817 0.6
      vertex -14.5855 3.90817 0
    endloop
  endfacet
  facet normal -0.976299 0.216427 0
    outer loop
      vertex -14.5855 3.90817 0.6
      vertex -14.8706 2.62209 0
      vertex -14.8706 2.62209 0.6
    endloop
  endfacet
  facet normal 0.537308 -0.843386 0
    outer loop
      vertex 7.55 -13.077 0
      vertex 8.661 -12.3692 0.6
      vertex 7.55 -13.077 0.6
    endloop
  endfacet
  facet normal 0.537308 -0.843386 0
    outer loop
      vertex 8.661 -12.3692 0.6
      vertex 7.55 -13.077 0
      vertex 8.661 -12.3692 0
    endloop
  endfacet
  facet normal -0.999047 0.0436497 0
    outer loop
      vertex -15.1 0 0
      vertex -15.0425 1.31605 0.6
      vertex -15.0425 1.31605 0
    endloop
  endfacet
  facet normal -0.999047 0.0436497 0
    outer loop
      vertex -15.0425 1.31605 0.6
      vertex -15.1 0 0
      vertex -15.1 0 0.6
    endloop
  endfacet
  facet normal 0.793363 0.608749 0
    outer loop
      vertex 12.3692 8.661 0.6
      vertex 11.5673 9.70609 0
      vertex 11.5673 9.70609 0.6
    endloop
  endfacet
  facet normal 0.793363 0.608749 0
    outer loop
      vertex 11.5673 9.70609 0
      vertex 12.3692 8.661 0.6
      vertex 12.3692 8.661 0
    endloop
  endfacet
  facet normal 0.608749 -0.793363 0
    outer loop
      vertex 8.661 -12.3692 0
      vertex 9.70609 -11.5673 0.6
      vertex 8.661 -12.3692 0.6
    endloop
  endfacet
  facet normal 0.608749 -0.793363 0
    outer loop
      vertex 9.70609 -11.5673 0.6
      vertex 8.661 -12.3692 0
      vertex 9.70609 -11.5673 0
    endloop
  endfacet
  facet normal -0.461712 -0.88703 0
    outer loop
      vertex -7.55 -13.077 0
      vertex -6.38154 -13.6852 0.6
      vertex -7.55 -13.077 0.6
    endloop
  endfacet
  facet normal -0.461712 -0.88703 -0
    outer loop
      vertex -6.38154 -13.6852 0.6
      vertex -7.55 -13.077 0
      vertex -6.38154 -13.6852 0
    endloop
  endfacet
  facet normal -0.0436497 -0.999047 0
    outer loop
      vertex -1.31605 -15.0425 0
      vertex 0 -15.1 0.6
      vertex -1.31605 -15.0425 0.6
    endloop
  endfacet
  facet normal -0.0436497 -0.999047 -0
    outer loop
      vertex 0 -15.1 0.6
      vertex -1.31605 -15.0425 0
      vertex 0 -15.1 0
    endloop
  endfacet
  facet normal 0.0436497 -0.999047 0
    outer loop
      vertex 0 -15.1 0
      vertex 1.31605 -15.0425 0.6
      vertex 0 -15.1 0.6
    endloop
  endfacet
  facet normal 0.0436497 -0.999047 0
    outer loop
      vertex 1.31605 -15.0425 0.6
      vertex 0 -15.1 0
      vertex 1.31605 -15.0425 0
    endloop
  endfacet
  facet normal -0.461712 0.88703 0
    outer loop
      vertex -6.38154 13.6852 0
      vertex -7.55 13.077 0.6
      vertex -6.38154 13.6852 0.6
    endloop
  endfacet
  facet normal -0.461712 0.88703 0
    outer loop
      vertex -7.55 13.077 0.6
      vertex -6.38154 13.6852 0
      vertex -7.55 13.077 0
    endloop
  endfacet
  facet normal 0.88703 0.461712 0
    outer loop
      vertex 13.6852 6.38154 0.6
      vertex 13.077 7.55 0
      vertex 13.077 7.55 0.6
    endloop
  endfacet
  facet normal 0.88703 0.461712 0
    outer loop
      vertex 13.077 7.55 0
      vertex 13.6852 6.38154 0.6
      vertex 13.6852 6.38154 0
    endloop
  endfacet
  facet normal 0.675611 0.737258 -0
    outer loop
      vertex 10.6773 10.6773 0
      vertex 9.70609 11.5673 0.6
      vertex 10.6773 10.6773 0.6
    endloop
  endfacet
  facet normal 0.675611 0.737258 0
    outer loop
      vertex 9.70609 11.5673 0.6
      vertex 10.6773 10.6773 0
      vertex 9.70609 11.5673 0
    endloop
  endfacet
  facet normal -0.991449 -0.130494 0
    outer loop
      vertex -14.8706 -2.62209 0
      vertex -15.0425 -1.31605 0.6
      vertex -15.0425 -1.31605 0
    endloop
  endfacet
  facet normal -0.991449 -0.130494 0
    outer loop
      vertex -15.0425 -1.31605 0.6
      vertex -14.8706 -2.62209 0
      vertex -14.8706 -2.62209 0.6
    endloop
  endfacet
  facet normal 0.737258 0.675611 0
    outer loop
      vertex 11.5673 9.70609 0.6
      vertex 10.6773 10.6773 0
      vertex 10.6773 10.6773 0.6
    endloop
  endfacet
  facet normal 0.737258 0.675611 0
    outer loop
      vertex 10.6773 10.6773 0
      vertex 11.5673 9.70609 0.6
      vertex 11.5673 9.70609 0
    endloop
  endfacet
  facet normal 0.130494 -0.991449 0
    outer loop
      vertex 1.31605 -15.0425 0
      vertex 2.62209 -14.8706 0.6
      vertex 1.31605 -15.0425 0.6
    endloop
  endfacet
  facet normal 0.130494 -0.991449 0
    outer loop
      vertex 2.62209 -14.8706 0.6
      vertex 1.31605 -15.0425 0
      vertex 2.62209 -14.8706 0
    endloop
  endfacet
  facet normal -0.88703 0.461712 0
    outer loop
      vertex -13.6852 6.38154 0
      vertex -13.077 7.55 0.6
      vertex -13.077 7.55 0
    endloop
  endfacet
  facet normal -0.88703 0.461712 0
    outer loop
      vertex -13.077 7.55 0.6
      vertex -13.6852 6.38154 0
      vertex -13.6852 6.38154 0.6
    endloop
  endfacet
  facet normal -0.608749 0.793363 0
    outer loop
      vertex -8.661 12.3692 0
      vertex -9.70609 11.5673 0.6
      vertex -8.661 12.3692 0.6
    endloop
  endfacet
  facet normal -0.608749 0.793363 0
    outer loop
      vertex -9.70609 11.5673 0.6
      vertex -8.661 12.3692 0
      vertex -9.70609 11.5673 0
    endloop
  endfacet
  facet normal -0.608221 0.793768 0
    outer loop
      vertex 16.9384 -17.1356 2.95
      vertex 16.8276 -17.2205 9
      vertex 16.9384 -17.1356 9
    endloop
  endfacet
  facet normal -0.608221 0.793768 0
    outer loop
      vertex 16.8276 -17.2205 9
      vertex 16.9384 -17.1356 2.95
      vertex 16.8276 -17.2205 2.95
    endloop
  endfacet
  facet normal -0.675627 0.737243 0
    outer loop
      vertex 17.0413 -17.0413 2.95
      vertex 16.9384 -17.1356 9
      vertex 17.0413 -17.0413 9
    endloop
  endfacet
  facet normal -0.675627 0.737243 0
    outer loop
      vertex 16.9384 -17.1356 9
      vertex 17.0413 -17.0413 2.95
      vertex 16.9384 -17.1356 2.95
    endloop
  endfacet
  facet normal -0.537385 0.843337 0
    outer loop
      vertex 16.8276 -17.2205 2.95
      vertex 16.7099 -17.2955 9
      vertex 16.8276 -17.2205 9
    endloop
  endfacet
  facet normal -0.537385 0.843337 0
    outer loop
      vertex 16.7099 -17.2955 9
      vertex 16.8276 -17.2205 2.95
      vertex 16.7099 -17.2955 2.95
    endloop
  endfacet
  facet normal 0.13038 0.991464 -0
    outer loop
      vertex 15.7705 -17.5038 2.95
      vertex 15.6321 -17.4856 9
      vertex 15.7705 -17.5038 9
    endloop
  endfacet
  facet normal 0.13038 0.991464 0
    outer loop
      vertex 15.6321 -17.4856 9
      vertex 15.7705 -17.5038 2.95
      vertex 15.6321 -17.4856 2.95
    endloop
  endfacet
  facet normal -0.999045 0.0436859 0
    outer loop
      vertex 17.5038 -16.0494 2.95
      vertex 17.5099 -15.9099 9
      vertex 17.5099 -15.9099 2.95
    endloop
  endfacet
  facet normal -0.999045 0.0436859 0
    outer loop
      vertex 17.5099 -15.9099 9
      vertex 17.5038 -16.0494 2.95
      vertex 17.5038 -16.0494 9
    endloop
  endfacet
  facet normal 0.991452 0.130473 0
    outer loop
      vertex 14.3342 -16.1877 9.5
      vertex 14.316 -16.0494 2.95
      vertex 14.316 -16.0494 9.5
    endloop
  endfacet
  facet normal 0.991452 0.130473 0
    outer loop
      vertex 14.316 -16.0494 2.95
      vertex 14.3342 -16.1877 9.5
      vertex 14.3342 -16.1877 2.95
    endloop
  endfacet
  facet normal 0.976322 0.216324 0
    outer loop
      vertex 14.3644 -16.324 9.5
      vertex 14.3342 -16.1877 2.95
      vertex 14.3342 -16.1877 9.5
    endloop
  endfacet
  facet normal 0.976322 0.216324 0
    outer loop
      vertex 14.3342 -16.1877 2.95
      vertex 14.3644 -16.324 9.5
      vertex 14.3644 -16.324 2.95
    endloop
  endfacet
  facet normal 0.300926 0.953648 -0
    outer loop
      vertex 15.4958 -17.4554 2.95
      vertex 15.3627 -17.4134 9
      vertex 15.4958 -17.4554 9
    endloop
  endfacet
  facet normal 0.300926 0.953648 0
    outer loop
      vertex 15.3627 -17.4134 9
      vertex 15.4958 -17.4554 2.95
      vertex 15.3627 -17.4134 2.95
    endloop
  endfacet
  facet normal 0.953648 0.300926 0
    outer loop
      vertex 14.4064 -16.4571 9.5
      vertex 14.3644 -16.324 2.95
      vertex 14.3644 -16.324 9.5
    endloop
  endfacet
  facet normal 0.953648 0.300926 0
    outer loop
      vertex 14.3644 -16.324 2.95
      vertex 14.4064 -16.4571 9.5
      vertex 14.4064 -16.4571 2.95
    endloop
  endfacet
  facet normal 0.923964 0.382478 0
    outer loop
      vertex 14.4598 -16.5861 9.5
      vertex 14.4064 -16.4571 2.95
      vertex 14.4064 -16.4571 9.5
    endloop
  endfacet
  facet normal 0.923964 0.382478 0
    outer loop
      vertex 14.4064 -16.4571 2.95
      vertex 14.4598 -16.5861 9.5
      vertex 14.4598 -16.5861 2.95
    endloop
  endfacet
  facet normal 0.991464 -0.13038 0
    outer loop
      vertex 14.316 -15.7705 9.5
      vertex 14.3342 -15.6321 2.95
      vertex 14.3342 -15.6321 9.5
    endloop
  endfacet
  facet normal 0.991464 -0.13038 0
    outer loop
      vertex 14.3342 -15.6321 2.95
      vertex 14.316 -15.7705 9.5
      vertex 14.316 -15.7705 2.95
    endloop
  endfacet
  facet normal -0.130473 -0.991452 0
    outer loop
      vertex 16.0494 -14.316 2.95
      vertex 16.1877 -14.3342 9.5
      vertex 16.0494 -14.316 9.5
    endloop
  endfacet
  facet normal -0.130473 -0.991452 -0
    outer loop
      vertex 16.1877 -14.3342 9.5
      vertex 16.0494 -14.316 2.95
      vertex 16.1877 -14.3342 2.95
    endloop
  endfacet
  facet normal -0.923964 0.382478 0
    outer loop
      vertex 17.36 -16.5861 2.95
      vertex 17.4134 -16.4571 9
      vertex 17.4134 -16.4571 2.95
    endloop
  endfacet
  facet normal -0.923964 0.382478 0
    outer loop
      vertex 17.4134 -16.4571 9
      vertex 17.36 -16.5861 2.95
      vertex 17.36 -16.5861 9
    endloop
  endfacet
  facet normal -0.382478 0.923964 0
    outer loop
      vertex 16.5861 -17.36 2.95
      vertex 16.4571 -17.4134 9
      vertex 16.5861 -17.36 9
    endloop
  endfacet
  facet normal -0.382478 0.923964 0
    outer loop
      vertex 16.4571 -17.4134 9
      vertex 16.5861 -17.36 2.95
      vertex 16.4571 -17.4134 2.95
    endloop
  endfacet
  facet normal 0.216324 0.976322 -0
    outer loop
      vertex 15.6321 -17.4856 2.95
      vertex 15.4958 -17.4554 9
      vertex 15.6321 -17.4856 9
    endloop
  endfacet
  facet normal 0.216324 0.976322 0
    outer loop
      vertex 15.4958 -17.4554 9
      vertex 15.6321 -17.4856 2.95
      vertex 15.4958 -17.4554 2.95
    endloop
  endfacet
  facet normal 0.675627 -0.737243 0
    outer loop
      vertex 14.7785 -14.7785 2.95
      vertex 14.8814 -14.6842 9.5
      vertex 14.7785 -14.7785 9.5
    endloop
  endfacet
  facet normal 0.675627 -0.737243 0
    outer loop
      vertex 14.8814 -14.6842 9.5
      vertex 14.7785 -14.7785 2.95
      vertex 14.8814 -14.6842 2.95
    endloop
  endfacet
  facet normal 0.300926 -0.953648 0
    outer loop
      vertex 15.3627 -14.4064 2.95
      vertex 15.4958 -14.3644 9.5
      vertex 15.3627 -14.4064 9.5
    endloop
  endfacet
  facet normal 0.300926 -0.953648 0
    outer loop
      vertex 15.4958 -14.3644 9.5
      vertex 15.3627 -14.4064 2.95
      vertex 15.4958 -14.3644 2.95
    endloop
  endfacet
  facet normal 0.843337 -0.537385 0
    outer loop
      vertex 14.5243 -15.1099 9.5
      vertex 14.5993 -14.9922 2.95
      vertex 14.5993 -14.9922 9.5
    endloop
  endfacet
  facet normal 0.843337 -0.537385 0
    outer loop
      vertex 14.5993 -14.9922 2.95
      vertex 14.5243 -15.1099 9.5
      vertex 14.5243 -15.1099 2.95
    endloop
  endfacet
  facet normal 0.793768 -0.608221 0
    outer loop
      vertex 14.5993 -14.9922 9.5
      vertex 14.6842 -14.8814 2.95
      vertex 14.6842 -14.8814 9.5
    endloop
  endfacet
  facet normal 0.793768 -0.608221 0
    outer loop
      vertex 14.6842 -14.8814 2.95
      vertex 14.5993 -14.9922 9.5
      vertex 14.5993 -14.9922 2.95
    endloop
  endfacet
  facet normal -0.886853 -0.462052 0
    outer loop
      vertex 17.36 -15.2337 2.95
      vertex 17.2955 -15.1099 9.5
      vertex 17.2955 -15.1099 2.95
    endloop
  endfacet
  facet normal -0.886853 -0.462052 0
    outer loop
      vertex 17.2955 -15.1099 9.5
      vertex 17.36 -15.2337 2.95
      vertex 17.36 -15.2337 9.5
    endloop
  endfacet
  facet normal 0.886853 0.462052 0
    outer loop
      vertex 14.5243 -16.7099 9.5
      vertex 14.4598 -16.5861 2.95
      vertex 14.4598 -16.5861 9.5
    endloop
  endfacet
  facet normal 0.886853 0.462052 0
    outer loop
      vertex 14.4598 -16.5861 2.95
      vertex 14.5243 -16.7099 9.5
      vertex 14.5243 -16.7099 2.95
    endloop
  endfacet
  facet normal 0.382024 0.924153 0
    outer loop
      vertex 15.3627 -17.4134 9
      vertex 15.3627 -17.4134 2.95
      vertex 15.2715 -17.3757 9
    endloop
  endfacet
  facet normal 0.383574 0.92351 -0
    outer loop
      vertex 15.2715 -17.3757 9
      vertex 15.2337 -17.36 9.5
      vertex 15.2715 -17.3757 9.5
    endloop
  endfacet
  facet normal 0.382478 0.923964 8.02675e-06
    outer loop
      vertex 15.2337 -17.36 2.95
      vertex 15.2715 -17.3757 9
      vertex 15.3627 -17.4134 2.95
    endloop
  endfacet
  facet normal 0.383574 0.92351 0
    outer loop
      vertex 15.2715 -17.3757 9
      vertex 15.2337 -17.36 2.95
      vertex 15.2337 -17.36 9.5
    endloop
  endfacet
  facet normal -0.843337 0.537385 0
    outer loop
      vertex 17.2205 -16.8276 2.95
      vertex 17.2955 -16.7099 9
      vertex 17.2955 -16.7099 2.95
    endloop
  endfacet
  facet normal -0.843337 0.537385 0
    outer loop
      vertex 17.2955 -16.7099 9
      vertex 17.2205 -16.8276 2.95
      vertex 17.2205 -16.8276 9
    endloop
  endfacet
  facet normal -0.300926 -0.953648 0
    outer loop
      vertex 16.324 -14.3644 2.95
      vertex 16.4571 -14.4064 9.5
      vertex 16.324 -14.3644 9.5
    endloop
  endfacet
  facet normal -0.300926 -0.953648 -0
    outer loop
      vertex 16.4571 -14.4064 9.5
      vertex 16.324 -14.3644 2.95
      vertex 16.4571 -14.4064 2.95
    endloop
  endfacet
  facet normal -0.216324 0.976322 0
    outer loop
      vertex 16.324 -17.4554 2.95
      vertex 16.1877 -17.4856 9
      vertex 16.324 -17.4554 9
    endloop
  endfacet
  facet normal -0.216324 0.976322 0
    outer loop
      vertex 16.1877 -17.4856 9
      vertex 16.324 -17.4554 2.95
      vertex 16.1877 -17.4856 2.95
    endloop
  endfacet
  facet normal -0.737243 -0.675627 0
    outer loop
      vertex 17.1356 -14.8814 2.95
      vertex 17.0413 -14.7785 9.5
      vertex 17.0413 -14.7785 2.95
    endloop
  endfacet
  facet normal -0.737243 -0.675627 0
    outer loop
      vertex 17.0413 -14.7785 9.5
      vertex 17.1356 -14.8814 2.95
      vertex 17.1356 -14.8814 9.5
    endloop
  endfacet
  facet normal -0.976322 -0.216324 0
    outer loop
      vertex 17.4856 -15.6321 2.95
      vertex 17.4554 -15.4958 9
      vertex 17.4554 -15.4958 2.95
    endloop
  endfacet
  facet normal -0.976322 -0.216324 0
    outer loop
      vertex 17.4554 -15.4958 9
      vertex 17.4856 -15.6321 2.95
      vertex 17.4856 -15.6321 9
    endloop
  endfacet
  facet normal -0.0436859 -0.999045 0
    outer loop
      vertex 15.9099 -14.3099 2.95
      vertex 16.0494 -14.316 9.5
      vertex 15.9099 -14.3099 9.5
    endloop
  endfacet
  facet normal -0.0436859 -0.999045 -0
    outer loop
      vertex 16.0494 -14.316 9.5
      vertex 15.9099 -14.3099 2.95
      vertex 16.0494 -14.316 2.95
    endloop
  endfacet
  facet normal 0.537385 -0.843337 0
    outer loop
      vertex 14.9922 -14.5993 2.95
      vertex 15.1099 -14.5243 9.5
      vertex 14.9922 -14.5993 9.5
    endloop
  endfacet
  facet normal 0.537385 -0.843337 0
    outer loop
      vertex 15.1099 -14.5243 9.5
      vertex 14.9922 -14.5993 2.95
      vertex 15.1099 -14.5243 2.95
    endloop
  endfacet
  facet normal -0.793768 -0.608221 0
    outer loop
      vertex 17.2205 -14.9922 2.95
      vertex 17.1356 -14.8814 9.5
      vertex 17.1356 -14.8814 2.95
    endloop
  endfacet
  facet normal -0.793768 -0.608221 0
    outer loop
      vertex 17.1356 -14.8814 9.5
      vertex 17.2205 -14.9922 2.95
      vertex 17.2205 -14.9922 9.5
    endloop
  endfacet
  facet normal 0.999045 0.0436859 0
    outer loop
      vertex 14.316 -16.0494 9.5
      vertex 14.3099 -15.9099 2.95
      vertex 14.3099 -15.9099 9.5
    endloop
  endfacet
  facet normal 0.999045 0.0436859 0
    outer loop
      vertex 14.3099 -15.9099 2.95
      vertex 14.316 -16.0494 9.5
      vertex 14.316 -16.0494 2.95
    endloop
  endfacet
  facet normal 0.382478 -0.923964 0
    outer loop
      vertex 15.2337 -14.4598 2.95
      vertex 15.3627 -14.4064 9.5
      vertex 15.2337 -14.4598 9.5
    endloop
  endfacet
  facet normal 0.382478 -0.923964 0
    outer loop
      vertex 15.3627 -14.4064 9.5
      vertex 15.2337 -14.4598 2.95
      vertex 15.3627 -14.4064 2.95
    endloop
  endfacet
  facet normal -0.793768 0.608221 0
    outer loop
      vertex 17.1356 -16.9384 2.95
      vertex 17.2205 -16.8276 9
      vertex 17.2205 -16.8276 2.95
    endloop
  endfacet
  facet normal -0.793768 0.608221 0
    outer loop
      vertex 17.2205 -16.8276 9
      vertex 17.1356 -16.9384 2.95
      vertex 17.1356 -16.9384 9
    endloop
  endfacet
  facet normal -0.737243 0.675627 0
    outer loop
      vertex 17.0413 -17.0413 2.95
      vertex 17.1356 -16.9384 9
      vertex 17.1356 -16.9384 2.95
    endloop
  endfacet
  facet normal -0.737243 0.675627 0
    outer loop
      vertex 17.1356 -16.9384 9
      vertex 17.0413 -17.0413 2.95
      vertex 17.0413 -17.0413 9
    endloop
  endfacet
  facet normal -0.462052 0.886853 0
    outer loop
      vertex 16.7099 -17.2955 2.95
      vertex 16.5861 -17.36 9
      vertex 16.7099 -17.2955 9
    endloop
  endfacet
  facet normal -0.462052 0.886853 0
    outer loop
      vertex 16.5861 -17.36 9
      vertex 16.7099 -17.2955 2.95
      vertex 16.5861 -17.36 2.95
    endloop
  endfacet
  facet normal -0.991452 0.130473 0
    outer loop
      vertex 17.4856 -16.1877 2.95
      vertex 17.5038 -16.0494 9
      vertex 17.5038 -16.0494 2.95
    endloop
  endfacet
  facet normal -0.991452 0.130473 0
    outer loop
      vertex 17.5038 -16.0494 9
      vertex 17.4856 -16.1877 2.95
      vertex 17.4856 -16.1877 9
    endloop
  endfacet
  facet normal 0.537385 0.843337 -0
    outer loop
      vertex 15.1099 -17.2955 2.95
      vertex 14.9922 -17.2205 9.5
      vertex 15.1099 -17.2955 9.5
    endloop
  endfacet
  facet normal 0.537385 0.843337 0
    outer loop
      vertex 14.9922 -17.2205 9.5
      vertex 15.1099 -17.2955 2.95
      vertex 14.9922 -17.2205 2.95
    endloop
  endfacet
  facet normal 0.608221 -0.793768 0
    outer loop
      vertex 14.8814 -14.6842 2.95
      vertex 14.9922 -14.5993 9.5
      vertex 14.8814 -14.6842 9.5
    endloop
  endfacet
  facet normal 0.608221 -0.793768 0
    outer loop
      vertex 14.9922 -14.5993 9.5
      vertex 14.8814 -14.6842 2.95
      vertex 14.9922 -14.5993 2.95
    endloop
  endfacet
  facet normal 0.462052 0.886853 -0
    outer loop
      vertex 15.2337 -17.36 2.95
      vertex 15.1099 -17.2955 9.5
      vertex 15.2337 -17.36 9.5
    endloop
  endfacet
  facet normal 0.462052 0.886853 0
    outer loop
      vertex 15.1099 -17.2955 9.5
      vertex 15.2337 -17.36 2.95
      vertex 15.1099 -17.2955 2.95
    endloop
  endfacet
  facet normal -0.843337 -0.537385 0
    outer loop
      vertex 17.2955 -15.1099 2.95
      vertex 17.2205 -14.9922 9.5
      vertex 17.2205 -14.9922 2.95
    endloop
  endfacet
  facet normal -0.843337 -0.537385 0
    outer loop
      vertex 17.2205 -14.9922 9.5
      vertex 17.2955 -15.1099 2.95
      vertex 17.2955 -15.1099 9.5
    endloop
  endfacet
  facet normal 0.675627 0.737243 -0
    outer loop
      vertex 14.8814 -17.1356 2.95
      vertex 14.7785 -17.0413 9.5
      vertex 14.8814 -17.1356 9.5
    endloop
  endfacet
  facet normal 0.675627 0.737243 0
    outer loop
      vertex 14.7785 -17.0413 9.5
      vertex 14.8814 -17.1356 2.95
      vertex 14.7785 -17.0413 2.95
    endloop
  endfacet
  facet normal -0.300926 0.953648 0
    outer loop
      vertex 16.4571 -17.4134 2.95
      vertex 16.324 -17.4554 9
      vertex 16.4571 -17.4134 9
    endloop
  endfacet
  facet normal -0.300926 0.953648 0
    outer loop
      vertex 16.324 -17.4554 9
      vertex 16.4571 -17.4134 2.95
      vertex 16.324 -17.4554 2.95
    endloop
  endfacet
  facet normal 0.976322 -0.216324 0
    outer loop
      vertex 14.3342 -15.6321 9.5
      vertex 14.3644 -15.4958 2.95
      vertex 14.3644 -15.4958 9.5
    endloop
  endfacet
  facet normal 0.976322 -0.216324 0
    outer loop
      vertex 14.3644 -15.4958 2.95
      vertex 14.3342 -15.6321 9.5
      vertex 14.3342 -15.6321 2.95
    endloop
  endfacet
  facet normal 0.953648 -0.300926 0
    outer loop
      vertex 14.3644 -15.4958 9.5
      vertex 14.4064 -15.3627 2.95
      vertex 14.4064 -15.3627 9.5
    endloop
  endfacet
  facet normal 0.953648 -0.300926 0
    outer loop
      vertex 14.4064 -15.3627 2.95
      vertex 14.3644 -15.4958 9.5
      vertex 14.3644 -15.4958 2.95
    endloop
  endfacet
  facet normal -0.953648 -0.300926 0
    outer loop
      vertex 17.4554 -15.4958 2.95
      vertex 17.4134 -15.3627 9
      vertex 17.4134 -15.3627 2.95
    endloop
  endfacet
  facet normal -0.953648 -0.300926 0
    outer loop
      vertex 17.4134 -15.3627 9
      vertex 17.4554 -15.4958 2.95
      vertex 17.4554 -15.4958 9
    endloop
  endfacet
  facet normal 0.843337 0.537385 0
    outer loop
      vertex 14.5993 -16.8276 9.5
      vertex 14.5243 -16.7099 2.95
      vertex 14.5243 -16.7099 9.5
    endloop
  endfacet
  facet normal 0.843337 0.537385 0
    outer loop
      vertex 14.5243 -16.7099 2.95
      vertex 14.5993 -16.8276 9.5
      vertex 14.5993 -16.8276 2.95
    endloop
  endfacet
  facet normal 0.793768 0.608221 0
    outer loop
      vertex 14.6842 -16.9384 9.5
      vertex 14.5993 -16.8276 2.95
      vertex 14.5993 -16.8276 9.5
    endloop
  endfacet
  facet normal 0.793768 0.608221 0
    outer loop
      vertex 14.5993 -16.8276 2.95
      vertex 14.6842 -16.9384 9.5
      vertex 14.6842 -16.9384 2.95
    endloop
  endfacet
  facet normal 0.0437171 0.999044 -0
    outer loop
      vertex 15.9099 -17.5099 2.95
      vertex 15.7705 -17.5038 9
      vertex 15.9099 -17.5099 9
    endloop
  endfacet
  facet normal 0.0437171 0.999044 0
    outer loop
      vertex 15.7705 -17.5038 9
      vertex 15.9099 -17.5099 2.95
      vertex 15.7705 -17.5038 2.95
    endloop
  endfacet
  facet normal 0.216324 -0.976322 0
    outer loop
      vertex 15.4958 -14.3644 2.95
      vertex 15.6321 -14.3342 9.5
      vertex 15.4958 -14.3644 9.5
    endloop
  endfacet
  facet normal 0.216324 -0.976322 0
    outer loop
      vertex 15.6321 -14.3342 9.5
      vertex 15.4958 -14.3644 2.95
      vertex 15.6321 -14.3342 2.95
    endloop
  endfacet
  facet normal 0.737243 0.675627 0
    outer loop
      vertex 14.7785 -17.0413 9.5
      vertex 14.6842 -16.9384 2.95
      vertex 14.6842 -16.9384 9.5
    endloop
  endfacet
  facet normal 0.737243 0.675627 0
    outer loop
      vertex 14.6842 -16.9384 2.95
      vertex 14.7785 -17.0413 9.5
      vertex 14.7785 -17.0413 2.95
    endloop
  endfacet
  facet normal -0.999044 -0.0437171 0
    outer loop
      vertex 17.5099 -15.9099 2.95
      vertex 17.5038 -15.7705 9
      vertex 17.5038 -15.7705 2.95
    endloop
  endfacet
  facet normal -0.999044 -0.0437171 0
    outer loop
      vertex 17.5038 -15.7705 9
      vertex 17.5099 -15.9099 2.95
      vertex 17.5099 -15.9099 9
    endloop
  endfacet
  facet normal 0.0437171 -0.999044 0
    outer loop
      vertex 15.7705 -14.316 2.95
      vertex 15.9099 -14.3099 9.5
      vertex 15.7705 -14.316 9.5
    endloop
  endfacet
  facet normal 0.0437171 -0.999044 0
    outer loop
      vertex 15.9099 -14.3099 9.5
      vertex 15.7705 -14.316 2.95
      vertex 15.9099 -14.3099 2.95
    endloop
  endfacet
  facet normal 0.13038 -0.991464 0
    outer loop
      vertex 15.6321 -14.3342 2.95
      vertex 15.7705 -14.316 9.5
      vertex 15.6321 -14.3342 9.5
    endloop
  endfacet
  facet normal 0.13038 -0.991464 0
    outer loop
      vertex 15.7705 -14.316 9.5
      vertex 15.6321 -14.3342 2.95
      vertex 15.7705 -14.316 2.95
    endloop
  endfacet
  facet normal -0.462052 -0.886853 0
    outer loop
      vertex 16.5861 -14.4598 2.95
      vertex 16.7099 -14.5243 9.5
      vertex 16.5861 -14.4598 9.5
    endloop
  endfacet
  facet normal -0.462052 -0.886853 -0
    outer loop
      vertex 16.7099 -14.5243 9.5
      vertex 16.5861 -14.4598 2.95
      vertex 16.7099 -14.5243 2.95
    endloop
  endfacet
  facet normal -0.92351 -0.383574 0
    outer loop
      vertex 17.36 -15.2337 2.95
      vertex 17.3757 -15.2715 9
      vertex 17.36 -15.2337 9.5
    endloop
  endfacet
  facet normal -0.923964 -0.382478 8.02675e-06
    outer loop
      vertex 17.4134 -15.3627 2.95
      vertex 17.3757 -15.2715 9
      vertex 17.36 -15.2337 2.95
    endloop
  endfacet
  facet normal -0.924153 -0.382024 0
    outer loop
      vertex 17.3757 -15.2715 9
      vertex 17.4134 -15.3627 2.95
      vertex 17.4134 -15.3627 9
    endloop
  endfacet
  facet normal -0.92351 -0.383574 0
    outer loop
      vertex 17.36 -15.2337 9.5
      vertex 17.3757 -15.2715 9
      vertex 17.3757 -15.2715 9.5
    endloop
  endfacet
  facet normal -0.976322 0.216324 0
    outer loop
      vertex 17.4554 -16.324 2.95
      vertex 17.4856 -16.1877 9
      vertex 17.4856 -16.1877 2.95
    endloop
  endfacet
  facet normal -0.976322 0.216324 0
    outer loop
      vertex 17.4856 -16.1877 9
      vertex 17.4554 -16.324 2.95
      vertex 17.4554 -16.324 9
    endloop
  endfacet
  facet normal -0.953648 0.300926 0
    outer loop
      vertex 17.4134 -16.4571 2.95
      vertex 17.4554 -16.324 9
      vertex 17.4554 -16.324 2.95
    endloop
  endfacet
  facet normal -0.953648 0.300926 0
    outer loop
      vertex 17.4554 -16.324 9
      vertex 17.4134 -16.4571 2.95
      vertex 17.4134 -16.4571 9
    endloop
  endfacet
  facet normal 0 0 -1
    outer loop
      vertex 16.3695 -16.3695 9.5
      vertex 17.36 -15.2337 9.5
      vertex 17.3757 -15.2715 9.5
    endloop
  endfacet
  facet normal -0 0 -1
    outer loop
      vertex 17.36 -15.2337 9.5
      vertex 16.3695 -16.3695 9.5
      vertex 17.2955 -15.1099 9.5
    endloop
  endfacet
  facet normal -0 0 -1
    outer loop
      vertex 17.2955 -15.1099 9.5
      vertex 16.3695 -16.3695 9.5
      vertex 17.2205 -14.9922 9.5
    endloop
  endfacet
  facet normal -0 0 -1
    outer loop
      vertex 17.2205 -14.9922 9.5
      vertex 16.3695 -16.3695 9.5
      vertex 17.1356 -14.8814 9.5
    endloop
  endfacet
  facet normal -0 0 -1
    outer loop
      vertex 17.1356 -14.8814 9.5
      vertex 16.3695 -16.3695 9.5
      vertex 17.0413 -14.7785 9.5
    endloop
  endfacet
  facet normal -0 0 -1
    outer loop
      vertex 17.0413 -14.7785 9.5
      vertex 16.3695 -16.3695 9.5
      vertex 16.9384 -14.6842 9.5
    endloop
  endfacet
  facet normal -0 0 -1
    outer loop
      vertex 16.9384 -14.6842 9.5
      vertex 16.3695 -16.3695 9.5
      vertex 16.8276 -14.5993 9.5
    endloop
  endfacet
  facet normal -0 0 -1
    outer loop
      vertex 16.8276 -14.5993 9.5
      vertex 16.3695 -16.3695 9.5
      vertex 16.7099 -14.5243 9.5
    endloop
  endfacet
  facet normal -0 0 -1
    outer loop
      vertex 16.7099 -14.5243 9.5
      vertex 16.3695 -16.3695 9.5
      vertex 16.5861 -14.4598 9.5
    endloop
  endfacet
  facet normal -0 0 -1
    outer loop
      vertex 16.5861 -14.4598 9.5
      vertex 16.3695 -16.3695 9.5
      vertex 16.4571 -14.4064 9.5
    endloop
  endfacet
  facet normal 0 0 -1
    outer loop
      vertex 16.3695 -16.3695 9.5
      vertex 16.324 -14.3644 9.5
      vertex 16.4571 -14.4064 9.5
    endloop
  endfacet
  facet normal 0 0 -1
    outer loop
      vertex 16.3695 -16.3695 9.5
      vertex 16.1877 -14.3342 9.5
      vertex 16.324 -14.3644 9.5
    endloop
  endfacet
  facet normal 0 0 -1
    outer loop
      vertex 16.3695 -16.3695 9.5
      vertex 16.0494 -14.316 9.5
      vertex 16.1877 -14.3342 9.5
    endloop
  endfacet
  facet normal 0 0 -1
    outer loop
      vertex 16.3695 -16.3695 9.5
      vertex 15.9099 -14.3099 9.5
      vertex 16.0494 -14.316 9.5
    endloop
  endfacet
  facet normal 0 0 -1
    outer loop
      vertex 16.3695 -16.3695 9.5
      vertex 15.7705 -14.316 9.5
      vertex 15.9099 -14.3099 9.5
    endloop
  endfacet
  facet normal 0 0 -1
    outer loop
      vertex 16.3695 -16.3695 9.5
      vertex 15.6321 -14.3342 9.5
      vertex 15.7705 -14.316 9.5
    endloop
  endfacet
  facet normal 0 0 -1
    outer loop
      vertex 16.3695 -16.3695 9.5
      vertex 15.4958 -14.3644 9.5
      vertex 15.6321 -14.3342 9.5
    endloop
  endfacet
  facet normal 0 0 -1
    outer loop
      vertex 16.3695 -16.3695 9.5
      vertex 15.3627 -14.4064 9.5
      vertex 15.4958 -14.3644 9.5
    endloop
  endfacet
  facet normal 0 0 -1
    outer loop
      vertex 15.2337 -17.36 9.5
      vertex 16.3695 -16.3695 9.5
      vertex 15.2715 -17.3757 9.5
    endloop
  endfacet
  facet normal 0 0 -1
    outer loop
      vertex 16.3695 -16.3695 9.5
      vertex 15.2337 -17.36 9.5
      vertex 15.1099 -17.2955 9.5
    endloop
  endfacet
  facet normal 0 0 -1
    outer loop
      vertex 16.3695 -16.3695 9.5
      vertex 15.2337 -14.4598 9.5
      vertex 15.3627 -14.4064 9.5
    endloop
  endfacet
  facet normal 0 0 -1
    outer loop
      vertex 14.9922 -17.2205 9.5
      vertex 16.3695 -16.3695 9.5
      vertex 15.1099 -17.2955 9.5
    endloop
  endfacet
  facet normal 0 0 -1
    outer loop
      vertex 16.3695 -16.3695 9.5
      vertex 15.1099 -14.5243 9.5
      vertex 15.2337 -14.4598 9.5
    endloop
  endfacet
  facet normal 0 0 -1
    outer loop
      vertex 14.8814 -17.1356 9.5
      vertex 16.3695 -16.3695 9.5
      vertex 14.9922 -17.2205 9.5
    endloop
  endfacet
  facet normal 0 0 -1
    outer loop
      vertex 16.3695 -16.3695 9.5
      vertex 14.9922 -14.5993 9.5
      vertex 15.1099 -14.5243 9.5
    endloop
  endfacet
  facet normal 0 0 -1
    outer loop
      vertex 14.7785 -17.0413 9.5
      vertex 16.3695 -16.3695 9.5
      vertex 14.8814 -17.1356 9.5
    endloop
  endfacet
  facet normal 0 0 -1
    outer loop
      vertex 16.3695 -16.3695 9.5
      vertex 14.8814 -14.6842 9.5
      vertex 14.9922 -14.5993 9.5
    endloop
  endfacet
  facet normal 0 0 -1
    outer loop
      vertex 14.6842 -16.9384 9.5
      vertex 16.3695 -16.3695 9.5
      vertex 14.7785 -17.0413 9.5
    endloop
  endfacet
  facet normal 0 0 -1
    outer loop
      vertex 16.3695 -16.3695 9.5
      vertex 14.7785 -14.7785 9.5
      vertex 14.8814 -14.6842 9.5
    endloop
  endfacet
  facet normal 0 0 -1
    outer loop
      vertex 14.5993 -16.8276 9.5
      vertex 16.3695 -16.3695 9.5
      vertex 14.6842 -16.9384 9.5
    endloop
  endfacet
  facet normal 0 0 -1
    outer loop
      vertex 16.3695 -16.3695 9.5
      vertex 14.6842 -14.8814 9.5
      vertex 14.7785 -14.7785 9.5
    endloop
  endfacet
  facet normal 0 0 -1
    outer loop
      vertex 14.5243 -16.7099 9.5
      vertex 16.3695 -16.3695 9.5
      vertex 14.5993 -16.8276 9.5
    endloop
  endfacet
  facet normal 0 0 -1
    outer loop
      vertex 16.3695 -16.3695 9.5
      vertex 14.5993 -14.9922 9.5
      vertex 14.6842 -14.8814 9.5
    endloop
  endfacet
  facet normal 0 0 -1
    outer loop
      vertex 14.4598 -16.5861 9.5
      vertex 16.3695 -16.3695 9.5
      vertex 14.5243 -16.7099 9.5
    endloop
  endfacet
  facet normal 0 0 -1
    outer loop
      vertex 16.3695 -16.3695 9.5
      vertex 14.5243 -15.1099 9.5
      vertex 14.5993 -14.9922 9.5
    endloop
  endfacet
  facet normal 0 0 -1
    outer loop
      vertex 14.4064 -16.4571 9.5
      vertex 16.3695 -16.3695 9.5
      vertex 14.4598 -16.5861 9.5
    endloop
  endfacet
  facet normal 0 0 -1
    outer loop
      vertex 16.3695 -16.3695 9.5
      vertex 14.4598 -15.2337 9.5
      vertex 14.5243 -15.1099 9.5
    endloop
  endfacet
  facet normal 0 0 -1
    outer loop
      vertex 14.3644 -16.324 9.5
      vertex 16.3695 -16.3695 9.5
      vertex 14.4064 -16.4571 9.5
    endloop
  endfacet
  facet normal 0 0 -1
    outer loop
      vertex 16.3695 -16.3695 9.5
      vertex 14.4064 -15.3627 9.5
      vertex 14.4598 -15.2337 9.5
    endloop
  endfacet
  facet normal 0 0 -1
    outer loop
      vertex 14.3342 -16.1877 9.5
      vertex 16.3695 -16.3695 9.5
      vertex 14.3644 -16.324 9.5
    endloop
  endfacet
  facet normal 0 0 -1
    outer loop
      vertex 16.3695 -16.3695 9.5
      vertex 14.3644 -15.4958 9.5
      vertex 14.4064 -15.3627 9.5
    endloop
  endfacet
  facet normal 0 0 -1
    outer loop
      vertex 14.316 -16.0494 9.5
      vertex 16.3695 -16.3695 9.5
      vertex 14.3342 -16.1877 9.5
    endloop
  endfacet
  facet normal 0 0 -1
    outer loop
      vertex 16.3695 -16.3695 9.5
      vertex 14.3342 -15.6321 9.5
      vertex 14.3644 -15.4958 9.5
    endloop
  endfacet
  facet normal 0 0 -1
    outer loop
      vertex 14.3099 -15.9099 9.5
      vertex 16.3695 -16.3695 9.5
      vertex 14.316 -16.0494 9.5
    endloop
  endfacet
  facet normal 0 0 -1
    outer loop
      vertex 16.3695 -16.3695 9.5
      vertex 14.316 -15.7705 9.5
      vertex 14.3342 -15.6321 9.5
    endloop
  endfacet
  facet normal 0 0 -1
    outer loop
      vertex 16.3695 -16.3695 9.5
      vertex 14.3099 -15.9099 9.5
      vertex 14.316 -15.7705 9.5
    endloop
  endfacet
  facet normal -0.886853 0.462052 0
    outer loop
      vertex 17.2955 -16.7099 2.95
      vertex 17.36 -16.5861 9
      vertex 17.36 -16.5861 2.95
    endloop
  endfacet
  facet normal -0.886853 0.462052 0
    outer loop
      vertex 17.36 -16.5861 9
      vertex 17.2955 -16.7099 2.95
      vertex 17.2955 -16.7099 9
    endloop
  endfacet
  facet normal -0.675627 -0.737243 0
    outer loop
      vertex 16.9384 -14.6842 2.95
      vertex 17.0413 -14.7785 9.5
      vertex 16.9384 -14.6842 9.5
    endloop
  endfacet
  facet normal -0.675627 -0.737243 -0
    outer loop
      vertex 17.0413 -14.7785 9.5
      vertex 16.9384 -14.6842 2.95
      vertex 17.0413 -14.7785 2.95
    endloop
  endfacet
  facet normal 0.923964 -0.382478 0
    outer loop
      vertex 14.4064 -15.3627 9.5
      vertex 14.4598 -15.2337 2.95
      vertex 14.4598 -15.2337 9.5
    endloop
  endfacet
  facet normal 0.923964 -0.382478 0
    outer loop
      vertex 14.4598 -15.2337 2.95
      vertex 14.4064 -15.3627 9.5
      vertex 14.4064 -15.3627 2.95
    endloop
  endfacet
  facet normal -0.991464 -0.13038 0
    outer loop
      vertex 17.5038 -15.7705 2.95
      vertex 17.4856 -15.6321 9
      vertex 17.4856 -15.6321 2.95
    endloop
  endfacet
  facet normal -0.991464 -0.13038 0
    outer loop
      vertex 17.4856 -15.6321 9
      vertex 17.5038 -15.7705 2.95
      vertex 17.5038 -15.7705 9
    endloop
  endfacet
  facet normal -0.0436859 0.999045 0
    outer loop
      vertex 16.0494 -17.5038 2.95
      vertex 15.9099 -17.5099 9
      vertex 16.0494 -17.5038 9
    endloop
  endfacet
  facet normal -0.0436859 0.999045 0
    outer loop
      vertex 15.9099 -17.5099 9
      vertex 16.0494 -17.5038 2.95
      vertex 15.9099 -17.5099 2.95
    endloop
  endfacet
  facet normal 0.737243 -0.675627 0
    outer loop
      vertex 14.6842 -14.8814 9.5
      vertex 14.7785 -14.7785 2.95
      vertex 14.7785 -14.7785 9.5
    endloop
  endfacet
  facet normal 0.737243 -0.675627 0
    outer loop
      vertex 14.7785 -14.7785 2.95
      vertex 14.6842 -14.8814 9.5
      vertex 14.6842 -14.8814 2.95
    endloop
  endfacet
  facet normal 0.999044 -0.0437171 0
    outer loop
      vertex 14.3099 -15.9099 9.5
      vertex 14.316 -15.7705 2.95
      vertex 14.316 -15.7705 9.5
    endloop
  endfacet
  facet normal 0.999044 -0.0437171 0
    outer loop
      vertex 14.316 -15.7705 2.95
      vertex 14.3099 -15.9099 9.5
      vertex 14.3099 -15.9099 2.95
    endloop
  endfacet
  facet normal 0.462052 -0.886853 0
    outer loop
      vertex 15.1099 -14.5243 2.95
      vertex 15.2337 -14.4598 9.5
      vertex 15.1099 -14.5243 9.5
    endloop
  endfacet
  facet normal 0.462052 -0.886853 0
    outer loop
      vertex 15.2337 -14.4598 9.5
      vertex 15.1099 -14.5243 2.95
      vertex 15.2337 -14.4598 2.95
    endloop
  endfacet
  facet normal 0.608221 0.793768 -0
    outer loop
      vertex 14.9922 -17.2205 2.95
      vertex 14.8814 -17.1356 9.5
      vertex 14.9922 -17.2205 9.5
    endloop
  endfacet
  facet normal 0.608221 0.793768 0
    outer loop
      vertex 14.8814 -17.1356 9.5
      vertex 14.9922 -17.2205 2.95
      vertex 14.8814 -17.1356 2.95
    endloop
  endfacet
  facet normal -0.216324 -0.976322 0
    outer loop
      vertex 16.1877 -14.3342 2.95
      vertex 16.324 -14.3644 9.5
      vertex 16.1877 -14.3342 9.5
    endloop
  endfacet
  facet normal -0.216324 -0.976322 -0
    outer loop
      vertex 16.324 -14.3644 9.5
      vertex 16.1877 -14.3342 2.95
      vertex 16.324 -14.3644 2.95
    endloop
  endfacet
  facet normal 0.886853 -0.462052 0
    outer loop
      vertex 14.4598 -15.2337 9.5
      vertex 14.5243 -15.1099 2.95
      vertex 14.5243 -15.1099 9.5
    endloop
  endfacet
  facet normal 0.886853 -0.462052 0
    outer loop
      vertex 14.5243 -15.1099 2.95
      vertex 14.4598 -15.2337 9.5
      vertex 14.4598 -15.2337 2.95
    endloop
  endfacet
  facet normal -0.382478 -0.923964 0
    outer loop
      vertex 16.4571 -14.4064 2.95
      vertex 16.5861 -14.4598 9.5
      vertex 16.4571 -14.4064 9.5
    endloop
  endfacet
  facet normal -0.382478 -0.923964 -0
    outer loop
      vertex 16.5861 -14.4598 9.5
      vertex 16.4571 -14.4064 2.95
      vertex 16.5861 -14.4598 2.95
    endloop
  endfacet
  facet normal -0.608221 -0.793768 0
    outer loop
      vertex 16.8276 -14.5993 2.95
      vertex 16.9384 -14.6842 9.5
      vertex 16.8276 -14.5993 9.5
    endloop
  endfacet
  facet normal -0.608221 -0.793768 -0
    outer loop
      vertex 16.9384 -14.6842 9.5
      vertex 16.8276 -14.5993 2.95
      vertex 16.9384 -14.6842 2.95
    endloop
  endfacet
  facet normal -0.537385 -0.843337 0
    outer loop
      vertex 16.7099 -14.5243 2.95
      vertex 16.8276 -14.5993 9.5
      vertex 16.7099 -14.5243 9.5
    endloop
  endfacet
  facet normal -0.537385 -0.843337 -0
    outer loop
      vertex 16.8276 -14.5993 9.5
      vertex 16.7099 -14.5243 2.95
      vertex 16.8276 -14.5993 2.95
    endloop
  endfacet
  facet normal -0.130473 0.991452 0
    outer loop
      vertex 16.1877 -17.4856 2.95
      vertex 16.0494 -17.5038 9
      vertex 16.1877 -17.4856 9
    endloop
  endfacet
  facet normal -0.130473 0.991452 0
    outer loop
      vertex 16.0494 -17.5038 9
      vertex 16.1877 -17.4856 2.95
      vertex 16.0494 -17.5038 2.95
    endloop
  endfacet
  facet normal 0.923912 -0.382605 0
    outer loop
      vertex 12.9029 -14.8154 2.95
      vertex 13.0097 -14.5575 0
      vertex 13.0097 -14.5575 2.95
    endloop
  endfacet
  facet normal 0.923912 -0.382605 0
    outer loop
      vertex 13.0097 -14.5575 0
      vertex 12.9029 -14.8154 2.95
      vertex 12.9029 -14.8154 0
    endloop
  endfacet
  facet normal 0.95368 0.300823 0
    outer loop
      vertex 12.9029 -17.0044 2.95
      vertex 12.8189 -16.7381 0
      vertex 12.8189 -16.7381 2.95
    endloop
  endfacet
  facet normal 0.95368 0.300823 0
    outer loop
      vertex 12.8189 -16.7381 0
      vertex 12.9029 -17.0044 2.95
      vertex 12.9029 -17.0044 0
    endloop
  endfacet
  facet normal -0.608845 0.793289 0
    outer loop
      vertex 17.9668 -18.3612 0.6
      vertex 17.7453 -18.5312 2.95
      vertex 17.9668 -18.3612 2.95
    endloop
  endfacet
  facet normal -0.608845 0.793289 0
    outer loop
      vertex 17.7453 -18.5312 2.95
      vertex 17.9668 -18.3612 0.6
      vertex 17.7453 -18.5312 0.6
    endloop
  endfacet
  facet normal -0.675627 0.737243 0
    outer loop
      vertex 18.1726 -18.1726 0.6
      vertex 17.9668 -18.3612 2.95
      vertex 18.1726 -18.1726 2.95
    endloop
  endfacet
  facet normal -0.675627 0.737243 0
    outer loop
      vertex 17.9668 -18.3612 2.95
      vertex 18.1726 -18.1726 0.6
      vertex 17.9668 -18.3612 0.6
    endloop
  endfacet
  facet normal -0.537385 0.843337 0
    outer loop
      vertex 17.7453 -18.5312 0.6
      vertex 17.5099 -18.6812 2.95
      vertex 17.7453 -18.5312 2.95
    endloop
  endfacet
  facet normal -0.537385 0.843337 0
    outer loop
      vertex 17.5099 -18.6812 2.95
      vertex 17.7453 -18.5312 0.6
      vertex 17.5099 -18.6812 0.6
    endloop
  endfacet
  facet normal 0.13038 -0.991464 -1.70711e-05
    outer loop
      vertex 15.3542 -12.7585 2.95
      vertex 15.5402 -12.734 0.6
      vertex 15.631 -12.7221 2.95
    endloop
  endfacet
  facet normal 0.130592 -0.991436 0
    outer loop
      vertex 15.3542 -12.7585 0
      vertex 15.5402 -12.734 0.6
      vertex 15.3542 -12.7585 2.95
    endloop
  endfacet
  facet normal 0.130592 -0.991436 0
    outer loop
      vertex 15.5402 -12.734 0.6
      vertex 15.3542 -12.7585 0
      vertex 15.5402 -12.734 0
    endloop
  endfacet
  facet normal 0.129946 -0.991521 0
    outer loop
      vertex 15.631 -12.7221 2.95
      vertex 15.5402 -12.734 0.6
      vertex 15.631 -12.7221 0.6
    endloop
  endfacet
  facet normal -0.46177 0.887 0
    outer loop
      vertex 17.5099 -18.6812 0.6
      vertex 17.2623 -18.8101 2.95
      vertex 17.5099 -18.6812 2.95
    endloop
  endfacet
  facet normal -0.46177 0.887 0
    outer loop
      vertex 17.2623 -18.8101 2.95
      vertex 17.5099 -18.6812 0.6
      vertex 17.2623 -18.8101 0.6
    endloop
  endfacet
  facet normal 0.382605 0.923912 -0
    outer loop
      vertex 14.8154 -18.9169 0
      vertex 14.5575 -18.8101 2.95
      vertex 14.8154 -18.9169 2.95
    endloop
  endfacet
  facet normal 0.382605 0.923912 0
    outer loop
      vertex 14.5575 -18.8101 2.95
      vertex 14.8154 -18.9169 0
      vertex 14.5575 -18.8101 0
    endloop
  endfacet
  facet normal -0.382605 0.923912 0
    outer loop
      vertex 17.2623 -18.8101 0.6
      vertex 17.0044 -18.9169 2.95
      vertex 17.2623 -18.8101 2.95
    endloop
  endfacet
  facet normal -0.382605 0.923912 0
    outer loop
      vertex 17.0044 -18.9169 2.95
      vertex 17.2623 -18.8101 0.6
      vertex 17.0044 -18.9169 0.6
    endloop
  endfacet
  facet normal -0.793289 0.608845 0
    outer loop
      vertex 18.3612 -17.9668 0.6
      vertex 18.5312 -17.7453 2.95
      vertex 18.5312 -17.7453 0.6
    endloop
  endfacet
  facet normal -0.793289 0.608845 0
    outer loop
      vertex 18.5312 -17.7453 2.95
      vertex 18.3612 -17.9668 0.6
      vertex 18.3612 -17.9668 2.95
    endloop
  endfacet
  facet normal 0.608845 -0.793289 0
    outer loop
      vertex 13.853 -13.4586 0
      vertex 14.0745 -13.2886 2.95
      vertex 13.853 -13.4586 2.95
    endloop
  endfacet
  facet normal 0.608845 -0.793289 0
    outer loop
      vertex 14.0745 -13.2886 2.95
      vertex 13.853 -13.4586 0
      vertex 14.0745 -13.2886 0
    endloop
  endfacet
  facet normal -0.999045 -0.0437015 0
    outer loop
      vertex 19.1099 -15.9099 0
      vertex 19.0977 -15.631 2.95
      vertex 19.0977 -15.631 0
    endloop
  endfacet
  facet normal -0.999045 -0.0437015 0
    outer loop
      vertex 19.0977 -15.631 2.95
      vertex 19.1099 -15.9099 0
      vertex 19.1099 -15.9099 2.95
    endloop
  endfacet
  facet normal -0.843337 -0.537385 0
    outer loop
      vertex 18.6812 -14.3099 0
      vertex 18.5312 -14.0745 2.95
      vertex 18.5312 -14.0745 0
    endloop
  endfacet
  facet normal -0.843337 -0.537385 0
    outer loop
      vertex 18.5312 -14.0745 2.95
      vertex 18.6812 -14.3099 0
      vertex 18.6812 -14.3099 2.95
    endloop
  endfacet
  facet normal 0.675627 0.737243 -0
    outer loop
      vertex 13.853 -18.3612 0
      vertex 13.6472 -18.1726 2.95
      vertex 13.853 -18.3612 2.95
    endloop
  endfacet
  facet normal 0.675627 0.737243 0
    outer loop
      vertex 13.6472 -18.1726 2.95
      vertex 13.853 -18.3612 0
      vertex 13.6472 -18.1726 0
    endloop
  endfacet
  facet normal -0.13038 -0.991464 0
    outer loop
      vertex 16.1888 -12.7221 0.6
      vertex 16.4656 -12.7585 2.95
      vertex 16.1888 -12.7221 2.95
    endloop
  endfacet
  facet normal -0.13038 -0.991464 -0
    outer loop
      vertex 16.4656 -12.7585 2.95
      vertex 16.1888 -12.7221 0.6
      vertex 16.4656 -12.7585 0.6
    endloop
  endfacet
  facet normal -0.843337 0.537385 0
    outer loop
      vertex 18.5312 -17.7453 0.6
      vertex 18.6812 -17.5099 2.95
      vertex 18.6812 -17.5099 0.6
    endloop
  endfacet
  facet normal -0.843337 0.537385 0
    outer loop
      vertex 18.6812 -17.5099 2.95
      vertex 18.5312 -17.7453 0.6
      vertex 18.5312 -17.7453 2.95
    endloop
  endfacet
  facet normal 0.675627 -0.737243 0
    outer loop
      vertex 13.6472 -13.6472 0
      vertex 13.853 -13.4586 2.95
      vertex 13.6472 -13.6472 2.95
    endloop
  endfacet
  facet normal 0.675627 -0.737243 0
    outer loop
      vertex 13.853 -13.4586 2.95
      vertex 13.6472 -13.6472 0
      vertex 13.853 -13.4586 0
    endloop
  endfacet
  facet normal -0.991414 0.130757 0
    outer loop
      vertex 19.0843 -16.2904 0.6
      vertex 19.0977 -16.1888 0
      vertex 19.0843 -16.2904 0
    endloop
  endfacet
  facet normal -0.991414 0.130757 0
    outer loop
      vertex 19.0977 -16.1888 0
      vertex 19.0843 -16.2904 0.6
      vertex 19.0977 -16.1888 2.95
    endloop
  endfacet
  facet normal -0.991493 0.130162 0
    outer loop
      vertex 19.0613 -16.4656 2.95
      vertex 19.0843 -16.2904 0.6
      vertex 19.0613 -16.4656 0.6
    endloop
  endfacet
  facet normal -0.991464 0.13038 1.65833e-05
    outer loop
      vertex 19.0843 -16.2904 0.6
      vertex 19.0613 -16.4656 2.95
      vertex 19.0977 -16.1888 2.95
    endloop
  endfacet
  facet normal 0.999045 -0.0437015 0
    outer loop
      vertex 12.7099 -15.9099 2.95
      vertex 12.7221 -15.631 0.6
      vertex 12.7221 -15.631 2.95
    endloop
  endfacet
  facet normal 0.999045 -0.0437015 0
    outer loop
      vertex 12.7221 -15.631 0.6
      vertex 12.7099 -15.9099 2.95
      vertex 12.7099 -15.9099 0.6
    endloop
  endfacet
  facet normal -0.887 0.46177 0
    outer loop
      vertex 18.6812 -17.5099 0.6
      vertex 18.8101 -17.2623 2.95
      vertex 18.8101 -17.2623 0.6
    endloop
  endfacet
  facet normal -0.887 0.46177 0
    outer loop
      vertex 18.8101 -17.2623 2.95
      vertex 18.6812 -17.5099 0.6
      vertex 18.6812 -17.5099 2.95
    endloop
  endfacet
  facet normal 0.537385 -0.843337 0
    outer loop
      vertex 14.0745 -13.2886 0
      vertex 14.3099 -13.1386 2.95
      vertex 14.0745 -13.2886 2.95
    endloop
  endfacet
  facet normal 0.537385 -0.843337 0
    outer loop
      vertex 14.3099 -13.1386 2.95
      vertex 14.0745 -13.2886 0
      vertex 14.3099 -13.1386 0
    endloop
  endfacet
  facet normal 0.887 -0.46177 0
    outer loop
      vertex 13.0097 -14.5575 2.95
      vertex 13.1386 -14.3099 0
      vertex 13.1386 -14.3099 2.95
    endloop
  endfacet
  facet normal 0.887 -0.46177 0
    outer loop
      vertex 13.1386 -14.3099 0
      vertex 13.0097 -14.5575 2.95
      vertex 13.0097 -14.5575 0
    endloop
  endfacet
  facet normal -0.793289 -0.608845 0
    outer loop
      vertex 18.5312 -14.0745 0
      vertex 18.3612 -13.853 2.95
      vertex 18.3612 -13.853 0
    endloop
  endfacet
  facet normal -0.793289 -0.608845 0
    outer loop
      vertex 18.3612 -13.853 2.95
      vertex 18.5312 -14.0745 0
      vertex 18.5312 -14.0745 2.95
    endloop
  endfacet
  facet normal -0.923912 0.382605 0
    outer loop
      vertex 18.8101 -17.2623 0.6
      vertex 18.9169 -17.0044 2.95
      vertex 18.9169 -17.0044 0.6
    endloop
  endfacet
  facet normal -0.923912 0.382605 0
    outer loop
      vertex 18.9169 -17.0044 2.95
      vertex 18.8101 -17.2623 0.6
      vertex 18.8101 -17.2623 2.95
    endloop
  endfacet
  facet normal 0.300823 0.95368 -0
    outer loop
      vertex 15.0817 -19.0009 0
      vertex 14.8154 -18.9169 2.95
      vertex 15.0817 -19.0009 2.95
    endloop
  endfacet
  facet normal 0.300823 0.95368 0
    outer loop
      vertex 14.8154 -18.9169 2.95
      vertex 15.0817 -19.0009 0
      vertex 14.8154 -18.9169 0
    endloop
  endfacet
  facet normal 0.13038 0.991464 -0
    outer loop
      vertex 15.631 -19.0977 0
      vertex 15.3542 -19.0613 2.95
      vertex 15.631 -19.0977 2.95
    endloop
  endfacet
  facet normal 0.13038 0.991464 0
    outer loop
      vertex 15.3542 -19.0613 2.95
      vertex 15.631 -19.0977 0
      vertex 15.3542 -19.0613 0
    endloop
  endfacet
  facet normal -0.130162 0.991493 0
    outer loop
      vertex 16.2904 -19.0843 0.6
      vertex 16.4656 -19.0613 2.95
      vertex 16.4656 -19.0613 0.6
    endloop
  endfacet
  facet normal -0.13038 0.991464 1.65833e-05
    outer loop
      vertex 16.4656 -19.0613 2.95
      vertex 16.2904 -19.0843 0.6
      vertex 16.1888 -19.0977 2.95
    endloop
  endfacet
  facet normal -0.130757 0.991414 0
    outer loop
      vertex 16.1888 -19.0977 0
      vertex 16.2904 -19.0843 0.6
      vertex 16.2904 -19.0843 0
    endloop
  endfacet
  facet normal -0.130757 0.991414 0
    outer loop
      vertex 16.2904 -19.0843 0.6
      vertex 16.1888 -19.0977 0
      vertex 16.1888 -19.0977 2.95
    endloop
  endfacet
  facet normal 0.976305 -0.216399 0
    outer loop
      vertex 12.7585 -15.3542 2.95
      vertex 12.8189 -15.0817 0
      vertex 12.8189 -15.0817 2.95
    endloop
  endfacet
  facet normal 0.976305 -0.216399 0
    outer loop
      vertex 12.8189 -15.0817 0
      vertex 12.7585 -15.3542 2.95
      vertex 12.7585 -15.3542 0
    endloop
  endfacet
  facet normal 0.991464 0.13038 0
    outer loop
      vertex 12.7585 -16.4656 2.95
      vertex 12.7221 -16.1888 0.6
      vertex 12.7221 -16.1888 2.95
    endloop
  endfacet
  facet normal 0.991464 0.13038 0
    outer loop
      vertex 12.7221 -16.1888 0.6
      vertex 12.7585 -16.4656 2.95
      vertex 12.7585 -16.4656 0.6
    endloop
  endfacet
  facet normal 0.793289 0.608845 0
    outer loop
      vertex 13.4586 -17.9668 2.95
      vertex 13.2886 -17.7453 0
      vertex 13.2886 -17.7453 2.95
    endloop
  endfacet
  facet normal 0.793289 0.608845 0
    outer loop
      vertex 13.2886 -17.7453 0
      vertex 13.4586 -17.9668 2.95
      vertex 13.4586 -17.9668 0
    endloop
  endfacet
  facet normal -0.0437015 0.999045 0
    outer loop
      vertex 16.1888 -19.0977 0
      vertex 15.9099 -19.1099 2.95
      vertex 16.1888 -19.0977 2.95
    endloop
  endfacet
  facet normal -0.0437015 0.999045 0
    outer loop
      vertex 15.9099 -19.1099 2.95
      vertex 16.1888 -19.0977 0
      vertex 15.9099 -19.1099 0
    endloop
  endfacet
  facet normal 0.382605 -0.923912 0
    outer loop
      vertex 14.5575 -13.0097 0
      vertex 14.8154 -12.9029 2.95
      vertex 14.5575 -13.0097 2.95
    endloop
  endfacet
  facet normal 0.382605 -0.923912 0
    outer loop
      vertex 14.8154 -12.9029 2.95
      vertex 14.5575 -13.0097 0
      vertex 14.8154 -12.9029 0
    endloop
  endfacet
  facet normal -0.923912 -0.382605 0
    outer loop
      vertex 18.9169 -14.8154 0
      vertex 18.8101 -14.5575 2.95
      vertex 18.8101 -14.5575 0
    endloop
  endfacet
  facet normal -0.923912 -0.382605 0
    outer loop
      vertex 18.8101 -14.5575 2.95
      vertex 18.9169 -14.8154 0
      vertex 18.9169 -14.8154 2.95
    endloop
  endfacet
  facet normal 0.95368 -0.300823 0
    outer loop
      vertex 12.8189 -15.0817 2.95
      vertex 12.9029 -14.8154 0
      vertex 12.9029 -14.8154 2.95
    endloop
  endfacet
  facet normal 0.95368 -0.300823 0
    outer loop
      vertex 12.9029 -14.8154 0
      vertex 12.8189 -15.0817 2.95
      vertex 12.8189 -15.0817 0
    endloop
  endfacet
  facet normal -0.21693 -0.976187 0
    outer loop
      vertex 16.5196 -12.7705 0.6
      vertex 16.4656 -12.7585 2.95
      vertex 16.4656 -12.7585 0.6
    endloop
  endfacet
  facet normal -0.216399 -0.976305 1.28065e-05
    outer loop
      vertex 16.4656 -12.7585 2.95
      vertex 16.5196 -12.7705 0.6
      vertex 16.7381 -12.8189 2.95
    endloop
  endfacet
  facet normal -0.216268 -0.976334 0
    outer loop
      vertex 16.7381 -12.8189 0
      vertex 16.5196 -12.7705 0.6
      vertex 16.5196 -12.7705 0
    endloop
  endfacet
  facet normal -0.216268 -0.976334 0
    outer loop
      vertex 16.5196 -12.7705 0.6
      vertex 16.7381 -12.8189 0
      vertex 16.7381 -12.8189 2.95
    endloop
  endfacet
  facet normal -0.95368 -0.300823 0
    outer loop
      vertex 19.0009 -15.0817 0
      vertex 18.9169 -14.8154 2.95
      vertex 18.9169 -14.8154 0
    endloop
  endfacet
  facet normal -0.95368 -0.300823 0
    outer loop
      vertex 18.9169 -14.8154 2.95
      vertex 19.0009 -15.0817 0
      vertex 19.0009 -15.0817 2.95
    endloop
  endfacet
  facet normal 0.843337 0.537385 0
    outer loop
      vertex 13.2886 -17.7453 2.95
      vertex 13.1386 -17.5099 0
      vertex 13.1386 -17.5099 2.95
    endloop
  endfacet
  facet normal 0.843337 0.537385 0
    outer loop
      vertex 13.1386 -17.5099 0
      vertex 13.2886 -17.7453 2.95
      vertex 13.2886 -17.7453 0
    endloop
  endfacet
  facet normal -0.976305 -0.216399 0
    outer loop
      vertex 19.0613 -15.3542 0
      vertex 19.0009 -15.0817 2.95
      vertex 19.0009 -15.0817 0
    endloop
  endfacet
  facet normal -0.976305 -0.216399 0
    outer loop
      vertex 19.0009 -15.0817 2.95
      vertex 19.0613 -15.3542 0
      vertex 19.0613 -15.3542 2.95
    endloop
  endfacet
  facet normal 0.216399 0.976305 -0
    outer loop
      vertex 15.3542 -19.0613 0
      vertex 15.0817 -19.0009 2.95
      vertex 15.3542 -19.0613 2.95
    endloop
  endfacet
  facet normal 0.216399 0.976305 0
    outer loop
      vertex 15.0817 -19.0009 2.95
      vertex 15.3542 -19.0613 0
      vertex 15.0817 -19.0009 0
    endloop
  endfacet
  facet normal 0.46177 -0.887 0
    outer loop
      vertex 14.3099 -13.1386 0
      vertex 14.5575 -13.0097 2.95
      vertex 14.3099 -13.1386 2.95
    endloop
  endfacet
  facet normal 0.46177 -0.887 0
    outer loop
      vertex 14.5575 -13.0097 2.95
      vertex 14.3099 -13.1386 0
      vertex 14.5575 -13.0097 0
    endloop
  endfacet
  facet normal 0.843337 -0.537385 0
    outer loop
      vertex 13.1386 -14.3099 2.95
      vertex 13.2886 -14.0745 0
      vertex 13.2886 -14.0745 2.95
    endloop
  endfacet
  facet normal 0.843337 -0.537385 0
    outer loop
      vertex 13.2886 -14.0745 0
      vertex 13.1386 -14.3099 2.95
      vertex 13.1386 -14.3099 0
    endloop
  endfacet
  facet normal -0.976305 0.216399 0
    outer loop
      vertex 19.0009 -16.7381 0.6
      vertex 19.0613 -16.4656 2.95
      vertex 19.0613 -16.4656 0.6
    endloop
  endfacet
  facet normal -0.976305 0.216399 0
    outer loop
      vertex 19.0613 -16.4656 2.95
      vertex 19.0009 -16.7381 0.6
      vertex 19.0009 -16.7381 2.95
    endloop
  endfacet
  facet normal -0.999045 0.0437015 0
    outer loop
      vertex 19.0977 -16.1888 0
      vertex 19.1099 -15.9099 2.95
      vertex 19.1099 -15.9099 0
    endloop
  endfacet
  facet normal -0.999045 0.0437015 0
    outer loop
      vertex 19.1099 -15.9099 2.95
      vertex 19.0977 -16.1888 0
      vertex 19.0977 -16.1888 2.95
    endloop
  endfacet
  facet normal -0.216399 0.976305 0
    outer loop
      vertex 16.7381 -19.0009 0.6
      vertex 16.4656 -19.0613 2.95
      vertex 16.7381 -19.0009 2.95
    endloop
  endfacet
  facet normal -0.216399 0.976305 0
    outer loop
      vertex 16.4656 -19.0613 2.95
      vertex 16.7381 -19.0009 0.6
      vertex 16.4656 -19.0613 0.6
    endloop
  endfacet
  facet normal -0.608845 -0.793289 0
    outer loop
      vertex 17.7453 -13.2886 0
      vertex 17.9668 -13.4586 2.95
      vertex 17.7453 -13.2886 2.95
    endloop
  endfacet
  facet normal -0.608845 -0.793289 -0
    outer loop
      vertex 17.9668 -13.4586 2.95
      vertex 17.7453 -13.2886 0
      vertex 17.9668 -13.4586 0
    endloop
  endfacet
  facet normal -0.675627 -0.737243 0
    outer loop
      vertex 17.9668 -13.4586 0
      vertex 18.1726 -13.6472 2.95
      vertex 17.9668 -13.4586 2.95
    endloop
  endfacet
  facet normal -0.675627 -0.737243 -0
    outer loop
      vertex 18.1726 -13.6472 2.95
      vertex 17.9668 -13.4586 0
      vertex 18.1726 -13.6472 0
    endloop
  endfacet
  facet normal -0.300823 0.95368 0
    outer loop
      vertex 17.0044 -18.9169 0.6
      vertex 16.7381 -19.0009 2.95
      vertex 17.0044 -18.9169 2.95
    endloop
  endfacet
  facet normal -0.300823 0.95368 0
    outer loop
      vertex 16.7381 -19.0009 2.95
      vertex 17.0044 -18.9169 0.6
      vertex 16.7381 -19.0009 0.6
    endloop
  endfacet
  facet normal 0.216399 -0.976305 0
    outer loop
      vertex 15.0817 -12.8189 0
      vertex 15.3542 -12.7585 2.95
      vertex 15.0817 -12.8189 2.95
    endloop
  endfacet
  facet normal 0.216399 -0.976305 0
    outer loop
      vertex 15.3542 -12.7585 2.95
      vertex 15.0817 -12.8189 0
      vertex 15.3542 -12.7585 0
    endloop
  endfacet
  facet normal -0.46177 -0.887 0
    outer loop
      vertex 17.2623 -13.0097 0
      vertex 17.5099 -13.1386 2.95
      vertex 17.2623 -13.0097 2.95
    endloop
  endfacet
  facet normal -0.46177 -0.887 -0
    outer loop
      vertex 17.5099 -13.1386 2.95
      vertex 17.2623 -13.0097 0
      vertex 17.5099 -13.1386 0
    endloop
  endfacet
  facet normal 0.976187 0.21693 0
    outer loop
      vertex 12.7585 -16.4656 2.95
      vertex 12.7705 -16.5196 0.6
      vertex 12.7585 -16.4656 0.6
    endloop
  endfacet
  facet normal 0.976305 0.216399 1.28065e-05
    outer loop
      vertex 12.8189 -16.7381 2.95
      vertex 12.7705 -16.5196 0.6
      vertex 12.7585 -16.4656 2.95
    endloop
  endfacet
  facet normal 0.976334 0.216268 -0
    outer loop
      vertex 12.8189 -16.7381 0
      vertex 12.7705 -16.5196 0.6
      vertex 12.8189 -16.7381 2.95
    endloop
  endfacet
  facet normal 0.976334 0.216268 0
    outer loop
      vertex 12.7705 -16.5196 0.6
      vertex 12.8189 -16.7381 0
      vertex 12.7705 -16.5196 0
    endloop
  endfacet
  facet normal -0.887 -0.46177 0
    outer loop
      vertex 18.8101 -14.5575 0
      vertex 18.6812 -14.3099 2.95
      vertex 18.6812 -14.3099 0
    endloop
  endfacet
  facet normal -0.887 -0.46177 0
    outer loop
      vertex 18.6812 -14.3099 2.95
      vertex 18.8101 -14.5575 0
      vertex 18.8101 -14.5575 2.95
    endloop
  endfacet
  facet normal 0.999045 0.0437015 0
    outer loop
      vertex 12.7221 -16.1888 2.95
      vertex 12.7099 -15.9099 0.6
      vertex 12.7099 -15.9099 2.95
    endloop
  endfacet
  facet normal 0.999045 0.0437015 0
    outer loop
      vertex 12.7099 -15.9099 0.6
      vertex 12.7221 -16.1888 2.95
      vertex 12.7221 -16.1888 0.6
    endloop
  endfacet
  facet normal 0.300823 -0.95368 0
    outer loop
      vertex 14.8154 -12.9029 0
      vertex 15.0817 -12.8189 2.95
      vertex 14.8154 -12.9029 2.95
    endloop
  endfacet
  facet normal 0.300823 -0.95368 0
    outer loop
      vertex 15.0817 -12.8189 2.95
      vertex 14.8154 -12.9029 0
      vertex 15.0817 -12.8189 0
    endloop
  endfacet
  facet normal 0.887 0.46177 0
    outer loop
      vertex 13.1386 -17.5099 2.95
      vertex 13.0097 -17.2623 0
      vertex 13.0097 -17.2623 2.95
    endloop
  endfacet
  facet normal 0.887 0.46177 0
    outer loop
      vertex 13.0097 -17.2623 0
      vertex 13.1386 -17.5099 2.95
      vertex 13.1386 -17.5099 0
    endloop
  endfacet
  facet normal -0.537385 -0.843337 0
    outer loop
      vertex 17.5099 -13.1386 0
      vertex 17.7453 -13.2886 2.95
      vertex 17.5099 -13.1386 2.95
    endloop
  endfacet
  facet normal -0.537385 -0.843337 -0
    outer loop
      vertex 17.7453 -13.2886 2.95
      vertex 17.5099 -13.1386 0
      vertex 17.7453 -13.2886 0
    endloop
  endfacet
  facet normal 0.737243 0.675627 0
    outer loop
      vertex 13.6472 -18.1726 2.95
      vertex 13.4586 -17.9668 0
      vertex 13.4586 -17.9668 2.95
    endloop
  endfacet
  facet normal 0.737243 0.675627 0
    outer loop
      vertex 13.4586 -17.9668 0
      vertex 13.6472 -18.1726 2.95
      vertex 13.6472 -18.1726 0
    endloop
  endfacet
  facet normal 0.537385 0.843337 -0
    outer loop
      vertex 14.3099 -18.6812 0
      vertex 14.0745 -18.5312 2.95
      vertex 14.3099 -18.6812 2.95
    endloop
  endfacet
  facet normal 0.537385 0.843337 0
    outer loop
      vertex 14.0745 -18.5312 2.95
      vertex 14.3099 -18.6812 0
      vertex 14.0745 -18.5312 0
    endloop
  endfacet
  facet normal 0.0437015 -0.999045 0
    outer loop
      vertex 15.631 -12.7221 0.6
      vertex 15.9099 -12.7099 2.95
      vertex 15.631 -12.7221 2.95
    endloop
  endfacet
  facet normal 0.0437015 -0.999045 0
    outer loop
      vertex 15.9099 -12.7099 2.95
      vertex 15.631 -12.7221 0.6
      vertex 15.9099 -12.7099 0.6
    endloop
  endfacet
  facet normal -0.737243 0.675627 0
    outer loop
      vertex 18.1726 -18.1726 0.6
      vertex 18.3612 -17.9668 2.95
      vertex 18.3612 -17.9668 0.6
    endloop
  endfacet
  facet normal -0.737243 0.675627 0
    outer loop
      vertex 18.3612 -17.9668 2.95
      vertex 18.1726 -18.1726 0.6
      vertex 18.1726 -18.1726 2.95
    endloop
  endfacet
  facet normal -0.737243 -0.675627 0
    outer loop
      vertex 18.3612 -13.853 0
      vertex 18.1726 -13.6472 2.95
      vertex 18.1726 -13.6472 0
    endloop
  endfacet
  facet normal -0.737243 -0.675627 0
    outer loop
      vertex 18.1726 -13.6472 2.95
      vertex 18.3612 -13.853 0
      vertex 18.3612 -13.853 2.95
    endloop
  endfacet
  facet normal -0.0437015 -0.999045 0
    outer loop
      vertex 15.9099 -12.7099 0.6
      vertex 16.1888 -12.7221 2.95
      vertex 15.9099 -12.7099 2.95
    endloop
  endfacet
  facet normal -0.0437015 -0.999045 -0
    outer loop
      vertex 16.1888 -12.7221 2.95
      vertex 15.9099 -12.7099 0.6
      vertex 16.1888 -12.7221 0.6
    endloop
  endfacet
  facet normal 0.608845 0.793289 -0
    outer loop
      vertex 14.0745 -18.5312 0
      vertex 13.853 -18.3612 2.95
      vertex 14.0745 -18.5312 2.95
    endloop
  endfacet
  facet normal 0.608845 0.793289 0
    outer loop
      vertex 13.853 -18.3612 2.95
      vertex 14.0745 -18.5312 0
      vertex 13.853 -18.3612 0
    endloop
  endfacet
  facet normal -0.95368 0.300823 0
    outer loop
      vertex 18.9169 -17.0044 0.6
      vertex 19.0009 -16.7381 2.95
      vertex 19.0009 -16.7381 0.6
    endloop
  endfacet
  facet normal -0.95368 0.300823 0
    outer loop
      vertex 19.0009 -16.7381 2.95
      vertex 18.9169 -17.0044 0.6
      vertex 18.9169 -17.0044 2.95
    endloop
  endfacet
  facet normal 0.0437015 0.999045 -0
    outer loop
      vertex 15.9099 -19.1099 0
      vertex 15.631 -19.0977 2.95
      vertex 15.9099 -19.1099 2.95
    endloop
  endfacet
  facet normal 0.0437015 0.999045 0
    outer loop
      vertex 15.631 -19.0977 2.95
      vertex 15.9099 -19.1099 0
      vertex 15.631 -19.0977 0
    endloop
  endfacet
  facet normal 0.46177 0.887 -0
    outer loop
      vertex 14.5575 -18.8101 0
      vertex 14.3099 -18.6812 2.95
      vertex 14.5575 -18.8101 2.95
    endloop
  endfacet
  facet normal 0.46177 0.887 0
    outer loop
      vertex 14.3099 -18.6812 2.95
      vertex 14.5575 -18.8101 0
      vertex 14.3099 -18.6812 0
    endloop
  endfacet
  facet normal 0.991436 -0.130592 0
    outer loop
      vertex 12.7585 -15.3542 2.95
      vertex 12.734 -15.5402 0.6
      vertex 12.7585 -15.3542 0
    endloop
  endfacet
  facet normal 0.991464 -0.13038 -1.70711e-05
    outer loop
      vertex 12.7221 -15.631 2.95
      vertex 12.734 -15.5402 0.6
      vertex 12.7585 -15.3542 2.95
    endloop
  endfacet
  facet normal 0.991521 -0.129946 0
    outer loop
      vertex 12.734 -15.5402 0.6
      vertex 12.7221 -15.631 2.95
      vertex 12.7221 -15.631 0.6
    endloop
  endfacet
  facet normal 0.991436 -0.130592 0
    outer loop
      vertex 12.7585 -15.3542 0
      vertex 12.734 -15.5402 0.6
      vertex 12.734 -15.5402 0
    endloop
  endfacet
  facet normal 0.793289 -0.608845 0
    outer loop
      vertex 13.2886 -14.0745 2.95
      vertex 13.4586 -13.853 0
      vertex 13.4586 -13.853 2.95
    endloop
  endfacet
  facet normal 0.793289 -0.608845 0
    outer loop
      vertex 13.4586 -13.853 0
      vertex 13.2886 -14.0745 2.95
      vertex 13.2886 -14.0745 0
    endloop
  endfacet
  facet normal 0.737243 -0.675627 0
    outer loop
      vertex 13.4586 -13.853 2.95
      vertex 13.6472 -13.6472 0
      vertex 13.6472 -13.6472 2.95
    endloop
  endfacet
  facet normal 0.737243 -0.675627 0
    outer loop
      vertex 13.6472 -13.6472 0
      vertex 13.4586 -13.853 2.95
      vertex 13.4586 -13.853 0
    endloop
  endfacet
  facet normal -0.991464 -0.13038 0
    outer loop
      vertex 19.0977 -15.631 0
      vertex 19.0613 -15.3542 2.95
      vertex 19.0613 -15.3542 0
    endloop
  endfacet
  facet normal -0.991464 -0.13038 0
    outer loop
      vertex 19.0613 -15.3542 2.95
      vertex 19.0977 -15.631 0
      vertex 19.0977 -15.631 2.95
    endloop
  endfacet
  facet normal -0.382605 -0.923912 0
    outer loop
      vertex 17.0044 -12.9029 0
      vertex 17.2623 -13.0097 2.95
      vertex 17.0044 -12.9029 2.95
    endloop
  endfacet
  facet normal -0.382605 -0.923912 -0
    outer loop
      vertex 17.2623 -13.0097 2.95
      vertex 17.0044 -12.9029 0
      vertex 17.2623 -13.0097 0
    endloop
  endfacet
  facet normal 0.923912 0.382605 0
    outer loop
      vertex 13.0097 -17.2623 2.95
      vertex 12.9029 -17.0044 0
      vertex 12.9029 -17.0044 2.95
    endloop
  endfacet
  facet normal 0.923912 0.382605 0
    outer loop
      vertex 12.9029 -17.0044 0
      vertex 13.0097 -17.2623 2.95
      vertex 13.0097 -17.2623 0
    endloop
  endfacet
  facet normal 0 0 -1
    outer loop
      vertex 19.0977 -16.1888 2.95
      vertex 17.5038 -16.0494 2.95
      vertex 17.5099 -15.9099 2.95
    endloop
  endfacet
  facet normal 0 0 -1
    outer loop
      vertex 17.7453 -18.5312 2.95
      vertex 17.4856 -16.1877 2.95
      vertex 17.5038 -16.0494 2.95
    endloop
  endfacet
  facet normal 0 0 -1
    outer loop
      vertex 17.7453 -18.5312 2.95
      vertex 17.4554 -16.324 2.95
      vertex 17.4856 -16.1877 2.95
    endloop
  endfacet
  facet normal 0 0 -1
    outer loop
      vertex 17.7453 -18.5312 2.95
      vertex 17.4134 -16.4571 2.95
      vertex 17.4554 -16.324 2.95
    endloop
  endfacet
  facet normal 0 0 -1
    outer loop
      vertex 17.7453 -18.5312 2.95
      vertex 17.36 -16.5861 2.95
      vertex 17.4134 -16.4571 2.95
    endloop
  endfacet
  facet normal 0 0 -1
    outer loop
      vertex 17.7453 -18.5312 2.95
      vertex 17.2955 -16.7099 2.95
      vertex 17.36 -16.5861 2.95
    endloop
  endfacet
  facet normal 0 0 -1
    outer loop
      vertex 16.7099 -17.2955 2.95
      vertex 17.5099 -18.6812 2.95
      vertex 17.2623 -18.8101 2.95
    endloop
  endfacet
  facet normal 0 0 -1
    outer loop
      vertex 17.7453 -18.5312 2.95
      vertex 17.2205 -16.8276 2.95
      vertex 17.2955 -16.7099 2.95
    endloop
  endfacet
  facet normal 0 0 -1
    outer loop
      vertex 17.7453 -18.5312 2.95
      vertex 17.1356 -16.9384 2.95
      vertex 17.2205 -16.8276 2.95
    endloop
  endfacet
  facet normal 0 0 -1
    outer loop
      vertex 17.7453 -18.5312 2.95
      vertex 17.0413 -17.0413 2.95
      vertex 17.1356 -16.9384 2.95
    endloop
  endfacet
  facet normal 0 0 -1
    outer loop
      vertex 16.5861 -17.36 2.95
      vertex 17.2623 -18.8101 2.95
      vertex 17.0044 -18.9169 2.95
    endloop
  endfacet
  facet normal 0 0 -1
    outer loop
      vertex 17.7453 -18.5312 2.95
      vertex 16.9384 -17.1356 2.95
      vertex 17.0413 -17.0413 2.95
    endloop
  endfacet
  facet normal 0 0 -1
    outer loop
      vertex 17.7453 -18.5312 2.95
      vertex 16.8276 -17.2205 2.95
      vertex 16.9384 -17.1356 2.95
    endloop
  endfacet
  facet normal 0 0 -1
    outer loop
      vertex 16.4571 -17.4134 2.95
      vertex 17.0044 -18.9169 2.95
      vertex 16.7381 -19.0009 2.95
    endloop
  endfacet
  facet normal 0 0 -1
    outer loop
      vertex 17.5099 -18.6812 2.95
      vertex 16.7099 -17.2955 2.95
      vertex 16.8276 -17.2205 2.95
    endloop
  endfacet
  facet normal 0 0 -1
    outer loop
      vertex 17.2623 -18.8101 2.95
      vertex 16.5861 -17.36 2.95
      vertex 16.7099 -17.2955 2.95
    endloop
  endfacet
  facet normal 0 0 -1
    outer loop
      vertex 16.324 -17.4554 2.95
      vertex 16.7381 -19.0009 2.95
      vertex 16.4656 -19.0613 2.95
    endloop
  endfacet
  facet normal 0 0 -1
    outer loop
      vertex 17.0044 -18.9169 2.95
      vertex 16.4571 -17.4134 2.95
      vertex 16.5861 -17.36 2.95
    endloop
  endfacet
  facet normal 0 0 -1
    outer loop
      vertex 16.7381 -19.0009 2.95
      vertex 16.324 -17.4554 2.95
      vertex 16.4571 -17.4134 2.95
    endloop
  endfacet
  facet normal 0 0 -1
    outer loop
      vertex 16.1877 -17.4856 2.95
      vertex 16.4656 -19.0613 2.95
      vertex 16.1888 -19.0977 2.95
    endloop
  endfacet
  facet normal 0 0 -1
    outer loop
      vertex 16.4656 -19.0613 2.95
      vertex 16.1877 -17.4856 2.95
      vertex 16.324 -17.4554 2.95
    endloop
  endfacet
  facet normal 0 0 -1
    outer loop
      vertex 16.1888 -19.0977 2.95
      vertex 16.0494 -17.5038 2.95
      vertex 16.1877 -17.4856 2.95
    endloop
  endfacet
  facet normal 0 0 -1
    outer loop
      vertex 15.9099 -19.1099 2.95
      vertex 16.0494 -17.5038 2.95
      vertex 16.1888 -19.0977 2.95
    endloop
  endfacet
  facet normal 0 0 -1
    outer loop
      vertex 15.9099 -19.1099 2.95
      vertex 15.9099 -17.5099 2.95
      vertex 16.0494 -17.5038 2.95
    endloop
  endfacet
  facet normal 0 0 -1
    outer loop
      vertex 15.9099 -19.1099 2.95
      vertex 15.7705 -17.5038 2.95
      vertex 15.9099 -17.5099 2.95
    endloop
  endfacet
  facet normal 0 0 -1
    outer loop
      vertex 15.631 -19.0977 2.95
      vertex 15.7705 -17.5038 2.95
      vertex 15.9099 -19.1099 2.95
    endloop
  endfacet
  facet normal -0 0 -1
    outer loop
      vertex 15.7705 -17.5038 2.95
      vertex 15.631 -19.0977 2.95
      vertex 15.6321 -17.4856 2.95
    endloop
  endfacet
  facet normal 0 0 -1
    outer loop
      vertex 15.3542 -19.0613 2.95
      vertex 15.6321 -17.4856 2.95
      vertex 15.631 -19.0977 2.95
    endloop
  endfacet
  facet normal -0 0 -1
    outer loop
      vertex 15.6321 -17.4856 2.95
      vertex 15.3542 -19.0613 2.95
      vertex 15.4958 -17.4554 2.95
    endloop
  endfacet
  facet normal 0 0 -1
    outer loop
      vertex 15.0817 -19.0009 2.95
      vertex 15.4958 -17.4554 2.95
      vertex 15.3542 -19.0613 2.95
    endloop
  endfacet
  facet normal -0 0 -1
    outer loop
      vertex 15.4958 -17.4554 2.95
      vertex 15.0817 -19.0009 2.95
      vertex 15.3627 -17.4134 2.95
    endloop
  endfacet
  facet normal 0 0 -1
    outer loop
      vertex 14.8154 -18.9169 2.95
      vertex 15.3627 -17.4134 2.95
      vertex 15.0817 -19.0009 2.95
    endloop
  endfacet
  facet normal -0 0 -1
    outer loop
      vertex 15.3627 -17.4134 2.95
      vertex 14.8154 -18.9169 2.95
      vertex 15.2337 -17.36 2.95
    endloop
  endfacet
  facet normal 0 0 -1
    outer loop
      vertex 14.5575 -18.8101 2.95
      vertex 15.2337 -17.36 2.95
      vertex 14.8154 -18.9169 2.95
    endloop
  endfacet
  facet normal -0 0 -1
    outer loop
      vertex 15.2337 -17.36 2.95
      vertex 14.5575 -18.8101 2.95
      vertex 15.1099 -17.2955 2.95
    endloop
  endfacet
  facet normal 0 0 -1
    outer loop
      vertex 14.3099 -18.6812 2.95
      vertex 15.1099 -17.2955 2.95
      vertex 14.5575 -18.8101 2.95
    endloop
  endfacet
  facet normal -0 0 -1
    outer loop
      vertex 15.1099 -17.2955 2.95
      vertex 14.3099 -18.6812 2.95
      vertex 14.9922 -17.2205 2.95
    endloop
  endfacet
  facet normal 0 0 -1
    outer loop
      vertex 14.0745 -18.5312 2.95
      vertex 14.9922 -17.2205 2.95
      vertex 14.3099 -18.6812 2.95
    endloop
  endfacet
  facet normal -0 0 -1
    outer loop
      vertex 14.9922 -17.2205 2.95
      vertex 14.0745 -18.5312 2.95
      vertex 14.8814 -17.1356 2.95
    endloop
  endfacet
  facet normal 0 0 -1
    outer loop
      vertex 13.853 -18.3612 2.95
      vertex 14.8814 -17.1356 2.95
      vertex 14.0745 -18.5312 2.95
    endloop
  endfacet
  facet normal -0 0 -1
    outer loop
      vertex 14.8814 -17.1356 2.95
      vertex 13.853 -18.3612 2.95
      vertex 14.7785 -17.0413 2.95
    endloop
  endfacet
  facet normal 0 0 -1
    outer loop
      vertex 13.6472 -18.1726 2.95
      vertex 14.7785 -17.0413 2.95
      vertex 13.853 -18.3612 2.95
    endloop
  endfacet
  facet normal -0 0 -1
    outer loop
      vertex 14.7785 -17.0413 2.95
      vertex 13.6472 -18.1726 2.95
      vertex 14.6842 -16.9384 2.95
    endloop
  endfacet
  facet normal 0 0 -1
    outer loop
      vertex 13.4586 -17.9668 2.95
      vertex 14.6842 -16.9384 2.95
      vertex 13.6472 -18.1726 2.95
    endloop
  endfacet
  facet normal -0 0 -1
    outer loop
      vertex 14.6842 -16.9384 2.95
      vertex 13.4586 -17.9668 2.95
      vertex 14.5993 -16.8276 2.95
    endloop
  endfacet
  facet normal 0 0 -1
    outer loop
      vertex 13.2886 -17.7453 2.95
      vertex 14.5993 -16.8276 2.95
      vertex 13.4586 -17.9668 2.95
    endloop
  endfacet
  facet normal 0 0 -1
    outer loop
      vertex 13.1386 -17.5099 2.95
      vertex 14.5243 -16.7099 2.95
      vertex 13.2886 -17.7453 2.95
    endloop
  endfacet
  facet normal -0 0 -1
    outer loop
      vertex 14.5993 -16.8276 2.95
      vertex 13.2886 -17.7453 2.95
      vertex 14.5243 -16.7099 2.95
    endloop
  endfacet
  facet normal 0 0 -1
    outer loop
      vertex 17.5099 -15.9099 2.95
      vertex 19.1099 -15.9099 2.95
      vertex 19.0977 -16.1888 2.95
    endloop
  endfacet
  facet normal 0 0 -1
    outer loop
      vertex 17.5038 -16.0494 2.95
      vertex 19.0977 -16.1888 2.95
      vertex 19.0613 -16.4656 2.95
    endloop
  endfacet
  facet normal 0 0 -1
    outer loop
      vertex 19.1099 -15.9099 2.95
      vertex 17.5099 -15.9099 2.95
      vertex 19.0977 -15.631 2.95
    endloop
  endfacet
  facet normal 0 0 -1
    outer loop
      vertex 17.5038 -16.0494 2.95
      vertex 19.0613 -16.4656 2.95
      vertex 19.0009 -16.7381 2.95
    endloop
  endfacet
  facet normal 0 0 -1
    outer loop
      vertex 17.5038 -15.7705 2.95
      vertex 19.0977 -15.631 2.95
      vertex 17.5099 -15.9099 2.95
    endloop
  endfacet
  facet normal 0 0 -1
    outer loop
      vertex 17.5038 -16.0494 2.95
      vertex 19.0009 -16.7381 2.95
      vertex 18.9169 -17.0044 2.95
    endloop
  endfacet
  facet normal -0 0 -1
    outer loop
      vertex 19.0977 -15.631 2.95
      vertex 17.5038 -15.7705 2.95
      vertex 19.0613 -15.3542 2.95
    endloop
  endfacet
  facet normal 0 0 -1
    outer loop
      vertex 17.5038 -16.0494 2.95
      vertex 18.9169 -17.0044 2.95
      vertex 18.8101 -17.2623 2.95
    endloop
  endfacet
  facet normal 0 0 -1
    outer loop
      vertex 17.4856 -15.6321 2.95
      vertex 19.0613 -15.3542 2.95
      vertex 17.5038 -15.7705 2.95
    endloop
  endfacet
  facet normal 0 0 -1
    outer loop
      vertex 17.5038 -16.0494 2.95
      vertex 18.8101 -17.2623 2.95
      vertex 18.6812 -17.5099 2.95
    endloop
  endfacet
  facet normal -0 0 -1
    outer loop
      vertex 19.0613 -15.3542 2.95
      vertex 17.4856 -15.6321 2.95
      vertex 19.0009 -15.0817 2.95
    endloop
  endfacet
  facet normal 0 0 -1
    outer loop
      vertex 17.5038 -16.0494 2.95
      vertex 18.6812 -17.5099 2.95
      vertex 18.5312 -17.7453 2.95
    endloop
  endfacet
  facet normal 0 0 -1
    outer loop
      vertex 17.4554 -15.4958 2.95
      vertex 19.0009 -15.0817 2.95
      vertex 17.4856 -15.6321 2.95
    endloop
  endfacet
  facet normal 0 0 -1
    outer loop
      vertex 17.5038 -16.0494 2.95
      vertex 18.5312 -17.7453 2.95
      vertex 18.3612 -17.9668 2.95
    endloop
  endfacet
  facet normal -0 0 -1
    outer loop
      vertex 19.0009 -15.0817 2.95
      vertex 17.4554 -15.4958 2.95
      vertex 18.9169 -14.8154 2.95
    endloop
  endfacet
  facet normal 0 0 -1
    outer loop
      vertex 17.5038 -16.0494 2.95
      vertex 18.3612 -17.9668 2.95
      vertex 18.1726 -18.1726 2.95
    endloop
  endfacet
  facet normal 0 0 -1
    outer loop
      vertex 17.4134 -15.3627 2.95
      vertex 18.9169 -14.8154 2.95
      vertex 17.4554 -15.4958 2.95
    endloop
  endfacet
  facet normal 0 0 -1
    outer loop
      vertex 17.5038 -16.0494 2.95
      vertex 18.1726 -18.1726 2.95
      vertex 17.9668 -18.3612 2.95
    endloop
  endfacet
  facet normal -0 0 -1
    outer loop
      vertex 18.9169 -14.8154 2.95
      vertex 17.4134 -15.3627 2.95
      vertex 18.8101 -14.5575 2.95
    endloop
  endfacet
  facet normal 0 0 -1
    outer loop
      vertex 17.5038 -16.0494 2.95
      vertex 17.9668 -18.3612 2.95
      vertex 17.7453 -18.5312 2.95
    endloop
  endfacet
  facet normal 0 0 -1
    outer loop
      vertex 17.36 -15.2337 2.95
      vertex 18.8101 -14.5575 2.95
      vertex 17.4134 -15.3627 2.95
    endloop
  endfacet
  facet normal 0 0 -1
    outer loop
      vertex 16.8276 -17.2205 2.95
      vertex 17.7453 -18.5312 2.95
      vertex 17.5099 -18.6812 2.95
    endloop
  endfacet
  facet normal -0 0 -1
    outer loop
      vertex 18.8101 -14.5575 2.95
      vertex 17.36 -15.2337 2.95
      vertex 18.6812 -14.3099 2.95
    endloop
  endfacet
  facet normal 0 0 -1
    outer loop
      vertex 17.2955 -15.1099 2.95
      vertex 18.6812 -14.3099 2.95
      vertex 17.36 -15.2337 2.95
    endloop
  endfacet
  facet normal -0 0 -1
    outer loop
      vertex 18.6812 -14.3099 2.95
      vertex 17.2955 -15.1099 2.95
      vertex 18.5312 -14.0745 2.95
    endloop
  endfacet
  facet normal 0 0 -1
    outer loop
      vertex 17.2205 -14.9922 2.95
      vertex 18.5312 -14.0745 2.95
      vertex 17.2955 -15.1099 2.95
    endloop
  endfacet
  facet normal -0 0 -1
    outer loop
      vertex 18.5312 -14.0745 2.95
      vertex 17.2205 -14.9922 2.95
      vertex 18.3612 -13.853 2.95
    endloop
  endfacet
  facet normal 0 0 -1
    outer loop
      vertex 17.1356 -14.8814 2.95
      vertex 18.3612 -13.853 2.95
      vertex 17.2205 -14.9922 2.95
    endloop
  endfacet
  facet normal -0 0 -1
    outer loop
      vertex 18.3612 -13.853 2.95
      vertex 17.1356 -14.8814 2.95
      vertex 18.1726 -13.6472 2.95
    endloop
  endfacet
  facet normal 0 0 -1
    outer loop
      vertex 17.0413 -14.7785 2.95
      vertex 18.1726 -13.6472 2.95
      vertex 17.1356 -14.8814 2.95
    endloop
  endfacet
  facet normal -0 0 -1
    outer loop
      vertex 18.1726 -13.6472 2.95
      vertex 17.0413 -14.7785 2.95
      vertex 17.9668 -13.4586 2.95
    endloop
  endfacet
  facet normal 0 0 -1
    outer loop
      vertex 16.9384 -14.6842 2.95
      vertex 17.9668 -13.4586 2.95
      vertex 17.0413 -14.7785 2.95
    endloop
  endfacet
  facet normal -0 0 -1
    outer loop
      vertex 17.9668 -13.4586 2.95
      vertex 16.9384 -14.6842 2.95
      vertex 17.7453 -13.2886 2.95
    endloop
  endfacet
  facet normal 0 0 -1
    outer loop
      vertex 16.8276 -14.5993 2.95
      vertex 17.7453 -13.2886 2.95
      vertex 16.9384 -14.6842 2.95
    endloop
  endfacet
  facet normal -0 0 -1
    outer loop
      vertex 17.7453 -13.2886 2.95
      vertex 16.8276 -14.5993 2.95
      vertex 17.5099 -13.1386 2.95
    endloop
  endfacet
  facet normal 0 0 -1
    outer loop
      vertex 16.7099 -14.5243 2.95
      vertex 17.5099 -13.1386 2.95
      vertex 16.8276 -14.5993 2.95
    endloop
  endfacet
  facet normal -0 0 -1
    outer loop
      vertex 17.5099 -13.1386 2.95
      vertex 16.7099 -14.5243 2.95
      vertex 17.2623 -13.0097 2.95
    endloop
  endfacet
  facet normal 0 0 -1
    outer loop
      vertex 16.5861 -14.4598 2.95
      vertex 17.2623 -13.0097 2.95
      vertex 16.7099 -14.5243 2.95
    endloop
  endfacet
  facet normal -0 0 -1
    outer loop
      vertex 17.2623 -13.0097 2.95
      vertex 16.5861 -14.4598 2.95
      vertex 17.0044 -12.9029 2.95
    endloop
  endfacet
  facet normal 0 0 -1
    outer loop
      vertex 16.4571 -14.4064 2.95
      vertex 17.0044 -12.9029 2.95
      vertex 16.5861 -14.4598 2.95
    endloop
  endfacet
  facet normal -0 0 -1
    outer loop
      vertex 17.0044 -12.9029 2.95
      vertex 16.4571 -14.4064 2.95
      vertex 16.7381 -12.8189 2.95
    endloop
  endfacet
  facet normal 0 0 -1
    outer loop
      vertex 16.324 -14.3644 2.95
      vertex 16.7381 -12.8189 2.95
      vertex 16.4571 -14.4064 2.95
    endloop
  endfacet
  facet normal -0 0 -1
    outer loop
      vertex 16.7381 -12.8189 2.95
      vertex 16.324 -14.3644 2.95
      vertex 16.4656 -12.7585 2.95
    endloop
  endfacet
  facet normal 0 0 -1
    outer loop
      vertex 16.1877 -14.3342 2.95
      vertex 16.4656 -12.7585 2.95
      vertex 16.324 -14.3644 2.95
    endloop
  endfacet
  facet normal -0 0 -1
    outer loop
      vertex 16.4656 -12.7585 2.95
      vertex 16.1877 -14.3342 2.95
      vertex 16.1888 -12.7221 2.95
    endloop
  endfacet
  facet normal 0 0 -1
    outer loop
      vertex 16.0494 -14.316 2.95
      vertex 16.1888 -12.7221 2.95
      vertex 16.1877 -14.3342 2.95
    endloop
  endfacet
  facet normal 0 0 -1
    outer loop
      vertex 15.9099 -14.3099 2.95
      vertex 16.1888 -12.7221 2.95
      vertex 16.0494 -14.316 2.95
    endloop
  endfacet
  facet normal 0 0 -1
    outer loop
      vertex 15.9099 -14.3099 2.95
      vertex 15.9099 -12.7099 2.95
      vertex 16.1888 -12.7221 2.95
    endloop
  endfacet
  facet normal 0 0 -1
    outer loop
      vertex 15.7705 -14.316 2.95
      vertex 15.9099 -12.7099 2.95
      vertex 15.9099 -14.3099 2.95
    endloop
  endfacet
  facet normal 0 0 -1
    outer loop
      vertex 15.631 -12.7221 2.95
      vertex 15.7705 -14.316 2.95
      vertex 15.6321 -14.3342 2.95
    endloop
  endfacet
  facet normal 0 0 -1
    outer loop
      vertex 15.7705 -14.316 2.95
      vertex 15.631 -12.7221 2.95
      vertex 15.9099 -12.7099 2.95
    endloop
  endfacet
  facet normal 0 0 -1
    outer loop
      vertex 15.3542 -12.7585 2.95
      vertex 15.6321 -14.3342 2.95
      vertex 15.4958 -14.3644 2.95
    endloop
  endfacet
  facet normal 0 0 -1
    outer loop
      vertex 15.0817 -12.8189 2.95
      vertex 15.4958 -14.3644 2.95
      vertex 15.3627 -14.4064 2.95
    endloop
  endfacet
  facet normal 0 0 -1
    outer loop
      vertex 15.6321 -14.3342 2.95
      vertex 15.3542 -12.7585 2.95
      vertex 15.631 -12.7221 2.95
    endloop
  endfacet
  facet normal 0 0 -1
    outer loop
      vertex 14.8154 -12.9029 2.95
      vertex 15.3627 -14.4064 2.95
      vertex 15.2337 -14.4598 2.95
    endloop
  endfacet
  facet normal 0 0 -1
    outer loop
      vertex 14.5575 -13.0097 2.95
      vertex 15.2337 -14.4598 2.95
      vertex 15.1099 -14.5243 2.95
    endloop
  endfacet
  facet normal 0 0 -1
    outer loop
      vertex 15.4958 -14.3644 2.95
      vertex 15.0817 -12.8189 2.95
      vertex 15.3542 -12.7585 2.95
    endloop
  endfacet
  facet normal 0 0 -1
    outer loop
      vertex 14.3099 -13.1386 2.95
      vertex 15.1099 -14.5243 2.95
      vertex 14.9922 -14.5993 2.95
    endloop
  endfacet
  facet normal 0 0 -1
    outer loop
      vertex 14.0745 -13.2886 2.95
      vertex 14.9922 -14.5993 2.95
      vertex 14.8814 -14.6842 2.95
    endloop
  endfacet
  facet normal 0 0 -1
    outer loop
      vertex 15.3627 -14.4064 2.95
      vertex 14.8154 -12.9029 2.95
      vertex 15.0817 -12.8189 2.95
    endloop
  endfacet
  facet normal 0 0 -1
    outer loop
      vertex 13.853 -13.4586 2.95
      vertex 14.8814 -14.6842 2.95
      vertex 14.7785 -14.7785 2.95
    endloop
  endfacet
  facet normal 0 0 -1
    outer loop
      vertex 13.6472 -13.6472 2.95
      vertex 14.7785 -14.7785 2.95
      vertex 14.6842 -14.8814 2.95
    endloop
  endfacet
  facet normal 0 0 -1
    outer loop
      vertex 13.4586 -13.853 2.95
      vertex 14.6842 -14.8814 2.95
      vertex 14.5993 -14.9922 2.95
    endloop
  endfacet
  facet normal 0 0 -1
    outer loop
      vertex 15.2337 -14.4598 2.95
      vertex 14.5575 -13.0097 2.95
      vertex 14.8154 -12.9029 2.95
    endloop
  endfacet
  facet normal 0 0 -1
    outer loop
      vertex 13.2886 -14.0745 2.95
      vertex 14.5993 -14.9922 2.95
      vertex 14.5243 -15.1099 2.95
    endloop
  endfacet
  facet normal 0 0 -1
    outer loop
      vertex 13.1386 -14.3099 2.95
      vertex 14.5243 -15.1099 2.95
      vertex 14.4598 -15.2337 2.95
    endloop
  endfacet
  facet normal 0 0 -1
    outer loop
      vertex 13.0097 -14.5575 2.95
      vertex 14.4598 -15.2337 2.95
      vertex 14.4064 -15.3627 2.95
    endloop
  endfacet
  facet normal 0 0 -1
    outer loop
      vertex 12.9029 -14.8154 2.95
      vertex 14.4064 -15.3627 2.95
      vertex 14.3644 -15.4958 2.95
    endloop
  endfacet
  facet normal 0 0 -1
    outer loop
      vertex 12.8189 -15.0817 2.95
      vertex 14.3644 -15.4958 2.95
      vertex 14.3342 -15.6321 2.95
    endloop
  endfacet
  facet normal 0 0 -1
    outer loop
      vertex 12.7585 -15.3542 2.95
      vertex 14.3342 -15.6321 2.95
      vertex 14.316 -15.7705 2.95
    endloop
  endfacet
  facet normal 0 0 -1
    outer loop
      vertex 15.1099 -14.5243 2.95
      vertex 14.3099 -13.1386 2.95
      vertex 14.5575 -13.0097 2.95
    endloop
  endfacet
  facet normal 0 0 -1
    outer loop
      vertex 12.7221 -15.631 2.95
      vertex 14.316 -15.7705 2.95
      vertex 14.3099 -15.9099 2.95
    endloop
  endfacet
  facet normal -0 0 -1
    outer loop
      vertex 14.5243 -16.7099 2.95
      vertex 13.1386 -17.5099 2.95
      vertex 14.4598 -16.5861 2.95
    endloop
  endfacet
  facet normal 0 0 -1
    outer loop
      vertex 13.0097 -17.2623 2.95
      vertex 14.4598 -16.5861 2.95
      vertex 13.1386 -17.5099 2.95
    endloop
  endfacet
  facet normal 0 0 -1
    outer loop
      vertex 14.9922 -14.5993 2.95
      vertex 14.0745 -13.2886 2.95
      vertex 14.3099 -13.1386 2.95
    endloop
  endfacet
  facet normal -0 0 -1
    outer loop
      vertex 14.4598 -16.5861 2.95
      vertex 13.0097 -17.2623 2.95
      vertex 14.4064 -16.4571 2.95
    endloop
  endfacet
  facet normal 0 0 -1
    outer loop
      vertex 14.8814 -14.6842 2.95
      vertex 13.853 -13.4586 2.95
      vertex 14.0745 -13.2886 2.95
    endloop
  endfacet
  facet normal 0 0 -1
    outer loop
      vertex 12.9029 -17.0044 2.95
      vertex 14.4064 -16.4571 2.95
      vertex 13.0097 -17.2623 2.95
    endloop
  endfacet
  facet normal 0 0 -1
    outer loop
      vertex 14.7785 -14.7785 2.95
      vertex 13.6472 -13.6472 2.95
      vertex 13.853 -13.4586 2.95
    endloop
  endfacet
  facet normal -0 0 -1
    outer loop
      vertex 14.4064 -16.4571 2.95
      vertex 12.9029 -17.0044 2.95
      vertex 14.3644 -16.324 2.95
    endloop
  endfacet
  facet normal 0 0 -1
    outer loop
      vertex 14.6842 -14.8814 2.95
      vertex 13.4586 -13.853 2.95
      vertex 13.6472 -13.6472 2.95
    endloop
  endfacet
  facet normal 0 0 -1
    outer loop
      vertex 12.8189 -16.7381 2.95
      vertex 14.3644 -16.324 2.95
      vertex 12.9029 -17.0044 2.95
    endloop
  endfacet
  facet normal 0 0 -1
    outer loop
      vertex 14.5993 -14.9922 2.95
      vertex 13.2886 -14.0745 2.95
      vertex 13.4586 -13.853 2.95
    endloop
  endfacet
  facet normal -0 0 -1
    outer loop
      vertex 14.3644 -16.324 2.95
      vertex 12.8189 -16.7381 2.95
      vertex 14.3342 -16.1877 2.95
    endloop
  endfacet
  facet normal 0 0 -1
    outer loop
      vertex 14.5243 -15.1099 2.95
      vertex 13.1386 -14.3099 2.95
      vertex 13.2886 -14.0745 2.95
    endloop
  endfacet
  facet normal 0 0 -1
    outer loop
      vertex 12.7585 -16.4656 2.95
      vertex 14.3342 -16.1877 2.95
      vertex 12.8189 -16.7381 2.95
    endloop
  endfacet
  facet normal 0 0 -1
    outer loop
      vertex 14.4598 -15.2337 2.95
      vertex 13.0097 -14.5575 2.95
      vertex 13.1386 -14.3099 2.95
    endloop
  endfacet
  facet normal -0 0 -1
    outer loop
      vertex 14.3342 -16.1877 2.95
      vertex 12.7585 -16.4656 2.95
      vertex 14.316 -16.0494 2.95
    endloop
  endfacet
  facet normal 0 0 -1
    outer loop
      vertex 14.4064 -15.3627 2.95
      vertex 12.9029 -14.8154 2.95
      vertex 13.0097 -14.5575 2.95
    endloop
  endfacet
  facet normal 0 0 -1
    outer loop
      vertex 12.7221 -16.1888 2.95
      vertex 14.316 -16.0494 2.95
      vertex 12.7585 -16.4656 2.95
    endloop
  endfacet
  facet normal 0 0 -1
    outer loop
      vertex 14.3644 -15.4958 2.95
      vertex 12.8189 -15.0817 2.95
      vertex 12.9029 -14.8154 2.95
    endloop
  endfacet
  facet normal -0 0 -1
    outer loop
      vertex 14.316 -16.0494 2.95
      vertex 12.7221 -16.1888 2.95
      vertex 14.3099 -15.9099 2.95
    endloop
  endfacet
  facet normal 0 0 -1
    outer loop
      vertex 14.3342 -15.6321 2.95
      vertex 12.7585 -15.3542 2.95
      vertex 12.8189 -15.0817 2.95
    endloop
  endfacet
  facet normal 0 0 -1
    outer loop
      vertex 12.7099 -15.9099 2.95
      vertex 14.3099 -15.9099 2.95
      vertex 12.7221 -16.1888 2.95
    endloop
  endfacet
  facet normal 0 0 -1
    outer loop
      vertex 14.316 -15.7705 2.95
      vertex 12.7221 -15.631 2.95
      vertex 12.7585 -15.3542 2.95
    endloop
  endfacet
  facet normal 0 0 -1
    outer loop
      vertex 14.3099 -15.9099 2.95
      vertex 12.7099 -15.9099 2.95
      vertex 12.7221 -15.631 2.95
    endloop
  endfacet
  facet normal -0.300823 -0.95368 0
    outer loop
      vertex 16.7381 -12.8189 0
      vertex 17.0044 -12.9029 2.95
      vertex 16.7381 -12.8189 2.95
    endloop
  endfacet
  facet normal -0.300823 -0.95368 -0
    outer loop
      vertex 17.0044 -12.9029 2.95
      vertex 16.7381 -12.8189 0
      vertex 17.0044 -12.9029 0
    endloop
  endfacet
  facet normal 0.793768 0.608221 0
    outer loop
      vertex -17.1356 -16.9384 9
      vertex -17.2205 -16.8276 2.95
      vertex -17.2205 -16.8276 9
    endloop
  endfacet
  facet normal 0.793768 0.608221 0
    outer loop
      vertex -17.2205 -16.8276 2.95
      vertex -17.1356 -16.9384 9
      vertex -17.1356 -16.9384 2.95
    endloop
  endfacet
  facet normal 0.737243 0.675627 0
    outer loop
      vertex -17.0413 -17.0413 9
      vertex -17.1356 -16.9384 2.95
      vertex -17.1356 -16.9384 9
    endloop
  endfacet
  facet normal 0.737243 0.675627 0
    outer loop
      vertex -17.1356 -16.9384 2.95
      vertex -17.0413 -17.0413 9
      vertex -17.0413 -17.0413 2.95
    endloop
  endfacet
  facet normal 0.843337 0.537385 0
    outer loop
      vertex -17.2205 -16.8276 9
      vertex -17.2955 -16.7099 2.95
      vertex -17.2955 -16.7099 9
    endloop
  endfacet
  facet normal 0.843337 0.537385 0
    outer loop
      vertex -17.2955 -16.7099 2.95
      vertex -17.2205 -16.8276 9
      vertex -17.2205 -16.8276 2.95
    endloop
  endfacet
  facet normal 0.991464 -0.13038 0
    outer loop
      vertex -17.5038 -15.7705 9
      vertex -17.4856 -15.6321 2.95
      vertex -17.4856 -15.6321 9
    endloop
  endfacet
  facet normal 0.991464 -0.13038 0
    outer loop
      vertex -17.4856 -15.6321 2.95
      vertex -17.5038 -15.7705 9
      vertex -17.5038 -15.7705 2.95
    endloop
  endfacet
  facet normal 0.0436859 0.999045 -0
    outer loop
      vertex -15.9099 -17.5099 2.95
      vertex -16.0494 -17.5038 9
      vertex -15.9099 -17.5099 9
    endloop
  endfacet
  facet normal 0.0436859 0.999045 0
    outer loop
      vertex -16.0494 -17.5038 9
      vertex -15.9099 -17.5099 2.95
      vertex -16.0494 -17.5038 2.95
    endloop
  endfacet
  facet normal 0.130473 -0.991452 0
    outer loop
      vertex -16.1877 -14.3342 2.95
      vertex -16.0494 -14.316 9.5
      vertex -16.1877 -14.3342 9.5
    endloop
  endfacet
  facet normal 0.130473 -0.991452 0
    outer loop
      vertex -16.0494 -14.316 9.5
      vertex -16.1877 -14.3342 2.95
      vertex -16.0494 -14.316 2.95
    endloop
  endfacet
  facet normal 0.216324 -0.976322 0
    outer loop
      vertex -16.324 -14.3644 2.95
      vertex -16.1877 -14.3342 9.5
      vertex -16.324 -14.3644 9.5
    endloop
  endfacet
  facet normal 0.216324 -0.976322 0
    outer loop
      vertex -16.1877 -14.3342 9.5
      vertex -16.324 -14.3644 2.95
      vertex -16.1877 -14.3342 2.95
    endloop
  endfacet
  facet normal 0.953648 -0.300926 0
    outer loop
      vertex -17.4554 -15.4958 9
      vertex -17.4134 -15.3627 2.95
      vertex -17.4134 -15.3627 9
    endloop
  endfacet
  facet normal 0.953648 -0.300926 0
    outer loop
      vertex -17.4134 -15.3627 2.95
      vertex -17.4554 -15.4958 9
      vertex -17.4554 -15.4958 2.95
    endloop
  endfacet
  facet normal 0.300926 -0.953648 0
    outer loop
      vertex -16.4571 -14.4064 2.95
      vertex -16.324 -14.3644 9.5
      vertex -16.4571 -14.4064 9.5
    endloop
  endfacet
  facet normal 0.300926 -0.953648 0
    outer loop
      vertex -16.324 -14.3644 9.5
      vertex -16.4571 -14.4064 2.95
      vertex -16.324 -14.3644 2.95
    endloop
  endfacet
  facet normal 0.382478 -0.923964 0
    outer loop
      vertex -16.5861 -14.4598 2.95
      vertex -16.4571 -14.4064 9.5
      vertex -16.5861 -14.4598 9.5
    endloop
  endfacet
  facet normal 0.382478 -0.923964 0
    outer loop
      vertex -16.4571 -14.4064 9.5
      vertex -16.5861 -14.4598 2.95
      vertex -16.4571 -14.4064 2.95
    endloop
  endfacet
  facet normal -0.13038 -0.991464 0
    outer loop
      vertex -15.7705 -14.316 2.95
      vertex -15.6321 -14.3342 9.5
      vertex -15.7705 -14.316 9.5
    endloop
  endfacet
  facet normal -0.13038 -0.991464 -0
    outer loop
      vertex -15.6321 -14.3342 9.5
      vertex -15.7705 -14.316 2.95
      vertex -15.6321 -14.3342 2.95
    endloop
  endfacet
  facet normal -0.991452 0.130473 0
    outer loop
      vertex -14.3342 -16.1877 2.95
      vertex -14.316 -16.0494 9.5
      vertex -14.316 -16.0494 2.95
    endloop
  endfacet
  facet normal -0.991452 0.130473 0
    outer loop
      vertex -14.316 -16.0494 9.5
      vertex -14.3342 -16.1877 2.95
      vertex -14.3342 -16.1877 9.5
    endloop
  endfacet
  facet normal 0.382478 0.923964 -0
    outer loop
      vertex -16.4571 -17.4134 2.95
      vertex -16.5861 -17.36 9
      vertex -16.4571 -17.4134 9
    endloop
  endfacet
  facet normal 0.382478 0.923964 0
    outer loop
      vertex -16.5861 -17.36 9
      vertex -16.4571 -17.4134 2.95
      vertex -16.5861 -17.36 2.95
    endloop
  endfacet
  facet normal 0.923964 0.382478 0
    outer loop
      vertex -17.36 -16.5861 9
      vertex -17.4134 -16.4571 2.95
      vertex -17.4134 -16.4571 9
    endloop
  endfacet
  facet normal 0.923964 0.382478 0
    outer loop
      vertex -17.4134 -16.4571 2.95
      vertex -17.36 -16.5861 9
      vertex -17.36 -16.5861 2.95
    endloop
  endfacet
  facet normal 0.976322 -0.216324 0
    outer loop
      vertex -17.4856 -15.6321 9
      vertex -17.4554 -15.4958 2.95
      vertex -17.4554 -15.4958 9
    endloop
  endfacet
  facet normal 0.976322 -0.216324 0
    outer loop
      vertex -17.4554 -15.4958 2.95
      vertex -17.4856 -15.6321 9
      vertex -17.4856 -15.6321 2.95
    endloop
  endfacet
  facet normal -0.737243 -0.675627 0
    outer loop
      vertex -14.6842 -14.8814 2.95
      vertex -14.7785 -14.7785 9.5
      vertex -14.7785 -14.7785 2.95
    endloop
  endfacet
  facet normal -0.737243 -0.675627 0
    outer loop
      vertex -14.7785 -14.7785 9.5
      vertex -14.6842 -14.8814 2.95
      vertex -14.6842 -14.8814 9.5
    endloop
  endfacet
  facet normal -0.953648 -0.300926 0
    outer loop
      vertex -14.3644 -15.4958 2.95
      vertex -14.4064 -15.3627 9.5
      vertex -14.4064 -15.3627 2.95
    endloop
  endfacet
  facet normal -0.953648 -0.300926 0
    outer loop
      vertex -14.4064 -15.3627 9.5
      vertex -14.3644 -15.4958 2.95
      vertex -14.3644 -15.4958 9.5
    endloop
  endfacet
  facet normal -0.537385 -0.843337 0
    outer loop
      vertex -15.1099 -14.5243 2.95
      vertex -14.9922 -14.5993 9.5
      vertex -15.1099 -14.5243 9.5
    endloop
  endfacet
  facet normal -0.537385 -0.843337 -0
    outer loop
      vertex -14.9922 -14.5993 9.5
      vertex -15.1099 -14.5243 2.95
      vertex -14.9922 -14.5993 2.95
    endloop
  endfacet
  facet normal -0.608221 -0.793768 0
    outer loop
      vertex -14.9922 -14.5993 2.95
      vertex -14.8814 -14.6842 9.5
      vertex -14.9922 -14.5993 9.5
    endloop
  endfacet
  facet normal -0.608221 -0.793768 -0
    outer loop
      vertex -14.8814 -14.6842 9.5
      vertex -14.9922 -14.5993 2.95
      vertex -14.8814 -14.6842 2.95
    endloop
  endfacet
  facet normal -0.462052 0.886853 0
    outer loop
      vertex -15.1099 -17.2955 2.95
      vertex -15.2337 -17.36 9.5
      vertex -15.1099 -17.2955 9.5
    endloop
  endfacet
  facet normal -0.462052 0.886853 0
    outer loop
      vertex -15.2337 -17.36 9.5
      vertex -15.1099 -17.2955 2.95
      vertex -15.2337 -17.36 2.95
    endloop
  endfacet
  facet normal 0.462052 -0.886853 0
    outer loop
      vertex -16.7099 -14.5243 2.95
      vertex -16.5861 -14.4598 9.5
      vertex -16.7099 -14.5243 9.5
    endloop
  endfacet
  facet normal 0.462052 -0.886853 0
    outer loop
      vertex -16.5861 -14.4598 9.5
      vertex -16.7099 -14.5243 2.95
      vertex -16.5861 -14.4598 2.95
    endloop
  endfacet
  facet normal 0.92351 -0.383574 0
    outer loop
      vertex -17.3757 -15.2715 9
      vertex -17.36 -15.2337 9.5
      vertex -17.3757 -15.2715 9.5
    endloop
  endfacet
  facet normal 0.92351 -0.383574 0
    outer loop
      vertex -17.36 -15.2337 9.5
      vertex -17.3757 -15.2715 9
      vertex -17.36 -15.2337 2.95
    endloop
  endfacet
  facet normal 0.924153 -0.382024 1.13559e-05
    outer loop
      vertex -17.4134 -15.3627 9
      vertex -17.36 -15.2337 2.95
      vertex -17.3757 -15.2715 9
    endloop
  endfacet
  facet normal 0.923964 -0.382478 0
    outer loop
      vertex -17.36 -15.2337 2.95
      vertex -17.4134 -15.3627 9
      vertex -17.4134 -15.3627 2.95
    endloop
  endfacet
  facet normal 0.537385 0.843337 -0
    outer loop
      vertex -16.7099 -17.2955 2.95
      vertex -16.8276 -17.2205 9
      vertex -16.7099 -17.2955 9
    endloop
  endfacet
  facet normal 0.537385 0.843337 0
    outer loop
      vertex -16.8276 -17.2205 9
      vertex -16.7099 -17.2955 2.95
      vertex -16.8276 -17.2205 2.95
    endloop
  endfacet
  facet normal -0.953648 0.300926 0
    outer loop
      vertex -14.4064 -16.4571 2.95
      vertex -14.3644 -16.324 9.5
      vertex -14.3644 -16.324 2.95
    endloop
  endfacet
  facet normal -0.953648 0.300926 0
    outer loop
      vertex -14.3644 -16.324 9.5
      vertex -14.4064 -16.4571 2.95
      vertex -14.4064 -16.4571 9.5
    endloop
  endfacet
  facet normal 0.976322 0.216324 0
    outer loop
      vertex -17.4554 -16.324 9
      vertex -17.4856 -16.1877 2.95
      vertex -17.4856 -16.1877 9
    endloop
  endfacet
  facet normal 0.976322 0.216324 0
    outer loop
      vertex -17.4856 -16.1877 2.95
      vertex -17.4554 -16.324 9
      vertex -17.4554 -16.324 2.95
    endloop
  endfacet
  facet normal -0.675627 0.737243 0
    outer loop
      vertex -14.7785 -17.0413 2.95
      vertex -14.8814 -17.1356 9.5
      vertex -14.7785 -17.0413 9.5
    endloop
  endfacet
  facet normal -0.675627 0.737243 0
    outer loop
      vertex -14.8814 -17.1356 9.5
      vertex -14.7785 -17.0413 2.95
      vertex -14.8814 -17.1356 2.95
    endloop
  endfacet
  facet normal -0.216324 0.976322 0
    outer loop
      vertex -15.4958 -17.4554 2.95
      vertex -15.6321 -17.4856 9
      vertex -15.4958 -17.4554 9
    endloop
  endfacet
  facet normal -0.216324 0.976322 0
    outer loop
      vertex -15.6321 -17.4856 9
      vertex -15.4958 -17.4554 2.95
      vertex -15.6321 -17.4856 2.95
    endloop
  endfacet
  facet normal -0.999045 0.0436859 0
    outer loop
      vertex -14.316 -16.0494 2.95
      vertex -14.3099 -15.9099 9.5
      vertex -14.3099 -15.9099 2.95
    endloop
  endfacet
  facet normal -0.999045 0.0436859 0
    outer loop
      vertex -14.3099 -15.9099 9.5
      vertex -14.316 -16.0494 2.95
      vertex -14.316 -16.0494 9.5
    endloop
  endfacet
  facet normal -0.843337 -0.537385 0
    outer loop
      vertex -14.5243 -15.1099 2.95
      vertex -14.5993 -14.9922 9.5
      vertex -14.5993 -14.9922 2.95
    endloop
  endfacet
  facet normal -0.843337 -0.537385 0
    outer loop
      vertex -14.5993 -14.9922 9.5
      vertex -14.5243 -15.1099 2.95
      vertex -14.5243 -15.1099 9.5
    endloop
  endfacet
  facet normal -0.608221 0.793768 0
    outer loop
      vertex -14.8814 -17.1356 2.95
      vertex -14.9922 -17.2205 9.5
      vertex -14.8814 -17.1356 9.5
    endloop
  endfacet
  facet normal -0.608221 0.793768 0
    outer loop
      vertex -14.9922 -17.2205 9.5
      vertex -14.8814 -17.1356 2.95
      vertex -14.9922 -17.2205 2.95
    endloop
  endfacet
  facet normal 0.0436859 -0.999045 0
    outer loop
      vertex -16.0494 -14.316 2.95
      vertex -15.9099 -14.3099 9.5
      vertex -16.0494 -14.316 9.5
    endloop
  endfacet
  facet normal 0.0436859 -0.999045 0
    outer loop
      vertex -15.9099 -14.3099 9.5
      vertex -16.0494 -14.316 2.95
      vertex -15.9099 -14.3099 2.95
    endloop
  endfacet
  facet normal -0.923964 -0.382478 0
    outer loop
      vertex -14.4064 -15.3627 2.95
      vertex -14.4598 -15.2337 9.5
      vertex -14.4598 -15.2337 2.95
    endloop
  endfacet
  facet normal -0.923964 -0.382478 0
    outer loop
      vertex -14.4598 -15.2337 9.5
      vertex -14.4064 -15.3627 2.95
      vertex -14.4064 -15.3627 9.5
    endloop
  endfacet
  facet normal 0.608221 0.793768 -0
    outer loop
      vertex -16.8276 -17.2205 2.95
      vertex -16.9384 -17.1356 9
      vertex -16.8276 -17.2205 9
    endloop
  endfacet
  facet normal 0.608221 0.793768 0
    outer loop
      vertex -16.9384 -17.1356 9
      vertex -16.8276 -17.2205 2.95
      vertex -16.9384 -17.1356 2.95
    endloop
  endfacet
  facet normal 0.675627 0.737243 -0
    outer loop
      vertex -16.9384 -17.1356 2.95
      vertex -17.0413 -17.0413 9
      vertex -16.9384 -17.1356 9
    endloop
  endfacet
  facet normal 0.675627 0.737243 0
    outer loop
      vertex -17.0413 -17.0413 9
      vertex -16.9384 -17.1356 2.95
      vertex -17.0413 -17.0413 2.95
    endloop
  endfacet
  facet normal 0.886853 0.462052 0
    outer loop
      vertex -17.2955 -16.7099 9
      vertex -17.36 -16.5861 2.95
      vertex -17.36 -16.5861 9
    endloop
  endfacet
  facet normal 0.886853 0.462052 0
    outer loop
      vertex -17.36 -16.5861 2.95
      vertex -17.2955 -16.7099 9
      vertex -17.2955 -16.7099 2.95
    endloop
  endfacet
  facet normal 0.130473 0.991452 -0
    outer loop
      vertex -16.0494 -17.5038 2.95
      vertex -16.1877 -17.4856 9
      vertex -16.0494 -17.5038 9
    endloop
  endfacet
  facet normal 0.130473 0.991452 0
    outer loop
      vertex -16.1877 -17.4856 9
      vertex -16.0494 -17.5038 2.95
      vertex -16.1877 -17.4856 2.95
    endloop
  endfacet
  facet normal 0.843337 -0.537385 0
    outer loop
      vertex -17.2955 -15.1099 9.5
      vertex -17.2205 -14.9922 2.95
      vertex -17.2205 -14.9922 9.5
    endloop
  endfacet
  facet normal 0.843337 -0.537385 0
    outer loop
      vertex -17.2205 -14.9922 2.95
      vertex -17.2955 -15.1099 9.5
      vertex -17.2955 -15.1099 2.95
    endloop
  endfacet
  facet normal -0.793768 -0.608221 0
    outer loop
      vertex -14.5993 -14.9922 2.95
      vertex -14.6842 -14.8814 9.5
      vertex -14.6842 -14.8814 2.95
    endloop
  endfacet
  facet normal -0.793768 -0.608221 0
    outer loop
      vertex -14.6842 -14.8814 9.5
      vertex -14.5993 -14.9922 2.95
      vertex -14.5993 -14.9922 9.5
    endloop
  endfacet
  facet normal 0.886853 -0.462052 0
    outer loop
      vertex -17.36 -15.2337 9.5
      vertex -17.2955 -15.1099 2.95
      vertex -17.2955 -15.1099 9.5
    endloop
  endfacet
  facet normal 0.886853 -0.462052 0
    outer loop
      vertex -17.2955 -15.1099 2.95
      vertex -17.36 -15.2337 9.5
      vertex -17.36 -15.2337 2.95
    endloop
  endfacet
  facet normal -0.537385 0.843337 0
    outer loop
      vertex -14.9922 -17.2205 2.95
      vertex -15.1099 -17.2955 9.5
      vertex -14.9922 -17.2205 9.5
    endloop
  endfacet
  facet normal -0.537385 0.843337 0
    outer loop
      vertex -15.1099 -17.2955 9.5
      vertex -14.9922 -17.2205 2.95
      vertex -15.1099 -17.2955 2.95
    endloop
  endfacet
  facet normal 0.737243 -0.675627 0
    outer loop
      vertex -17.1356 -14.8814 9.5
      vertex -17.0413 -14.7785 2.95
      vertex -17.0413 -14.7785 9.5
    endloop
  endfacet
  facet normal 0.737243 -0.675627 0
    outer loop
      vertex -17.0413 -14.7785 2.95
      vertex -17.1356 -14.8814 9.5
      vertex -17.1356 -14.8814 2.95
    endloop
  endfacet
  facet normal 0.953648 0.300926 0
    outer loop
      vertex -17.4134 -16.4571 9
      vertex -17.4554 -16.324 2.95
      vertex -17.4554 -16.324 9
    endloop
  endfacet
  facet normal 0.953648 0.300926 0
    outer loop
      vertex -17.4554 -16.324 2.95
      vertex -17.4134 -16.4571 9
      vertex -17.4134 -16.4571 2.95
    endloop
  endfacet
  facet normal -0.216324 -0.976322 0
    outer loop
      vertex -15.6321 -14.3342 2.95
      vertex -15.4958 -14.3644 9.5
      vertex -15.6321 -14.3342 9.5
    endloop
  endfacet
  facet normal -0.216324 -0.976322 -0
    outer loop
      vertex -15.4958 -14.3644 9.5
      vertex -15.6321 -14.3342 2.95
      vertex -15.4958 -14.3644 2.95
    endloop
  endfacet
  facet normal -0.300926 -0.953648 0
    outer loop
      vertex -15.4958 -14.3644 2.95
      vertex -15.3627 -14.4064 9.5
      vertex -15.4958 -14.3644 9.5
    endloop
  endfacet
  facet normal -0.300926 -0.953648 -0
    outer loop
      vertex -15.3627 -14.4064 9.5
      vertex -15.4958 -14.3644 2.95
      vertex -15.3627 -14.4064 2.95
    endloop
  endfacet
  facet normal -0.300926 0.953648 0
    outer loop
      vertex -15.3627 -17.4134 2.95
      vertex -15.4958 -17.4554 9
      vertex -15.3627 -17.4134 9
    endloop
  endfacet
  facet normal -0.300926 0.953648 0
    outer loop
      vertex -15.4958 -17.4554 9
      vertex -15.3627 -17.4134 2.95
      vertex -15.4958 -17.4554 2.95
    endloop
  endfacet
  facet normal 0.537385 -0.843337 0
    outer loop
      vertex -16.8276 -14.5993 2.95
      vertex -16.7099 -14.5243 9.5
      vertex -16.8276 -14.5993 9.5
    endloop
  endfacet
  facet normal 0.537385 -0.843337 0
    outer loop
      vertex -16.7099 -14.5243 9.5
      vertex -16.8276 -14.5993 2.95
      vertex -16.7099 -14.5243 2.95
    endloop
  endfacet
  facet normal 0.608221 -0.793768 0
    outer loop
      vertex -16.9384 -14.6842 2.95
      vertex -16.8276 -14.5993 9.5
      vertex -16.9384 -14.6842 9.5
    endloop
  endfacet
  facet normal 0.608221 -0.793768 0
    outer loop
      vertex -16.8276 -14.5993 9.5
      vertex -16.9384 -14.6842 2.95
      vertex -16.8276 -14.5993 2.95
    endloop
  endfacet
  facet normal 0.999044 -0.0437171 0
    outer loop
      vertex -17.5099 -15.9099 9
      vertex -17.5038 -15.7705 2.95
      vertex -17.5038 -15.7705 9
    endloop
  endfacet
  facet normal 0.999044 -0.0437171 0
    outer loop
      vertex -17.5038 -15.7705 2.95
      vertex -17.5099 -15.9099 9
      vertex -17.5099 -15.9099 2.95
    endloop
  endfacet
  facet normal -0.976322 -0.216324 0
    outer loop
      vertex -14.3342 -15.6321 2.95
      vertex -14.3644 -15.4958 9.5
      vertex -14.3644 -15.4958 2.95
    endloop
  endfacet
  facet normal -0.976322 -0.216324 0
    outer loop
      vertex -14.3644 -15.4958 9.5
      vertex -14.3342 -15.6321 2.95
      vertex -14.3342 -15.6321 9.5
    endloop
  endfacet
  facet normal 0.675627 -0.737243 0
    outer loop
      vertex -17.0413 -14.7785 2.95
      vertex -16.9384 -14.6842 9.5
      vertex -17.0413 -14.7785 9.5
    endloop
  endfacet
  facet normal 0.675627 -0.737243 0
    outer loop
      vertex -16.9384 -14.6842 9.5
      vertex -17.0413 -14.7785 2.95
      vertex -16.9384 -14.6842 2.95
    endloop
  endfacet
  facet normal -0.0437171 0.999044 0
    outer loop
      vertex -15.7705 -17.5038 2.95
      vertex -15.9099 -17.5099 9
      vertex -15.7705 -17.5038 9
    endloop
  endfacet
  facet normal -0.0437171 0.999044 0
    outer loop
      vertex -15.9099 -17.5099 9
      vertex -15.7705 -17.5038 2.95
      vertex -15.9099 -17.5099 2.95
    endloop
  endfacet
  facet normal -0.999044 -0.0437171 0
    outer loop
      vertex -14.3099 -15.9099 2.95
      vertex -14.316 -15.7705 9.5
      vertex -14.316 -15.7705 2.95
    endloop
  endfacet
  facet normal -0.999044 -0.0437171 0
    outer loop
      vertex -14.316 -15.7705 9.5
      vertex -14.3099 -15.9099 2.95
      vertex -14.3099 -15.9099 9.5
    endloop
  endfacet
  facet normal -0.991464 -0.13038 0
    outer loop
      vertex -14.316 -15.7705 2.95
      vertex -14.3342 -15.6321 9.5
      vertex -14.3342 -15.6321 2.95
    endloop
  endfacet
  facet normal -0.991464 -0.13038 0
    outer loop
      vertex -14.3342 -15.6321 9.5
      vertex -14.316 -15.7705 2.95
      vertex -14.316 -15.7705 9.5
    endloop
  endfacet
  facet normal -0.886853 0.462052 0
    outer loop
      vertex -14.5243 -16.7099 2.95
      vertex -14.4598 -16.5861 9.5
      vertex -14.4598 -16.5861 2.95
    endloop
  endfacet
  facet normal -0.886853 0.462052 0
    outer loop
      vertex -14.4598 -16.5861 9.5
      vertex -14.5243 -16.7099 2.95
      vertex -14.5243 -16.7099 9.5
    endloop
  endfacet
  facet normal -0.383574 0.92351 0
    outer loop
      vertex -15.2337 -17.36 9.5
      vertex -15.2715 -17.3757 9
      vertex -15.2715 -17.3757 9.5
    endloop
  endfacet
  facet normal -0.383574 0.92351 0
    outer loop
      vertex -15.2337 -17.36 2.95
      vertex -15.2715 -17.3757 9
      vertex -15.2337 -17.36 9.5
    endloop
  endfacet
  facet normal -0.382024 0.924153 1.13559e-05
    outer loop
      vertex -15.2337 -17.36 2.95
      vertex -15.3627 -17.4134 9
      vertex -15.2715 -17.3757 9
    endloop
  endfacet
  facet normal -0.382478 0.923964 0
    outer loop
      vertex -15.3627 -17.4134 9
      vertex -15.2337 -17.36 2.95
      vertex -15.3627 -17.4134 2.95
    endloop
  endfacet
  facet normal 0.216324 0.976322 -0
    outer loop
      vertex -16.1877 -17.4856 2.95
      vertex -16.324 -17.4554 9
      vertex -16.1877 -17.4856 9
    endloop
  endfacet
  facet normal 0.216324 0.976322 0
    outer loop
      vertex -16.324 -17.4554 9
      vertex -16.1877 -17.4856 2.95
      vertex -16.324 -17.4554 2.95
    endloop
  endfacet
  facet normal 0.300926 0.953648 -0
    outer loop
      vertex -16.324 -17.4554 2.95
      vertex -16.4571 -17.4134 9
      vertex -16.324 -17.4554 9
    endloop
  endfacet
  facet normal 0.300926 0.953648 0
    outer loop
      vertex -16.4571 -17.4134 9
      vertex -16.324 -17.4554 2.95
      vertex -16.4571 -17.4134 2.95
    endloop
  endfacet
  facet normal 0 0 -1
    outer loop
      vertex -16.3695 -16.3695 9.5
      vertex -14.3099 -15.9099 9.5
      vertex -14.316 -16.0494 9.5
    endloop
  endfacet
  facet normal 0 0 -1
    outer loop
      vertex -16.3695 -16.3695 9.5
      vertex -14.316 -16.0494 9.5
      vertex -14.3342 -16.1877 9.5
    endloop
  endfacet
  facet normal -0 0 -1
    outer loop
      vertex -14.3099 -15.9099 9.5
      vertex -16.3695 -16.3695 9.5
      vertex -14.316 -15.7705 9.5
    endloop
  endfacet
  facet normal 0 0 -1
    outer loop
      vertex -16.3695 -16.3695 9.5
      vertex -14.3342 -16.1877 9.5
      vertex -14.3644 -16.324 9.5
    endloop
  endfacet
  facet normal -0 0 -1
    outer loop
      vertex -14.316 -15.7705 9.5
      vertex -16.3695 -16.3695 9.5
      vertex -14.3342 -15.6321 9.5
    endloop
  endfacet
  facet normal 0 0 -1
    outer loop
      vertex -16.3695 -16.3695 9.5
      vertex -14.3644 -16.324 9.5
      vertex -14.4064 -16.4571 9.5
    endloop
  endfacet
  facet normal -0 0 -1
    outer loop
      vertex -14.3342 -15.6321 9.5
      vertex -16.3695 -16.3695 9.5
      vertex -14.3644 -15.4958 9.5
    endloop
  endfacet
  facet normal 0 0 -1
    outer loop
      vertex -16.3695 -16.3695 9.5
      vertex -14.4064 -16.4571 9.5
      vertex -14.4598 -16.5861 9.5
    endloop
  endfacet
  facet normal -0 0 -1
    outer loop
      vertex -14.3644 -15.4958 9.5
      vertex -16.3695 -16.3695 9.5
      vertex -14.4064 -15.3627 9.5
    endloop
  endfacet
  facet normal 0 0 -1
    outer loop
      vertex -16.3695 -16.3695 9.5
      vertex -14.4598 -16.5861 9.5
      vertex -14.5243 -16.7099 9.5
    endloop
  endfacet
  facet normal -0 0 -1
    outer loop
      vertex -14.4064 -15.3627 9.5
      vertex -16.3695 -16.3695 9.5
      vertex -14.4598 -15.2337 9.5
    endloop
  endfacet
  facet normal 0 0 -1
    outer loop
      vertex -16.3695 -16.3695 9.5
      vertex -14.5243 -16.7099 9.5
      vertex -14.5993 -16.8276 9.5
    endloop
  endfacet
  facet normal -0 0 -1
    outer loop
      vertex -14.4598 -15.2337 9.5
      vertex -16.3695 -16.3695 9.5
      vertex -14.5243 -15.1099 9.5
    endloop
  endfacet
  facet normal 0 0 -1
    outer loop
      vertex -16.3695 -16.3695 9.5
      vertex -14.5993 -16.8276 9.5
      vertex -14.6842 -16.9384 9.5
    endloop
  endfacet
  facet normal -0 0 -1
    outer loop
      vertex -14.5243 -15.1099 9.5
      vertex -16.3695 -16.3695 9.5
      vertex -14.5993 -14.9922 9.5
    endloop
  endfacet
  facet normal 0 0 -1
    outer loop
      vertex -16.3695 -16.3695 9.5
      vertex -14.6842 -16.9384 9.5
      vertex -14.7785 -17.0413 9.5
    endloop
  endfacet
  facet normal -0 0 -1
    outer loop
      vertex -14.5993 -14.9922 9.5
      vertex -16.3695 -16.3695 9.5
      vertex -14.6842 -14.8814 9.5
    endloop
  endfacet
  facet normal 0 0 -1
    outer loop
      vertex -16.3695 -16.3695 9.5
      vertex -14.7785 -17.0413 9.5
      vertex -14.8814 -17.1356 9.5
    endloop
  endfacet
  facet normal -0 0 -1
    outer loop
      vertex -14.6842 -14.8814 9.5
      vertex -16.3695 -16.3695 9.5
      vertex -14.7785 -14.7785 9.5
    endloop
  endfacet
  facet normal 0 0 -1
    outer loop
      vertex -16.3695 -16.3695 9.5
      vertex -14.8814 -17.1356 9.5
      vertex -14.9922 -17.2205 9.5
    endloop
  endfacet
  facet normal -0 0 -1
    outer loop
      vertex -14.7785 -14.7785 9.5
      vertex -16.3695 -16.3695 9.5
      vertex -14.8814 -14.6842 9.5
    endloop
  endfacet
  facet normal 0 0 -1
    outer loop
      vertex -16.3695 -16.3695 9.5
      vertex -14.9922 -17.2205 9.5
      vertex -15.1099 -17.2955 9.5
    endloop
  endfacet
  facet normal -0 0 -1
    outer loop
      vertex -14.8814 -14.6842 9.5
      vertex -16.3695 -16.3695 9.5
      vertex -14.9922 -14.5993 9.5
    endloop
  endfacet
  facet normal 0 0 -1
    outer loop
      vertex -16.3695 -16.3695 9.5
      vertex -15.1099 -17.2955 9.5
      vertex -15.2337 -17.36 9.5
    endloop
  endfacet
  facet normal -0 0 -1
    outer loop
      vertex -14.9922 -14.5993 9.5
      vertex -16.3695 -16.3695 9.5
      vertex -15.1099 -14.5243 9.5
    endloop
  endfacet
  facet normal 0 0 -1
    outer loop
      vertex -16.3695 -16.3695 9.5
      vertex -15.2337 -17.36 9.5
      vertex -15.2715 -17.3757 9.5
    endloop
  endfacet
  facet normal -0 0 -1
    outer loop
      vertex -15.1099 -14.5243 9.5
      vertex -16.3695 -16.3695 9.5
      vertex -15.2337 -14.4598 9.5
    endloop
  endfacet
  facet normal -0 0 -1
    outer loop
      vertex -15.2337 -14.4598 9.5
      vertex -16.3695 -16.3695 9.5
      vertex -15.3627 -14.4064 9.5
    endloop
  endfacet
  facet normal -0 0 -1
    outer loop
      vertex -15.3627 -14.4064 9.5
      vertex -16.3695 -16.3695 9.5
      vertex -15.4958 -14.3644 9.5
    endloop
  endfacet
  facet normal -0 0 -1
    outer loop
      vertex -15.4958 -14.3644 9.5
      vertex -16.3695 -16.3695 9.5
      vertex -15.6321 -14.3342 9.5
    endloop
  endfacet
  facet normal -0 0 -1
    outer loop
      vertex -15.6321 -14.3342 9.5
      vertex -16.3695 -16.3695 9.5
      vertex -15.7705 -14.316 9.5
    endloop
  endfacet
  facet normal -0 0 -1
    outer loop
      vertex -15.7705 -14.316 9.5
      vertex -16.3695 -16.3695 9.5
      vertex -15.9099 -14.3099 9.5
    endloop
  endfacet
  facet normal 0 0 -1
    outer loop
      vertex -15.9099 -14.3099 9.5
      vertex -16.3695 -16.3695 9.5
      vertex -16.0494 -14.316 9.5
    endloop
  endfacet
  facet normal 0 0 -1
    outer loop
      vertex -16.0494 -14.316 9.5
      vertex -16.3695 -16.3695 9.5
      vertex -16.1877 -14.3342 9.5
    endloop
  endfacet
  facet normal 0 0 -1
    outer loop
      vertex -16.1877 -14.3342 9.5
      vertex -16.3695 -16.3695 9.5
      vertex -16.324 -14.3644 9.5
    endloop
  endfacet
  facet normal 0 0 -1
    outer loop
      vertex -16.3695 -16.3695 9.5
      vertex -16.4571 -14.4064 9.5
      vertex -16.324 -14.3644 9.5
    endloop
  endfacet
  facet normal 0 0 -1
    outer loop
      vertex -16.3695 -16.3695 9.5
      vertex -16.5861 -14.4598 9.5
      vertex -16.4571 -14.4064 9.5
    endloop
  endfacet
  facet normal 0 0 -1
    outer loop
      vertex -16.3695 -16.3695 9.5
      vertex -16.7099 -14.5243 9.5
      vertex -16.5861 -14.4598 9.5
    endloop
  endfacet
  facet normal 0 0 -1
    outer loop
      vertex -16.3695 -16.3695 9.5
      vertex -16.8276 -14.5993 9.5
      vertex -16.7099 -14.5243 9.5
    endloop
  endfacet
  facet normal 0 0 -1
    outer loop
      vertex -16.3695 -16.3695 9.5
      vertex -16.9384 -14.6842 9.5
      vertex -16.8276 -14.5993 9.5
    endloop
  endfacet
  facet normal 0 0 -1
    outer loop
      vertex -16.3695 -16.3695 9.5
      vertex -17.0413 -14.7785 9.5
      vertex -16.9384 -14.6842 9.5
    endloop
  endfacet
  facet normal 0 0 -1
    outer loop
      vertex -16.3695 -16.3695 9.5
      vertex -17.1356 -14.8814 9.5
      vertex -17.0413 -14.7785 9.5
    endloop
  endfacet
  facet normal 0 0 -1
    outer loop
      vertex -16.3695 -16.3695 9.5
      vertex -17.2205 -14.9922 9.5
      vertex -17.1356 -14.8814 9.5
    endloop
  endfacet
  facet normal 0 0 -1
    outer loop
      vertex -16.3695 -16.3695 9.5
      vertex -17.2955 -15.1099 9.5
      vertex -17.2205 -14.9922 9.5
    endloop
  endfacet
  facet normal 0 0 -1
    outer loop
      vertex -16.3695 -16.3695 9.5
      vertex -17.36 -15.2337 9.5
      vertex -17.2955 -15.1099 9.5
    endloop
  endfacet
  facet normal 0 -0 -1
    outer loop
      vertex -17.36 -15.2337 9.5
      vertex -16.3695 -16.3695 9.5
      vertex -17.3757 -15.2715 9.5
    endloop
  endfacet
  facet normal 0.462052 0.886853 -0
    outer loop
      vertex -16.5861 -17.36 2.95
      vertex -16.7099 -17.2955 9
      vertex -16.5861 -17.36 9
    endloop
  endfacet
  facet normal 0.462052 0.886853 0
    outer loop
      vertex -16.7099 -17.2955 9
      vertex -16.5861 -17.36 2.95
      vertex -16.7099 -17.2955 2.95
    endloop
  endfacet
  facet normal -0.737243 0.675627 0
    outer loop
      vertex -14.7785 -17.0413 2.95
      vertex -14.6842 -16.9384 9.5
      vertex -14.6842 -16.9384 2.95
    endloop
  endfacet
  facet normal -0.737243 0.675627 0
    outer loop
      vertex -14.6842 -16.9384 9.5
      vertex -14.7785 -17.0413 2.95
      vertex -14.7785 -17.0413 9.5
    endloop
  endfacet
  facet normal -0.382478 -0.923964 0
    outer loop
      vertex -15.3627 -14.4064 2.95
      vertex -15.2337 -14.4598 9.5
      vertex -15.3627 -14.4064 9.5
    endloop
  endfacet
  facet normal -0.382478 -0.923964 -0
    outer loop
      vertex -15.2337 -14.4598 9.5
      vertex -15.3627 -14.4064 2.95
      vertex -15.2337 -14.4598 2.95
    endloop
  endfacet
  facet normal -0.13038 0.991464 0
    outer loop
      vertex -15.6321 -17.4856 2.95
      vertex -15.7705 -17.5038 9
      vertex -15.6321 -17.4856 9
    endloop
  endfacet
  facet normal -0.13038 0.991464 0
    outer loop
      vertex -15.7705 -17.5038 9
      vertex -15.6321 -17.4856 2.95
      vertex -15.7705 -17.5038 2.95
    endloop
  endfacet
  facet normal 0.999045 0.0436859 0
    outer loop
      vertex -17.5038 -16.0494 9
      vertex -17.5099 -15.9099 2.95
      vertex -17.5099 -15.9099 9
    endloop
  endfacet
  facet normal 0.999045 0.0436859 0
    outer loop
      vertex -17.5099 -15.9099 2.95
      vertex -17.5038 -16.0494 9
      vertex -17.5038 -16.0494 2.95
    endloop
  endfacet
  facet normal -0.675627 -0.737243 0
    outer loop
      vertex -14.8814 -14.6842 2.95
      vertex -14.7785 -14.7785 9.5
      vertex -14.8814 -14.6842 9.5
    endloop
  endfacet
  facet normal -0.675627 -0.737243 -0
    outer loop
      vertex -14.7785 -14.7785 9.5
      vertex -14.8814 -14.6842 2.95
      vertex -14.7785 -14.7785 2.95
    endloop
  endfacet
  facet normal -0.0437171 -0.999044 0
    outer loop
      vertex -15.9099 -14.3099 2.95
      vertex -15.7705 -14.316 9.5
      vertex -15.9099 -14.3099 9.5
    endloop
  endfacet
  facet normal -0.0437171 -0.999044 -0
    outer loop
      vertex -15.7705 -14.316 9.5
      vertex -15.9099 -14.3099 2.95
      vertex -15.7705 -14.316 2.95
    endloop
  endfacet
  facet normal -0.886853 -0.462052 0
    outer loop
      vertex -14.4598 -15.2337 2.95
      vertex -14.5243 -15.1099 9.5
      vertex -14.5243 -15.1099 2.95
    endloop
  endfacet
  facet normal -0.886853 -0.462052 0
    outer loop
      vertex -14.5243 -15.1099 9.5
      vertex -14.4598 -15.2337 2.95
      vertex -14.4598 -15.2337 9.5
    endloop
  endfacet
  facet normal 0.793768 -0.608221 0
    outer loop
      vertex -17.2205 -14.9922 9.5
      vertex -17.1356 -14.8814 2.95
      vertex -17.1356 -14.8814 9.5
    endloop
  endfacet
  facet normal 0.793768 -0.608221 0
    outer loop
      vertex -17.1356 -14.8814 2.95
      vertex -17.2205 -14.9922 9.5
      vertex -17.2205 -14.9922 2.95
    endloop
  endfacet
  facet normal -0.976322 0.216324 0
    outer loop
      vertex -14.3644 -16.324 2.95
      vertex -14.3342 -16.1877 9.5
      vertex -14.3342 -16.1877 2.95
    endloop
  endfacet
  facet normal -0.976322 0.216324 0
    outer loop
      vertex -14.3342 -16.1877 9.5
      vertex -14.3644 -16.324 2.95
      vertex -14.3644 -16.324 9.5
    endloop
  endfacet
  facet normal -0.462052 -0.886853 0
    outer loop
      vertex -15.2337 -14.4598 2.95
      vertex -15.1099 -14.5243 9.5
      vertex -15.2337 -14.4598 9.5
    endloop
  endfacet
  facet normal -0.462052 -0.886853 -0
    outer loop
      vertex -15.1099 -14.5243 9.5
      vertex -15.2337 -14.4598 2.95
      vertex -15.1099 -14.5243 2.95
    endloop
  endfacet
  facet normal -0.923964 0.382478 0
    outer loop
      vertex -14.4598 -16.5861 2.95
      vertex -14.4064 -16.4571 9.5
      vertex -14.4064 -16.4571 2.95
    endloop
  endfacet
  facet normal -0.923964 0.382478 0
    outer loop
      vertex -14.4064 -16.4571 9.5
      vertex -14.4598 -16.5861 2.95
      vertex -14.4598 -16.5861 9.5
    endloop
  endfacet
  facet normal -0.793768 0.608221 0
    outer loop
      vertex -14.6842 -16.9384 2.95
      vertex -14.5993 -16.8276 9.5
      vertex -14.5993 -16.8276 2.95
    endloop
  endfacet
  facet normal -0.793768 0.608221 0
    outer loop
      vertex -14.5993 -16.8276 9.5
      vertex -14.6842 -16.9384 2.95
      vertex -14.6842 -16.9384 9.5
    endloop
  endfacet
  facet normal -0.843337 0.537385 0
    outer loop
      vertex -14.5993 -16.8276 2.95
      vertex -14.5243 -16.7099 9.5
      vertex -14.5243 -16.7099 2.95
    endloop
  endfacet
  facet normal -0.843337 0.537385 0
    outer loop
      vertex -14.5243 -16.7099 9.5
      vertex -14.5993 -16.8276 2.95
      vertex -14.5993 -16.8276 9.5
    endloop
  endfacet
  facet normal 0.991452 0.130473 0
    outer loop
      vertex -17.4856 -16.1877 9
      vertex -17.5038 -16.0494 2.95
      vertex -17.5038 -16.0494 9
    endloop
  endfacet
  facet normal 0.991452 0.130473 0
    outer loop
      vertex -17.5038 -16.0494 2.95
      vertex -17.4856 -16.1877 9
      vertex -17.4856 -16.1877 2.95
    endloop
  endfacet
  facet normal -0.382605 -0.923912 0
    outer loop
      vertex -14.8154 -12.9029 0
      vertex -14.5575 -13.0097 2.95
      vertex -14.8154 -12.9029 2.95
    endloop
  endfacet
  facet normal -0.382605 -0.923912 -0
    outer loop
      vertex -14.5575 -13.0097 2.95
      vertex -14.8154 -12.9029 0
      vertex -14.5575 -13.0097 0
    endloop
  endfacet
  facet normal 0.300823 -0.95368 0
    outer loop
      vertex -17.0044 -12.9029 0
      vertex -16.7381 -12.8189 2.95
      vertex -17.0044 -12.9029 2.95
    endloop
  endfacet
  facet normal 0.300823 -0.95368 0
    outer loop
      vertex -16.7381 -12.8189 2.95
      vertex -17.0044 -12.9029 0
      vertex -16.7381 -12.8189 0
    endloop
  endfacet
  facet normal 0.793289 0.608845 0
    outer loop
      vertex -18.3612 -17.9668 2.95
      vertex -18.5312 -17.7453 0.6
      vertex -18.5312 -17.7453 2.95
    endloop
  endfacet
  facet normal 0.793289 0.608845 0
    outer loop
      vertex -18.5312 -17.7453 0.6
      vertex -18.3612 -17.9668 2.95
      vertex -18.3612 -17.9668 0.6
    endloop
  endfacet
  facet normal 0.737243 0.675627 0
    outer loop
      vertex -18.1726 -18.1726 2.95
      vertex -18.3612 -17.9668 0.6
      vertex -18.3612 -17.9668 2.95
    endloop
  endfacet
  facet normal 0.737243 0.675627 0
    outer loop
      vertex -18.3612 -17.9668 0.6
      vertex -18.1726 -18.1726 2.95
      vertex -18.1726 -18.1726 0.6
    endloop
  endfacet
  facet normal 0.843337 0.537385 0
    outer loop
      vertex -18.5312 -17.7453 2.95
      vertex -18.6812 -17.5099 0.6
      vertex -18.6812 -17.5099 2.95
    endloop
  endfacet
  facet normal 0.843337 0.537385 0
    outer loop
      vertex -18.6812 -17.5099 0.6
      vertex -18.5312 -17.7453 2.95
      vertex -18.5312 -17.7453 0.6
    endloop
  endfacet
  facet normal -0.991436 -0.130592 -0
    outer loop
      vertex -12.734 -15.5402 0.6
      vertex -12.7585 -15.3542 0
      vertex -12.734 -15.5402 0
    endloop
  endfacet
  facet normal -0.991436 -0.130592 0
    outer loop
      vertex -12.7585 -15.3542 0
      vertex -12.734 -15.5402 0.6
      vertex -12.7585 -15.3542 2.95
    endloop
  endfacet
  facet normal -0.991521 -0.129946 -0
    outer loop
      vertex -12.7221 -15.631 2.95
      vertex -12.734 -15.5402 0.6
      vertex -12.7221 -15.631 0.6
    endloop
  endfacet
  facet normal -0.991464 -0.13038 -1.70711e-05
    outer loop
      vertex -12.734 -15.5402 0.6
      vertex -12.7221 -15.631 2.95
      vertex -12.7585 -15.3542 2.95
    endloop
  endfacet
  facet normal 0.887 0.46177 0
    outer loop
      vertex -18.6812 -17.5099 2.95
      vertex -18.8101 -17.2623 0.6
      vertex -18.8101 -17.2623 2.95
    endloop
  endfacet
  facet normal 0.887 0.46177 0
    outer loop
      vertex -18.8101 -17.2623 0.6
      vertex -18.6812 -17.5099 2.95
      vertex -18.6812 -17.5099 0.6
    endloop
  endfacet
  facet normal 0.923912 -0.382605 0
    outer loop
      vertex -18.9169 -14.8154 2.95
      vertex -18.8101 -14.5575 0
      vertex -18.8101 -14.5575 2.95
    endloop
  endfacet
  facet normal 0.923912 -0.382605 0
    outer loop
      vertex -18.8101 -14.5575 0
      vertex -18.9169 -14.8154 2.95
      vertex -18.9169 -14.8154 0
    endloop
  endfacet
  facet normal 0.923912 0.382605 0
    outer loop
      vertex -18.8101 -17.2623 2.95
      vertex -18.9169 -17.0044 0.6
      vertex -18.9169 -17.0044 2.95
    endloop
  endfacet
  facet normal 0.923912 0.382605 0
    outer loop
      vertex -18.9169 -17.0044 0.6
      vertex -18.8101 -17.2623 2.95
      vertex -18.8101 -17.2623 0.6
    endloop
  endfacet
  facet normal 0.608845 0.793289 -0
    outer loop
      vertex -17.7453 -18.5312 0.6
      vertex -17.9668 -18.3612 2.95
      vertex -17.7453 -18.5312 2.95
    endloop
  endfacet
  facet normal 0.608845 0.793289 0
    outer loop
      vertex -17.9668 -18.3612 2.95
      vertex -17.7453 -18.5312 0.6
      vertex -17.9668 -18.3612 0.6
    endloop
  endfacet
  facet normal -0.793289 -0.608845 0
    outer loop
      vertex -13.2886 -14.0745 0
      vertex -13.4586 -13.853 2.95
      vertex -13.4586 -13.853 0
    endloop
  endfacet
  facet normal -0.793289 -0.608845 0
    outer loop
      vertex -13.4586 -13.853 2.95
      vertex -13.2886 -14.0745 0
      vertex -13.2886 -14.0745 2.95
    endloop
  endfacet
  facet normal -0.0437015 0.999045 0
    outer loop
      vertex -15.631 -19.0977 0
      vertex -15.9099 -19.1099 2.95
      vertex -15.631 -19.0977 2.95
    endloop
  endfacet
  facet normal -0.0437015 0.999045 0
    outer loop
      vertex -15.9099 -19.1099 2.95
      vertex -15.631 -19.0977 0
      vertex -15.9099 -19.1099 0
    endloop
  endfacet
  facet normal -0.537385 0.843337 0
    outer loop
      vertex -14.0745 -18.5312 0
      vertex -14.3099 -18.6812 2.95
      vertex -14.0745 -18.5312 2.95
    endloop
  endfacet
  facet normal -0.537385 0.843337 0
    outer loop
      vertex -14.3099 -18.6812 2.95
      vertex -14.0745 -18.5312 0
      vertex -14.3099 -18.6812 0
    endloop
  endfacet
  facet normal 0.737243 -0.675627 0
    outer loop
      vertex -18.3612 -13.853 2.95
      vertex -18.1726 -13.6472 0
      vertex -18.1726 -13.6472 2.95
    endloop
  endfacet
  facet normal 0.737243 -0.675627 0
    outer loop
      vertex -18.1726 -13.6472 0
      vertex -18.3612 -13.853 2.95
      vertex -18.3612 -13.853 0
    endloop
  endfacet
  facet normal -0.991464 0.13038 0
    outer loop
      vertex -12.7585 -16.4656 0.6
      vertex -12.7221 -16.1888 2.95
      vertex -12.7221 -16.1888 0.6
    endloop
  endfacet
  facet normal -0.991464 0.13038 0
    outer loop
      vertex -12.7221 -16.1888 2.95
      vertex -12.7585 -16.4656 0.6
      vertex -12.7585 -16.4656 2.95
    endloop
  endfacet
  facet normal 0.537385 0.843337 -0
    outer loop
      vertex -17.5099 -18.6812 0.6
      vertex -17.7453 -18.5312 2.95
      vertex -17.5099 -18.6812 2.95
    endloop
  endfacet
  facet normal 0.537385 0.843337 0
    outer loop
      vertex -17.7453 -18.5312 2.95
      vertex -17.5099 -18.6812 0.6
      vertex -17.7453 -18.5312 0.6
    endloop
  endfacet
  facet normal -0.737243 -0.675627 0
    outer loop
      vertex -13.4586 -13.853 0
      vertex -13.6472 -13.6472 2.95
      vertex -13.6472 -13.6472 0
    endloop
  endfacet
  facet normal -0.737243 -0.675627 0
    outer loop
      vertex -13.6472 -13.6472 2.95
      vertex -13.4586 -13.853 0
      vertex -13.4586 -13.853 2.95
    endloop
  endfacet
  facet normal 0.13038 0.991464 1.65833e-05
    outer loop
      vertex -16.1888 -19.0977 2.95
      vertex -16.2904 -19.0843 0.6
      vertex -16.4656 -19.0613 2.95
    endloop
  endfacet
  facet normal 0.130757 0.991414 -0
    outer loop
      vertex -16.1888 -19.0977 0
      vertex -16.2904 -19.0843 0.6
      vertex -16.1888 -19.0977 2.95
    endloop
  endfacet
  facet normal 0.130757 0.991414 0
    outer loop
      vertex -16.2904 -19.0843 0.6
      vertex -16.1888 -19.0977 0
      vertex -16.2904 -19.0843 0
    endloop
  endfacet
  facet normal 0.130162 0.991493 0
    outer loop
      vertex -16.4656 -19.0613 2.95
      vertex -16.2904 -19.0843 0.6
      vertex -16.4656 -19.0613 0.6
    endloop
  endfacet
  facet normal -0.0437015 -0.999045 0
    outer loop
      vertex -15.9099 -12.7099 0.6
      vertex -15.631 -12.7221 2.95
      vertex -15.9099 -12.7099 2.95
    endloop
  endfacet
  facet normal -0.0437015 -0.999045 -0
    outer loop
      vertex -15.631 -12.7221 2.95
      vertex -15.9099 -12.7099 0.6
      vertex -15.631 -12.7221 0.6
    endloop
  endfacet
  facet normal 0.46177 0.887 -0
    outer loop
      vertex -17.2623 -18.8101 0.6
      vertex -17.5099 -18.6812 2.95
      vertex -17.2623 -18.8101 2.95
    endloop
  endfacet
  facet normal 0.46177 0.887 0
    outer loop
      vertex -17.5099 -18.6812 2.95
      vertex -17.2623 -18.8101 0.6
      vertex -17.5099 -18.6812 0.6
    endloop
  endfacet
  facet normal -0.843337 -0.537385 0
    outer loop
      vertex -13.1386 -14.3099 0
      vertex -13.2886 -14.0745 2.95
      vertex -13.2886 -14.0745 0
    endloop
  endfacet
  facet normal -0.843337 -0.537385 0
    outer loop
      vertex -13.2886 -14.0745 2.95
      vertex -13.1386 -14.3099 0
      vertex -13.1386 -14.3099 2.95
    endloop
  endfacet
  facet normal -0.46177 -0.887 0
    outer loop
      vertex -14.5575 -13.0097 0
      vertex -14.3099 -13.1386 2.95
      vertex -14.5575 -13.0097 2.95
    endloop
  endfacet
  facet normal -0.46177 -0.887 -0
    outer loop
      vertex -14.3099 -13.1386 2.95
      vertex -14.5575 -13.0097 0
      vertex -14.3099 -13.1386 0
    endloop
  endfacet
  facet normal -0.608845 0.793289 0
    outer loop
      vertex -13.853 -18.3612 0
      vertex -14.0745 -18.5312 2.95
      vertex -13.853 -18.3612 2.95
    endloop
  endfacet
  facet normal -0.608845 0.793289 0
    outer loop
      vertex -14.0745 -18.5312 2.95
      vertex -13.853 -18.3612 0
      vertex -14.0745 -18.5312 0
    endloop
  endfacet
  facet normal 0.382605 0.923912 -0
    outer loop
      vertex -17.0044 -18.9169 0.6
      vertex -17.2623 -18.8101 2.95
      vertex -17.0044 -18.9169 2.95
    endloop
  endfacet
  facet normal 0.382605 0.923912 0
    outer loop
      vertex -17.2623 -18.8101 2.95
      vertex -17.0044 -18.9169 0.6
      vertex -17.2623 -18.8101 0.6
    endloop
  endfacet
  facet normal 0.95368 -0.300823 0
    outer loop
      vertex -19.0009 -15.0817 2.95
      vertex -18.9169 -14.8154 0
      vertex -18.9169 -14.8154 2.95
    endloop
  endfacet
  facet normal 0.95368 -0.300823 0
    outer loop
      vertex -18.9169 -14.8154 0
      vertex -19.0009 -15.0817 2.95
      vertex -19.0009 -15.0817 0
    endloop
  endfacet
  facet normal 0.991464 -0.13038 0
    outer loop
      vertex -19.0977 -15.631 2.95
      vertex -19.0613 -15.3542 0
      vertex -19.0613 -15.3542 2.95
    endloop
  endfacet
  facet normal 0.991464 -0.13038 0
    outer loop
      vertex -19.0613 -15.3542 0
      vertex -19.0977 -15.631 2.95
      vertex -19.0977 -15.631 0
    endloop
  endfacet
  facet normal 0.991414 0.130757 0
    outer loop
      vertex -19.0977 -16.1888 2.95
      vertex -19.0843 -16.2904 0.6
      vertex -19.0977 -16.1888 0
    endloop
  endfacet
  facet normal 0.991464 0.13038 1.65833e-05
    outer loop
      vertex -19.0613 -16.4656 2.95
      vertex -19.0843 -16.2904 0.6
      vertex -19.0977 -16.1888 2.95
    endloop
  endfacet
  facet normal 0.991493 0.130162 0
    outer loop
      vertex -19.0843 -16.2904 0.6
      vertex -19.0613 -16.4656 2.95
      vertex -19.0613 -16.4656 0.6
    endloop
  endfacet
  facet normal 0.991414 0.130757 0
    outer loop
      vertex -19.0977 -16.1888 0
      vertex -19.0843 -16.2904 0.6
      vertex -19.0843 -16.2904 0
    endloop
  endfacet
  facet normal -0.216399 -0.976305 0
    outer loop
      vertex -15.3542 -12.7585 0
      vertex -15.0817 -12.8189 2.95
      vertex -15.3542 -12.7585 2.95
    endloop
  endfacet
  facet normal -0.216399 -0.976305 -0
    outer loop
      vertex -15.0817 -12.8189 2.95
      vertex -15.3542 -12.7585 0
      vertex -15.0817 -12.8189 0
    endloop
  endfacet
  facet normal 0.13038 -0.991464 0
    outer loop
      vertex -16.4656 -12.7585 0.6
      vertex -16.1888 -12.7221 2.95
      vertex -16.4656 -12.7585 2.95
    endloop
  endfacet
  facet normal 0.13038 -0.991464 0
    outer loop
      vertex -16.1888 -12.7221 2.95
      vertex -16.4656 -12.7585 0.6
      vertex -16.1888 -12.7221 0.6
    endloop
  endfacet
  facet normal 0.608845 -0.793289 0
    outer loop
      vertex -17.9668 -13.4586 0
      vertex -17.7453 -13.2886 2.95
      vertex -17.9668 -13.4586 2.95
    endloop
  endfacet
  facet normal 0.608845 -0.793289 0
    outer loop
      vertex -17.7453 -13.2886 2.95
      vertex -17.9668 -13.4586 0
      vertex -17.7453 -13.2886 0
    endloop
  endfacet
  facet normal 0.999045 0.0437015 0
    outer loop
      vertex -19.0977 -16.1888 2.95
      vertex -19.1099 -15.9099 0
      vertex -19.1099 -15.9099 2.95
    endloop
  endfacet
  facet normal 0.999045 0.0437015 0
    outer loop
      vertex -19.1099 -15.9099 0
      vertex -19.0977 -16.1888 2.95
      vertex -19.0977 -16.1888 0
    endloop
  endfacet
  facet normal -0.923912 -0.382605 0
    outer loop
      vertex -12.9029 -14.8154 0
      vertex -13.0097 -14.5575 2.95
      vertex -13.0097 -14.5575 0
    endloop
  endfacet
  facet normal -0.923912 -0.382605 0
    outer loop
      vertex -13.0097 -14.5575 2.95
      vertex -12.9029 -14.8154 0
      vertex -12.9029 -14.8154 2.95
    endloop
  endfacet
  facet normal -0.382605 0.923912 0
    outer loop
      vertex -14.5575 -18.8101 0
      vertex -14.8154 -18.9169 2.95
      vertex -14.5575 -18.8101 2.95
    endloop
  endfacet
  facet normal -0.382605 0.923912 0
    outer loop
      vertex -14.8154 -18.9169 2.95
      vertex -14.5575 -18.8101 0
      vertex -14.8154 -18.9169 0
    endloop
  endfacet
  facet normal -0.300823 -0.95368 0
    outer loop
      vertex -15.0817 -12.8189 0
      vertex -14.8154 -12.9029 2.95
      vertex -15.0817 -12.8189 2.95
    endloop
  endfacet
  facet normal -0.300823 -0.95368 -0
    outer loop
      vertex -14.8154 -12.9029 2.95
      vertex -15.0817 -12.8189 0
      vertex -14.8154 -12.9029 0
    endloop
  endfacet
  facet normal -0.976334 0.216268 0
    outer loop
      vertex -12.7705 -16.5196 0
      vertex -12.8189 -16.7381 0
      vertex -12.7705 -16.5196 0.6
    endloop
  endfacet
  facet normal -0.976187 0.21693 0
    outer loop
      vertex -12.7705 -16.5196 0.6
      vertex -12.7585 -16.4656 2.95
      vertex -12.7585 -16.4656 0.6
    endloop
  endfacet
  facet normal -0.976334 0.216268 0
    outer loop
      vertex -12.8189 -16.7381 2.95
      vertex -12.7705 -16.5196 0.6
      vertex -12.8189 -16.7381 0
    endloop
  endfacet
  facet normal -0.976305 0.216399 1.28065e-05
    outer loop
      vertex -12.7705 -16.5196 0.6
      vertex -12.8189 -16.7381 2.95
      vertex -12.7585 -16.4656 2.95
    endloop
  endfacet
  facet normal -0.300823 0.95368 0
    outer loop
      vertex -14.8154 -18.9169 0
      vertex -15.0817 -19.0009 2.95
      vertex -14.8154 -18.9169 2.95
    endloop
  endfacet
  facet normal -0.300823 0.95368 0
    outer loop
      vertex -15.0817 -19.0009 2.95
      vertex -14.8154 -18.9169 0
      vertex -15.0817 -19.0009 0
    endloop
  endfacet
  facet normal 0.537385 -0.843337 0
    outer loop
      vertex -17.7453 -13.2886 0
      vertex -17.5099 -13.1386 2.95
      vertex -17.7453 -13.2886 2.95
    endloop
  endfacet
  facet normal 0.537385 -0.843337 0
    outer loop
      vertex -17.5099 -13.1386 2.95
      vertex -17.7453 -13.2886 0
      vertex -17.5099 -13.1386 0
    endloop
  endfacet
  facet normal -0.216399 0.976305 0
    outer loop
      vertex -15.0817 -19.0009 0
      vertex -15.3542 -19.0613 2.95
      vertex -15.0817 -19.0009 2.95
    endloop
  endfacet
  facet normal -0.216399 0.976305 0
    outer loop
      vertex -15.3542 -19.0613 2.95
      vertex -15.0817 -19.0009 0
      vertex -15.3542 -19.0613 0
    endloop
  endfacet
  facet normal 0.976305 -0.216399 0
    outer loop
      vertex -19.0613 -15.3542 2.95
      vertex -19.0009 -15.0817 0
      vertex -19.0009 -15.0817 2.95
    endloop
  endfacet
  facet normal 0.976305 -0.216399 0
    outer loop
      vertex -19.0009 -15.0817 0
      vertex -19.0613 -15.3542 2.95
      vertex -19.0613 -15.3542 0
    endloop
  endfacet
  facet normal -0.887 -0.46177 0
    outer loop
      vertex -13.0097 -14.5575 0
      vertex -13.1386 -14.3099 2.95
      vertex -13.1386 -14.3099 0
    endloop
  endfacet
  facet normal -0.887 -0.46177 0
    outer loop
      vertex -13.1386 -14.3099 2.95
      vertex -13.0097 -14.5575 0
      vertex -13.0097 -14.5575 2.95
    endloop
  endfacet
  facet normal -0.537385 -0.843337 0
    outer loop
      vertex -14.3099 -13.1386 0
      vertex -14.0745 -13.2886 2.95
      vertex -14.3099 -13.1386 2.95
    endloop
  endfacet
  facet normal -0.537385 -0.843337 -0
    outer loop
      vertex -14.0745 -13.2886 2.95
      vertex -14.3099 -13.1386 0
      vertex -14.0745 -13.2886 0
    endloop
  endfacet
  facet normal 0.216399 0.976305 -0
    outer loop
      vertex -16.4656 -19.0613 0.6
      vertex -16.7381 -19.0009 2.95
      vertex -16.4656 -19.0613 2.95
    endloop
  endfacet
  facet normal 0.216399 0.976305 0
    outer loop
      vertex -16.7381 -19.0009 2.95
      vertex -16.4656 -19.0613 0.6
      vertex -16.7381 -19.0009 0.6
    endloop
  endfacet
  facet normal 0.0437015 0.999045 -0
    outer loop
      vertex -15.9099 -19.1099 0
      vertex -16.1888 -19.0977 2.95
      vertex -15.9099 -19.1099 2.95
    endloop
  endfacet
  facet normal 0.0437015 0.999045 0
    outer loop
      vertex -16.1888 -19.0977 2.95
      vertex -15.9099 -19.1099 0
      vertex -16.1888 -19.0977 0
    endloop
  endfacet
  facet normal 0.976305 0.216399 0
    outer loop
      vertex -19.0009 -16.7381 2.95
      vertex -19.0613 -16.4656 0.6
      vertex -19.0613 -16.4656 2.95
    endloop
  endfacet
  facet normal 0.976305 0.216399 0
    outer loop
      vertex -19.0613 -16.4656 0.6
      vertex -19.0009 -16.7381 2.95
      vertex -19.0009 -16.7381 0.6
    endloop
  endfacet
  facet normal -0.793289 0.608845 0
    outer loop
      vertex -13.4586 -17.9668 0
      vertex -13.2886 -17.7453 2.95
      vertex -13.2886 -17.7453 0
    endloop
  endfacet
  facet normal -0.793289 0.608845 0
    outer loop
      vertex -13.2886 -17.7453 2.95
      vertex -13.4586 -17.9668 0
      vertex -13.4586 -17.9668 2.95
    endloop
  endfacet
  facet normal -0.737243 0.675627 0
    outer loop
      vertex -13.6472 -18.1726 0
      vertex -13.4586 -17.9668 2.95
      vertex -13.4586 -17.9668 0
    endloop
  endfacet
  facet normal -0.737243 0.675627 0
    outer loop
      vertex -13.4586 -17.9668 2.95
      vertex -13.6472 -18.1726 0
      vertex -13.6472 -18.1726 2.95
    endloop
  endfacet
  facet normal 0.95368 0.300823 0
    outer loop
      vertex -18.9169 -17.0044 2.95
      vertex -19.0009 -16.7381 0.6
      vertex -19.0009 -16.7381 2.95
    endloop
  endfacet
  facet normal 0.95368 0.300823 0
    outer loop
      vertex -19.0009 -16.7381 0.6
      vertex -18.9169 -17.0044 2.95
      vertex -18.9169 -17.0044 0.6
    endloop
  endfacet
  facet normal -0.976305 -0.216399 0
    outer loop
      vertex -12.7585 -15.3542 0
      vertex -12.8189 -15.0817 2.95
      vertex -12.8189 -15.0817 0
    endloop
  endfacet
  facet normal -0.976305 -0.216399 0
    outer loop
      vertex -12.8189 -15.0817 2.95
      vertex -12.7585 -15.3542 0
      vertex -12.7585 -15.3542 2.95
    endloop
  endfacet
  facet normal -0.887 0.46177 0
    outer loop
      vertex -13.1386 -17.5099 0
      vertex -13.0097 -17.2623 2.95
      vertex -13.0097 -17.2623 0
    endloop
  endfacet
  facet normal -0.887 0.46177 0
    outer loop
      vertex -13.0097 -17.2623 2.95
      vertex -13.1386 -17.5099 0
      vertex -13.1386 -17.5099 2.95
    endloop
  endfacet
  facet normal 0.216399 -0.976305 1.28065e-05
    outer loop
      vertex -16.7381 -12.8189 2.95
      vertex -16.5196 -12.7705 0.6
      vertex -16.4656 -12.7585 2.95
    endloop
  endfacet
  facet normal 0.216268 -0.976334 0
    outer loop
      vertex -16.7381 -12.8189 0
      vertex -16.5196 -12.7705 0.6
      vertex -16.7381 -12.8189 2.95
    endloop
  endfacet
  facet normal 0.216268 -0.976334 0
    outer loop
      vertex -16.5196 -12.7705 0.6
      vertex -16.7381 -12.8189 0
      vertex -16.5196 -12.7705 0
    endloop
  endfacet
  facet normal 0.21693 -0.976187 0
    outer loop
      vertex -16.4656 -12.7585 2.95
      vertex -16.5196 -12.7705 0.6
      vertex -16.4656 -12.7585 0.6
    endloop
  endfacet
  facet normal -0.46177 0.887 0
    outer loop
      vertex -14.3099 -18.6812 0
      vertex -14.5575 -18.8101 2.95
      vertex -14.3099 -18.6812 2.95
    endloop
  endfacet
  facet normal -0.46177 0.887 0
    outer loop
      vertex -14.5575 -18.8101 2.95
      vertex -14.3099 -18.6812 0
      vertex -14.5575 -18.8101 0
    endloop
  endfacet
  facet normal 0.0437015 -0.999045 0
    outer loop
      vertex -16.1888 -12.7221 0.6
      vertex -15.9099 -12.7099 2.95
      vertex -16.1888 -12.7221 2.95
    endloop
  endfacet
  facet normal 0.0437015 -0.999045 0
    outer loop
      vertex -15.9099 -12.7099 2.95
      vertex -16.1888 -12.7221 0.6
      vertex -15.9099 -12.7099 0.6
    endloop
  endfacet
  facet normal -0.95368 -0.300823 0
    outer loop
      vertex -12.8189 -15.0817 0
      vertex -12.9029 -14.8154 2.95
      vertex -12.9029 -14.8154 0
    endloop
  endfacet
  facet normal -0.95368 -0.300823 0
    outer loop
      vertex -12.9029 -14.8154 2.95
      vertex -12.8189 -15.0817 0
      vertex -12.8189 -15.0817 2.95
    endloop
  endfacet
  facet normal 0.46177 -0.887 0
    outer loop
      vertex -17.5099 -13.1386 0
      vertex -17.2623 -13.0097 2.95
      vertex -17.5099 -13.1386 2.95
    endloop
  endfacet
  facet normal 0.46177 -0.887 0
    outer loop
      vertex -17.2623 -13.0097 2.95
      vertex -17.5099 -13.1386 0
      vertex -17.2623 -13.0097 0
    endloop
  endfacet
  facet normal -0.843337 0.537385 0
    outer loop
      vertex -13.2886 -17.7453 0
      vertex -13.1386 -17.5099 2.95
      vertex -13.1386 -17.5099 0
    endloop
  endfacet
  facet normal -0.843337 0.537385 0
    outer loop
      vertex -13.1386 -17.5099 2.95
      vertex -13.2886 -17.7453 0
      vertex -13.2886 -17.7453 2.95
    endloop
  endfacet
  facet normal 0.675627 -0.737243 0
    outer loop
      vertex -18.1726 -13.6472 0
      vertex -17.9668 -13.4586 2.95
      vertex -18.1726 -13.6472 2.95
    endloop
  endfacet
  facet normal 0.675627 -0.737243 0
    outer loop
      vertex -17.9668 -13.4586 2.95
      vertex -18.1726 -13.6472 0
      vertex -17.9668 -13.4586 0
    endloop
  endfacet
  facet normal 0.843337 -0.537385 0
    outer loop
      vertex -18.6812 -14.3099 2.95
      vertex -18.5312 -14.0745 0
      vertex -18.5312 -14.0745 2.95
    endloop
  endfacet
  facet normal 0.843337 -0.537385 0
    outer loop
      vertex -18.5312 -14.0745 0
      vertex -18.6812 -14.3099 2.95
      vertex -18.6812 -14.3099 0
    endloop
  endfacet
  facet normal -0.999045 -0.0437015 0
    outer loop
      vertex -12.7099 -15.9099 0.6
      vertex -12.7221 -15.631 2.95
      vertex -12.7221 -15.631 0.6
    endloop
  endfacet
  facet normal -0.999045 -0.0437015 0
    outer loop
      vertex -12.7221 -15.631 2.95
      vertex -12.7099 -15.9099 0.6
      vertex -12.7099 -15.9099 2.95
    endloop
  endfacet
  facet normal 0.675627 0.737243 -0
    outer loop
      vertex -17.9668 -18.3612 0.6
      vertex -18.1726 -18.1726 2.95
      vertex -17.9668 -18.3612 2.95
    endloop
  endfacet
  facet normal 0.675627 0.737243 0
    outer loop
      vertex -18.1726 -18.1726 2.95
      vertex -17.9668 -18.3612 0.6
      vertex -18.1726 -18.1726 0.6
    endloop
  endfacet
  facet normal -0.675627 0.737243 0
    outer loop
      vertex -13.6472 -18.1726 0
      vertex -13.853 -18.3612 2.95
      vertex -13.6472 -18.1726 2.95
    endloop
  endfacet
  facet normal -0.675627 0.737243 0
    outer loop
      vertex -13.853 -18.3612 2.95
      vertex -13.6472 -18.1726 0
      vertex -13.853 -18.3612 0
    endloop
  endfacet
  facet normal -0.999045 0.0437015 0
    outer loop
      vertex -12.7221 -16.1888 0.6
      vertex -12.7099 -15.9099 2.95
      vertex -12.7099 -15.9099 0.6
    endloop
  endfacet
  facet normal -0.999045 0.0437015 0
    outer loop
      vertex -12.7099 -15.9099 2.95
      vertex -12.7221 -16.1888 0.6
      vertex -12.7221 -16.1888 2.95
    endloop
  endfacet
  facet normal 0.793289 -0.608845 0
    outer loop
      vertex -18.5312 -14.0745 2.95
      vertex -18.3612 -13.853 0
      vertex -18.3612 -13.853 2.95
    endloop
  endfacet
  facet normal 0.793289 -0.608845 0
    outer loop
      vertex -18.3612 -13.853 0
      vertex -18.5312 -14.0745 2.95
      vertex -18.5312 -14.0745 0
    endloop
  endfacet
  facet normal 0.300823 0.95368 -0
    outer loop
      vertex -16.7381 -19.0009 0.6
      vertex -17.0044 -18.9169 2.95
      vertex -16.7381 -19.0009 2.95
    endloop
  endfacet
  facet normal 0.300823 0.95368 0
    outer loop
      vertex -17.0044 -18.9169 2.95
      vertex -16.7381 -19.0009 0.6
      vertex -17.0044 -18.9169 0.6
    endloop
  endfacet
  facet normal 0.999045 -0.0437015 0
    outer loop
      vertex -19.1099 -15.9099 2.95
      vertex -19.0977 -15.631 0
      vertex -19.0977 -15.631 2.95
    endloop
  endfacet
  facet normal 0.999045 -0.0437015 0
    outer loop
      vertex -19.0977 -15.631 0
      vertex -19.1099 -15.9099 2.95
      vertex -19.1099 -15.9099 0
    endloop
  endfacet
  facet normal 0.887 -0.46177 0
    outer loop
      vertex -18.8101 -14.5575 2.95
      vertex -18.6812 -14.3099 0
      vertex -18.6812 -14.3099 2.95
    endloop
  endfacet
  facet normal 0.887 -0.46177 0
    outer loop
      vertex -18.6812 -14.3099 0
      vertex -18.8101 -14.5575 2.95
      vertex -18.8101 -14.5575 0
    endloop
  endfacet
  facet normal -0.129946 -0.991521 0
    outer loop
      vertex -15.5402 -12.734 0.6
      vertex -15.631 -12.7221 2.95
      vertex -15.631 -12.7221 0.6
    endloop
  endfacet
  facet normal -0.13038 -0.991464 -1.70711e-05
    outer loop
      vertex -15.631 -12.7221 2.95
      vertex -15.5402 -12.734 0.6
      vertex -15.3542 -12.7585 2.95
    endloop
  endfacet
  facet normal -0.130592 -0.991436 0
    outer loop
      vertex -15.3542 -12.7585 0
      vertex -15.5402 -12.734 0.6
      vertex -15.5402 -12.734 0
    endloop
  endfacet
  facet normal -0.130592 -0.991436 0
    outer loop
      vertex -15.5402 -12.734 0.6
      vertex -15.3542 -12.7585 0
      vertex -15.3542 -12.7585 2.95
    endloop
  endfacet
  facet normal -0.608845 -0.793289 0
    outer loop
      vertex -14.0745 -13.2886 0
      vertex -13.853 -13.4586 2.95
      vertex -14.0745 -13.2886 2.95
    endloop
  endfacet
  facet normal -0.608845 -0.793289 -0
    outer loop
      vertex -13.853 -13.4586 2.95
      vertex -14.0745 -13.2886 0
      vertex -13.853 -13.4586 0
    endloop
  endfacet
  facet normal -0.675627 -0.737243 0
    outer loop
      vertex -13.853 -13.4586 0
      vertex -13.6472 -13.6472 2.95
      vertex -13.853 -13.4586 2.95
    endloop
  endfacet
  facet normal -0.675627 -0.737243 -0
    outer loop
      vertex -13.6472 -13.6472 2.95
      vertex -13.853 -13.4586 0
      vertex -13.6472 -13.6472 0
    endloop
  endfacet
  facet normal -0.13038 0.991464 0
    outer loop
      vertex -15.3542 -19.0613 0
      vertex -15.631 -19.0977 2.95
      vertex -15.3542 -19.0613 2.95
    endloop
  endfacet
  facet normal -0.13038 0.991464 0
    outer loop
      vertex -15.631 -19.0977 2.95
      vertex -15.3542 -19.0613 0
      vertex -15.631 -19.0977 0
    endloop
  endfacet
  facet normal -0.923912 0.382605 0
    outer loop
      vertex -13.0097 -17.2623 0
      vertex -12.9029 -17.0044 2.95
      vertex -12.9029 -17.0044 0
    endloop
  endfacet
  facet normal -0.923912 0.382605 0
    outer loop
      vertex -12.9029 -17.0044 2.95
      vertex -13.0097 -17.2623 0
      vertex -13.0097 -17.2623 2.95
    endloop
  endfacet
  facet normal 0.382605 -0.923912 0
    outer loop
      vertex -17.2623 -13.0097 0
      vertex -17.0044 -12.9029 2.95
      vertex -17.2623 -13.0097 2.95
    endloop
  endfacet
  facet normal 0.382605 -0.923912 0
    outer loop
      vertex -17.0044 -12.9029 2.95
      vertex -17.2623 -13.0097 0
      vertex -17.0044 -12.9029 0
    endloop
  endfacet
  facet normal 0 0 -1
    outer loop
      vertex -14.3099 -15.9099 2.95
      vertex -12.7099 -15.9099 2.95
      vertex -12.7221 -16.1888 2.95
    endloop
  endfacet
  facet normal 0 0 -1
    outer loop
      vertex -14.316 -16.0494 2.95
      vertex -12.7221 -16.1888 2.95
      vertex -12.7585 -16.4656 2.95
    endloop
  endfacet
  facet normal 0 0 -1
    outer loop
      vertex -12.7099 -15.9099 2.95
      vertex -14.3099 -15.9099 2.95
      vertex -12.7221 -15.631 2.95
    endloop
  endfacet
  facet normal 0 0 -1
    outer loop
      vertex -14.3342 -16.1877 2.95
      vertex -12.7585 -16.4656 2.95
      vertex -12.8189 -16.7381 2.95
    endloop
  endfacet
  facet normal 0 0 -1
    outer loop
      vertex -14.316 -15.7705 2.95
      vertex -12.7221 -15.631 2.95
      vertex -14.3099 -15.9099 2.95
    endloop
  endfacet
  facet normal 0 0 -1
    outer loop
      vertex -14.3644 -16.324 2.95
      vertex -12.8189 -16.7381 2.95
      vertex -12.9029 -17.0044 2.95
    endloop
  endfacet
  facet normal -0 0 -1
    outer loop
      vertex -12.7221 -15.631 2.95
      vertex -14.316 -15.7705 2.95
      vertex -12.7585 -15.3542 2.95
    endloop
  endfacet
  facet normal 0 0 -1
    outer loop
      vertex -14.4064 -16.4571 2.95
      vertex -12.9029 -17.0044 2.95
      vertex -13.0097 -17.2623 2.95
    endloop
  endfacet
  facet normal 0 0 -1
    outer loop
      vertex -14.3342 -15.6321 2.95
      vertex -12.7585 -15.3542 2.95
      vertex -14.316 -15.7705 2.95
    endloop
  endfacet
  facet normal 0 0 -1
    outer loop
      vertex -14.4598 -16.5861 2.95
      vertex -13.0097 -17.2623 2.95
      vertex -13.1386 -17.5099 2.95
    endloop
  endfacet
  facet normal -0 0 -1
    outer loop
      vertex -12.7585 -15.3542 2.95
      vertex -14.3342 -15.6321 2.95
      vertex -12.8189 -15.0817 2.95
    endloop
  endfacet
  facet normal 0 0 -1
    outer loop
      vertex -14.5243 -16.7099 2.95
      vertex -13.1386 -17.5099 2.95
      vertex -13.2886 -17.7453 2.95
    endloop
  endfacet
  facet normal 0 0 -1
    outer loop
      vertex -14.3644 -15.4958 2.95
      vertex -12.8189 -15.0817 2.95
      vertex -14.3342 -15.6321 2.95
    endloop
  endfacet
  facet normal 0 0 -1
    outer loop
      vertex -14.5993 -16.8276 2.95
      vertex -13.2886 -17.7453 2.95
      vertex -13.4586 -17.9668 2.95
    endloop
  endfacet
  facet normal -0 0 -1
    outer loop
      vertex -12.8189 -15.0817 2.95
      vertex -14.3644 -15.4958 2.95
      vertex -12.9029 -14.8154 2.95
    endloop
  endfacet
  facet normal 0 0 -1
    outer loop
      vertex -14.6842 -16.9384 2.95
      vertex -13.4586 -17.9668 2.95
      vertex -13.6472 -18.1726 2.95
    endloop
  endfacet
  facet normal 0 0 -1
    outer loop
      vertex -14.4064 -15.3627 2.95
      vertex -12.9029 -14.8154 2.95
      vertex -14.3644 -15.4958 2.95
    endloop
  endfacet
  facet normal 0 0 -1
    outer loop
      vertex -14.7785 -17.0413 2.95
      vertex -13.6472 -18.1726 2.95
      vertex -13.853 -18.3612 2.95
    endloop
  endfacet
  facet normal -0 0 -1
    outer loop
      vertex -12.9029 -14.8154 2.95
      vertex -14.4064 -15.3627 2.95
      vertex -13.0097 -14.5575 2.95
    endloop
  endfacet
  facet normal 0 0 -1
    outer loop
      vertex -14.8814 -17.1356 2.95
      vertex -13.853 -18.3612 2.95
      vertex -14.0745 -18.5312 2.95
    endloop
  endfacet
  facet normal 0 0 -1
    outer loop
      vertex -14.4598 -15.2337 2.95
      vertex -13.0097 -14.5575 2.95
      vertex -14.4064 -15.3627 2.95
    endloop
  endfacet
  facet normal 0 0 -1
    outer loop
      vertex -14.9922 -17.2205 2.95
      vertex -14.0745 -18.5312 2.95
      vertex -14.3099 -18.6812 2.95
    endloop
  endfacet
  facet normal -0 0 -1
    outer loop
      vertex -13.0097 -14.5575 2.95
      vertex -14.4598 -15.2337 2.95
      vertex -13.1386 -14.3099 2.95
    endloop
  endfacet
  facet normal 0 0 -1
    outer loop
      vertex -14.5243 -15.1099 2.95
      vertex -13.1386 -14.3099 2.95
      vertex -14.4598 -15.2337 2.95
    endloop
  endfacet
  facet normal 0 0 -1
    outer loop
      vertex -12.7221 -16.1888 2.95
      vertex -14.316 -16.0494 2.95
      vertex -14.3099 -15.9099 2.95
    endloop
  endfacet
  facet normal 0 0 -1
    outer loop
      vertex -12.7585 -16.4656 2.95
      vertex -14.3342 -16.1877 2.95
      vertex -14.316 -16.0494 2.95
    endloop
  endfacet
  facet normal 0 0 -1
    outer loop
      vertex -12.8189 -16.7381 2.95
      vertex -14.3644 -16.324 2.95
      vertex -14.3342 -16.1877 2.95
    endloop
  endfacet
  facet normal 0 0 -1
    outer loop
      vertex -12.9029 -17.0044 2.95
      vertex -14.4064 -16.4571 2.95
      vertex -14.3644 -16.324 2.95
    endloop
  endfacet
  facet normal 0 0 -1
    outer loop
      vertex -13.0097 -17.2623 2.95
      vertex -14.4598 -16.5861 2.95
      vertex -14.4064 -16.4571 2.95
    endloop
  endfacet
  facet normal 0 0 -1
    outer loop
      vertex -13.1386 -17.5099 2.95
      vertex -14.5243 -16.7099 2.95
      vertex -14.4598 -16.5861 2.95
    endloop
  endfacet
  facet normal 0 0 -1
    outer loop
      vertex -15.1099 -17.2955 2.95
      vertex -14.3099 -18.6812 2.95
      vertex -14.5575 -18.8101 2.95
    endloop
  endfacet
  facet normal 0 0 -1
    outer loop
      vertex -13.2886 -17.7453 2.95
      vertex -14.5993 -16.8276 2.95
      vertex -14.5243 -16.7099 2.95
    endloop
  endfacet
  facet normal 0 0 -1
    outer loop
      vertex -13.4586 -17.9668 2.95
      vertex -14.6842 -16.9384 2.95
      vertex -14.5993 -16.8276 2.95
    endloop
  endfacet
  facet normal 0 0 -1
    outer loop
      vertex -13.6472 -18.1726 2.95
      vertex -14.7785 -17.0413 2.95
      vertex -14.6842 -16.9384 2.95
    endloop
  endfacet
  facet normal 0 0 -1
    outer loop
      vertex -15.2337 -17.36 2.95
      vertex -14.5575 -18.8101 2.95
      vertex -14.8154 -18.9169 2.95
    endloop
  endfacet
  facet normal 0 0 -1
    outer loop
      vertex -13.853 -18.3612 2.95
      vertex -14.8814 -17.1356 2.95
      vertex -14.7785 -17.0413 2.95
    endloop
  endfacet
  facet normal 0 0 -1
    outer loop
      vertex -14.0745 -18.5312 2.95
      vertex -14.9922 -17.2205 2.95
      vertex -14.8814 -17.1356 2.95
    endloop
  endfacet
  facet normal 0 0 -1
    outer loop
      vertex -15.3627 -17.4134 2.95
      vertex -14.8154 -18.9169 2.95
      vertex -15.0817 -19.0009 2.95
    endloop
  endfacet
  facet normal 0 0 -1
    outer loop
      vertex -14.3099 -18.6812 2.95
      vertex -15.1099 -17.2955 2.95
      vertex -14.9922 -17.2205 2.95
    endloop
  endfacet
  facet normal 0 0 -1
    outer loop
      vertex -14.5575 -18.8101 2.95
      vertex -15.2337 -17.36 2.95
      vertex -15.1099 -17.2955 2.95
    endloop
  endfacet
  facet normal 0 0 -1
    outer loop
      vertex -15.4958 -17.4554 2.95
      vertex -15.0817 -19.0009 2.95
      vertex -15.3542 -19.0613 2.95
    endloop
  endfacet
  facet normal 0 0 -1
    outer loop
      vertex -14.8154 -18.9169 2.95
      vertex -15.3627 -17.4134 2.95
      vertex -15.2337 -17.36 2.95
    endloop
  endfacet
  facet normal 0 0 -1
    outer loop
      vertex -15.0817 -19.0009 2.95
      vertex -15.4958 -17.4554 2.95
      vertex -15.3627 -17.4134 2.95
    endloop
  endfacet
  facet normal 0 0 -1
    outer loop
      vertex -15.6321 -17.4856 2.95
      vertex -15.3542 -19.0613 2.95
      vertex -15.631 -19.0977 2.95
    endloop
  endfacet
  facet normal 0 0 -1
    outer loop
      vertex -15.3542 -19.0613 2.95
      vertex -15.6321 -17.4856 2.95
      vertex -15.4958 -17.4554 2.95
    endloop
  endfacet
  facet normal 0 0 -1
    outer loop
      vertex -15.631 -19.0977 2.95
      vertex -15.7705 -17.5038 2.95
      vertex -15.6321 -17.4856 2.95
    endloop
  endfacet
  facet normal 0 0 -1
    outer loop
      vertex -15.9099 -19.1099 2.95
      vertex -15.7705 -17.5038 2.95
      vertex -15.631 -19.0977 2.95
    endloop
  endfacet
  facet normal 0 0 -1
    outer loop
      vertex -15.9099 -19.1099 2.95
      vertex -15.9099 -17.5099 2.95
      vertex -15.7705 -17.5038 2.95
    endloop
  endfacet
  facet normal 0 0 -1
    outer loop
      vertex -15.9099 -19.1099 2.95
      vertex -16.0494 -17.5038 2.95
      vertex -15.9099 -17.5099 2.95
    endloop
  endfacet
  facet normal 0 0 -1
    outer loop
      vertex -16.1888 -19.0977 2.95
      vertex -16.0494 -17.5038 2.95
      vertex -15.9099 -19.1099 2.95
    endloop
  endfacet
  facet normal -0 0 -1
    outer loop
      vertex -16.0494 -17.5038 2.95
      vertex -16.1888 -19.0977 2.95
      vertex -16.1877 -17.4856 2.95
    endloop
  endfacet
  facet normal 0 0 -1
    outer loop
      vertex -16.4656 -19.0613 2.95
      vertex -16.1877 -17.4856 2.95
      vertex -16.1888 -19.0977 2.95
    endloop
  endfacet
  facet normal -0 0 -1
    outer loop
      vertex -16.1877 -17.4856 2.95
      vertex -16.4656 -19.0613 2.95
      vertex -16.324 -17.4554 2.95
    endloop
  endfacet
  facet normal 0 0 -1
    outer loop
      vertex -16.7381 -19.0009 2.95
      vertex -16.324 -17.4554 2.95
      vertex -16.4656 -19.0613 2.95
    endloop
  endfacet
  facet normal -0 0 -1
    outer loop
      vertex -16.324 -17.4554 2.95
      vertex -16.7381 -19.0009 2.95
      vertex -16.4571 -17.4134 2.95
    endloop
  endfacet
  facet normal 0 0 -1
    outer loop
      vertex -17.0044 -18.9169 2.95
      vertex -16.4571 -17.4134 2.95
      vertex -16.7381 -19.0009 2.95
    endloop
  endfacet
  facet normal -0 0 -1
    outer loop
      vertex -16.4571 -17.4134 2.95
      vertex -17.0044 -18.9169 2.95
      vertex -16.5861 -17.36 2.95
    endloop
  endfacet
  facet normal 0 0 -1
    outer loop
      vertex -17.2623 -18.8101 2.95
      vertex -16.5861 -17.36 2.95
      vertex -17.0044 -18.9169 2.95
    endloop
  endfacet
  facet normal -0 0 -1
    outer loop
      vertex -16.5861 -17.36 2.95
      vertex -17.2623 -18.8101 2.95
      vertex -16.7099 -17.2955 2.95
    endloop
  endfacet
  facet normal 0 0 -1
    outer loop
      vertex -17.5099 -18.6812 2.95
      vertex -16.7099 -17.2955 2.95
      vertex -17.2623 -18.8101 2.95
    endloop
  endfacet
  facet normal -0 0 -1
    outer loop
      vertex -16.7099 -17.2955 2.95
      vertex -17.5099 -18.6812 2.95
      vertex -16.8276 -17.2205 2.95
    endloop
  endfacet
  facet normal 0 0 -1
    outer loop
      vertex -17.7453 -18.5312 2.95
      vertex -16.8276 -17.2205 2.95
      vertex -17.5099 -18.6812 2.95
    endloop
  endfacet
  facet normal -0 0 -1
    outer loop
      vertex -16.8276 -17.2205 2.95
      vertex -17.7453 -18.5312 2.95
      vertex -16.9384 -17.1356 2.95
    endloop
  endfacet
  facet normal 0 0 -1
    outer loop
      vertex -17.9668 -18.3612 2.95
      vertex -16.9384 -17.1356 2.95
      vertex -17.7453 -18.5312 2.95
    endloop
  endfacet
  facet normal -0 0 -1
    outer loop
      vertex -16.9384 -17.1356 2.95
      vertex -17.9668 -18.3612 2.95
      vertex -17.0413 -17.0413 2.95
    endloop
  endfacet
  facet normal 0 0 -1
    outer loop
      vertex -18.1726 -18.1726 2.95
      vertex -17.0413 -17.0413 2.95
      vertex -17.9668 -18.3612 2.95
    endloop
  endfacet
  facet normal -0 0 -1
    outer loop
      vertex -17.0413 -17.0413 2.95
      vertex -18.1726 -18.1726 2.95
      vertex -17.1356 -16.9384 2.95
    endloop
  endfacet
  facet normal 0 0 -1
    outer loop
      vertex -18.3612 -17.9668 2.95
      vertex -17.1356 -16.9384 2.95
      vertex -18.1726 -18.1726 2.95
    endloop
  endfacet
  facet normal -0 0 -1
    outer loop
      vertex -17.1356 -16.9384 2.95
      vertex -18.3612 -17.9668 2.95
      vertex -17.2205 -16.8276 2.95
    endloop
  endfacet
  facet normal 0 0 -1
    outer loop
      vertex -18.5312 -17.7453 2.95
      vertex -17.2205 -16.8276 2.95
      vertex -18.3612 -17.9668 2.95
    endloop
  endfacet
  facet normal -0 0 -1
    outer loop
      vertex -17.2205 -16.8276 2.95
      vertex -18.5312 -17.7453 2.95
      vertex -17.2955 -16.7099 2.95
    endloop
  endfacet
  facet normal 0 0 -1
    outer loop
      vertex -18.6812 -17.5099 2.95
      vertex -17.2955 -16.7099 2.95
      vertex -18.5312 -17.7453 2.95
    endloop
  endfacet
  facet normal -0 0 -1
    outer loop
      vertex -17.2955 -16.7099 2.95
      vertex -18.6812 -17.5099 2.95
      vertex -17.36 -16.5861 2.95
    endloop
  endfacet
  facet normal 0 0 -1
    outer loop
      vertex -18.8101 -17.2623 2.95
      vertex -17.36 -16.5861 2.95
      vertex -18.6812 -17.5099 2.95
    endloop
  endfacet
  facet normal 0 0 -1
    outer loop
      vertex -17.5099 -15.9099 2.95
      vertex -17.7453 -13.2886 2.95
      vertex -17.5099 -13.1386 2.95
    endloop
  endfacet
  facet normal -0 0 -1
    outer loop
      vertex -17.36 -16.5861 2.95
      vertex -18.8101 -17.2623 2.95
      vertex -17.4134 -16.4571 2.95
    endloop
  endfacet
  facet normal 0 0 -1
    outer loop
      vertex -17.5099 -15.9099 2.95
      vertex -17.9668 -13.4586 2.95
      vertex -17.7453 -13.2886 2.95
    endloop
  endfacet
  facet normal 0 0 -1
    outer loop
      vertex -18.9169 -17.0044 2.95
      vertex -17.4134 -16.4571 2.95
      vertex -18.8101 -17.2623 2.95
    endloop
  endfacet
  facet normal 0 0 -1
    outer loop
      vertex -17.5099 -15.9099 2.95
      vertex -18.1726 -13.6472 2.95
      vertex -17.9668 -13.4586 2.95
    endloop
  endfacet
  facet normal -0 0 -1
    outer loop
      vertex -17.4134 -16.4571 2.95
      vertex -18.9169 -17.0044 2.95
      vertex -17.4554 -16.324 2.95
    endloop
  endfacet
  facet normal 0 0 -1
    outer loop
      vertex -17.5099 -15.9099 2.95
      vertex -18.3612 -13.853 2.95
      vertex -18.1726 -13.6472 2.95
    endloop
  endfacet
  facet normal 0 0 -1
    outer loop
      vertex -19.0009 -16.7381 2.95
      vertex -17.4554 -16.324 2.95
      vertex -18.9169 -17.0044 2.95
    endloop
  endfacet
  facet normal 0 0 -1
    outer loop
      vertex -17.5099 -15.9099 2.95
      vertex -18.5312 -14.0745 2.95
      vertex -18.3612 -13.853 2.95
    endloop
  endfacet
  facet normal -0 0 -1
    outer loop
      vertex -17.4554 -16.324 2.95
      vertex -19.0009 -16.7381 2.95
      vertex -17.4856 -16.1877 2.95
    endloop
  endfacet
  facet normal 0 0 -1
    outer loop
      vertex -17.5099 -15.9099 2.95
      vertex -18.6812 -14.3099 2.95
      vertex -18.5312 -14.0745 2.95
    endloop
  endfacet
  facet normal 0 0 -1
    outer loop
      vertex -19.0613 -16.4656 2.95
      vertex -17.4856 -16.1877 2.95
      vertex -19.0009 -16.7381 2.95
    endloop
  endfacet
  facet normal 0 0 -1
    outer loop
      vertex -17.5099 -15.9099 2.95
      vertex -18.8101 -14.5575 2.95
      vertex -18.6812 -14.3099 2.95
    endloop
  endfacet
  facet normal -0 0 -1
    outer loop
      vertex -17.4856 -16.1877 2.95
      vertex -19.0613 -16.4656 2.95
      vertex -17.5038 -16.0494 2.95
    endloop
  endfacet
  facet normal 0 0 -1
    outer loop
      vertex -17.5099 -15.9099 2.95
      vertex -18.9169 -14.8154 2.95
      vertex -18.8101 -14.5575 2.95
    endloop
  endfacet
  facet normal 0 0 -1
    outer loop
      vertex -19.0977 -16.1888 2.95
      vertex -17.5038 -16.0494 2.95
      vertex -19.0613 -16.4656 2.95
    endloop
  endfacet
  facet normal 0 0 -1
    outer loop
      vertex -17.5099 -15.9099 2.95
      vertex -19.0009 -15.0817 2.95
      vertex -18.9169 -14.8154 2.95
    endloop
  endfacet
  facet normal -0 0 -1
    outer loop
      vertex -17.5038 -16.0494 2.95
      vertex -19.0977 -16.1888 2.95
      vertex -17.5099 -15.9099 2.95
    endloop
  endfacet
  facet normal 0 0 -1
    outer loop
      vertex -17.5099 -15.9099 2.95
      vertex -19.0613 -15.3542 2.95
      vertex -19.0009 -15.0817 2.95
    endloop
  endfacet
  facet normal 0 0 -1
    outer loop
      vertex -19.1099 -15.9099 2.95
      vertex -17.5099 -15.9099 2.95
      vertex -19.0977 -16.1888 2.95
    endloop
  endfacet
  facet normal 0 0 -1
    outer loop
      vertex -17.5099 -15.9099 2.95
      vertex -19.0977 -15.631 2.95
      vertex -19.0613 -15.3542 2.95
    endloop
  endfacet
  facet normal 0 0 -1
    outer loop
      vertex -17.5099 -15.9099 2.95
      vertex -19.1099 -15.9099 2.95
      vertex -19.0977 -15.631 2.95
    endloop
  endfacet
  facet normal -0 0 -1
    outer loop
      vertex -13.1386 -14.3099 2.95
      vertex -14.5243 -15.1099 2.95
      vertex -13.2886 -14.0745 2.95
    endloop
  endfacet
  facet normal 0 0 -1
    outer loop
      vertex -14.5993 -14.9922 2.95
      vertex -13.2886 -14.0745 2.95
      vertex -14.5243 -15.1099 2.95
    endloop
  endfacet
  facet normal -0 0 -1
    outer loop
      vertex -13.2886 -14.0745 2.95
      vertex -14.5993 -14.9922 2.95
      vertex -13.4586 -13.853 2.95
    endloop
  endfacet
  facet normal 0 0 -1
    outer loop
      vertex -14.6842 -14.8814 2.95
      vertex -13.4586 -13.853 2.95
      vertex -14.5993 -14.9922 2.95
    endloop
  endfacet
  facet normal -0 0 -1
    outer loop
      vertex -13.4586 -13.853 2.95
      vertex -14.6842 -14.8814 2.95
      vertex -13.6472 -13.6472 2.95
    endloop
  endfacet
  facet normal 0 0 -1
    outer loop
      vertex -14.7785 -14.7785 2.95
      vertex -13.6472 -13.6472 2.95
      vertex -14.6842 -14.8814 2.95
    endloop
  endfacet
  facet normal -0 0 -1
    outer loop
      vertex -13.6472 -13.6472 2.95
      vertex -14.7785 -14.7785 2.95
      vertex -13.853 -13.4586 2.95
    endloop
  endfacet
  facet normal 0 0 -1
    outer loop
      vertex -14.8814 -14.6842 2.95
      vertex -13.853 -13.4586 2.95
      vertex -14.7785 -14.7785 2.95
    endloop
  endfacet
  facet normal -0 0 -1
    outer loop
      vertex -13.853 -13.4586 2.95
      vertex -14.8814 -14.6842 2.95
      vertex -14.0745 -13.2886 2.95
    endloop
  endfacet
  facet normal 0 0 -1
    outer loop
      vertex -14.9922 -14.5993 2.95
      vertex -14.0745 -13.2886 2.95
      vertex -14.8814 -14.6842 2.95
    endloop
  endfacet
  facet normal -0 0 -1
    outer loop
      vertex -14.0745 -13.2886 2.95
      vertex -14.9922 -14.5993 2.95
      vertex -14.3099 -13.1386 2.95
    endloop
  endfacet
  facet normal 0 0 -1
    outer loop
      vertex -15.1099 -14.5243 2.95
      vertex -14.3099 -13.1386 2.95
      vertex -14.9922 -14.5993 2.95
    endloop
  endfacet
  facet normal -0 0 -1
    outer loop
      vertex -14.3099 -13.1386 2.95
      vertex -15.1099 -14.5243 2.95
      vertex -14.5575 -13.0097 2.95
    endloop
  endfacet
  facet normal 0 0 -1
    outer loop
      vertex -15.2337 -14.4598 2.95
      vertex -14.5575 -13.0097 2.95
      vertex -15.1099 -14.5243 2.95
    endloop
  endfacet
  facet normal -0 0 -1
    outer loop
      vertex -14.5575 -13.0097 2.95
      vertex -15.2337 -14.4598 2.95
      vertex -14.8154 -12.9029 2.95
    endloop
  endfacet
  facet normal 0 0 -1
    outer loop
      vertex -15.3627 -14.4064 2.95
      vertex -14.8154 -12.9029 2.95
      vertex -15.2337 -14.4598 2.95
    endloop
  endfacet
  facet normal -0 0 -1
    outer loop
      vertex -14.8154 -12.9029 2.95
      vertex -15.3627 -14.4064 2.95
      vertex -15.0817 -12.8189 2.95
    endloop
  endfacet
  facet normal 0 0 -1
    outer loop
      vertex -15.4958 -14.3644 2.95
      vertex -15.0817 -12.8189 2.95
      vertex -15.3627 -14.4064 2.95
    endloop
  endfacet
  facet normal -0 0 -1
    outer loop
      vertex -15.0817 -12.8189 2.95
      vertex -15.4958 -14.3644 2.95
      vertex -15.3542 -12.7585 2.95
    endloop
  endfacet
  facet normal 0 0 -1
    outer loop
      vertex -15.6321 -14.3342 2.95
      vertex -15.3542 -12.7585 2.95
      vertex -15.4958 -14.3644 2.95
    endloop
  endfacet
  facet normal -0 0 -1
    outer loop
      vertex -15.3542 -12.7585 2.95
      vertex -15.6321 -14.3342 2.95
      vertex -15.631 -12.7221 2.95
    endloop
  endfacet
  facet normal 0 0 -1
    outer loop
      vertex -15.7705 -14.316 2.95
      vertex -15.631 -12.7221 2.95
      vertex -15.6321 -14.3342 2.95
    endloop
  endfacet
  facet normal 0 0 -1
    outer loop
      vertex -15.9099 -14.3099 2.95
      vertex -15.631 -12.7221 2.95
      vertex -15.7705 -14.316 2.95
    endloop
  endfacet
  facet normal 0 0 -1
    outer loop
      vertex -15.9099 -14.3099 2.95
      vertex -15.9099 -12.7099 2.95
      vertex -15.631 -12.7221 2.95
    endloop
  endfacet
  facet normal 0 0 -1
    outer loop
      vertex -16.0494 -14.316 2.95
      vertex -15.9099 -12.7099 2.95
      vertex -15.9099 -14.3099 2.95
    endloop
  endfacet
  facet normal 0 0 -1
    outer loop
      vertex -16.1888 -12.7221 2.95
      vertex -16.0494 -14.316 2.95
      vertex -16.1877 -14.3342 2.95
    endloop
  endfacet
  facet normal 0 0 -1
    outer loop
      vertex -16.0494 -14.316 2.95
      vertex -16.1888 -12.7221 2.95
      vertex -15.9099 -12.7099 2.95
    endloop
  endfacet
  facet normal 0 0 -1
    outer loop
      vertex -16.4656 -12.7585 2.95
      vertex -16.1877 -14.3342 2.95
      vertex -16.324 -14.3644 2.95
    endloop
  endfacet
  facet normal 0 0 -1
    outer loop
      vertex -16.7381 -12.8189 2.95
      vertex -16.324 -14.3644 2.95
      vertex -16.4571 -14.4064 2.95
    endloop
  endfacet
  facet normal 0 0 -1
    outer loop
      vertex -16.1877 -14.3342 2.95
      vertex -16.4656 -12.7585 2.95
      vertex -16.1888 -12.7221 2.95
    endloop
  endfacet
  facet normal 0 0 -1
    outer loop
      vertex -17.0044 -12.9029 2.95
      vertex -16.4571 -14.4064 2.95
      vertex -16.5861 -14.4598 2.95
    endloop
  endfacet
  facet normal 0 0 -1
    outer loop
      vertex -17.2623 -13.0097 2.95
      vertex -16.5861 -14.4598 2.95
      vertex -16.7099 -14.5243 2.95
    endloop
  endfacet
  facet normal 0 0 -1
    outer loop
      vertex -16.324 -14.3644 2.95
      vertex -16.7381 -12.8189 2.95
      vertex -16.4656 -12.7585 2.95
    endloop
  endfacet
  facet normal 0 0 -1
    outer loop
      vertex -17.5099 -13.1386 2.95
      vertex -16.7099 -14.5243 2.95
      vertex -16.8276 -14.5993 2.95
    endloop
  endfacet
  facet normal 0 0 -1
    outer loop
      vertex -17.5099 -13.1386 2.95
      vertex -16.8276 -14.5993 2.95
      vertex -16.9384 -14.6842 2.95
    endloop
  endfacet
  facet normal 0 0 -1
    outer loop
      vertex -16.4571 -14.4064 2.95
      vertex -17.0044 -12.9029 2.95
      vertex -16.7381 -12.8189 2.95
    endloop
  endfacet
  facet normal 0 0 -1
    outer loop
      vertex -17.5099 -13.1386 2.95
      vertex -16.9384 -14.6842 2.95
      vertex -17.0413 -14.7785 2.95
    endloop
  endfacet
  facet normal 0 0 -1
    outer loop
      vertex -17.5099 -13.1386 2.95
      vertex -17.0413 -14.7785 2.95
      vertex -17.1356 -14.8814 2.95
    endloop
  endfacet
  facet normal 0 0 -1
    outer loop
      vertex -17.5099 -13.1386 2.95
      vertex -17.1356 -14.8814 2.95
      vertex -17.2205 -14.9922 2.95
    endloop
  endfacet
  facet normal 0 0 -1
    outer loop
      vertex -16.5861 -14.4598 2.95
      vertex -17.2623 -13.0097 2.95
      vertex -17.0044 -12.9029 2.95
    endloop
  endfacet
  facet normal 0 0 -1
    outer loop
      vertex -17.5099 -13.1386 2.95
      vertex -17.2205 -14.9922 2.95
      vertex -17.2955 -15.1099 2.95
    endloop
  endfacet
  facet normal 0 0 -1
    outer loop
      vertex -17.5099 -13.1386 2.95
      vertex -17.2955 -15.1099 2.95
      vertex -17.36 -15.2337 2.95
    endloop
  endfacet
  facet normal 0 0 -1
    outer loop
      vertex -17.5099 -13.1386 2.95
      vertex -17.36 -15.2337 2.95
      vertex -17.4134 -15.3627 2.95
    endloop
  endfacet
  facet normal 0 0 -1
    outer loop
      vertex -17.5099 -13.1386 2.95
      vertex -17.4134 -15.3627 2.95
      vertex -17.4554 -15.4958 2.95
    endloop
  endfacet
  facet normal 0 0 -1
    outer loop
      vertex -17.5099 -13.1386 2.95
      vertex -17.4554 -15.4958 2.95
      vertex -17.4856 -15.6321 2.95
    endloop
  endfacet
  facet normal 0 0 -1
    outer loop
      vertex -17.5099 -13.1386 2.95
      vertex -17.4856 -15.6321 2.95
      vertex -17.5038 -15.7705 2.95
    endloop
  endfacet
  facet normal 0 0 -1
    outer loop
      vertex -16.7099 -14.5243 2.95
      vertex -17.5099 -13.1386 2.95
      vertex -17.2623 -13.0097 2.95
    endloop
  endfacet
  facet normal 0 0 -1
    outer loop
      vertex -17.5099 -13.1386 2.95
      vertex -17.5038 -15.7705 2.95
      vertex -17.5099 -15.9099 2.95
    endloop
  endfacet
  facet normal -0.95368 0.300823 0
    outer loop
      vertex -12.9029 -17.0044 0
      vertex -12.8189 -16.7381 2.95
      vertex -12.8189 -16.7381 0
    endloop
  endfacet
  facet normal -0.95368 0.300823 0
    outer loop
      vertex -12.8189 -16.7381 2.95
      vertex -12.9029 -17.0044 0
      vertex -12.9029 -17.0044 2.95
    endloop
  endfacet
  facet normal 0.608221 -0.793768 0
    outer loop
      vertex -16.9384 17.1356 2.95
      vertex -16.8276 17.2205 9
      vertex -16.9384 17.1356 9
    endloop
  endfacet
  facet normal 0.608221 -0.793768 0
    outer loop
      vertex -16.8276 17.2205 9
      vertex -16.9384 17.1356 2.95
      vertex -16.8276 17.2205 2.95
    endloop
  endfacet
  facet normal 0.675627 -0.737243 0
    outer loop
      vertex -17.0413 17.0413 2.95
      vertex -16.9384 17.1356 9
      vertex -17.0413 17.0413 9
    endloop
  endfacet
  facet normal 0.675627 -0.737243 0
    outer loop
      vertex -16.9384 17.1356 9
      vertex -17.0413 17.0413 2.95
      vertex -16.9384 17.1356 2.95
    endloop
  endfacet
  facet normal 0.537385 -0.843337 0
    outer loop
      vertex -16.8276 17.2205 2.95
      vertex -16.7099 17.2955 9
      vertex -16.8276 17.2205 9
    endloop
  endfacet
  facet normal 0.537385 -0.843337 0
    outer loop
      vertex -16.7099 17.2955 9
      vertex -16.8276 17.2205 2.95
      vertex -16.7099 17.2955 2.95
    endloop
  endfacet
  facet normal -0.13038 -0.991464 0
    outer loop
      vertex -15.7705 17.5038 2.95
      vertex -15.6321 17.4856 9
      vertex -15.7705 17.5038 9
    endloop
  endfacet
  facet normal -0.13038 -0.991464 -0
    outer loop
      vertex -15.6321 17.4856 9
      vertex -15.7705 17.5038 2.95
      vertex -15.6321 17.4856 2.95
    endloop
  endfacet
  facet normal 0.999045 -0.0436859 0
    outer loop
      vertex -17.5099 15.9099 9
      vertex -17.5038 16.0494 2.95
      vertex -17.5038 16.0494 9
    endloop
  endfacet
  facet normal 0.999045 -0.0436859 0
    outer loop
      vertex -17.5038 16.0494 2.95
      vertex -17.5099 15.9099 9
      vertex -17.5099 15.9099 2.95
    endloop
  endfacet
  facet normal -0.991452 -0.130473 0
    outer loop
      vertex -14.316 16.0494 2.95
      vertex -14.3342 16.1877 9.5
      vertex -14.3342 16.1877 2.95
    endloop
  endfacet
  facet normal -0.991452 -0.130473 0
    outer loop
      vertex -14.3342 16.1877 9.5
      vertex -14.316 16.0494 2.95
      vertex -14.316 16.0494 9.5
    endloop
  endfacet
  facet normal -0.976322 -0.216324 0
    outer loop
      vertex -14.3342 16.1877 2.95
      vertex -14.3644 16.324 9.5
      vertex -14.3644 16.324 2.95
    endloop
  endfacet
  facet normal -0.976322 -0.216324 0
    outer loop
      vertex -14.3644 16.324 9.5
      vertex -14.3342 16.1877 2.95
      vertex -14.3342 16.1877 9.5
    endloop
  endfacet
  facet normal -0.300926 -0.953648 0
    outer loop
      vertex -15.4958 17.4554 2.95
      vertex -15.3627 17.4134 9
      vertex -15.4958 17.4554 9
    endloop
  endfacet
  facet normal -0.300926 -0.953648 -0
    outer loop
      vertex -15.3627 17.4134 9
      vertex -15.4958 17.4554 2.95
      vertex -15.3627 17.4134 2.95
    endloop
  endfacet
  facet normal -0.953648 -0.300926 0
    outer loop
      vertex -14.3644 16.324 2.95
      vertex -14.4064 16.4571 9.5
      vertex -14.4064 16.4571 2.95
    endloop
  endfacet
  facet normal -0.953648 -0.300926 0
    outer loop
      vertex -14.4064 16.4571 9.5
      vertex -14.3644 16.324 2.95
      vertex -14.3644 16.324 9.5
    endloop
  endfacet
  facet normal -0.923964 -0.382478 0
    outer loop
      vertex -14.4064 16.4571 2.95
      vertex -14.4598 16.5861 9.5
      vertex -14.4598 16.5861 2.95
    endloop
  endfacet
  facet normal -0.923964 -0.382478 0
    outer loop
      vertex -14.4598 16.5861 9.5
      vertex -14.4064 16.4571 2.95
      vertex -14.4064 16.4571 9.5
    endloop
  endfacet
  facet normal -0.991464 0.13038 0
    outer loop
      vertex -14.3342 15.6321 2.95
      vertex -14.316 15.7705 9.5
      vertex -14.316 15.7705 2.95
    endloop
  endfacet
  facet normal -0.991464 0.13038 0
    outer loop
      vertex -14.316 15.7705 9.5
      vertex -14.3342 15.6321 2.95
      vertex -14.3342 15.6321 9.5
    endloop
  endfacet
  facet normal 0.130473 0.991452 -0
    outer loop
      vertex -16.0494 14.316 2.95
      vertex -16.1877 14.3342 9.5
      vertex -16.0494 14.316 9.5
    endloop
  endfacet
  facet normal 0.130473 0.991452 0
    outer loop
      vertex -16.1877 14.3342 9.5
      vertex -16.0494 14.316 2.95
      vertex -16.1877 14.3342 2.95
    endloop
  endfacet
  facet normal 0.923964 -0.382478 0
    outer loop
      vertex -17.4134 16.4571 9
      vertex -17.36 16.5861 2.95
      vertex -17.36 16.5861 9
    endloop
  endfacet
  facet normal 0.923964 -0.382478 0
    outer loop
      vertex -17.36 16.5861 2.95
      vertex -17.4134 16.4571 9
      vertex -17.4134 16.4571 2.95
    endloop
  endfacet
  facet normal 0.382478 -0.923964 0
    outer loop
      vertex -16.5861 17.36 2.95
      vertex -16.4571 17.4134 9
      vertex -16.5861 17.36 9
    endloop
  endfacet
  facet normal 0.382478 -0.923964 0
    outer loop
      vertex -16.4571 17.4134 9
      vertex -16.5861 17.36 2.95
      vertex -16.4571 17.4134 2.95
    endloop
  endfacet
  facet normal -0.216324 -0.976322 0
    outer loop
      vertex -15.6321 17.4856 2.95
      vertex -15.4958 17.4554 9
      vertex -15.6321 17.4856 9
    endloop
  endfacet
  facet normal -0.216324 -0.976322 -0
    outer loop
      vertex -15.4958 17.4554 9
      vertex -15.6321 17.4856 2.95
      vertex -15.4958 17.4554 2.95
    endloop
  endfacet
  facet normal -0.675627 0.737243 0
    outer loop
      vertex -14.7785 14.7785 2.95
      vertex -14.8814 14.6842 9.5
      vertex -14.7785 14.7785 9.5
    endloop
  endfacet
  facet normal -0.675627 0.737243 0
    outer loop
      vertex -14.8814 14.6842 9.5
      vertex -14.7785 14.7785 2.95
      vertex -14.8814 14.6842 2.95
    endloop
  endfacet
  facet normal -0.300926 0.953648 0
    outer loop
      vertex -15.3627 14.4064 2.95
      vertex -15.4958 14.3644 9.5
      vertex -15.3627 14.4064 9.5
    endloop
  endfacet
  facet normal -0.300926 0.953648 0
    outer loop
      vertex -15.4958 14.3644 9.5
      vertex -15.3627 14.4064 2.95
      vertex -15.4958 14.3644 2.95
    endloop
  endfacet
  facet normal -0.843337 0.537385 0
    outer loop
      vertex -14.5993 14.9922 2.95
      vertex -14.5243 15.1099 9.5
      vertex -14.5243 15.1099 2.95
    endloop
  endfacet
  facet normal -0.843337 0.537385 0
    outer loop
      vertex -14.5243 15.1099 9.5
      vertex -14.5993 14.9922 2.95
      vertex -14.5993 14.9922 9.5
    endloop
  endfacet
  facet normal -0.793768 0.608221 0
    outer loop
      vertex -14.6842 14.8814 2.95
      vertex -14.5993 14.9922 9.5
      vertex -14.5993 14.9922 2.95
    endloop
  endfacet
  facet normal -0.793768 0.608221 0
    outer loop
      vertex -14.5993 14.9922 9.5
      vertex -14.6842 14.8814 2.95
      vertex -14.6842 14.8814 9.5
    endloop
  endfacet
  facet normal 0.886853 0.462052 0
    outer loop
      vertex -17.2955 15.1099 9.5
      vertex -17.36 15.2337 2.95
      vertex -17.36 15.2337 9.5
    endloop
  endfacet
  facet normal 0.886853 0.462052 0
    outer loop
      vertex -17.36 15.2337 2.95
      vertex -17.2955 15.1099 9.5
      vertex -17.2955 15.1099 2.95
    endloop
  endfacet
  facet normal -0.886853 -0.462052 0
    outer loop
      vertex -14.4598 16.5861 2.95
      vertex -14.5243 16.7099 9.5
      vertex -14.5243 16.7099 2.95
    endloop
  endfacet
  facet normal -0.886853 -0.462052 0
    outer loop
      vertex -14.5243 16.7099 9.5
      vertex -14.4598 16.5861 2.95
      vertex -14.4598 16.5861 9.5
    endloop
  endfacet
  facet normal -0.382024 -0.924153 -0
    outer loop
      vertex -15.3627 17.4134 9
      vertex -15.3627 17.4134 2.95
      vertex -15.2715 17.3757 9
    endloop
  endfacet
  facet normal -0.383574 -0.92351 0
    outer loop
      vertex -15.2715 17.3757 9
      vertex -15.2337 17.36 9.5
      vertex -15.2715 17.3757 9.5
    endloop
  endfacet
  facet normal -0.382478 -0.923964 8.02675e-06
    outer loop
      vertex -15.2337 17.36 2.95
      vertex -15.2715 17.3757 9
      vertex -15.3627 17.4134 2.95
    endloop
  endfacet
  facet normal -0.383574 -0.92351 0
    outer loop
      vertex -15.2715 17.3757 9
      vertex -15.2337 17.36 2.95
      vertex -15.2337 17.36 9.5
    endloop
  endfacet
  facet normal 0.843337 -0.537385 0
    outer loop
      vertex -17.2955 16.7099 9
      vertex -17.2205 16.8276 2.95
      vertex -17.2205 16.8276 9
    endloop
  endfacet
  facet normal 0.843337 -0.537385 0
    outer loop
      vertex -17.2205 16.8276 2.95
      vertex -17.2955 16.7099 9
      vertex -17.2955 16.7099 2.95
    endloop
  endfacet
  facet normal 0.300926 0.953648 -0
    outer loop
      vertex -16.324 14.3644 2.95
      vertex -16.4571 14.4064 9.5
      vertex -16.324 14.3644 9.5
    endloop
  endfacet
  facet normal 0.300926 0.953648 0
    outer loop
      vertex -16.4571 14.4064 9.5
      vertex -16.324 14.3644 2.95
      vertex -16.4571 14.4064 2.95
    endloop
  endfacet
  facet normal 0.216324 -0.976322 0
    outer loop
      vertex -16.324 17.4554 2.95
      vertex -16.1877 17.4856 9
      vertex -16.324 17.4554 9
    endloop
  endfacet
  facet normal 0.216324 -0.976322 0
    outer loop
      vertex -16.1877 17.4856 9
      vertex -16.324 17.4554 2.95
      vertex -16.1877 17.4856 2.95
    endloop
  endfacet
  facet normal 0.737243 0.675627 0
    outer loop
      vertex -17.0413 14.7785 9.5
      vertex -17.1356 14.8814 2.95
      vertex -17.1356 14.8814 9.5
    endloop
  endfacet
  facet normal 0.737243 0.675627 0
    outer loop
      vertex -17.1356 14.8814 2.95
      vertex -17.0413 14.7785 9.5
      vertex -17.0413 14.7785 2.95
    endloop
  endfacet
  facet normal 0.976322 0.216324 0
    outer loop
      vertex -17.4554 15.4958 9
      vertex -17.4856 15.6321 2.95
      vertex -17.4856 15.6321 9
    endloop
  endfacet
  facet normal 0.976322 0.216324 0
    outer loop
      vertex -17.4856 15.6321 2.95
      vertex -17.4554 15.4958 9
      vertex -17.4554 15.4958 2.95
    endloop
  endfacet
  facet normal 0.0436859 0.999045 -0
    outer loop
      vertex -15.9099 14.3099 2.95
      vertex -16.0494 14.316 9.5
      vertex -15.9099 14.3099 9.5
    endloop
  endfacet
  facet normal 0.0436859 0.999045 0
    outer loop
      vertex -16.0494 14.316 9.5
      vertex -15.9099 14.3099 2.95
      vertex -16.0494 14.316 2.95
    endloop
  endfacet
  facet normal -0.537385 0.843337 0
    outer loop
      vertex -14.9922 14.5993 2.95
      vertex -15.1099 14.5243 9.5
      vertex -14.9922 14.5993 9.5
    endloop
  endfacet
  facet normal -0.537385 0.843337 0
    outer loop
      vertex -15.1099 14.5243 9.5
      vertex -14.9922 14.5993 2.95
      vertex -15.1099 14.5243 2.95
    endloop
  endfacet
  facet normal 0.793768 0.608221 0
    outer loop
      vertex -17.1356 14.8814 9.5
      vertex -17.2205 14.9922 2.95
      vertex -17.2205 14.9922 9.5
    endloop
  endfacet
  facet normal 0.793768 0.608221 0
    outer loop
      vertex -17.2205 14.9922 2.95
      vertex -17.1356 14.8814 9.5
      vertex -17.1356 14.8814 2.95
    endloop
  endfacet
  facet normal -0.999045 -0.0436859 0
    outer loop
      vertex -14.3099 15.9099 2.95
      vertex -14.316 16.0494 9.5
      vertex -14.316 16.0494 2.95
    endloop
  endfacet
  facet normal -0.999045 -0.0436859 0
    outer loop
      vertex -14.316 16.0494 9.5
      vertex -14.3099 15.9099 2.95
      vertex -14.3099 15.9099 9.5
    endloop
  endfacet
  facet normal -0.382478 0.923964 0
    outer loop
      vertex -15.2337 14.4598 2.95
      vertex -15.3627 14.4064 9.5
      vertex -15.2337 14.4598 9.5
    endloop
  endfacet
  facet normal -0.382478 0.923964 0
    outer loop
      vertex -15.3627 14.4064 9.5
      vertex -15.2337 14.4598 2.95
      vertex -15.3627 14.4064 2.95
    endloop
  endfacet
  facet normal 0.793768 -0.608221 0
    outer loop
      vertex -17.2205 16.8276 9
      vertex -17.1356 16.9384 2.95
      vertex -17.1356 16.9384 9
    endloop
  endfacet
  facet normal 0.793768 -0.608221 0
    outer loop
      vertex -17.1356 16.9384 2.95
      vertex -17.2205 16.8276 9
      vertex -17.2205 16.8276 2.95
    endloop
  endfacet
  facet normal 0.737243 -0.675627 0
    outer loop
      vertex -17.1356 16.9384 9
      vertex -17.0413 17.0413 2.95
      vertex -17.0413 17.0413 9
    endloop
  endfacet
  facet normal 0.737243 -0.675627 0
    outer loop
      vertex -17.0413 17.0413 2.95
      vertex -17.1356 16.9384 9
      vertex -17.1356 16.9384 2.95
    endloop
  endfacet
  facet normal 0.462052 -0.886853 0
    outer loop
      vertex -16.7099 17.2955 2.95
      vertex -16.5861 17.36 9
      vertex -16.7099 17.2955 9
    endloop
  endfacet
  facet normal 0.462052 -0.886853 0
    outer loop
      vertex -16.5861 17.36 9
      vertex -16.7099 17.2955 2.95
      vertex -16.5861 17.36 2.95
    endloop
  endfacet
  facet normal 0.991452 -0.130473 0
    outer loop
      vertex -17.5038 16.0494 9
      vertex -17.4856 16.1877 2.95
      vertex -17.4856 16.1877 9
    endloop
  endfacet
  facet normal 0.991452 -0.130473 0
    outer loop
      vertex -17.4856 16.1877 2.95
      vertex -17.5038 16.0494 9
      vertex -17.5038 16.0494 2.95
    endloop
  endfacet
  facet normal -0.537385 -0.843337 0
    outer loop
      vertex -15.1099 17.2955 2.95
      vertex -14.9922 17.2205 9.5
      vertex -15.1099 17.2955 9.5
    endloop
  endfacet
  facet normal -0.537385 -0.843337 -0
    outer loop
      vertex -14.9922 17.2205 9.5
      vertex -15.1099 17.2955 2.95
      vertex -14.9922 17.2205 2.95
    endloop
  endfacet
  facet normal -0.608221 0.793768 0
    outer loop
      vertex -14.8814 14.6842 2.95
      vertex -14.9922 14.5993 9.5
      vertex -14.8814 14.6842 9.5
    endloop
  endfacet
  facet normal -0.608221 0.793768 0
    outer loop
      vertex -14.9922 14.5993 9.5
      vertex -14.8814 14.6842 2.95
      vertex -14.9922 14.5993 2.95
    endloop
  endfacet
  facet normal -0.462052 -0.886853 0
    outer loop
      vertex -15.2337 17.36 2.95
      vertex -15.1099 17.2955 9.5
      vertex -15.2337 17.36 9.5
    endloop
  endfacet
  facet normal -0.462052 -0.886853 -0
    outer loop
      vertex -15.1099 17.2955 9.5
      vertex -15.2337 17.36 2.95
      vertex -15.1099 17.2955 2.95
    endloop
  endfacet
  facet normal 0.843337 0.537385 0
    outer loop
      vertex -17.2205 14.9922 9.5
      vertex -17.2955 15.1099 2.95
      vertex -17.2955 15.1099 9.5
    endloop
  endfacet
  facet normal 0.843337 0.537385 0
    outer loop
      vertex -17.2955 15.1099 2.95
      vertex -17.2205 14.9922 9.5
      vertex -17.2205 14.9922 2.95
    endloop
  endfacet
  facet normal -0.675627 -0.737243 0
    outer loop
      vertex -14.8814 17.1356 2.95
      vertex -14.7785 17.0413 9.5
      vertex -14.8814 17.1356 9.5
    endloop
  endfacet
  facet normal -0.675627 -0.737243 -0
    outer loop
      vertex -14.7785 17.0413 9.5
      vertex -14.8814 17.1356 2.95
      vertex -14.7785 17.0413 2.95
    endloop
  endfacet
  facet normal 0.300926 -0.953648 0
    outer loop
      vertex -16.4571 17.4134 2.95
      vertex -16.324 17.4554 9
      vertex -16.4571 17.4134 9
    endloop
  endfacet
  facet normal 0.300926 -0.953648 0
    outer loop
      vertex -16.324 17.4554 9
      vertex -16.4571 17.4134 2.95
      vertex -16.324 17.4554 2.95
    endloop
  endfacet
  facet normal -0.976322 0.216324 0
    outer loop
      vertex -14.3644 15.4958 2.95
      vertex -14.3342 15.6321 9.5
      vertex -14.3342 15.6321 2.95
    endloop
  endfacet
  facet normal -0.976322 0.216324 0
    outer loop
      vertex -14.3342 15.6321 9.5
      vertex -14.3644 15.4958 2.95
      vertex -14.3644 15.4958 9.5
    endloop
  endfacet
  facet normal -0.953648 0.300926 0
    outer loop
      vertex -14.4064 15.3627 2.95
      vertex -14.3644 15.4958 9.5
      vertex -14.3644 15.4958 2.95
    endloop
  endfacet
  facet normal -0.953648 0.300926 0
    outer loop
      vertex -14.3644 15.4958 9.5
      vertex -14.4064 15.3627 2.95
      vertex -14.4064 15.3627 9.5
    endloop
  endfacet
  facet normal 0.953648 0.300926 0
    outer loop
      vertex -17.4134 15.3627 9
      vertex -17.4554 15.4958 2.95
      vertex -17.4554 15.4958 9
    endloop
  endfacet
  facet normal 0.953648 0.300926 0
    outer loop
      vertex -17.4554 15.4958 2.95
      vertex -17.4134 15.3627 9
      vertex -17.4134 15.3627 2.95
    endloop
  endfacet
  facet normal -0.843337 -0.537385 0
    outer loop
      vertex -14.5243 16.7099 2.95
      vertex -14.5993 16.8276 9.5
      vertex -14.5993 16.8276 2.95
    endloop
  endfacet
  facet normal -0.843337 -0.537385 0
    outer loop
      vertex -14.5993 16.8276 9.5
      vertex -14.5243 16.7099 2.95
      vertex -14.5243 16.7099 9.5
    endloop
  endfacet
  facet normal -0.793768 -0.608221 0
    outer loop
      vertex -14.5993 16.8276 2.95
      vertex -14.6842 16.9384 9.5
      vertex -14.6842 16.9384 2.95
    endloop
  endfacet
  facet normal -0.793768 -0.608221 0
    outer loop
      vertex -14.6842 16.9384 9.5
      vertex -14.5993 16.8276 2.95
      vertex -14.5993 16.8276 9.5
    endloop
  endfacet
  facet normal -0.0437171 -0.999044 0
    outer loop
      vertex -15.9099 17.5099 2.95
      vertex -15.7705 17.5038 9
      vertex -15.9099 17.5099 9
    endloop
  endfacet
  facet normal -0.0437171 -0.999044 -0
    outer loop
      vertex -15.7705 17.5038 9
      vertex -15.9099 17.5099 2.95
      vertex -15.7705 17.5038 2.95
    endloop
  endfacet
  facet normal -0.216324 0.976322 0
    outer loop
      vertex -15.4958 14.3644 2.95
      vertex -15.6321 14.3342 9.5
      vertex -15.4958 14.3644 9.5
    endloop
  endfacet
  facet normal -0.216324 0.976322 0
    outer loop
      vertex -15.6321 14.3342 9.5
      vertex -15.4958 14.3644 2.95
      vertex -15.6321 14.3342 2.95
    endloop
  endfacet
  facet normal -0.737243 -0.675627 0
    outer loop
      vertex -14.6842 16.9384 2.95
      vertex -14.7785 17.0413 9.5
      vertex -14.7785 17.0413 2.95
    endloop
  endfacet
  facet normal -0.737243 -0.675627 0
    outer loop
      vertex -14.7785 17.0413 9.5
      vertex -14.6842 16.9384 2.95
      vertex -14.6842 16.9384 9.5
    endloop
  endfacet
  facet normal 0.999044 0.0437171 0
    outer loop
      vertex -17.5038 15.7705 9
      vertex -17.5099 15.9099 2.95
      vertex -17.5099 15.9099 9
    endloop
  endfacet
  facet normal 0.999044 0.0437171 0
    outer loop
      vertex -17.5099 15.9099 2.95
      vertex -17.5038 15.7705 9
      vertex -17.5038 15.7705 2.95
    endloop
  endfacet
  facet normal -0.0437171 0.999044 0
    outer loop
      vertex -15.7705 14.316 2.95
      vertex -15.9099 14.3099 9.5
      vertex -15.7705 14.316 9.5
    endloop
  endfacet
  facet normal -0.0437171 0.999044 0
    outer loop
      vertex -15.9099 14.3099 9.5
      vertex -15.7705 14.316 2.95
      vertex -15.9099 14.3099 2.95
    endloop
  endfacet
  facet normal -0.13038 0.991464 0
    outer loop
      vertex -15.6321 14.3342 2.95
      vertex -15.7705 14.316 9.5
      vertex -15.6321 14.3342 9.5
    endloop
  endfacet
  facet normal -0.13038 0.991464 0
    outer loop
      vertex -15.7705 14.316 9.5
      vertex -15.6321 14.3342 2.95
      vertex -15.7705 14.316 2.95
    endloop
  endfacet
  facet normal 0.462052 0.886853 -0
    outer loop
      vertex -16.5861 14.4598 2.95
      vertex -16.7099 14.5243 9.5
      vertex -16.5861 14.4598 9.5
    endloop
  endfacet
  facet normal 0.462052 0.886853 0
    outer loop
      vertex -16.7099 14.5243 9.5
      vertex -16.5861 14.4598 2.95
      vertex -16.7099 14.5243 2.95
    endloop
  endfacet
  facet normal 0.924153 0.382024 0
    outer loop
      vertex -17.3757 15.2715 9
      vertex -17.4134 15.3627 2.95
      vertex -17.4134 15.3627 9
    endloop
  endfacet
  facet normal 0.92351 0.383574 -0
    outer loop
      vertex -17.36 15.2337 2.95
      vertex -17.3757 15.2715 9
      vertex -17.36 15.2337 9.5
    endloop
  endfacet
  facet normal 0.923964 0.382478 8.02675e-06
    outer loop
      vertex -17.3757 15.2715 9
      vertex -17.36 15.2337 2.95
      vertex -17.4134 15.3627 2.95
    endloop
  endfacet
  facet normal 0.92351 0.383574 0
    outer loop
      vertex -17.3757 15.2715 9.5
      vertex -17.36 15.2337 9.5
      vertex -17.3757 15.2715 9
    endloop
  endfacet
  facet normal 0.976322 -0.216324 0
    outer loop
      vertex -17.4856 16.1877 9
      vertex -17.4554 16.324 2.95
      vertex -17.4554 16.324 9
    endloop
  endfacet
  facet normal 0.976322 -0.216324 0
    outer loop
      vertex -17.4554 16.324 2.95
      vertex -17.4856 16.1877 9
      vertex -17.4856 16.1877 2.95
    endloop
  endfacet
  facet normal 0.953648 -0.300926 0
    outer loop
      vertex -17.4554 16.324 9
      vertex -17.4134 16.4571 2.95
      vertex -17.4134 16.4571 9
    endloop
  endfacet
  facet normal 0.953648 -0.300926 0
    outer loop
      vertex -17.4134 16.4571 2.95
      vertex -17.4554 16.324 9
      vertex -17.4554 16.324 2.95
    endloop
  endfacet
  facet normal 0 0 -1
    outer loop
      vertex -16.3695 16.3695 9.5
      vertex -14.3099 15.9099 9.5
      vertex -14.316 15.7705 9.5
    endloop
  endfacet
  facet normal 0 0 -1
    outer loop
      vertex -16.3695 16.3695 9.5
      vertex -14.316 15.7705 9.5
      vertex -14.3342 15.6321 9.5
    endloop
  endfacet
  facet normal 0 0 -1
    outer loop
      vertex -14.3099 15.9099 9.5
      vertex -16.3695 16.3695 9.5
      vertex -14.316 16.0494 9.5
    endloop
  endfacet
  facet normal 0 0 -1
    outer loop
      vertex -16.3695 16.3695 9.5
      vertex -14.3342 15.6321 9.5
      vertex -14.3644 15.4958 9.5
    endloop
  endfacet
  facet normal 0 0 -1
    outer loop
      vertex -14.316 16.0494 9.5
      vertex -16.3695 16.3695 9.5
      vertex -14.3342 16.1877 9.5
    endloop
  endfacet
  facet normal 0 0 -1
    outer loop
      vertex -16.3695 16.3695 9.5
      vertex -14.3644 15.4958 9.5
      vertex -14.4064 15.3627 9.5
    endloop
  endfacet
  facet normal 0 0 -1
    outer loop
      vertex -14.3342 16.1877 9.5
      vertex -16.3695 16.3695 9.5
      vertex -14.3644 16.324 9.5
    endloop
  endfacet
  facet normal 0 0 -1
    outer loop
      vertex -16.3695 16.3695 9.5
      vertex -14.4064 15.3627 9.5
      vertex -14.4598 15.2337 9.5
    endloop
  endfacet
  facet normal 0 0 -1
    outer loop
      vertex -14.3644 16.324 9.5
      vertex -16.3695 16.3695 9.5
      vertex -14.4064 16.4571 9.5
    endloop
  endfacet
  facet normal 0 0 -1
    outer loop
      vertex -16.3695 16.3695 9.5
      vertex -14.4598 15.2337 9.5
      vertex -14.5243 15.1099 9.5
    endloop
  endfacet
  facet normal -0 0 -1
    outer loop
      vertex -14.4064 16.4571 9.5
      vertex -16.3695 16.3695 9.5
      vertex -14.4598 16.5861 9.5
    endloop
  endfacet
  facet normal 0 0 -1
    outer loop
      vertex -16.3695 16.3695 9.5
      vertex -14.5243 15.1099 9.5
      vertex -14.5993 14.9922 9.5
    endloop
  endfacet
  facet normal -0 0 -1
    outer loop
      vertex -14.4598 16.5861 9.5
      vertex -16.3695 16.3695 9.5
      vertex -14.5243 16.7099 9.5
    endloop
  endfacet
  facet normal 0 0 -1
    outer loop
      vertex -16.3695 16.3695 9.5
      vertex -14.5993 14.9922 9.5
      vertex -14.6842 14.8814 9.5
    endloop
  endfacet
  facet normal -0 0 -1
    outer loop
      vertex -14.5243 16.7099 9.5
      vertex -16.3695 16.3695 9.5
      vertex -14.5993 16.8276 9.5
    endloop
  endfacet
  facet normal 0 0 -1
    outer loop
      vertex -16.3695 16.3695 9.5
      vertex -14.6842 14.8814 9.5
      vertex -14.7785 14.7785 9.5
    endloop
  endfacet
  facet normal -0 0 -1
    outer loop
      vertex -14.5993 16.8276 9.5
      vertex -16.3695 16.3695 9.5
      vertex -14.6842 16.9384 9.5
    endloop
  endfacet
  facet normal 0 0 -1
    outer loop
      vertex -16.3695 16.3695 9.5
      vertex -14.7785 14.7785 9.5
      vertex -14.8814 14.6842 9.5
    endloop
  endfacet
  facet normal -0 0 -1
    outer loop
      vertex -14.6842 16.9384 9.5
      vertex -16.3695 16.3695 9.5
      vertex -14.7785 17.0413 9.5
    endloop
  endfacet
  facet normal 0 0 -1
    outer loop
      vertex -16.3695 16.3695 9.5
      vertex -14.8814 14.6842 9.5
      vertex -14.9922 14.5993 9.5
    endloop
  endfacet
  facet normal -0 0 -1
    outer loop
      vertex -14.7785 17.0413 9.5
      vertex -16.3695 16.3695 9.5
      vertex -14.8814 17.1356 9.5
    endloop
  endfacet
  facet normal 0 0 -1
    outer loop
      vertex -16.3695 16.3695 9.5
      vertex -14.9922 14.5993 9.5
      vertex -15.1099 14.5243 9.5
    endloop
  endfacet
  facet normal -0 0 -1
    outer loop
      vertex -14.8814 17.1356 9.5
      vertex -16.3695 16.3695 9.5
      vertex -14.9922 17.2205 9.5
    endloop
  endfacet
  facet normal 0 0 -1
    outer loop
      vertex -16.3695 16.3695 9.5
      vertex -15.1099 14.5243 9.5
      vertex -15.2337 14.4598 9.5
    endloop
  endfacet
  facet normal -0 0 -1
    outer loop
      vertex -14.9922 17.2205 9.5
      vertex -16.3695 16.3695 9.5
      vertex -15.1099 17.2955 9.5
    endloop
  endfacet
  facet normal -0 0 -1
    outer loop
      vertex -15.1099 17.2955 9.5
      vertex -16.3695 16.3695 9.5
      vertex -15.2337 17.36 9.5
    endloop
  endfacet
  facet normal 0 0 -1
    outer loop
      vertex -16.3695 16.3695 9.5
      vertex -15.2337 14.4598 9.5
      vertex -15.3627 14.4064 9.5
    endloop
  endfacet
  facet normal 0 0 -1
    outer loop
      vertex -16.3695 16.3695 9.5
      vertex -15.3627 14.4064 9.5
      vertex -15.4958 14.3644 9.5
    endloop
  endfacet
  facet normal 0 0 -1
    outer loop
      vertex -16.3695 16.3695 9.5
      vertex -15.4958 14.3644 9.5
      vertex -15.6321 14.3342 9.5
    endloop
  endfacet
  facet normal 0 0 -1
    outer loop
      vertex -16.3695 16.3695 9.5
      vertex -15.6321 14.3342 9.5
      vertex -15.7705 14.316 9.5
    endloop
  endfacet
  facet normal 0 0 -1
    outer loop
      vertex -16.3695 16.3695 9.5
      vertex -15.7705 14.316 9.5
      vertex -15.9099 14.3099 9.5
    endloop
  endfacet
  facet normal 0 0 -1
    outer loop
      vertex -16.3695 16.3695 9.5
      vertex -15.9099 14.3099 9.5
      vertex -16.0494 14.316 9.5
    endloop
  endfacet
  facet normal 0 0 -1
    outer loop
      vertex -16.3695 16.3695 9.5
      vertex -16.0494 14.316 9.5
      vertex -16.1877 14.3342 9.5
    endloop
  endfacet
  facet normal 0 0 -1
    outer loop
      vertex -16.3695 16.3695 9.5
      vertex -16.1877 14.3342 9.5
      vertex -16.324 14.3644 9.5
    endloop
  endfacet
  facet normal -0 0 -1
    outer loop
      vertex -15.2337 17.36 9.5
      vertex -16.3695 16.3695 9.5
      vertex -15.2715 17.3757 9.5
    endloop
  endfacet
  facet normal 0 0 -1
    outer loop
      vertex -16.4571 14.4064 9.5
      vertex -16.3695 16.3695 9.5
      vertex -16.324 14.3644 9.5
    endloop
  endfacet
  facet normal 0 0 -1
    outer loop
      vertex -16.5861 14.4598 9.5
      vertex -16.3695 16.3695 9.5
      vertex -16.4571 14.4064 9.5
    endloop
  endfacet
  facet normal 0 0 -1
    outer loop
      vertex -16.7099 14.5243 9.5
      vertex -16.3695 16.3695 9.5
      vertex -16.5861 14.4598 9.5
    endloop
  endfacet
  facet normal 0 0 -1
    outer loop
      vertex -16.8276 14.5993 9.5
      vertex -16.3695 16.3695 9.5
      vertex -16.7099 14.5243 9.5
    endloop
  endfacet
  facet normal 0 0 -1
    outer loop
      vertex -16.9384 14.6842 9.5
      vertex -16.3695 16.3695 9.5
      vertex -16.8276 14.5993 9.5
    endloop
  endfacet
  facet normal 0 0 -1
    outer loop
      vertex -17.0413 14.7785 9.5
      vertex -16.3695 16.3695 9.5
      vertex -16.9384 14.6842 9.5
    endloop
  endfacet
  facet normal 0 0 -1
    outer loop
      vertex -17.1356 14.8814 9.5
      vertex -16.3695 16.3695 9.5
      vertex -17.0413 14.7785 9.5
    endloop
  endfacet
  facet normal 0 0 -1
    outer loop
      vertex -17.2205 14.9922 9.5
      vertex -16.3695 16.3695 9.5
      vertex -17.1356 14.8814 9.5
    endloop
  endfacet
  facet normal 0 0 -1
    outer loop
      vertex -17.2955 15.1099 9.5
      vertex -16.3695 16.3695 9.5
      vertex -17.2205 14.9922 9.5
    endloop
  endfacet
  facet normal 0 0 -1
    outer loop
      vertex -17.36 15.2337 9.5
      vertex -16.3695 16.3695 9.5
      vertex -17.2955 15.1099 9.5
    endloop
  endfacet
  facet normal 0 0 -1
    outer loop
      vertex -16.3695 16.3695 9.5
      vertex -17.36 15.2337 9.5
      vertex -17.3757 15.2715 9.5
    endloop
  endfacet
  facet normal 0.886853 -0.462052 0
    outer loop
      vertex -17.36 16.5861 9
      vertex -17.2955 16.7099 2.95
      vertex -17.2955 16.7099 9
    endloop
  endfacet
  facet normal 0.886853 -0.462052 0
    outer loop
      vertex -17.2955 16.7099 2.95
      vertex -17.36 16.5861 9
      vertex -17.36 16.5861 2.95
    endloop
  endfacet
  facet normal 0.675627 0.737243 -0
    outer loop
      vertex -16.9384 14.6842 2.95
      vertex -17.0413 14.7785 9.5
      vertex -16.9384 14.6842 9.5
    endloop
  endfacet
  facet normal 0.675627 0.737243 0
    outer loop
      vertex -17.0413 14.7785 9.5
      vertex -16.9384 14.6842 2.95
      vertex -17.0413 14.7785 2.95
    endloop
  endfacet
  facet normal -0.923964 0.382478 0
    outer loop
      vertex -14.4598 15.2337 2.95
      vertex -14.4064 15.3627 9.5
      vertex -14.4064 15.3627 2.95
    endloop
  endfacet
  facet normal -0.923964 0.382478 0
    outer loop
      vertex -14.4064 15.3627 9.5
      vertex -14.4598 15.2337 2.95
      vertex -14.4598 15.2337 9.5
    endloop
  endfacet
  facet normal 0.991464 0.13038 0
    outer loop
      vertex -17.4856 15.6321 9
      vertex -17.5038 15.7705 2.95
      vertex -17.5038 15.7705 9
    endloop
  endfacet
  facet normal 0.991464 0.13038 0
    outer loop
      vertex -17.5038 15.7705 2.95
      vertex -17.4856 15.6321 9
      vertex -17.4856 15.6321 2.95
    endloop
  endfacet
  facet normal 0.0436859 -0.999045 0
    outer loop
      vertex -16.0494 17.5038 2.95
      vertex -15.9099 17.5099 9
      vertex -16.0494 17.5038 9
    endloop
  endfacet
  facet normal 0.0436859 -0.999045 0
    outer loop
      vertex -15.9099 17.5099 9
      vertex -16.0494 17.5038 2.95
      vertex -15.9099 17.5099 2.95
    endloop
  endfacet
  facet normal -0.737243 0.675627 0
    outer loop
      vertex -14.7785 14.7785 2.95
      vertex -14.6842 14.8814 9.5
      vertex -14.6842 14.8814 2.95
    endloop
  endfacet
  facet normal -0.737243 0.675627 0
    outer loop
      vertex -14.6842 14.8814 9.5
      vertex -14.7785 14.7785 2.95
      vertex -14.7785 14.7785 9.5
    endloop
  endfacet
  facet normal -0.999044 0.0437171 0
    outer loop
      vertex -14.316 15.7705 2.95
      vertex -14.3099 15.9099 9.5
      vertex -14.3099 15.9099 2.95
    endloop
  endfacet
  facet normal -0.999044 0.0437171 0
    outer loop
      vertex -14.3099 15.9099 9.5
      vertex -14.316 15.7705 2.95
      vertex -14.316 15.7705 9.5
    endloop
  endfacet
  facet normal -0.462052 0.886853 0
    outer loop
      vertex -15.1099 14.5243 2.95
      vertex -15.2337 14.4598 9.5
      vertex -15.1099 14.5243 9.5
    endloop
  endfacet
  facet normal -0.462052 0.886853 0
    outer loop
      vertex -15.2337 14.4598 9.5
      vertex -15.1099 14.5243 2.95
      vertex -15.2337 14.4598 2.95
    endloop
  endfacet
  facet normal -0.608221 -0.793768 0
    outer loop
      vertex -14.9922 17.2205 2.95
      vertex -14.8814 17.1356 9.5
      vertex -14.9922 17.2205 9.5
    endloop
  endfacet
  facet normal -0.608221 -0.793768 -0
    outer loop
      vertex -14.8814 17.1356 9.5
      vertex -14.9922 17.2205 2.95
      vertex -14.8814 17.1356 2.95
    endloop
  endfacet
  facet normal 0.216324 0.976322 -0
    outer loop
      vertex -16.1877 14.3342 2.95
      vertex -16.324 14.3644 9.5
      vertex -16.1877 14.3342 9.5
    endloop
  endfacet
  facet normal 0.216324 0.976322 0
    outer loop
      vertex -16.324 14.3644 9.5
      vertex -16.1877 14.3342 2.95
      vertex -16.324 14.3644 2.95
    endloop
  endfacet
  facet normal -0.886853 0.462052 0
    outer loop
      vertex -14.5243 15.1099 2.95
      vertex -14.4598 15.2337 9.5
      vertex -14.4598 15.2337 2.95
    endloop
  endfacet
  facet normal -0.886853 0.462052 0
    outer loop
      vertex -14.4598 15.2337 9.5
      vertex -14.5243 15.1099 2.95
      vertex -14.5243 15.1099 9.5
    endloop
  endfacet
  facet normal 0.382478 0.923964 -0
    outer loop
      vertex -16.4571 14.4064 2.95
      vertex -16.5861 14.4598 9.5
      vertex -16.4571 14.4064 9.5
    endloop
  endfacet
  facet normal 0.382478 0.923964 0
    outer loop
      vertex -16.5861 14.4598 9.5
      vertex -16.4571 14.4064 2.95
      vertex -16.5861 14.4598 2.95
    endloop
  endfacet
  facet normal 0.608221 0.793768 -0
    outer loop
      vertex -16.8276 14.5993 2.95
      vertex -16.9384 14.6842 9.5
      vertex -16.8276 14.5993 9.5
    endloop
  endfacet
  facet normal 0.608221 0.793768 0
    outer loop
      vertex -16.9384 14.6842 9.5
      vertex -16.8276 14.5993 2.95
      vertex -16.9384 14.6842 2.95
    endloop
  endfacet
  facet normal 0.537385 0.843337 -0
    outer loop
      vertex -16.7099 14.5243 2.95
      vertex -16.8276 14.5993 9.5
      vertex -16.7099 14.5243 9.5
    endloop
  endfacet
  facet normal 0.537385 0.843337 0
    outer loop
      vertex -16.8276 14.5993 9.5
      vertex -16.7099 14.5243 2.95
      vertex -16.8276 14.5993 2.95
    endloop
  endfacet
  facet normal 0.130473 -0.991452 0
    outer loop
      vertex -16.1877 17.4856 2.95
      vertex -16.0494 17.5038 9
      vertex -16.1877 17.4856 9
    endloop
  endfacet
  facet normal 0.130473 -0.991452 0
    outer loop
      vertex -16.0494 17.5038 9
      vertex -16.1877 17.4856 2.95
      vertex -16.0494 17.5038 2.95
    endloop
  endfacet
  facet normal -0.923912 0.382605 0
    outer loop
      vertex -13.0097 14.5575 0
      vertex -12.9029 14.8154 2.95
      vertex -12.9029 14.8154 0
    endloop
  endfacet
  facet normal -0.923912 0.382605 0
    outer loop
      vertex -12.9029 14.8154 2.95
      vertex -13.0097 14.5575 0
      vertex -13.0097 14.5575 2.95
    endloop
  endfacet
  facet normal -0.95368 -0.300823 0
    outer loop
      vertex -12.8189 16.7381 0
      vertex -12.9029 17.0044 2.95
      vertex -12.9029 17.0044 0
    endloop
  endfacet
  facet normal -0.95368 -0.300823 0
    outer loop
      vertex -12.9029 17.0044 2.95
      vertex -12.8189 16.7381 0
      vertex -12.8189 16.7381 2.95
    endloop
  endfacet
  facet normal 0.608845 -0.793289 0
    outer loop
      vertex -17.9668 18.3612 0.6
      vertex -17.7453 18.5312 2.95
      vertex -17.9668 18.3612 2.95
    endloop
  endfacet
  facet normal 0.608845 -0.793289 0
    outer loop
      vertex -17.7453 18.5312 2.95
      vertex -17.9668 18.3612 0.6
      vertex -17.7453 18.5312 0.6
    endloop
  endfacet
  facet normal 0.675627 -0.737243 0
    outer loop
      vertex -18.1726 18.1726 0.6
      vertex -17.9668 18.3612 2.95
      vertex -18.1726 18.1726 2.95
    endloop
  endfacet
  facet normal 0.675627 -0.737243 0
    outer loop
      vertex -17.9668 18.3612 2.95
      vertex -18.1726 18.1726 0.6
      vertex -17.9668 18.3612 0.6
    endloop
  endfacet
  facet normal 0.537385 -0.843337 0
    outer loop
      vertex -17.7453 18.5312 0.6
      vertex -17.5099 18.6812 2.95
      vertex -17.7453 18.5312 2.95
    endloop
  endfacet
  facet normal 0.537385 -0.843337 0
    outer loop
      vertex -17.5099 18.6812 2.95
      vertex -17.7453 18.5312 0.6
      vertex -17.5099 18.6812 0.6
    endloop
  endfacet
  facet normal -0.13038 0.991464 -1.70711e-05
    outer loop
      vertex -15.3542 12.7585 2.95
      vertex -15.5402 12.734 0.6
      vertex -15.631 12.7221 2.95
    endloop
  endfacet
  facet normal -0.130592 0.991436 0
    outer loop
      vertex -15.3542 12.7585 0
      vertex -15.5402 12.734 0.6
      vertex -15.3542 12.7585 2.95
    endloop
  endfacet
  facet normal -0.130592 0.991436 0
    outer loop
      vertex -15.5402 12.734 0.6
      vertex -15.3542 12.7585 0
      vertex -15.5402 12.734 0
    endloop
  endfacet
  facet normal -0.129946 0.991521 0
    outer loop
      vertex -15.631 12.7221 2.95
      vertex -15.5402 12.734 0.6
      vertex -15.631 12.7221 0.6
    endloop
  endfacet
  facet normal 0.46177 -0.887 0
    outer loop
      vertex -17.5099 18.6812 0.6
      vertex -17.2623 18.8101 2.95
      vertex -17.5099 18.6812 2.95
    endloop
  endfacet
  facet normal 0.46177 -0.887 0
    outer loop
      vertex -17.2623 18.8101 2.95
      vertex -17.5099 18.6812 0.6
      vertex -17.2623 18.8101 0.6
    endloop
  endfacet
  facet normal -0.382605 -0.923912 0
    outer loop
      vertex -14.8154 18.9169 0
      vertex -14.5575 18.8101 2.95
      vertex -14.8154 18.9169 2.95
    endloop
  endfacet
  facet normal -0.382605 -0.923912 -0
    outer loop
      vertex -14.5575 18.8101 2.95
      vertex -14.8154 18.9169 0
      vertex -14.5575 18.8101 0
    endloop
  endfacet
  facet normal 0.382605 -0.923912 0
    outer loop
      vertex -17.2623 18.8101 0.6
      vertex -17.0044 18.9169 2.95
      vertex -17.2623 18.8101 2.95
    endloop
  endfacet
  facet normal 0.382605 -0.923912 0
    outer loop
      vertex -17.0044 18.9169 2.95
      vertex -17.2623 18.8101 0.6
      vertex -17.0044 18.9169 0.6
    endloop
  endfacet
  facet normal 0.793289 -0.608845 0
    outer loop
      vertex -18.5312 17.7453 2.95
      vertex -18.3612 17.9668 0.6
      vertex -18.3612 17.9668 2.95
    endloop
  endfacet
  facet normal 0.793289 -0.608845 0
    outer loop
      vertex -18.3612 17.9668 0.6
      vertex -18.5312 17.7453 2.95
      vertex -18.5312 17.7453 0.6
    endloop
  endfacet
  facet normal -0.608845 0.793289 0
    outer loop
      vertex -13.853 13.4586 0
      vertex -14.0745 13.2886 2.95
      vertex -13.853 13.4586 2.95
    endloop
  endfacet
  facet normal -0.608845 0.793289 0
    outer loop
      vertex -14.0745 13.2886 2.95
      vertex -13.853 13.4586 0
      vertex -14.0745 13.2886 0
    endloop
  endfacet
  facet normal 0.999045 0.0437015 0
    outer loop
      vertex -19.0977 15.631 2.95
      vertex -19.1099 15.9099 0
      vertex -19.1099 15.9099 2.95
    endloop
  endfacet
  facet normal 0.999045 0.0437015 0
    outer loop
      vertex -19.1099 15.9099 0
      vertex -19.0977 15.631 2.95
      vertex -19.0977 15.631 0
    endloop
  endfacet
  facet normal 0.843337 0.537385 0
    outer loop
      vertex -18.5312 14.0745 2.95
      vertex -18.6812 14.3099 0
      vertex -18.6812 14.3099 2.95
    endloop
  endfacet
  facet normal 0.843337 0.537385 0
    outer loop
      vertex -18.6812 14.3099 0
      vertex -18.5312 14.0745 2.95
      vertex -18.5312 14.0745 0
    endloop
  endfacet
  facet normal -0.675627 -0.737243 0
    outer loop
      vertex -13.853 18.3612 0
      vertex -13.6472 18.1726 2.95
      vertex -13.853 18.3612 2.95
    endloop
  endfacet
  facet normal -0.675627 -0.737243 -0
    outer loop
      vertex -13.6472 18.1726 2.95
      vertex -13.853 18.3612 0
      vertex -13.6472 18.1726 0
    endloop
  endfacet
  facet normal 0.13038 0.991464 -0
    outer loop
      vertex -16.1888 12.7221 0.6
      vertex -16.4656 12.7585 2.95
      vertex -16.1888 12.7221 2.95
    endloop
  endfacet
  facet normal 0.13038 0.991464 0
    outer loop
      vertex -16.4656 12.7585 2.95
      vertex -16.1888 12.7221 0.6
      vertex -16.4656 12.7585 0.6
    endloop
  endfacet
  facet normal 0.843337 -0.537385 0
    outer loop
      vertex -18.6812 17.5099 2.95
      vertex -18.5312 17.7453 0.6
      vertex -18.5312 17.7453 2.95
    endloop
  endfacet
  facet normal 0.843337 -0.537385 0
    outer loop
      vertex -18.5312 17.7453 0.6
      vertex -18.6812 17.5099 2.95
      vertex -18.6812 17.5099 0.6
    endloop
  endfacet
  facet normal -0.675627 0.737243 0
    outer loop
      vertex -13.6472 13.6472 0
      vertex -13.853 13.4586 2.95
      vertex -13.6472 13.6472 2.95
    endloop
  endfacet
  facet normal -0.675627 0.737243 0
    outer loop
      vertex -13.853 13.4586 2.95
      vertex -13.6472 13.6472 0
      vertex -13.853 13.4586 0
    endloop
  endfacet
  facet normal 0.991493 -0.130162 0
    outer loop
      vertex -19.0613 16.4656 2.95
      vertex -19.0843 16.2904 0.6
      vertex -19.0613 16.4656 0.6
    endloop
  endfacet
  facet normal 0.991464 -0.13038 1.65833e-05
    outer loop
      vertex -19.0977 16.1888 2.95
      vertex -19.0843 16.2904 0.6
      vertex -19.0613 16.4656 2.95
    endloop
  endfacet
  facet normal 0.991414 -0.130757 0
    outer loop
      vertex -19.0977 16.1888 0
      vertex -19.0843 16.2904 0.6
      vertex -19.0977 16.1888 2.95
    endloop
  endfacet
  facet normal 0.991414 -0.130757 0
    outer loop
      vertex -19.0843 16.2904 0.6
      vertex -19.0977 16.1888 0
      vertex -19.0843 16.2904 0
    endloop
  endfacet
  facet normal -0.999045 0.0437015 0
    outer loop
      vertex -12.7221 15.631 0.6
      vertex -12.7099 15.9099 2.95
      vertex -12.7099 15.9099 0.6
    endloop
  endfacet
  facet normal -0.999045 0.0437015 0
    outer loop
      vertex -12.7099 15.9099 2.95
      vertex -12.7221 15.631 0.6
      vertex -12.7221 15.631 2.95
    endloop
  endfacet
  facet normal 0.887 -0.46177 0
    outer loop
      vertex -18.8101 17.2623 2.95
      vertex -18.6812 17.5099 0.6
      vertex -18.6812 17.5099 2.95
    endloop
  endfacet
  facet normal 0.887 -0.46177 0
    outer loop
      vertex -18.6812 17.5099 0.6
      vertex -18.8101 17.2623 2.95
      vertex -18.8101 17.2623 0.6
    endloop
  endfacet
  facet normal -0.537385 0.843337 0
    outer loop
      vertex -14.0745 13.2886 0
      vertex -14.3099 13.1386 2.95
      vertex -14.0745 13.2886 2.95
    endloop
  endfacet
  facet normal -0.537385 0.843337 0
    outer loop
      vertex -14.3099 13.1386 2.95
      vertex -14.0745 13.2886 0
      vertex -14.3099 13.1386 0
    endloop
  endfacet
  facet normal -0.887 0.46177 0
    outer loop
      vertex -13.1386 14.3099 0
      vertex -13.0097 14.5575 2.95
      vertex -13.0097 14.5575 0
    endloop
  endfacet
  facet normal -0.887 0.46177 0
    outer loop
      vertex -13.0097 14.5575 2.95
      vertex -13.1386 14.3099 0
      vertex -13.1386 14.3099 2.95
    endloop
  endfacet
  facet normal 0.793289 0.608845 0
    outer loop
      vertex -18.3612 13.853 2.95
      vertex -18.5312 14.0745 0
      vertex -18.5312 14.0745 2.95
    endloop
  endfacet
  facet normal 0.793289 0.608845 0
    outer loop
      vertex -18.5312 14.0745 0
      vertex -18.3612 13.853 2.95
      vertex -18.3612 13.853 0
    endloop
  endfacet
  facet normal 0.923912 -0.382605 0
    outer loop
      vertex -18.9169 17.0044 2.95
      vertex -18.8101 17.2623 0.6
      vertex -18.8101 17.2623 2.95
    endloop
  endfacet
  facet normal 0.923912 -0.382605 0
    outer loop
      vertex -18.8101 17.2623 0.6
      vertex -18.9169 17.0044 2.95
      vertex -18.9169 17.0044 0.6
    endloop
  endfacet
  facet normal -0.300823 -0.95368 0
    outer loop
      vertex -15.0817 19.0009 0
      vertex -14.8154 18.9169 2.95
      vertex -15.0817 19.0009 2.95
    endloop
  endfacet
  facet normal -0.300823 -0.95368 -0
    outer loop
      vertex -14.8154 18.9169 2.95
      vertex -15.0817 19.0009 0
      vertex -14.8154 18.9169 0
    endloop
  endfacet
  facet normal -0.13038 -0.991464 0
    outer loop
      vertex -15.631 19.0977 0
      vertex -15.3542 19.0613 2.95
      vertex -15.631 19.0977 2.95
    endloop
  endfacet
  facet normal -0.13038 -0.991464 -0
    outer loop
      vertex -15.3542 19.0613 2.95
      vertex -15.631 19.0977 0
      vertex -15.3542 19.0613 0
    endloop
  endfacet
  facet normal 0.130162 -0.991493 0
    outer loop
      vertex -16.2904 19.0843 0.6
      vertex -16.4656 19.0613 2.95
      vertex -16.4656 19.0613 0.6
    endloop
  endfacet
  facet normal 0.13038 -0.991464 1.65833e-05
    outer loop
      vertex -16.4656 19.0613 2.95
      vertex -16.2904 19.0843 0.6
      vertex -16.1888 19.0977 2.95
    endloop
  endfacet
  facet normal 0.130757 -0.991414 0
    outer loop
      vertex -16.1888 19.0977 0
      vertex -16.2904 19.0843 0.6
      vertex -16.2904 19.0843 0
    endloop
  endfacet
  facet normal 0.130757 -0.991414 0
    outer loop
      vertex -16.2904 19.0843 0.6
      vertex -16.1888 19.0977 0
      vertex -16.1888 19.0977 2.95
    endloop
  endfacet
  facet normal -0.976305 0.216399 0
    outer loop
      vertex -12.8189 15.0817 0
      vertex -12.7585 15.3542 2.95
      vertex -12.7585 15.3542 0
    endloop
  endfacet
  facet normal -0.976305 0.216399 0
    outer loop
      vertex -12.7585 15.3542 2.95
      vertex -12.8189 15.0817 0
      vertex -12.8189 15.0817 2.95
    endloop
  endfacet
  facet normal -0.991464 -0.13038 0
    outer loop
      vertex -12.7221 16.1888 0.6
      vertex -12.7585 16.4656 2.95
      vertex -12.7585 16.4656 0.6
    endloop
  endfacet
  facet normal -0.991464 -0.13038 0
    outer loop
      vertex -12.7585 16.4656 2.95
      vertex -12.7221 16.1888 0.6
      vertex -12.7221 16.1888 2.95
    endloop
  endfacet
  facet normal -0.793289 -0.608845 0
    outer loop
      vertex -13.2886 17.7453 0
      vertex -13.4586 17.9668 2.95
      vertex -13.4586 17.9668 0
    endloop
  endfacet
  facet normal -0.793289 -0.608845 0
    outer loop
      vertex -13.4586 17.9668 2.95
      vertex -13.2886 17.7453 0
      vertex -13.2886 17.7453 2.95
    endloop
  endfacet
  facet normal 0.0437015 -0.999045 0
    outer loop
      vertex -16.1888 19.0977 0
      vertex -15.9099 19.1099 2.95
      vertex -16.1888 19.0977 2.95
    endloop
  endfacet
  facet normal 0.0437015 -0.999045 0
    outer loop
      vertex -15.9099 19.1099 2.95
      vertex -16.1888 19.0977 0
      vertex -15.9099 19.1099 0
    endloop
  endfacet
  facet normal -0.382605 0.923912 0
    outer loop
      vertex -14.5575 13.0097 0
      vertex -14.8154 12.9029 2.95
      vertex -14.5575 13.0097 2.95
    endloop
  endfacet
  facet normal -0.382605 0.923912 0
    outer loop
      vertex -14.8154 12.9029 2.95
      vertex -14.5575 13.0097 0
      vertex -14.8154 12.9029 0
    endloop
  endfacet
  facet normal 0.923912 0.382605 0
    outer loop
      vertex -18.8101 14.5575 2.95
      vertex -18.9169 14.8154 0
      vertex -18.9169 14.8154 2.95
    endloop
  endfacet
  facet normal 0.923912 0.382605 0
    outer loop
      vertex -18.9169 14.8154 0
      vertex -18.8101 14.5575 2.95
      vertex -18.8101 14.5575 0
    endloop
  endfacet
  facet normal -0.95368 0.300823 0
    outer loop
      vertex -12.9029 14.8154 0
      vertex -12.8189 15.0817 2.95
      vertex -12.8189 15.0817 0
    endloop
  endfacet
  facet normal -0.95368 0.300823 0
    outer loop
      vertex -12.8189 15.0817 2.95
      vertex -12.9029 14.8154 0
      vertex -12.9029 14.8154 2.95
    endloop
  endfacet
  facet normal 0.21693 0.976187 0
    outer loop
      vertex -16.5196 12.7705 0.6
      vertex -16.4656 12.7585 2.95
      vertex -16.4656 12.7585 0.6
    endloop
  endfacet
  facet normal 0.216399 0.976305 1.28065e-05
    outer loop
      vertex -16.4656 12.7585 2.95
      vertex -16.5196 12.7705 0.6
      vertex -16.7381 12.8189 2.95
    endloop
  endfacet
  facet normal 0.216268 0.976334 0
    outer loop
      vertex -16.7381 12.8189 0
      vertex -16.5196 12.7705 0.6
      vertex -16.5196 12.7705 0
    endloop
  endfacet
  facet normal 0.216268 0.976334 0
    outer loop
      vertex -16.5196 12.7705 0.6
      vertex -16.7381 12.8189 0
      vertex -16.7381 12.8189 2.95
    endloop
  endfacet
  facet normal 0.95368 0.300823 0
    outer loop
      vertex -18.9169 14.8154 2.95
      vertex -19.0009 15.0817 0
      vertex -19.0009 15.0817 2.95
    endloop
  endfacet
  facet normal 0.95368 0.300823 0
    outer loop
      vertex -19.0009 15.0817 0
      vertex -18.9169 14.8154 2.95
      vertex -18.9169 14.8154 0
    endloop
  endfacet
  facet normal -0.843337 -0.537385 0
    outer loop
      vertex -13.1386 17.5099 0
      vertex -13.2886 17.7453 2.95
      vertex -13.2886 17.7453 0
    endloop
  endfacet
  facet normal -0.843337 -0.537385 0
    outer loop
      vertex -13.2886 17.7453 2.95
      vertex -13.1386 17.5099 0
      vertex -13.1386 17.5099 2.95
    endloop
  endfacet
  facet normal 0.976305 0.216399 0
    outer loop
      vertex -19.0009 15.0817 2.95
      vertex -19.0613 15.3542 0
      vertex -19.0613 15.3542 2.95
    endloop
  endfacet
  facet normal 0.976305 0.216399 0
    outer loop
      vertex -19.0613 15.3542 0
      vertex -19.0009 15.0817 2.95
      vertex -19.0009 15.0817 0
    endloop
  endfacet
  facet normal -0.216399 -0.976305 0
    outer loop
      vertex -15.3542 19.0613 0
      vertex -15.0817 19.0009 2.95
      vertex -15.3542 19.0613 2.95
    endloop
  endfacet
  facet normal -0.216399 -0.976305 -0
    outer loop
      vertex -15.0817 19.0009 2.95
      vertex -15.3542 19.0613 0
      vertex -15.0817 19.0009 0
    endloop
  endfacet
  facet normal -0.46177 0.887 0
    outer loop
      vertex -14.3099 13.1386 0
      vertex -14.5575 13.0097 2.95
      vertex -14.3099 13.1386 2.95
    endloop
  endfacet
  facet normal -0.46177 0.887 0
    outer loop
      vertex -14.5575 13.0097 2.95
      vertex -14.3099 13.1386 0
      vertex -14.5575 13.0097 0
    endloop
  endfacet
  facet normal -0.843337 0.537385 0
    outer loop
      vertex -13.2886 14.0745 0
      vertex -13.1386 14.3099 2.95
      vertex -13.1386 14.3099 0
    endloop
  endfacet
  facet normal -0.843337 0.537385 0
    outer loop
      vertex -13.1386 14.3099 2.95
      vertex -13.2886 14.0745 0
      vertex -13.2886 14.0745 2.95
    endloop
  endfacet
  facet normal 0.976305 -0.216399 0
    outer loop
      vertex -19.0613 16.4656 2.95
      vertex -19.0009 16.7381 0.6
      vertex -19.0009 16.7381 2.95
    endloop
  endfacet
  facet normal 0.976305 -0.216399 0
    outer loop
      vertex -19.0009 16.7381 0.6
      vertex -19.0613 16.4656 2.95
      vertex -19.0613 16.4656 0.6
    endloop
  endfacet
  facet normal 0.999045 -0.0437015 0
    outer loop
      vertex -19.1099 15.9099 2.95
      vertex -19.0977 16.1888 0
      vertex -19.0977 16.1888 2.95
    endloop
  endfacet
  facet normal 0.999045 -0.0437015 0
    outer loop
      vertex -19.0977 16.1888 0
      vertex -19.1099 15.9099 2.95
      vertex -19.1099 15.9099 0
    endloop
  endfacet
  facet normal 0.216399 -0.976305 0
    outer loop
      vertex -16.7381 19.0009 0.6
      vertex -16.4656 19.0613 2.95
      vertex -16.7381 19.0009 2.95
    endloop
  endfacet
  facet normal 0.216399 -0.976305 0
    outer loop
      vertex -16.4656 19.0613 2.95
      vertex -16.7381 19.0009 0.6
      vertex -16.4656 19.0613 0.6
    endloop
  endfacet
  facet normal 0.608845 0.793289 -0
    outer loop
      vertex -17.7453 13.2886 0
      vertex -17.9668 13.4586 2.95
      vertex -17.7453 13.2886 2.95
    endloop
  endfacet
  facet normal 0.608845 0.793289 0
    outer loop
      vertex -17.9668 13.4586 2.95
      vertex -17.7453 13.2886 0
      vertex -17.9668 13.4586 0
    endloop
  endfacet
  facet normal 0.675627 0.737243 -0
    outer loop
      vertex -17.9668 13.4586 0
      vertex -18.1726 13.6472 2.95
      vertex -17.9668 13.4586 2.95
    endloop
  endfacet
  facet normal 0.675627 0.737243 0
    outer loop
      vertex -18.1726 13.6472 2.95
      vertex -17.9668 13.4586 0
      vertex -18.1726 13.6472 0
    endloop
  endfacet
  facet normal 0.300823 -0.95368 0
    outer loop
      vertex -17.0044 18.9169 0.6
      vertex -16.7381 19.0009 2.95
      vertex -17.0044 18.9169 2.95
    endloop
  endfacet
  facet normal 0.300823 -0.95368 0
    outer loop
      vertex -16.7381 19.0009 2.95
      vertex -17.0044 18.9169 0.6
      vertex -16.7381 19.0009 0.6
    endloop
  endfacet
  facet normal -0.216399 0.976305 0
    outer loop
      vertex -15.0817 12.8189 0
      vertex -15.3542 12.7585 2.95
      vertex -15.0817 12.8189 2.95
    endloop
  endfacet
  facet normal -0.216399 0.976305 0
    outer loop
      vertex -15.3542 12.7585 2.95
      vertex -15.0817 12.8189 0
      vertex -15.3542 12.7585 0
    endloop
  endfacet
  facet normal 0.46177 0.887 -0
    outer loop
      vertex -17.2623 13.0097 0
      vertex -17.5099 13.1386 2.95
      vertex -17.2623 13.0097 2.95
    endloop
  endfacet
  facet normal 0.46177 0.887 0
    outer loop
      vertex -17.5099 13.1386 2.95
      vertex -17.2623 13.0097 0
      vertex -17.5099 13.1386 0
    endloop
  endfacet
  facet normal -0.976334 -0.216268 -0
    outer loop
      vertex -12.7705 16.5196 0.6
      vertex -12.8189 16.7381 0
      vertex -12.7705 16.5196 0
    endloop
  endfacet
  facet normal -0.976334 -0.216268 0
    outer loop
      vertex -12.8189 16.7381 0
      vertex -12.7705 16.5196 0.6
      vertex -12.8189 16.7381 2.95
    endloop
  endfacet
  facet normal -0.976187 -0.21693 -0
    outer loop
      vertex -12.7585 16.4656 2.95
      vertex -12.7705 16.5196 0.6
      vertex -12.7585 16.4656 0.6
    endloop
  endfacet
  facet normal -0.976305 -0.216399 1.28065e-05
    outer loop
      vertex -12.7705 16.5196 0.6
      vertex -12.7585 16.4656 2.95
      vertex -12.8189 16.7381 2.95
    endloop
  endfacet
  facet normal 0.887 0.46177 0
    outer loop
      vertex -18.6812 14.3099 2.95
      vertex -18.8101 14.5575 0
      vertex -18.8101 14.5575 2.95
    endloop
  endfacet
  facet normal 0.887 0.46177 0
    outer loop
      vertex -18.8101 14.5575 0
      vertex -18.6812 14.3099 2.95
      vertex -18.6812 14.3099 0
    endloop
  endfacet
  facet normal -0.999045 -0.0437015 0
    outer loop
      vertex -12.7099 15.9099 0.6
      vertex -12.7221 16.1888 2.95
      vertex -12.7221 16.1888 0.6
    endloop
  endfacet
  facet normal -0.999045 -0.0437015 0
    outer loop
      vertex -12.7221 16.1888 2.95
      vertex -12.7099 15.9099 0.6
      vertex -12.7099 15.9099 2.95
    endloop
  endfacet
  facet normal -0.300823 0.95368 0
    outer loop
      vertex -14.8154 12.9029 0
      vertex -15.0817 12.8189 2.95
      vertex -14.8154 12.9029 2.95
    endloop
  endfacet
  facet normal -0.300823 0.95368 0
    outer loop
      vertex -15.0817 12.8189 2.95
      vertex -14.8154 12.9029 0
      vertex -15.0817 12.8189 0
    endloop
  endfacet
  facet normal -0.887 -0.46177 0
    outer loop
      vertex -13.0097 17.2623 0
      vertex -13.1386 17.5099 2.95
      vertex -13.1386 17.5099 0
    endloop
  endfacet
  facet normal -0.887 -0.46177 0
    outer loop
      vertex -13.1386 17.5099 2.95
      vertex -13.0097 17.2623 0
      vertex -13.0097 17.2623 2.95
    endloop
  endfacet
  facet normal 0.537385 0.843337 -0
    outer loop
      vertex -17.5099 13.1386 0
      vertex -17.7453 13.2886 2.95
      vertex -17.5099 13.1386 2.95
    endloop
  endfacet
  facet normal 0.537385 0.843337 0
    outer loop
      vertex -17.7453 13.2886 2.95
      vertex -17.5099 13.1386 0
      vertex -17.7453 13.2886 0
    endloop
  endfacet
  facet normal -0.737243 -0.675627 0
    outer loop
      vertex -13.4586 17.9668 0
      vertex -13.6472 18.1726 2.95
      vertex -13.6472 18.1726 0
    endloop
  endfacet
  facet normal -0.737243 -0.675627 0
    outer loop
      vertex -13.6472 18.1726 2.95
      vertex -13.4586 17.9668 0
      vertex -13.4586 17.9668 2.95
    endloop
  endfacet
  facet normal -0.537385 -0.843337 0
    outer loop
      vertex -14.3099 18.6812 0
      vertex -14.0745 18.5312 2.95
      vertex -14.3099 18.6812 2.95
    endloop
  endfacet
  facet normal -0.537385 -0.843337 -0
    outer loop
      vertex -14.0745 18.5312 2.95
      vertex -14.3099 18.6812 0
      vertex -14.0745 18.5312 0
    endloop
  endfacet
  facet normal -0.0437015 0.999045 0
    outer loop
      vertex -15.631 12.7221 0.6
      vertex -15.9099 12.7099 2.95
      vertex -15.631 12.7221 2.95
    endloop
  endfacet
  facet normal -0.0437015 0.999045 0
    outer loop
      vertex -15.9099 12.7099 2.95
      vertex -15.631 12.7221 0.6
      vertex -15.9099 12.7099 0.6
    endloop
  endfacet
  facet normal 0.737243 -0.675627 0
    outer loop
      vertex -18.3612 17.9668 2.95
      vertex -18.1726 18.1726 0.6
      vertex -18.1726 18.1726 2.95
    endloop
  endfacet
  facet normal 0.737243 -0.675627 0
    outer loop
      vertex -18.1726 18.1726 0.6
      vertex -18.3612 17.9668 2.95
      vertex -18.3612 17.9668 0.6
    endloop
  endfacet
  facet normal 0.737243 0.675627 0
    outer loop
      vertex -18.1726 13.6472 2.95
      vertex -18.3612 13.853 0
      vertex -18.3612 13.853 2.95
    endloop
  endfacet
  facet normal 0.737243 0.675627 0
    outer loop
      vertex -18.3612 13.853 0
      vertex -18.1726 13.6472 2.95
      vertex -18.1726 13.6472 0
    endloop
  endfacet
  facet normal 0.0437015 0.999045 -0
    outer loop
      vertex -15.9099 12.7099 0.6
      vertex -16.1888 12.7221 2.95
      vertex -15.9099 12.7099 2.95
    endloop
  endfacet
  facet normal 0.0437015 0.999045 0
    outer loop
      vertex -16.1888 12.7221 2.95
      vertex -15.9099 12.7099 0.6
      vertex -16.1888 12.7221 0.6
    endloop
  endfacet
  facet normal -0.608845 -0.793289 0
    outer loop
      vertex -14.0745 18.5312 0
      vertex -13.853 18.3612 2.95
      vertex -14.0745 18.5312 2.95
    endloop
  endfacet
  facet normal -0.608845 -0.793289 -0
    outer loop
      vertex -13.853 18.3612 2.95
      vertex -14.0745 18.5312 0
      vertex -13.853 18.3612 0
    endloop
  endfacet
  facet normal 0.95368 -0.300823 0
    outer loop
      vertex -19.0009 16.7381 2.95
      vertex -18.9169 17.0044 0.6
      vertex -18.9169 17.0044 2.95
    endloop
  endfacet
  facet normal 0.95368 -0.300823 0
    outer loop
      vertex -18.9169 17.0044 0.6
      vertex -19.0009 16.7381 2.95
      vertex -19.0009 16.7381 0.6
    endloop
  endfacet
  facet normal -0.0437015 -0.999045 0
    outer loop
      vertex -15.9099 19.1099 0
      vertex -15.631 19.0977 2.95
      vertex -15.9099 19.1099 2.95
    endloop
  endfacet
  facet normal -0.0437015 -0.999045 -0
    outer loop
      vertex -15.631 19.0977 2.95
      vertex -15.9099 19.1099 0
      vertex -15.631 19.0977 0
    endloop
  endfacet
  facet normal -0.46177 -0.887 0
    outer loop
      vertex -14.5575 18.8101 0
      vertex -14.3099 18.6812 2.95
      vertex -14.5575 18.8101 2.95
    endloop
  endfacet
  facet normal -0.46177 -0.887 -0
    outer loop
      vertex -14.3099 18.6812 2.95
      vertex -14.5575 18.8101 0
      vertex -14.3099 18.6812 0
    endloop
  endfacet
  facet normal -0.991436 0.130592 0
    outer loop
      vertex -12.734 15.5402 0
      vertex -12.7585 15.3542 0
      vertex -12.734 15.5402 0.6
    endloop
  endfacet
  facet normal -0.991521 0.129946 0
    outer loop
      vertex -12.734 15.5402 0.6
      vertex -12.7221 15.631 2.95
      vertex -12.7221 15.631 0.6
    endloop
  endfacet
  facet normal -0.991436 0.130592 0
    outer loop
      vertex -12.7585 15.3542 2.95
      vertex -12.734 15.5402 0.6
      vertex -12.7585 15.3542 0
    endloop
  endfacet
  facet normal -0.991464 0.13038 -1.70711e-05
    outer loop
      vertex -12.734 15.5402 0.6
      vertex -12.7585 15.3542 2.95
      vertex -12.7221 15.631 2.95
    endloop
  endfacet
  facet normal -0.793289 0.608845 0
    outer loop
      vertex -13.4586 13.853 0
      vertex -13.2886 14.0745 2.95
      vertex -13.2886 14.0745 0
    endloop
  endfacet
  facet normal -0.793289 0.608845 0
    outer loop
      vertex -13.2886 14.0745 2.95
      vertex -13.4586 13.853 0
      vertex -13.4586 13.853 2.95
    endloop
  endfacet
  facet normal -0.737243 0.675627 0
    outer loop
      vertex -13.6472 13.6472 0
      vertex -13.4586 13.853 2.95
      vertex -13.4586 13.853 0
    endloop
  endfacet
  facet normal -0.737243 0.675627 0
    outer loop
      vertex -13.4586 13.853 2.95
      vertex -13.6472 13.6472 0
      vertex -13.6472 13.6472 2.95
    endloop
  endfacet
  facet normal 0.991464 0.13038 0
    outer loop
      vertex -19.0613 15.3542 2.95
      vertex -19.0977 15.631 0
      vertex -19.0977 15.631 2.95
    endloop
  endfacet
  facet normal 0.991464 0.13038 0
    outer loop
      vertex -19.0977 15.631 0
      vertex -19.0613 15.3542 2.95
      vertex -19.0613 15.3542 0
    endloop
  endfacet
  facet normal 0.382605 0.923912 -0
    outer loop
      vertex -17.0044 12.9029 0
      vertex -17.2623 13.0097 2.95
      vertex -17.0044 12.9029 2.95
    endloop
  endfacet
  facet normal 0.382605 0.923912 0
    outer loop
      vertex -17.2623 13.0097 2.95
      vertex -17.0044 12.9029 0
      vertex -17.2623 13.0097 0
    endloop
  endfacet
  facet normal -0.923912 -0.382605 0
    outer loop
      vertex -12.9029 17.0044 0
      vertex -13.0097 17.2623 2.95
      vertex -13.0097 17.2623 0
    endloop
  endfacet
  facet normal -0.923912 -0.382605 0
    outer loop
      vertex -13.0097 17.2623 2.95
      vertex -12.9029 17.0044 0
      vertex -12.9029 17.0044 2.95
    endloop
  endfacet
  facet normal 0 0 -1
    outer loop
      vertex -14.3099 15.9099 2.95
      vertex -12.7099 15.9099 2.95
      vertex -12.7221 15.631 2.95
    endloop
  endfacet
  facet normal 0 0 -1
    outer loop
      vertex -14.316 15.7705 2.95
      vertex -12.7221 15.631 2.95
      vertex -12.7585 15.3542 2.95
    endloop
  endfacet
  facet normal 0 0 -1
    outer loop
      vertex -12.7099 15.9099 2.95
      vertex -14.3099 15.9099 2.95
      vertex -12.7221 16.1888 2.95
    endloop
  endfacet
  facet normal 0 0 -1
    outer loop
      vertex -14.3342 15.6321 2.95
      vertex -12.7585 15.3542 2.95
      vertex -12.8189 15.0817 2.95
    endloop
  endfacet
  facet normal 0 0 -1
    outer loop
      vertex -14.316 16.0494 2.95
      vertex -12.7221 16.1888 2.95
      vertex -14.3099 15.9099 2.95
    endloop
  endfacet
  facet normal 0 0 -1
    outer loop
      vertex -14.3644 15.4958 2.95
      vertex -12.8189 15.0817 2.95
      vertex -12.9029 14.8154 2.95
    endloop
  endfacet
  facet normal -0 0 -1
    outer loop
      vertex -12.7221 16.1888 2.95
      vertex -14.316 16.0494 2.95
      vertex -12.7585 16.4656 2.95
    endloop
  endfacet
  facet normal 0 0 -1
    outer loop
      vertex -14.4064 15.3627 2.95
      vertex -12.9029 14.8154 2.95
      vertex -13.0097 14.5575 2.95
    endloop
  endfacet
  facet normal 0 0 -1
    outer loop
      vertex -14.3342 16.1877 2.95
      vertex -12.7585 16.4656 2.95
      vertex -14.316 16.0494 2.95
    endloop
  endfacet
  facet normal 0 0 -1
    outer loop
      vertex -14.4598 15.2337 2.95
      vertex -13.0097 14.5575 2.95
      vertex -13.1386 14.3099 2.95
    endloop
  endfacet
  facet normal -0 0 -1
    outer loop
      vertex -12.7585 16.4656 2.95
      vertex -14.3342 16.1877 2.95
      vertex -12.8189 16.7381 2.95
    endloop
  endfacet
  facet normal 0 0 -1
    outer loop
      vertex -14.5243 15.1099 2.95
      vertex -13.1386 14.3099 2.95
      vertex -13.2886 14.0745 2.95
    endloop
  endfacet
  facet normal 0 0 -1
    outer loop
      vertex -14.3644 16.324 2.95
      vertex -12.8189 16.7381 2.95
      vertex -14.3342 16.1877 2.95
    endloop
  endfacet
  facet normal 0 0 -1
    outer loop
      vertex -14.5993 14.9922 2.95
      vertex -13.2886 14.0745 2.95
      vertex -13.4586 13.853 2.95
    endloop
  endfacet
  facet normal -0 0 -1
    outer loop
      vertex -12.8189 16.7381 2.95
      vertex -14.3644 16.324 2.95
      vertex -12.9029 17.0044 2.95
    endloop
  endfacet
  facet normal 0 0 -1
    outer loop
      vertex -14.6842 14.8814 2.95
      vertex -13.4586 13.853 2.95
      vertex -13.6472 13.6472 2.95
    endloop
  endfacet
  facet normal 0 0 -1
    outer loop
      vertex -14.4064 16.4571 2.95
      vertex -12.9029 17.0044 2.95
      vertex -14.3644 16.324 2.95
    endloop
  endfacet
  facet normal 0 0 -1
    outer loop
      vertex -14.7785 14.7785 2.95
      vertex -13.6472 13.6472 2.95
      vertex -13.853 13.4586 2.95
    endloop
  endfacet
  facet normal -0 0 -1
    outer loop
      vertex -12.9029 17.0044 2.95
      vertex -14.4064 16.4571 2.95
      vertex -13.0097 17.2623 2.95
    endloop
  endfacet
  facet normal 0 0 -1
    outer loop
      vertex -14.8814 14.6842 2.95
      vertex -13.853 13.4586 2.95
      vertex -14.0745 13.2886 2.95
    endloop
  endfacet
  facet normal 0 0 -1
    outer loop
      vertex -14.4598 16.5861 2.95
      vertex -13.0097 17.2623 2.95
      vertex -14.4064 16.4571 2.95
    endloop
  endfacet
  facet normal 0 0 -1
    outer loop
      vertex -14.9922 14.5993 2.95
      vertex -14.0745 13.2886 2.95
      vertex -14.3099 13.1386 2.95
    endloop
  endfacet
  facet normal -0 0 -1
    outer loop
      vertex -13.0097 17.2623 2.95
      vertex -14.4598 16.5861 2.95
      vertex -13.1386 17.5099 2.95
    endloop
  endfacet
  facet normal 0 0 -1
    outer loop
      vertex -14.5243 16.7099 2.95
      vertex -13.1386 17.5099 2.95
      vertex -14.4598 16.5861 2.95
    endloop
  endfacet
  facet normal 0 0 -1
    outer loop
      vertex -12.7221 15.631 2.95
      vertex -14.316 15.7705 2.95
      vertex -14.3099 15.9099 2.95
    endloop
  endfacet
  facet normal 0 0 -1
    outer loop
      vertex -12.7585 15.3542 2.95
      vertex -14.3342 15.6321 2.95
      vertex -14.316 15.7705 2.95
    endloop
  endfacet
  facet normal 0 0 -1
    outer loop
      vertex -12.8189 15.0817 2.95
      vertex -14.3644 15.4958 2.95
      vertex -14.3342 15.6321 2.95
    endloop
  endfacet
  facet normal 0 0 -1
    outer loop
      vertex -12.9029 14.8154 2.95
      vertex -14.4064 15.3627 2.95
      vertex -14.3644 15.4958 2.95
    endloop
  endfacet
  facet normal 0 0 -1
    outer loop
      vertex -13.0097 14.5575 2.95
      vertex -14.4598 15.2337 2.95
      vertex -14.4064 15.3627 2.95
    endloop
  endfacet
  facet normal 0 0 -1
    outer loop
      vertex -13.1386 14.3099 2.95
      vertex -14.5243 15.1099 2.95
      vertex -14.4598 15.2337 2.95
    endloop
  endfacet
  facet normal 0 0 -1
    outer loop
      vertex -15.1099 14.5243 2.95
      vertex -14.3099 13.1386 2.95
      vertex -14.5575 13.0097 2.95
    endloop
  endfacet
  facet normal 0 0 -1
    outer loop
      vertex -13.2886 14.0745 2.95
      vertex -14.5993 14.9922 2.95
      vertex -14.5243 15.1099 2.95
    endloop
  endfacet
  facet normal 0 0 -1
    outer loop
      vertex -13.4586 13.853 2.95
      vertex -14.6842 14.8814 2.95
      vertex -14.5993 14.9922 2.95
    endloop
  endfacet
  facet normal 0 0 -1
    outer loop
      vertex -13.6472 13.6472 2.95
      vertex -14.7785 14.7785 2.95
      vertex -14.6842 14.8814 2.95
    endloop
  endfacet
  facet normal 0 0 -1
    outer loop
      vertex -15.2337 14.4598 2.95
      vertex -14.5575 13.0097 2.95
      vertex -14.8154 12.9029 2.95
    endloop
  endfacet
  facet normal 0 0 -1
    outer loop
      vertex -13.853 13.4586 2.95
      vertex -14.8814 14.6842 2.95
      vertex -14.7785 14.7785 2.95
    endloop
  endfacet
  facet normal 0 0 -1
    outer loop
      vertex -14.0745 13.2886 2.95
      vertex -14.9922 14.5993 2.95
      vertex -14.8814 14.6842 2.95
    endloop
  endfacet
  facet normal 0 0 -1
    outer loop
      vertex -15.3627 14.4064 2.95
      vertex -14.8154 12.9029 2.95
      vertex -15.0817 12.8189 2.95
    endloop
  endfacet
  facet normal 0 0 -1
    outer loop
      vertex -14.3099 13.1386 2.95
      vertex -15.1099 14.5243 2.95
      vertex -14.9922 14.5993 2.95
    endloop
  endfacet
  facet normal 0 0 -1
    outer loop
      vertex -14.5575 13.0097 2.95
      vertex -15.2337 14.4598 2.95
      vertex -15.1099 14.5243 2.95
    endloop
  endfacet
  facet normal 0 0 -1
    outer loop
      vertex -15.4958 14.3644 2.95
      vertex -15.0817 12.8189 2.95
      vertex -15.3542 12.7585 2.95
    endloop
  endfacet
  facet normal 0 0 -1
    outer loop
      vertex -14.8154 12.9029 2.95
      vertex -15.3627 14.4064 2.95
      vertex -15.2337 14.4598 2.95
    endloop
  endfacet
  facet normal 0 0 -1
    outer loop
      vertex -15.0817 12.8189 2.95
      vertex -15.4958 14.3644 2.95
      vertex -15.3627 14.4064 2.95
    endloop
  endfacet
  facet normal 0 0 -1
    outer loop
      vertex -15.6321 14.3342 2.95
      vertex -15.3542 12.7585 2.95
      vertex -15.631 12.7221 2.95
    endloop
  endfacet
  facet normal 0 0 -1
    outer loop
      vertex -15.3542 12.7585 2.95
      vertex -15.6321 14.3342 2.95
      vertex -15.4958 14.3644 2.95
    endloop
  endfacet
  facet normal 0 0 -1
    outer loop
      vertex -15.631 12.7221 2.95
      vertex -15.7705 14.316 2.95
      vertex -15.6321 14.3342 2.95
    endloop
  endfacet
  facet normal 0 0 -1
    outer loop
      vertex -15.9099 12.7099 2.95
      vertex -15.7705 14.316 2.95
      vertex -15.631 12.7221 2.95
    endloop
  endfacet
  facet normal 0 0 -1
    outer loop
      vertex -15.9099 12.7099 2.95
      vertex -15.9099 14.3099 2.95
      vertex -15.7705 14.316 2.95
    endloop
  endfacet
  facet normal 0 0 -1
    outer loop
      vertex -15.9099 12.7099 2.95
      vertex -16.0494 14.316 2.95
      vertex -15.9099 14.3099 2.95
    endloop
  endfacet
  facet normal 0 0 -1
    outer loop
      vertex -16.1888 12.7221 2.95
      vertex -16.0494 14.316 2.95
      vertex -15.9099 12.7099 2.95
    endloop
  endfacet
  facet normal -0 0 -1
    outer loop
      vertex -16.0494 14.316 2.95
      vertex -16.1888 12.7221 2.95
      vertex -16.1877 14.3342 2.95
    endloop
  endfacet
  facet normal 0 0 -1
    outer loop
      vertex -16.4656 12.7585 2.95
      vertex -16.1877 14.3342 2.95
      vertex -16.1888 12.7221 2.95
    endloop
  endfacet
  facet normal -0 0 -1
    outer loop
      vertex -16.1877 14.3342 2.95
      vertex -16.4656 12.7585 2.95
      vertex -16.324 14.3644 2.95
    endloop
  endfacet
  facet normal 0 0 -1
    outer loop
      vertex -16.7381 12.8189 2.95
      vertex -16.324 14.3644 2.95
      vertex -16.4656 12.7585 2.95
    endloop
  endfacet
  facet normal -0 0 -1
    outer loop
      vertex -16.324 14.3644 2.95
      vertex -16.7381 12.8189 2.95
      vertex -16.4571 14.4064 2.95
    endloop
  endfacet
  facet normal 0 0 -1
    outer loop
      vertex -17.0044 12.9029 2.95
      vertex -16.4571 14.4064 2.95
      vertex -16.7381 12.8189 2.95
    endloop
  endfacet
  facet normal -0 0 -1
    outer loop
      vertex -16.4571 14.4064 2.95
      vertex -17.0044 12.9029 2.95
      vertex -16.5861 14.4598 2.95
    endloop
  endfacet
  facet normal 0 0 -1
    outer loop
      vertex -17.2623 13.0097 2.95
      vertex -16.5861 14.4598 2.95
      vertex -17.0044 12.9029 2.95
    endloop
  endfacet
  facet normal -0 0 -1
    outer loop
      vertex -16.5861 14.4598 2.95
      vertex -17.2623 13.0097 2.95
      vertex -16.7099 14.5243 2.95
    endloop
  endfacet
  facet normal 0 0 -1
    outer loop
      vertex -17.5099 13.1386 2.95
      vertex -16.7099 14.5243 2.95
      vertex -17.2623 13.0097 2.95
    endloop
  endfacet
  facet normal -0 0 -1
    outer loop
      vertex -16.7099 14.5243 2.95
      vertex -17.5099 13.1386 2.95
      vertex -16.8276 14.5993 2.95
    endloop
  endfacet
  facet normal 0 0 -1
    outer loop
      vertex -17.7453 13.2886 2.95
      vertex -16.8276 14.5993 2.95
      vertex -17.5099 13.1386 2.95
    endloop
  endfacet
  facet normal -0 0 -1
    outer loop
      vertex -16.8276 14.5993 2.95
      vertex -17.7453 13.2886 2.95
      vertex -16.9384 14.6842 2.95
    endloop
  endfacet
  facet normal 0 0 -1
    outer loop
      vertex -17.9668 13.4586 2.95
      vertex -16.9384 14.6842 2.95
      vertex -17.7453 13.2886 2.95
    endloop
  endfacet
  facet normal -0 0 -1
    outer loop
      vertex -16.9384 14.6842 2.95
      vertex -17.9668 13.4586 2.95
      vertex -17.0413 14.7785 2.95
    endloop
  endfacet
  facet normal 0 0 -1
    outer loop
      vertex -18.1726 13.6472 2.95
      vertex -17.0413 14.7785 2.95
      vertex -17.9668 13.4586 2.95
    endloop
  endfacet
  facet normal -0 0 -1
    outer loop
      vertex -17.0413 14.7785 2.95
      vertex -18.1726 13.6472 2.95
      vertex -17.1356 14.8814 2.95
    endloop
  endfacet
  facet normal 0 0 -1
    outer loop
      vertex -18.3612 13.853 2.95
      vertex -17.1356 14.8814 2.95
      vertex -18.1726 13.6472 2.95
    endloop
  endfacet
  facet normal -0 0 -1
    outer loop
      vertex -17.1356 14.8814 2.95
      vertex -18.3612 13.853 2.95
      vertex -17.2205 14.9922 2.95
    endloop
  endfacet
  facet normal 0 0 -1
    outer loop
      vertex -18.5312 14.0745 2.95
      vertex -17.2205 14.9922 2.95
      vertex -18.3612 13.853 2.95
    endloop
  endfacet
  facet normal -0 0 -1
    outer loop
      vertex -17.2205 14.9922 2.95
      vertex -18.5312 14.0745 2.95
      vertex -17.2955 15.1099 2.95
    endloop
  endfacet
  facet normal 0 0 -1
    outer loop
      vertex -18.6812 14.3099 2.95
      vertex -17.2955 15.1099 2.95
      vertex -18.5312 14.0745 2.95
    endloop
  endfacet
  facet normal -0 0 -1
    outer loop
      vertex -17.2955 15.1099 2.95
      vertex -18.6812 14.3099 2.95
      vertex -17.36 15.2337 2.95
    endloop
  endfacet
  facet normal 0 0 -1
    outer loop
      vertex -18.8101 14.5575 2.95
      vertex -17.36 15.2337 2.95
      vertex -18.6812 14.3099 2.95
    endloop
  endfacet
  facet normal 0 0 -1
    outer loop
      vertex -17.5099 15.9099 2.95
      vertex -17.7453 18.5312 2.95
      vertex -17.5099 18.6812 2.95
    endloop
  endfacet
  facet normal -0 0 -1
    outer loop
      vertex -17.36 15.2337 2.95
      vertex -18.8101 14.5575 2.95
      vertex -17.4134 15.3627 2.95
    endloop
  endfacet
  facet normal 0 0 -1
    outer loop
      vertex -17.5099 15.9099 2.95
      vertex -17.9668 18.3612 2.95
      vertex -17.7453 18.5312 2.95
    endloop
  endfacet
  facet normal 0 0 -1
    outer loop
      vertex -18.9169 14.8154 2.95
      vertex -17.4134 15.3627 2.95
      vertex -18.8101 14.5575 2.95
    endloop
  endfacet
  facet normal 0 0 -1
    outer loop
      vertex -17.5099 15.9099 2.95
      vertex -18.1726 18.1726 2.95
      vertex -17.9668 18.3612 2.95
    endloop
  endfacet
  facet normal -0 0 -1
    outer loop
      vertex -17.4134 15.3627 2.95
      vertex -18.9169 14.8154 2.95
      vertex -17.4554 15.4958 2.95
    endloop
  endfacet
  facet normal 0 0 -1
    outer loop
      vertex -17.5099 15.9099 2.95
      vertex -18.3612 17.9668 2.95
      vertex -18.1726 18.1726 2.95
    endloop
  endfacet
  facet normal 0 0 -1
    outer loop
      vertex -19.0009 15.0817 2.95
      vertex -17.4554 15.4958 2.95
      vertex -18.9169 14.8154 2.95
    endloop
  endfacet
  facet normal 0 0 -1
    outer loop
      vertex -17.5099 15.9099 2.95
      vertex -18.5312 17.7453 2.95
      vertex -18.3612 17.9668 2.95
    endloop
  endfacet
  facet normal -0 0 -1
    outer loop
      vertex -17.4554 15.4958 2.95
      vertex -19.0009 15.0817 2.95
      vertex -17.4856 15.6321 2.95
    endloop
  endfacet
  facet normal 0 0 -1
    outer loop
      vertex -17.5099 15.9099 2.95
      vertex -18.6812 17.5099 2.95
      vertex -18.5312 17.7453 2.95
    endloop
  endfacet
  facet normal 0 0 -1
    outer loop
      vertex -19.0613 15.3542 2.95
      vertex -17.4856 15.6321 2.95
      vertex -19.0009 15.0817 2.95
    endloop
  endfacet
  facet normal 0 0 -1
    outer loop
      vertex -17.5099 15.9099 2.95
      vertex -18.8101 17.2623 2.95
      vertex -18.6812 17.5099 2.95
    endloop
  endfacet
  facet normal -0 0 -1
    outer loop
      vertex -17.4856 15.6321 2.95
      vertex -19.0613 15.3542 2.95
      vertex -17.5038 15.7705 2.95
    endloop
  endfacet
  facet normal 0 0 -1
    outer loop
      vertex -17.5099 15.9099 2.95
      vertex -18.9169 17.0044 2.95
      vertex -18.8101 17.2623 2.95
    endloop
  endfacet
  facet normal 0 0 -1
    outer loop
      vertex -19.0977 15.631 2.95
      vertex -17.5038 15.7705 2.95
      vertex -19.0613 15.3542 2.95
    endloop
  endfacet
  facet normal 0 0 -1
    outer loop
      vertex -17.5099 15.9099 2.95
      vertex -19.0009 16.7381 2.95
      vertex -18.9169 17.0044 2.95
    endloop
  endfacet
  facet normal -0 0 -1
    outer loop
      vertex -17.5038 15.7705 2.95
      vertex -19.0977 15.631 2.95
      vertex -17.5099 15.9099 2.95
    endloop
  endfacet
  facet normal 0 0 -1
    outer loop
      vertex -17.5099 15.9099 2.95
      vertex -19.0613 16.4656 2.95
      vertex -19.0009 16.7381 2.95
    endloop
  endfacet
  facet normal 0 0 -1
    outer loop
      vertex -19.1099 15.9099 2.95
      vertex -17.5099 15.9099 2.95
      vertex -19.0977 15.631 2.95
    endloop
  endfacet
  facet normal 0 0 -1
    outer loop
      vertex -17.5099 15.9099 2.95
      vertex -19.0977 16.1888 2.95
      vertex -19.0613 16.4656 2.95
    endloop
  endfacet
  facet normal 0 0 -1
    outer loop
      vertex -17.5099 15.9099 2.95
      vertex -19.1099 15.9099 2.95
      vertex -19.0977 16.1888 2.95
    endloop
  endfacet
  facet normal -0 0 -1
    outer loop
      vertex -13.1386 17.5099 2.95
      vertex -14.5243 16.7099 2.95
      vertex -13.2886 17.7453 2.95
    endloop
  endfacet
  facet normal 0 0 -1
    outer loop
      vertex -14.5993 16.8276 2.95
      vertex -13.2886 17.7453 2.95
      vertex -14.5243 16.7099 2.95
    endloop
  endfacet
  facet normal -0 0 -1
    outer loop
      vertex -13.2886 17.7453 2.95
      vertex -14.5993 16.8276 2.95
      vertex -13.4586 17.9668 2.95
    endloop
  endfacet
  facet normal 0 0 -1
    outer loop
      vertex -14.6842 16.9384 2.95
      vertex -13.4586 17.9668 2.95
      vertex -14.5993 16.8276 2.95
    endloop
  endfacet
  facet normal -0 0 -1
    outer loop
      vertex -13.4586 17.9668 2.95
      vertex -14.6842 16.9384 2.95
      vertex -13.6472 18.1726 2.95
    endloop
  endfacet
  facet normal 0 0 -1
    outer loop
      vertex -14.7785 17.0413 2.95
      vertex -13.6472 18.1726 2.95
      vertex -14.6842 16.9384 2.95
    endloop
  endfacet
  facet normal -0 0 -1
    outer loop
      vertex -13.6472 18.1726 2.95
      vertex -14.7785 17.0413 2.95
      vertex -13.853 18.3612 2.95
    endloop
  endfacet
  facet normal 0 0 -1
    outer loop
      vertex -14.8814 17.1356 2.95
      vertex -13.853 18.3612 2.95
      vertex -14.7785 17.0413 2.95
    endloop
  endfacet
  facet normal -0 0 -1
    outer loop
      vertex -13.853 18.3612 2.95
      vertex -14.8814 17.1356 2.95
      vertex -14.0745 18.5312 2.95
    endloop
  endfacet
  facet normal 0 0 -1
    outer loop
      vertex -14.9922 17.2205 2.95
      vertex -14.0745 18.5312 2.95
      vertex -14.8814 17.1356 2.95
    endloop
  endfacet
  facet normal -0 0 -1
    outer loop
      vertex -14.0745 18.5312 2.95
      vertex -14.9922 17.2205 2.95
      vertex -14.3099 18.6812 2.95
    endloop
  endfacet
  facet normal 0 0 -1
    outer loop
      vertex -15.1099 17.2955 2.95
      vertex -14.3099 18.6812 2.95
      vertex -14.9922 17.2205 2.95
    endloop
  endfacet
  facet normal -0 0 -1
    outer loop
      vertex -14.3099 18.6812 2.95
      vertex -15.1099 17.2955 2.95
      vertex -14.5575 18.8101 2.95
    endloop
  endfacet
  facet normal 0 0 -1
    outer loop
      vertex -15.2337 17.36 2.95
      vertex -14.5575 18.8101 2.95
      vertex -15.1099 17.2955 2.95
    endloop
  endfacet
  facet normal -0 0 -1
    outer loop
      vertex -14.5575 18.8101 2.95
      vertex -15.2337 17.36 2.95
      vertex -14.8154 18.9169 2.95
    endloop
  endfacet
  facet normal 0 0 -1
    outer loop
      vertex -15.3627 17.4134 2.95
      vertex -14.8154 18.9169 2.95
      vertex -15.2337 17.36 2.95
    endloop
  endfacet
  facet normal -0 0 -1
    outer loop
      vertex -14.8154 18.9169 2.95
      vertex -15.3627 17.4134 2.95
      vertex -15.0817 19.0009 2.95
    endloop
  endfacet
  facet normal 0 0 -1
    outer loop
      vertex -15.4958 17.4554 2.95
      vertex -15.0817 19.0009 2.95
      vertex -15.3627 17.4134 2.95
    endloop
  endfacet
  facet normal -0 0 -1
    outer loop
      vertex -15.0817 19.0009 2.95
      vertex -15.4958 17.4554 2.95
      vertex -15.3542 19.0613 2.95
    endloop
  endfacet
  facet normal 0 0 -1
    outer loop
      vertex -15.6321 17.4856 2.95
      vertex -15.3542 19.0613 2.95
      vertex -15.4958 17.4554 2.95
    endloop
  endfacet
  facet normal -0 0 -1
    outer loop
      vertex -15.3542 19.0613 2.95
      vertex -15.6321 17.4856 2.95
      vertex -15.631 19.0977 2.95
    endloop
  endfacet
  facet normal 0 0 -1
    outer loop
      vertex -15.7705 17.5038 2.95
      vertex -15.631 19.0977 2.95
      vertex -15.6321 17.4856 2.95
    endloop
  endfacet
  facet normal 0 0 -1
    outer loop
      vertex -15.9099 17.5099 2.95
      vertex -15.631 19.0977 2.95
      vertex -15.7705 17.5038 2.95
    endloop
  endfacet
  facet normal 0 0 -1
    outer loop
      vertex -15.9099 17.5099 2.95
      vertex -15.9099 19.1099 2.95
      vertex -15.631 19.0977 2.95
    endloop
  endfacet
  facet normal 0 0 -1
    outer loop
      vertex -16.0494 17.5038 2.95
      vertex -15.9099 19.1099 2.95
      vertex -15.9099 17.5099 2.95
    endloop
  endfacet
  facet normal 0 0 -1
    outer loop
      vertex -16.1888 19.0977 2.95
      vertex -16.0494 17.5038 2.95
      vertex -16.1877 17.4856 2.95
    endloop
  endfacet
  facet normal 0 0 -1
    outer loop
      vertex -16.0494 17.5038 2.95
      vertex -16.1888 19.0977 2.95
      vertex -15.9099 19.1099 2.95
    endloop
  endfacet
  facet normal 0 0 -1
    outer loop
      vertex -16.4656 19.0613 2.95
      vertex -16.1877 17.4856 2.95
      vertex -16.324 17.4554 2.95
    endloop
  endfacet
  facet normal 0 0 -1
    outer loop
      vertex -16.7381 19.0009 2.95
      vertex -16.324 17.4554 2.95
      vertex -16.4571 17.4134 2.95
    endloop
  endfacet
  facet normal 0 0 -1
    outer loop
      vertex -16.1877 17.4856 2.95
      vertex -16.4656 19.0613 2.95
      vertex -16.1888 19.0977 2.95
    endloop
  endfacet
  facet normal 0 0 -1
    outer loop
      vertex -17.0044 18.9169 2.95
      vertex -16.4571 17.4134 2.95
      vertex -16.5861 17.36 2.95
    endloop
  endfacet
  facet normal 0 0 -1
    outer loop
      vertex -17.2623 18.8101 2.95
      vertex -16.5861 17.36 2.95
      vertex -16.7099 17.2955 2.95
    endloop
  endfacet
  facet normal 0 0 -1
    outer loop
      vertex -16.324 17.4554 2.95
      vertex -16.7381 19.0009 2.95
      vertex -16.4656 19.0613 2.95
    endloop
  endfacet
  facet normal 0 0 -1
    outer loop
      vertex -17.5099 18.6812 2.95
      vertex -16.7099 17.2955 2.95
      vertex -16.8276 17.2205 2.95
    endloop
  endfacet
  facet normal 0 0 -1
    outer loop
      vertex -17.5099 18.6812 2.95
      vertex -16.8276 17.2205 2.95
      vertex -16.9384 17.1356 2.95
    endloop
  endfacet
  facet normal 0 0 -1
    outer loop
      vertex -16.4571 17.4134 2.95
      vertex -17.0044 18.9169 2.95
      vertex -16.7381 19.0009 2.95
    endloop
  endfacet
  facet normal 0 0 -1
    outer loop
      vertex -17.5099 18.6812 2.95
      vertex -16.9384 17.1356 2.95
      vertex -17.0413 17.0413 2.95
    endloop
  endfacet
  facet normal 0 0 -1
    outer loop
      vertex -17.5099 18.6812 2.95
      vertex -17.0413 17.0413 2.95
      vertex -17.1356 16.9384 2.95
    endloop
  endfacet
  facet normal 0 0 -1
    outer loop
      vertex -17.5099 18.6812 2.95
      vertex -17.1356 16.9384 2.95
      vertex -17.2205 16.8276 2.95
    endloop
  endfacet
  facet normal 0 0 -1
    outer loop
      vertex -16.5861 17.36 2.95
      vertex -17.2623 18.8101 2.95
      vertex -17.0044 18.9169 2.95
    endloop
  endfacet
  facet normal 0 0 -1
    outer loop
      vertex -17.5099 18.6812 2.95
      vertex -17.2205 16.8276 2.95
      vertex -17.2955 16.7099 2.95
    endloop
  endfacet
  facet normal 0 0 -1
    outer loop
      vertex -17.5099 18.6812 2.95
      vertex -17.2955 16.7099 2.95
      vertex -17.36 16.5861 2.95
    endloop
  endfacet
  facet normal 0 0 -1
    outer loop
      vertex -17.5099 18.6812 2.95
      vertex -17.36 16.5861 2.95
      vertex -17.4134 16.4571 2.95
    endloop
  endfacet
  facet normal 0 0 -1
    outer loop
      vertex -17.5099 18.6812 2.95
      vertex -17.4134 16.4571 2.95
      vertex -17.4554 16.324 2.95
    endloop
  endfacet
  facet normal 0 0 -1
    outer loop
      vertex -17.5099 18.6812 2.95
      vertex -17.4554 16.324 2.95
      vertex -17.4856 16.1877 2.95
    endloop
  endfacet
  facet normal 0 0 -1
    outer loop
      vertex -17.5099 18.6812 2.95
      vertex -17.4856 16.1877 2.95
      vertex -17.5038 16.0494 2.95
    endloop
  endfacet
  facet normal 0 0 -1
    outer loop
      vertex -16.7099 17.2955 2.95
      vertex -17.5099 18.6812 2.95
      vertex -17.2623 18.8101 2.95
    endloop
  endfacet
  facet normal 0 0 -1
    outer loop
      vertex -17.5099 18.6812 2.95
      vertex -17.5038 16.0494 2.95
      vertex -17.5099 15.9099 2.95
    endloop
  endfacet
  facet normal 0.300823 0.95368 -0
    outer loop
      vertex -16.7381 12.8189 0
      vertex -17.0044 12.9029 2.95
      vertex -16.7381 12.8189 2.95
    endloop
  endfacet
  facet normal 0.300823 0.95368 0
    outer loop
      vertex -17.0044 12.9029 2.95
      vertex -16.7381 12.8189 0
      vertex -17.0044 12.9029 0
    endloop
  endfacet
  facet normal -0.793768 -0.608221 0
    outer loop
      vertex 17.2205 16.8276 2.95
      vertex 17.1356 16.9384 9
      vertex 17.1356 16.9384 2.95
    endloop
  endfacet
  facet normal -0.793768 -0.608221 0
    outer loop
      vertex 17.1356 16.9384 9
      vertex 17.2205 16.8276 2.95
      vertex 17.2205 16.8276 9
    endloop
  endfacet
  facet normal -0.737243 -0.675627 0
    outer loop
      vertex 17.1356 16.9384 2.95
      vertex 17.0413 17.0413 9
      vertex 17.0413 17.0413 2.95
    endloop
  endfacet
  facet normal -0.737243 -0.675627 0
    outer loop
      vertex 17.0413 17.0413 9
      vertex 17.1356 16.9384 2.95
      vertex 17.1356 16.9384 9
    endloop
  endfacet
  facet normal -0.843337 -0.537385 0
    outer loop
      vertex 17.2955 16.7099 2.95
      vertex 17.2205 16.8276 9
      vertex 17.2205 16.8276 2.95
    endloop
  endfacet
  facet normal -0.843337 -0.537385 0
    outer loop
      vertex 17.2205 16.8276 9
      vertex 17.2955 16.7099 2.95
      vertex 17.2955 16.7099 9
    endloop
  endfacet
  facet normal -0.991464 0.13038 0
    outer loop
      vertex 17.4856 15.6321 2.95
      vertex 17.5038 15.7705 9
      vertex 17.5038 15.7705 2.95
    endloop
  endfacet
  facet normal -0.991464 0.13038 0
    outer loop
      vertex 17.5038 15.7705 9
      vertex 17.4856 15.6321 2.95
      vertex 17.4856 15.6321 9
    endloop
  endfacet
  facet normal -0.0436859 -0.999045 0
    outer loop
      vertex 15.9099 17.5099 2.95
      vertex 16.0494 17.5038 9
      vertex 15.9099 17.5099 9
    endloop
  endfacet
  facet normal -0.0436859 -0.999045 -0
    outer loop
      vertex 16.0494 17.5038 9
      vertex 15.9099 17.5099 2.95
      vertex 16.0494 17.5038 2.95
    endloop
  endfacet
  facet normal -0.130473 0.991452 0
    outer loop
      vertex 16.1877 14.3342 2.95
      vertex 16.0494 14.316 9.5
      vertex 16.1877 14.3342 9.5
    endloop
  endfacet
  facet normal -0.130473 0.991452 0
    outer loop
      vertex 16.0494 14.316 9.5
      vertex 16.1877 14.3342 2.95
      vertex 16.0494 14.316 2.95
    endloop
  endfacet
  facet normal -0.216324 0.976322 0
    outer loop
      vertex 16.324 14.3644 2.95
      vertex 16.1877 14.3342 9.5
      vertex 16.324 14.3644 9.5
    endloop
  endfacet
  facet normal -0.216324 0.976322 0
    outer loop
      vertex 16.1877 14.3342 9.5
      vertex 16.324 14.3644 2.95
      vertex 16.1877 14.3342 2.95
    endloop
  endfacet
  facet normal -0.953648 0.300926 0
    outer loop
      vertex 17.4134 15.3627 2.95
      vertex 17.4554 15.4958 9
      vertex 17.4554 15.4958 2.95
    endloop
  endfacet
  facet normal -0.953648 0.300926 0
    outer loop
      vertex 17.4554 15.4958 9
      vertex 17.4134 15.3627 2.95
      vertex 17.4134 15.3627 9
    endloop
  endfacet
  facet normal -0.300926 0.953648 0
    outer loop
      vertex 16.4571 14.4064 2.95
      vertex 16.324 14.3644 9.5
      vertex 16.4571 14.4064 9.5
    endloop
  endfacet
  facet normal -0.300926 0.953648 0
    outer loop
      vertex 16.324 14.3644 9.5
      vertex 16.4571 14.4064 2.95
      vertex 16.324 14.3644 2.95
    endloop
  endfacet
  facet normal -0.382478 0.923964 0
    outer loop
      vertex 16.5861 14.4598 2.95
      vertex 16.4571 14.4064 9.5
      vertex 16.5861 14.4598 9.5
    endloop
  endfacet
  facet normal -0.382478 0.923964 0
    outer loop
      vertex 16.4571 14.4064 9.5
      vertex 16.5861 14.4598 2.95
      vertex 16.4571 14.4064 2.95
    endloop
  endfacet
  facet normal 0.13038 0.991464 -0
    outer loop
      vertex 15.7705 14.316 2.95
      vertex 15.6321 14.3342 9.5
      vertex 15.7705 14.316 9.5
    endloop
  endfacet
  facet normal 0.13038 0.991464 0
    outer loop
      vertex 15.6321 14.3342 9.5
      vertex 15.7705 14.316 2.95
      vertex 15.6321 14.3342 2.95
    endloop
  endfacet
  facet normal 0.991452 -0.130473 0
    outer loop
      vertex 14.316 16.0494 9.5
      vertex 14.3342 16.1877 2.95
      vertex 14.3342 16.1877 9.5
    endloop
  endfacet
  facet normal 0.991452 -0.130473 0
    outer loop
      vertex 14.3342 16.1877 2.95
      vertex 14.316 16.0494 9.5
      vertex 14.316 16.0494 2.95
    endloop
  endfacet
  facet normal -0.382478 -0.923964 0
    outer loop
      vertex 16.4571 17.4134 2.95
      vertex 16.5861 17.36 9
      vertex 16.4571 17.4134 9
    endloop
  endfacet
  facet normal -0.382478 -0.923964 -0
    outer loop
      vertex 16.5861 17.36 9
      vertex 16.4571 17.4134 2.95
      vertex 16.5861 17.36 2.95
    endloop
  endfacet
  facet normal -0.923964 -0.382478 0
    outer loop
      vertex 17.4134 16.4571 2.95
      vertex 17.36 16.5861 9
      vertex 17.36 16.5861 2.95
    endloop
  endfacet
  facet normal -0.923964 -0.382478 0
    outer loop
      vertex 17.36 16.5861 9
      vertex 17.4134 16.4571 2.95
      vertex 17.4134 16.4571 9
    endloop
  endfacet
  facet normal -0.976322 0.216324 0
    outer loop
      vertex 17.4554 15.4958 2.95
      vertex 17.4856 15.6321 9
      vertex 17.4856 15.6321 2.95
    endloop
  endfacet
  facet normal -0.976322 0.216324 0
    outer loop
      vertex 17.4856 15.6321 9
      vertex 17.4554 15.4958 2.95
      vertex 17.4554 15.4958 9
    endloop
  endfacet
  facet normal 0.737243 0.675627 0
    outer loop
      vertex 14.7785 14.7785 9.5
      vertex 14.6842 14.8814 2.95
      vertex 14.6842 14.8814 9.5
    endloop
  endfacet
  facet normal 0.737243 0.675627 0
    outer loop
      vertex 14.6842 14.8814 2.95
      vertex 14.7785 14.7785 9.5
      vertex 14.7785 14.7785 2.95
    endloop
  endfacet
  facet normal 0.953648 0.300926 0
    outer loop
      vertex 14.4064 15.3627 9.5
      vertex 14.3644 15.4958 2.95
      vertex 14.3644 15.4958 9.5
    endloop
  endfacet
  facet normal 0.953648 0.300926 0
    outer loop
      vertex 14.3644 15.4958 2.95
      vertex 14.4064 15.3627 9.5
      vertex 14.4064 15.3627 2.95
    endloop
  endfacet
  facet normal 0.537385 0.843337 -0
    outer loop
      vertex 15.1099 14.5243 2.95
      vertex 14.9922 14.5993 9.5
      vertex 15.1099 14.5243 9.5
    endloop
  endfacet
  facet normal 0.537385 0.843337 0
    outer loop
      vertex 14.9922 14.5993 9.5
      vertex 15.1099 14.5243 2.95
      vertex 14.9922 14.5993 2.95
    endloop
  endfacet
  facet normal 0.608221 0.793768 -0
    outer loop
      vertex 14.9922 14.5993 2.95
      vertex 14.8814 14.6842 9.5
      vertex 14.9922 14.5993 9.5
    endloop
  endfacet
  facet normal 0.608221 0.793768 0
    outer loop
      vertex 14.8814 14.6842 9.5
      vertex 14.9922 14.5993 2.95
      vertex 14.8814 14.6842 2.95
    endloop
  endfacet
  facet normal 0.462052 -0.886853 0
    outer loop
      vertex 15.1099 17.2955 2.95
      vertex 15.2337 17.36 9.5
      vertex 15.1099 17.2955 9.5
    endloop
  endfacet
  facet normal 0.462052 -0.886853 0
    outer loop
      vertex 15.2337 17.36 9.5
      vertex 15.1099 17.2955 2.95
      vertex 15.2337 17.36 2.95
    endloop
  endfacet
  facet normal -0.462052 0.886853 0
    outer loop
      vertex 16.7099 14.5243 2.95
      vertex 16.5861 14.4598 9.5
      vertex 16.7099 14.5243 9.5
    endloop
  endfacet
  facet normal -0.462052 0.886853 0
    outer loop
      vertex 16.5861 14.4598 9.5
      vertex 16.7099 14.5243 2.95
      vertex 16.5861 14.4598 2.95
    endloop
  endfacet
  facet normal -0.924153 0.382024 0
    outer loop
      vertex 17.4134 15.3627 2.95
      vertex 17.3757 15.2715 9
      vertex 17.4134 15.3627 9
    endloop
  endfacet
  facet normal -0.923964 0.382478 8.02675e-06
    outer loop
      vertex 17.36 15.2337 2.95
      vertex 17.3757 15.2715 9
      vertex 17.4134 15.3627 2.95
    endloop
  endfacet
  facet normal -0.92351 0.383574 0
    outer loop
      vertex 17.36 15.2337 9.5
      vertex 17.3757 15.2715 9
      vertex 17.36 15.2337 2.95
    endloop
  endfacet
  facet normal -0.92351 0.383574 0
    outer loop
      vertex 17.3757 15.2715 9
      vertex 17.36 15.2337 9.5
      vertex 17.3757 15.2715 9.5
    endloop
  endfacet
  facet normal -0.537385 -0.843337 0
    outer loop
      vertex 16.7099 17.2955 2.95
      vertex 16.8276 17.2205 9
      vertex 16.7099 17.2955 9
    endloop
  endfacet
  facet normal -0.537385 -0.843337 -0
    outer loop
      vertex 16.8276 17.2205 9
      vertex 16.7099 17.2955 2.95
      vertex 16.8276 17.2205 2.95
    endloop
  endfacet
  facet normal 0.953648 -0.300926 0
    outer loop
      vertex 14.3644 16.324 9.5
      vertex 14.4064 16.4571 2.95
      vertex 14.4064 16.4571 9.5
    endloop
  endfacet
  facet normal 0.953648 -0.300926 0
    outer loop
      vertex 14.4064 16.4571 2.95
      vertex 14.3644 16.324 9.5
      vertex 14.3644 16.324 2.95
    endloop
  endfacet
  facet normal -0.976322 -0.216324 0
    outer loop
      vertex 17.4856 16.1877 2.95
      vertex 17.4554 16.324 9
      vertex 17.4554 16.324 2.95
    endloop
  endfacet
  facet normal -0.976322 -0.216324 0
    outer loop
      vertex 17.4554 16.324 9
      vertex 17.4856 16.1877 2.95
      vertex 17.4856 16.1877 9
    endloop
  endfacet
  facet normal 0.675627 -0.737243 0
    outer loop
      vertex 14.7785 17.0413 2.95
      vertex 14.8814 17.1356 9.5
      vertex 14.7785 17.0413 9.5
    endloop
  endfacet
  facet normal 0.675627 -0.737243 0
    outer loop
      vertex 14.8814 17.1356 9.5
      vertex 14.7785 17.0413 2.95
      vertex 14.8814 17.1356 2.95
    endloop
  endfacet
  facet normal 0.216324 -0.976322 0
    outer loop
      vertex 15.4958 17.4554 2.95
      vertex 15.6321 17.4856 9
      vertex 15.4958 17.4554 9
    endloop
  endfacet
  facet normal 0.216324 -0.976322 0
    outer loop
      vertex 15.6321 17.4856 9
      vertex 15.4958 17.4554 2.95
      vertex 15.6321 17.4856 2.95
    endloop
  endfacet
  facet normal 0.999045 -0.0436859 0
    outer loop
      vertex 14.3099 15.9099 9.5
      vertex 14.316 16.0494 2.95
      vertex 14.316 16.0494 9.5
    endloop
  endfacet
  facet normal 0.999045 -0.0436859 0
    outer loop
      vertex 14.316 16.0494 2.95
      vertex 14.3099 15.9099 9.5
      vertex 14.3099 15.9099 2.95
    endloop
  endfacet
  facet normal 0.843337 0.537385 0
    outer loop
      vertex 14.5993 14.9922 9.5
      vertex 14.5243 15.1099 2.95
      vertex 14.5243 15.1099 9.5
    endloop
  endfacet
  facet normal 0.843337 0.537385 0
    outer loop
      vertex 14.5243 15.1099 2.95
      vertex 14.5993 14.9922 9.5
      vertex 14.5993 14.9922 2.95
    endloop
  endfacet
  facet normal 0.608221 -0.793768 0
    outer loop
      vertex 14.8814 17.1356 2.95
      vertex 14.9922 17.2205 9.5
      vertex 14.8814 17.1356 9.5
    endloop
  endfacet
  facet normal 0.608221 -0.793768 0
    outer loop
      vertex 14.9922 17.2205 9.5
      vertex 14.8814 17.1356 2.95
      vertex 14.9922 17.2205 2.95
    endloop
  endfacet
  facet normal -0.0436859 0.999045 0
    outer loop
      vertex 16.0494 14.316 2.95
      vertex 15.9099 14.3099 9.5
      vertex 16.0494 14.316 9.5
    endloop
  endfacet
  facet normal -0.0436859 0.999045 0
    outer loop
      vertex 15.9099 14.3099 9.5
      vertex 16.0494 14.316 2.95
      vertex 15.9099 14.3099 2.95
    endloop
  endfacet
  facet normal 0.923964 0.382478 0
    outer loop
      vertex 14.4598 15.2337 9.5
      vertex 14.4064 15.3627 2.95
      vertex 14.4064 15.3627 9.5
    endloop
  endfacet
  facet normal 0.923964 0.382478 0
    outer loop
      vertex 14.4064 15.3627 2.95
      vertex 14.4598 15.2337 9.5
      vertex 14.4598 15.2337 2.95
    endloop
  endfacet
  facet normal -0.608221 -0.793768 0
    outer loop
      vertex 16.8276 17.2205 2.95
      vertex 16.9384 17.1356 9
      vertex 16.8276 17.2205 9
    endloop
  endfacet
  facet normal -0.608221 -0.793768 -0
    outer loop
      vertex 16.9384 17.1356 9
      vertex 16.8276 17.2205 2.95
      vertex 16.9384 17.1356 2.95
    endloop
  endfacet
  facet normal -0.675627 -0.737243 0
    outer loop
      vertex 16.9384 17.1356 2.95
      vertex 17.0413 17.0413 9
      vertex 16.9384 17.1356 9
    endloop
  endfacet
  facet normal -0.675627 -0.737243 -0
    outer loop
      vertex 17.0413 17.0413 9
      vertex 16.9384 17.1356 2.95
      vertex 17.0413 17.0413 2.95
    endloop
  endfacet
  facet normal -0.886853 -0.462052 0
    outer loop
      vertex 17.36 16.5861 2.95
      vertex 17.2955 16.7099 9
      vertex 17.2955 16.7099 2.95
    endloop
  endfacet
  facet normal -0.886853 -0.462052 0
    outer loop
      vertex 17.2955 16.7099 9
      vertex 17.36 16.5861 2.95
      vertex 17.36 16.5861 9
    endloop
  endfacet
  facet normal -0.130473 -0.991452 0
    outer loop
      vertex 16.0494 17.5038 2.95
      vertex 16.1877 17.4856 9
      vertex 16.0494 17.5038 9
    endloop
  endfacet
  facet normal -0.130473 -0.991452 -0
    outer loop
      vertex 16.1877 17.4856 9
      vertex 16.0494 17.5038 2.95
      vertex 16.1877 17.4856 2.95
    endloop
  endfacet
  facet normal -0.843337 0.537385 0
    outer loop
      vertex 17.2205 14.9922 2.95
      vertex 17.2955 15.1099 9.5
      vertex 17.2955 15.1099 2.95
    endloop
  endfacet
  facet normal -0.843337 0.537385 0
    outer loop
      vertex 17.2955 15.1099 9.5
      vertex 17.2205 14.9922 2.95
      vertex 17.2205 14.9922 9.5
    endloop
  endfacet
  facet normal 0.793768 0.608221 0
    outer loop
      vertex 14.6842 14.8814 9.5
      vertex 14.5993 14.9922 2.95
      vertex 14.5993 14.9922 9.5
    endloop
  endfacet
  facet normal 0.793768 0.608221 0
    outer loop
      vertex 14.5993 14.9922 2.95
      vertex 14.6842 14.8814 9.5
      vertex 14.6842 14.8814 2.95
    endloop
  endfacet
  facet normal -0.886853 0.462052 0
    outer loop
      vertex 17.2955 15.1099 2.95
      vertex 17.36 15.2337 9.5
      vertex 17.36 15.2337 2.95
    endloop
  endfacet
  facet normal -0.886853 0.462052 0
    outer loop
      vertex 17.36 15.2337 9.5
      vertex 17.2955 15.1099 2.95
      vertex 17.2955 15.1099 9.5
    endloop
  endfacet
  facet normal 0.537385 -0.843337 0
    outer loop
      vertex 14.9922 17.2205 2.95
      vertex 15.1099 17.2955 9.5
      vertex 14.9922 17.2205 9.5
    endloop
  endfacet
  facet normal 0.537385 -0.843337 0
    outer loop
      vertex 15.1099 17.2955 9.5
      vertex 14.9922 17.2205 2.95
      vertex 15.1099 17.2955 2.95
    endloop
  endfacet
  facet normal -0.737243 0.675627 0
    outer loop
      vertex 17.0413 14.7785 2.95
      vertex 17.1356 14.8814 9.5
      vertex 17.1356 14.8814 2.95
    endloop
  endfacet
  facet normal -0.737243 0.675627 0
    outer loop
      vertex 17.1356 14.8814 9.5
      vertex 17.0413 14.7785 2.95
      vertex 17.0413 14.7785 9.5
    endloop
  endfacet
  facet normal -0.953648 -0.300926 0
    outer loop
      vertex 17.4554 16.324 2.95
      vertex 17.4134 16.4571 9
      vertex 17.4134 16.4571 2.95
    endloop
  endfacet
  facet normal -0.953648 -0.300926 0
    outer loop
      vertex 17.4134 16.4571 9
      vertex 17.4554 16.324 2.95
      vertex 17.4554 16.324 9
    endloop
  endfacet
  facet normal 0.216324 0.976322 -0
    outer loop
      vertex 15.6321 14.3342 2.95
      vertex 15.4958 14.3644 9.5
      vertex 15.6321 14.3342 9.5
    endloop
  endfacet
  facet normal 0.216324 0.976322 0
    outer loop
      vertex 15.4958 14.3644 9.5
      vertex 15.6321 14.3342 2.95
      vertex 15.4958 14.3644 2.95
    endloop
  endfacet
  facet normal 0.300926 0.953648 -0
    outer loop
      vertex 15.4958 14.3644 2.95
      vertex 15.3627 14.4064 9.5
      vertex 15.4958 14.3644 9.5
    endloop
  endfacet
  facet normal 0.300926 0.953648 0
    outer loop
      vertex 15.3627 14.4064 9.5
      vertex 15.4958 14.3644 2.95
      vertex 15.3627 14.4064 2.95
    endloop
  endfacet
  facet normal 0.300926 -0.953648 0
    outer loop
      vertex 15.3627 17.4134 2.95
      vertex 15.4958 17.4554 9
      vertex 15.3627 17.4134 9
    endloop
  endfacet
  facet normal 0.300926 -0.953648 0
    outer loop
      vertex 15.4958 17.4554 9
      vertex 15.3627 17.4134 2.95
      vertex 15.4958 17.4554 2.95
    endloop
  endfacet
  facet normal -0.537385 0.843337 0
    outer loop
      vertex 16.8276 14.5993 2.95
      vertex 16.7099 14.5243 9.5
      vertex 16.8276 14.5993 9.5
    endloop
  endfacet
  facet normal -0.537385 0.843337 0
    outer loop
      vertex 16.7099 14.5243 9.5
      vertex 16.8276 14.5993 2.95
      vertex 16.7099 14.5243 2.95
    endloop
  endfacet
  facet normal -0.608221 0.793768 0
    outer loop
      vertex 16.9384 14.6842 2.95
      vertex 16.8276 14.5993 9.5
      vertex 16.9384 14.6842 9.5
    endloop
  endfacet
  facet normal -0.608221 0.793768 0
    outer loop
      vertex 16.8276 14.5993 9.5
      vertex 16.9384 14.6842 2.95
      vertex 16.8276 14.5993 2.95
    endloop
  endfacet
  facet normal -0.999044 0.0437171 0
    outer loop
      vertex 17.5038 15.7705 2.95
      vertex 17.5099 15.9099 9
      vertex 17.5099 15.9099 2.95
    endloop
  endfacet
  facet normal -0.999044 0.0437171 0
    outer loop
      vertex 17.5099 15.9099 9
      vertex 17.5038 15.7705 2.95
      vertex 17.5038 15.7705 9
    endloop
  endfacet
  facet normal 0.976322 0.216324 0
    outer loop
      vertex 14.3644 15.4958 9.5
      vertex 14.3342 15.6321 2.95
      vertex 14.3342 15.6321 9.5
    endloop
  endfacet
  facet normal 0.976322 0.216324 0
    outer loop
      vertex 14.3342 15.6321 2.95
      vertex 14.3644 15.4958 9.5
      vertex 14.3644 15.4958 2.95
    endloop
  endfacet
  facet normal -0.675627 0.737243 0
    outer loop
      vertex 17.0413 14.7785 2.95
      vertex 16.9384 14.6842 9.5
      vertex 17.0413 14.7785 9.5
    endloop
  endfacet
  facet normal -0.675627 0.737243 0
    outer loop
      vertex 16.9384 14.6842 9.5
      vertex 17.0413 14.7785 2.95
      vertex 16.9384 14.6842 2.95
    endloop
  endfacet
  facet normal 0.0437171 -0.999044 0
    outer loop
      vertex 15.7705 17.5038 2.95
      vertex 15.9099 17.5099 9
      vertex 15.7705 17.5038 9
    endloop
  endfacet
  facet normal 0.0437171 -0.999044 0
    outer loop
      vertex 15.9099 17.5099 9
      vertex 15.7705 17.5038 2.95
      vertex 15.9099 17.5099 2.95
    endloop
  endfacet
  facet normal 0.999044 0.0437171 0
    outer loop
      vertex 14.316 15.7705 9.5
      vertex 14.3099 15.9099 2.95
      vertex 14.3099 15.9099 9.5
    endloop
  endfacet
  facet normal 0.999044 0.0437171 0
    outer loop
      vertex 14.3099 15.9099 2.95
      vertex 14.316 15.7705 9.5
      vertex 14.316 15.7705 2.95
    endloop
  endfacet
  facet normal 0.991464 0.13038 0
    outer loop
      vertex 14.3342 15.6321 9.5
      vertex 14.316 15.7705 2.95
      vertex 14.316 15.7705 9.5
    endloop
  endfacet
  facet normal 0.991464 0.13038 0
    outer loop
      vertex 14.316 15.7705 2.95
      vertex 14.3342 15.6321 9.5
      vertex 14.3342 15.6321 2.95
    endloop
  endfacet
  facet normal 0.886853 -0.462052 0
    outer loop
      vertex 14.4598 16.5861 9.5
      vertex 14.5243 16.7099 2.95
      vertex 14.5243 16.7099 9.5
    endloop
  endfacet
  facet normal 0.886853 -0.462052 0
    outer loop
      vertex 14.5243 16.7099 2.95
      vertex 14.4598 16.5861 9.5
      vertex 14.4598 16.5861 2.95
    endloop
  endfacet
  facet normal 0.383574 -0.92351 0
    outer loop
      vertex 15.2337 17.36 9.5
      vertex 15.2715 17.3757 9
      vertex 15.2715 17.3757 9.5
    endloop
  endfacet
  facet normal 0.383574 -0.92351 0
    outer loop
      vertex 15.2337 17.36 2.95
      vertex 15.2715 17.3757 9
      vertex 15.2337 17.36 9.5
    endloop
  endfacet
  facet normal 0.382024 -0.924153 1.13559e-05
    outer loop
      vertex 15.2337 17.36 2.95
      vertex 15.3627 17.4134 9
      vertex 15.2715 17.3757 9
    endloop
  endfacet
  facet normal 0.382478 -0.923964 0
    outer loop
      vertex 15.3627 17.4134 9
      vertex 15.2337 17.36 2.95
      vertex 15.3627 17.4134 2.95
    endloop
  endfacet
  facet normal -0.216324 -0.976322 0
    outer loop
      vertex 16.1877 17.4856 2.95
      vertex 16.324 17.4554 9
      vertex 16.1877 17.4856 9
    endloop
  endfacet
  facet normal -0.216324 -0.976322 -0
    outer loop
      vertex 16.324 17.4554 9
      vertex 16.1877 17.4856 2.95
      vertex 16.324 17.4554 2.95
    endloop
  endfacet
  facet normal -0.300926 -0.953648 0
    outer loop
      vertex 16.324 17.4554 2.95
      vertex 16.4571 17.4134 9
      vertex 16.324 17.4554 9
    endloop
  endfacet
  facet normal -0.300926 -0.953648 -0
    outer loop
      vertex 16.4571 17.4134 9
      vertex 16.324 17.4554 2.95
      vertex 16.4571 17.4134 2.95
    endloop
  endfacet
  facet normal 0 0 -1
    outer loop
      vertex 16.3695 16.3695 9.5
      vertex 17.36 15.2337 9.5
      vertex 17.2955 15.1099 9.5
    endloop
  endfacet
  facet normal 0 0 -1
    outer loop
      vertex 16.3695 16.3695 9.5
      vertex 17.2955 15.1099 9.5
      vertex 17.2205 14.9922 9.5
    endloop
  endfacet
  facet normal 0 0 -1
    outer loop
      vertex 16.3695 16.3695 9.5
      vertex 17.2205 14.9922 9.5
      vertex 17.1356 14.8814 9.5
    endloop
  endfacet
  facet normal 0 0 -1
    outer loop
      vertex 16.3695 16.3695 9.5
      vertex 17.1356 14.8814 9.5
      vertex 17.0413 14.7785 9.5
    endloop
  endfacet
  facet normal 0 0 -1
    outer loop
      vertex 16.3695 16.3695 9.5
      vertex 17.0413 14.7785 9.5
      vertex 16.9384 14.6842 9.5
    endloop
  endfacet
  facet normal 0 0 -1
    outer loop
      vertex 16.3695 16.3695 9.5
      vertex 16.9384 14.6842 9.5
      vertex 16.8276 14.5993 9.5
    endloop
  endfacet
  facet normal 0 0 -1
    outer loop
      vertex 16.3695 16.3695 9.5
      vertex 16.8276 14.5993 9.5
      vertex 16.7099 14.5243 9.5
    endloop
  endfacet
  facet normal 0 0 -1
    outer loop
      vertex 16.3695 16.3695 9.5
      vertex 16.7099 14.5243 9.5
      vertex 16.5861 14.4598 9.5
    endloop
  endfacet
  facet normal 0 0 -1
    outer loop
      vertex 16.3695 16.3695 9.5
      vertex 16.5861 14.4598 9.5
      vertex 16.4571 14.4064 9.5
    endloop
  endfacet
  facet normal 0 0 -1
    outer loop
      vertex 17.36 15.2337 9.5
      vertex 16.3695 16.3695 9.5
      vertex 17.3757 15.2715 9.5
    endloop
  endfacet
  facet normal 0 0 -1
    outer loop
      vertex 16.324 14.3644 9.5
      vertex 16.3695 16.3695 9.5
      vertex 16.4571 14.4064 9.5
    endloop
  endfacet
  facet normal 0 0 -1
    outer loop
      vertex 16.1877 14.3342 9.5
      vertex 16.3695 16.3695 9.5
      vertex 16.324 14.3644 9.5
    endloop
  endfacet
  facet normal 0 0 -1
    outer loop
      vertex 16.0494 14.316 9.5
      vertex 16.3695 16.3695 9.5
      vertex 16.1877 14.3342 9.5
    endloop
  endfacet
  facet normal 0 0 -1
    outer loop
      vertex 15.9099 14.3099 9.5
      vertex 16.3695 16.3695 9.5
      vertex 16.0494 14.316 9.5
    endloop
  endfacet
  facet normal 0 0 -1
    outer loop
      vertex 15.7705 14.316 9.5
      vertex 16.3695 16.3695 9.5
      vertex 15.9099 14.3099 9.5
    endloop
  endfacet
  facet normal 0 0 -1
    outer loop
      vertex 15.6321 14.3342 9.5
      vertex 16.3695 16.3695 9.5
      vertex 15.7705 14.316 9.5
    endloop
  endfacet
  facet normal 0 0 -1
    outer loop
      vertex 15.4958 14.3644 9.5
      vertex 16.3695 16.3695 9.5
      vertex 15.6321 14.3342 9.5
    endloop
  endfacet
  facet normal 0 0 -1
    outer loop
      vertex 15.3627 14.4064 9.5
      vertex 16.3695 16.3695 9.5
      vertex 15.4958 14.3644 9.5
    endloop
  endfacet
  facet normal 0 0 -1
    outer loop
      vertex 15.2337 14.4598 9.5
      vertex 16.3695 16.3695 9.5
      vertex 15.3627 14.4064 9.5
    endloop
  endfacet
  facet normal 0 0 -1
    outer loop
      vertex 15.1099 14.5243 9.5
      vertex 16.3695 16.3695 9.5
      vertex 15.2337 14.4598 9.5
    endloop
  endfacet
  facet normal 0 0 -1
    outer loop
      vertex 14.9922 14.5993 9.5
      vertex 16.3695 16.3695 9.5
      vertex 15.1099 14.5243 9.5
    endloop
  endfacet
  facet normal 0 -0 -1
    outer loop
      vertex 15.2337 17.36 9.5
      vertex 16.3695 16.3695 9.5
      vertex 15.1099 17.2955 9.5
    endloop
  endfacet
  facet normal 0 0 -1
    outer loop
      vertex 16.3695 16.3695 9.5
      vertex 15.2337 17.36 9.5
      vertex 15.2715 17.3757 9.5
    endloop
  endfacet
  facet normal 0 0 -1
    outer loop
      vertex 14.8814 14.6842 9.5
      vertex 16.3695 16.3695 9.5
      vertex 14.9922 14.5993 9.5
    endloop
  endfacet
  facet normal 0 0 -1
    outer loop
      vertex 16.3695 16.3695 9.5
      vertex 14.9922 17.2205 9.5
      vertex 15.1099 17.2955 9.5
    endloop
  endfacet
  facet normal 0 0 -1
    outer loop
      vertex 14.7785 14.7785 9.5
      vertex 16.3695 16.3695 9.5
      vertex 14.8814 14.6842 9.5
    endloop
  endfacet
  facet normal 0 0 -1
    outer loop
      vertex 16.3695 16.3695 9.5
      vertex 14.8814 17.1356 9.5
      vertex 14.9922 17.2205 9.5
    endloop
  endfacet
  facet normal 0 0 -1
    outer loop
      vertex 14.6842 14.8814 9.5
      vertex 16.3695 16.3695 9.5
      vertex 14.7785 14.7785 9.5
    endloop
  endfacet
  facet normal 0 0 -1
    outer loop
      vertex 16.3695 16.3695 9.5
      vertex 14.7785 17.0413 9.5
      vertex 14.8814 17.1356 9.5
    endloop
  endfacet
  facet normal 0 0 -1
    outer loop
      vertex 14.5993 14.9922 9.5
      vertex 16.3695 16.3695 9.5
      vertex 14.6842 14.8814 9.5
    endloop
  endfacet
  facet normal 0 0 -1
    outer loop
      vertex 16.3695 16.3695 9.5
      vertex 14.6842 16.9384 9.5
      vertex 14.7785 17.0413 9.5
    endloop
  endfacet
  facet normal 0 0 -1
    outer loop
      vertex 14.5243 15.1099 9.5
      vertex 16.3695 16.3695 9.5
      vertex 14.5993 14.9922 9.5
    endloop
  endfacet
  facet normal 0 0 -1
    outer loop
      vertex 16.3695 16.3695 9.5
      vertex 14.5993 16.8276 9.5
      vertex 14.6842 16.9384 9.5
    endloop
  endfacet
  facet normal 0 0 -1
    outer loop
      vertex 14.4598 15.2337 9.5
      vertex 16.3695 16.3695 9.5
      vertex 14.5243 15.1099 9.5
    endloop
  endfacet
  facet normal 0 0 -1
    outer loop
      vertex 16.3695 16.3695 9.5
      vertex 14.5243 16.7099 9.5
      vertex 14.5993 16.8276 9.5
    endloop
  endfacet
  facet normal 0 0 -1
    outer loop
      vertex 14.4064 15.3627 9.5
      vertex 16.3695 16.3695 9.5
      vertex 14.4598 15.2337 9.5
    endloop
  endfacet
  facet normal 0 0 -1
    outer loop
      vertex 16.3695 16.3695 9.5
      vertex 14.4598 16.5861 9.5
      vertex 14.5243 16.7099 9.5
    endloop
  endfacet
  facet normal 0 0 -1
    outer loop
      vertex 14.3644 15.4958 9.5
      vertex 16.3695 16.3695 9.5
      vertex 14.4064 15.3627 9.5
    endloop
  endfacet
  facet normal 0 0 -1
    outer loop
      vertex 16.3695 16.3695 9.5
      vertex 14.4064 16.4571 9.5
      vertex 14.4598 16.5861 9.5
    endloop
  endfacet
  facet normal 0 0 -1
    outer loop
      vertex 14.3342 15.6321 9.5
      vertex 16.3695 16.3695 9.5
      vertex 14.3644 15.4958 9.5
    endloop
  endfacet
  facet normal -0 0 -1
    outer loop
      vertex 16.3695 16.3695 9.5
      vertex 14.3644 16.324 9.5
      vertex 14.4064 16.4571 9.5
    endloop
  endfacet
  facet normal 0 0 -1
    outer loop
      vertex 14.316 15.7705 9.5
      vertex 16.3695 16.3695 9.5
      vertex 14.3342 15.6321 9.5
    endloop
  endfacet
  facet normal 0 0 -1
    outer loop
      vertex 16.3695 16.3695 9.5
      vertex 14.3342 16.1877 9.5
      vertex 14.3644 16.324 9.5
    endloop
  endfacet
  facet normal 0 0 -1
    outer loop
      vertex 14.3099 15.9099 9.5
      vertex 16.3695 16.3695 9.5
      vertex 14.316 15.7705 9.5
    endloop
  endfacet
  facet normal 0 0 -1
    outer loop
      vertex 16.3695 16.3695 9.5
      vertex 14.316 16.0494 9.5
      vertex 14.3342 16.1877 9.5
    endloop
  endfacet
  facet normal 0 0 -1
    outer loop
      vertex 16.3695 16.3695 9.5
      vertex 14.3099 15.9099 9.5
      vertex 14.316 16.0494 9.5
    endloop
  endfacet
  facet normal -0.462052 -0.886853 0
    outer loop
      vertex 16.5861 17.36 2.95
      vertex 16.7099 17.2955 9
      vertex 16.5861 17.36 9
    endloop
  endfacet
  facet normal -0.462052 -0.886853 -0
    outer loop
      vertex 16.7099 17.2955 9
      vertex 16.5861 17.36 2.95
      vertex 16.7099 17.2955 2.95
    endloop
  endfacet
  facet normal 0.737243 -0.675627 0
    outer loop
      vertex 14.6842 16.9384 9.5
      vertex 14.7785 17.0413 2.95
      vertex 14.7785 17.0413 9.5
    endloop
  endfacet
  facet normal 0.737243 -0.675627 0
    outer loop
      vertex 14.7785 17.0413 2.95
      vertex 14.6842 16.9384 9.5
      vertex 14.6842 16.9384 2.95
    endloop
  endfacet
  facet normal 0.382478 0.923964 -0
    outer loop
      vertex 15.3627 14.4064 2.95
      vertex 15.2337 14.4598 9.5
      vertex 15.3627 14.4064 9.5
    endloop
  endfacet
  facet normal 0.382478 0.923964 0
    outer loop
      vertex 15.2337 14.4598 9.5
      vertex 15.3627 14.4064 2.95
      vertex 15.2337 14.4598 2.95
    endloop
  endfacet
  facet normal 0.13038 -0.991464 0
    outer loop
      vertex 15.6321 17.4856 2.95
      vertex 15.7705 17.5038 9
      vertex 15.6321 17.4856 9
    endloop
  endfacet
  facet normal 0.13038 -0.991464 0
    outer loop
      vertex 15.7705 17.5038 9
      vertex 15.6321 17.4856 2.95
      vertex 15.7705 17.5038 2.95
    endloop
  endfacet
  facet normal -0.999045 -0.0436859 0
    outer loop
      vertex 17.5099 15.9099 2.95
      vertex 17.5038 16.0494 9
      vertex 17.5038 16.0494 2.95
    endloop
  endfacet
  facet normal -0.999045 -0.0436859 0
    outer loop
      vertex 17.5038 16.0494 9
      vertex 17.5099 15.9099 2.95
      vertex 17.5099 15.9099 9
    endloop
  endfacet
  facet normal 0.675627 0.737243 -0
    outer loop
      vertex 14.8814 14.6842 2.95
      vertex 14.7785 14.7785 9.5
      vertex 14.8814 14.6842 9.5
    endloop
  endfacet
  facet normal 0.675627 0.737243 0
    outer loop
      vertex 14.7785 14.7785 9.5
      vertex 14.8814 14.6842 2.95
      vertex 14.7785 14.7785 2.95
    endloop
  endfacet
  facet normal 0.0437171 0.999044 -0
    outer loop
      vertex 15.9099 14.3099 2.95
      vertex 15.7705 14.316 9.5
      vertex 15.9099 14.3099 9.5
    endloop
  endfacet
  facet normal 0.0437171 0.999044 0
    outer loop
      vertex 15.7705 14.316 9.5
      vertex 15.9099 14.3099 2.95
      vertex 15.7705 14.316 2.95
    endloop
  endfacet
  facet normal 0.886853 0.462052 0
    outer loop
      vertex 14.5243 15.1099 9.5
      vertex 14.4598 15.2337 2.95
      vertex 14.4598 15.2337 9.5
    endloop
  endfacet
  facet normal 0.886853 0.462052 0
    outer loop
      vertex 14.4598 15.2337 2.95
      vertex 14.5243 15.1099 9.5
      vertex 14.5243 15.1099 2.95
    endloop
  endfacet
  facet normal -0.793768 0.608221 0
    outer loop
      vertex 17.1356 14.8814 2.95
      vertex 17.2205 14.9922 9.5
      vertex 17.2205 14.9922 2.95
    endloop
  endfacet
  facet normal -0.793768 0.608221 0
    outer loop
      vertex 17.2205 14.9922 9.5
      vertex 17.1356 14.8814 2.95
      vertex 17.1356 14.8814 9.5
    endloop
  endfacet
  facet normal 0.976322 -0.216324 0
    outer loop
      vertex 14.3342 16.1877 9.5
      vertex 14.3644 16.324 2.95
      vertex 14.3644 16.324 9.5
    endloop
  endfacet
  facet normal 0.976322 -0.216324 0
    outer loop
      vertex 14.3644 16.324 2.95
      vertex 14.3342 16.1877 9.5
      vertex 14.3342 16.1877 2.95
    endloop
  endfacet
  facet normal 0.462052 0.886853 -0
    outer loop
      vertex 15.2337 14.4598 2.95
      vertex 15.1099 14.5243 9.5
      vertex 15.2337 14.4598 9.5
    endloop
  endfacet
  facet normal 0.462052 0.886853 0
    outer loop
      vertex 15.1099 14.5243 9.5
      vertex 15.2337 14.4598 2.95
      vertex 15.1099 14.5243 2.95
    endloop
  endfacet
  facet normal 0.923964 -0.382478 0
    outer loop
      vertex 14.4064 16.4571 9.5
      vertex 14.4598 16.5861 2.95
      vertex 14.4598 16.5861 9.5
    endloop
  endfacet
  facet normal 0.923964 -0.382478 0
    outer loop
      vertex 14.4598 16.5861 2.95
      vertex 14.4064 16.4571 9.5
      vertex 14.4064 16.4571 2.95
    endloop
  endfacet
  facet normal 0.793768 -0.608221 0
    outer loop
      vertex 14.5993 16.8276 9.5
      vertex 14.6842 16.9384 2.95
      vertex 14.6842 16.9384 9.5
    endloop
  endfacet
  facet normal 0.793768 -0.608221 0
    outer loop
      vertex 14.6842 16.9384 2.95
      vertex 14.5993 16.8276 9.5
      vertex 14.5993 16.8276 2.95
    endloop
  endfacet
  facet normal 0.843337 -0.537385 0
    outer loop
      vertex 14.5243 16.7099 9.5
      vertex 14.5993 16.8276 2.95
      vertex 14.5993 16.8276 9.5
    endloop
  endfacet
  facet normal 0.843337 -0.537385 0
    outer loop
      vertex 14.5993 16.8276 2.95
      vertex 14.5243 16.7099 9.5
      vertex 14.5243 16.7099 2.95
    endloop
  endfacet
  facet normal -0.991452 -0.130473 0
    outer loop
      vertex 17.5038 16.0494 2.95
      vertex 17.4856 16.1877 9
      vertex 17.4856 16.1877 2.95
    endloop
  endfacet
  facet normal -0.991452 -0.130473 0
    outer loop
      vertex 17.4856 16.1877 9
      vertex 17.5038 16.0494 2.95
      vertex 17.5038 16.0494 9
    endloop
  endfacet
  facet normal 0.382605 0.923912 -0
    outer loop
      vertex 14.8154 12.9029 0
      vertex 14.5575 13.0097 2.95
      vertex 14.8154 12.9029 2.95
    endloop
  endfacet
  facet normal 0.382605 0.923912 0
    outer loop
      vertex 14.5575 13.0097 2.95
      vertex 14.8154 12.9029 0
      vertex 14.5575 13.0097 0
    endloop
  endfacet
  facet normal -0.300823 0.95368 0
    outer loop
      vertex 17.0044 12.9029 0
      vertex 16.7381 12.8189 2.95
      vertex 17.0044 12.9029 2.95
    endloop
  endfacet
  facet normal -0.300823 0.95368 0
    outer loop
      vertex 16.7381 12.8189 2.95
      vertex 17.0044 12.9029 0
      vertex 16.7381 12.8189 0
    endloop
  endfacet
  facet normal -0.793289 -0.608845 0
    outer loop
      vertex 18.5312 17.7453 0.6
      vertex 18.3612 17.9668 2.95
      vertex 18.3612 17.9668 0.6
    endloop
  endfacet
  facet normal -0.793289 -0.608845 0
    outer loop
      vertex 18.3612 17.9668 2.95
      vertex 18.5312 17.7453 0.6
      vertex 18.5312 17.7453 2.95
    endloop
  endfacet
  facet normal -0.737243 -0.675627 0
    outer loop
      vertex 18.3612 17.9668 0.6
      vertex 18.1726 18.1726 2.95
      vertex 18.1726 18.1726 0.6
    endloop
  endfacet
  facet normal -0.737243 -0.675627 0
    outer loop
      vertex 18.1726 18.1726 2.95
      vertex 18.3612 17.9668 0.6
      vertex 18.3612 17.9668 2.95
    endloop
  endfacet
  facet normal -0.843337 -0.537385 0
    outer loop
      vertex 18.6812 17.5099 0.6
      vertex 18.5312 17.7453 2.95
      vertex 18.5312 17.7453 0.6
    endloop
  endfacet
  facet normal -0.843337 -0.537385 0
    outer loop
      vertex 18.5312 17.7453 2.95
      vertex 18.6812 17.5099 0.6
      vertex 18.6812 17.5099 2.95
    endloop
  endfacet
  facet normal 0.991521 0.129946 0
    outer loop
      vertex 12.7221 15.631 2.95
      vertex 12.734 15.5402 0.6
      vertex 12.7221 15.631 0.6
    endloop
  endfacet
  facet normal 0.991464 0.13038 -1.70711e-05
    outer loop
      vertex 12.7585 15.3542 2.95
      vertex 12.734 15.5402 0.6
      vertex 12.7221 15.631 2.95
    endloop
  endfacet
  facet normal 0.991436 0.130592 -0
    outer loop
      vertex 12.7585 15.3542 0
      vertex 12.734 15.5402 0.6
      vertex 12.7585 15.3542 2.95
    endloop
  endfacet
  facet normal 0.991436 0.130592 0
    outer loop
      vertex 12.734 15.5402 0.6
      vertex 12.7585 15.3542 0
      vertex 12.734 15.5402 0
    endloop
  endfacet
  facet normal -0.887 -0.46177 0
    outer loop
      vertex 18.8101 17.2623 0.6
      vertex 18.6812 17.5099 2.95
      vertex 18.6812 17.5099 0.6
    endloop
  endfacet
  facet normal -0.887 -0.46177 0
    outer loop
      vertex 18.6812 17.5099 2.95
      vertex 18.8101 17.2623 0.6
      vertex 18.8101 17.2623 2.95
    endloop
  endfacet
  facet normal -0.923912 0.382605 0
    outer loop
      vertex 18.8101 14.5575 0
      vertex 18.9169 14.8154 2.95
      vertex 18.9169 14.8154 0
    endloop
  endfacet
  facet normal -0.923912 0.382605 0
    outer loop
      vertex 18.9169 14.8154 2.95
      vertex 18.8101 14.5575 0
      vertex 18.8101 14.5575 2.95
    endloop
  endfacet
  facet normal -0.923912 -0.382605 0
    outer loop
      vertex 18.9169 17.0044 0.6
      vertex 18.8101 17.2623 2.95
      vertex 18.8101 17.2623 0.6
    endloop
  endfacet
  facet normal -0.923912 -0.382605 0
    outer loop
      vertex 18.8101 17.2623 2.95
      vertex 18.9169 17.0044 0.6
      vertex 18.9169 17.0044 2.95
    endloop
  endfacet
  facet normal -0.608845 -0.793289 0
    outer loop
      vertex 17.7453 18.5312 0.6
      vertex 17.9668 18.3612 2.95
      vertex 17.7453 18.5312 2.95
    endloop
  endfacet
  facet normal -0.608845 -0.793289 -0
    outer loop
      vertex 17.9668 18.3612 2.95
      vertex 17.7453 18.5312 0.6
      vertex 17.9668 18.3612 0.6
    endloop
  endfacet
  facet normal 0.793289 0.608845 0
    outer loop
      vertex 13.4586 13.853 2.95
      vertex 13.2886 14.0745 0
      vertex 13.2886 14.0745 2.95
    endloop
  endfacet
  facet normal 0.793289 0.608845 0
    outer loop
      vertex 13.2886 14.0745 0
      vertex 13.4586 13.853 2.95
      vertex 13.4586 13.853 0
    endloop
  endfacet
  facet normal 0.0437015 -0.999045 0
    outer loop
      vertex 15.631 19.0977 0
      vertex 15.9099 19.1099 2.95
      vertex 15.631 19.0977 2.95
    endloop
  endfacet
  facet normal 0.0437015 -0.999045 0
    outer loop
      vertex 15.9099 19.1099 2.95
      vertex 15.631 19.0977 0
      vertex 15.9099 19.1099 0
    endloop
  endfacet
  facet normal 0.537385 -0.843337 0
    outer loop
      vertex 14.0745 18.5312 0
      vertex 14.3099 18.6812 2.95
      vertex 14.0745 18.5312 2.95
    endloop
  endfacet
  facet normal 0.537385 -0.843337 0
    outer loop
      vertex 14.3099 18.6812 2.95
      vertex 14.0745 18.5312 0
      vertex 14.3099 18.6812 0
    endloop
  endfacet
  facet normal -0.737243 0.675627 0
    outer loop
      vertex 18.1726 13.6472 0
      vertex 18.3612 13.853 2.95
      vertex 18.3612 13.853 0
    endloop
  endfacet
  facet normal -0.737243 0.675627 0
    outer loop
      vertex 18.3612 13.853 2.95
      vertex 18.1726 13.6472 0
      vertex 18.1726 13.6472 2.95
    endloop
  endfacet
  facet normal 0.991464 -0.13038 0
    outer loop
      vertex 12.7221 16.1888 2.95
      vertex 12.7585 16.4656 0.6
      vertex 12.7585 16.4656 2.95
    endloop
  endfacet
  facet normal 0.991464 -0.13038 0
    outer loop
      vertex 12.7585 16.4656 0.6
      vertex 12.7221 16.1888 2.95
      vertex 12.7221 16.1888 0.6
    endloop
  endfacet
  facet normal -0.537385 -0.843337 0
    outer loop
      vertex 17.5099 18.6812 0.6
      vertex 17.7453 18.5312 2.95
      vertex 17.5099 18.6812 2.95
    endloop
  endfacet
  facet normal -0.537385 -0.843337 -0
    outer loop
      vertex 17.7453 18.5312 2.95
      vertex 17.5099 18.6812 0.6
      vertex 17.7453 18.5312 0.6
    endloop
  endfacet
  facet normal 0.737243 0.675627 0
    outer loop
      vertex 13.6472 13.6472 2.95
      vertex 13.4586 13.853 0
      vertex 13.4586 13.853 2.95
    endloop
  endfacet
  facet normal 0.737243 0.675627 0
    outer loop
      vertex 13.4586 13.853 0
      vertex 13.6472 13.6472 2.95
      vertex 13.6472 13.6472 0
    endloop
  endfacet
  facet normal -0.13038 -0.991464 1.65833e-05
    outer loop
      vertex 16.1888 19.0977 2.95
      vertex 16.2904 19.0843 0.6
      vertex 16.4656 19.0613 2.95
    endloop
  endfacet
  facet normal -0.130757 -0.991414 0
    outer loop
      vertex 16.1888 19.0977 0
      vertex 16.2904 19.0843 0.6
      vertex 16.1888 19.0977 2.95
    endloop
  endfacet
  facet normal -0.130757 -0.991414 -0
    outer loop
      vertex 16.2904 19.0843 0.6
      vertex 16.1888 19.0977 0
      vertex 16.2904 19.0843 0
    endloop
  endfacet
  facet normal -0.130162 -0.991493 -0
    outer loop
      vertex 16.4656 19.0613 2.95
      vertex 16.2904 19.0843 0.6
      vertex 16.4656 19.0613 0.6
    endloop
  endfacet
  facet normal 0.0437015 0.999045 -0
    outer loop
      vertex 15.9099 12.7099 0.6
      vertex 15.631 12.7221 2.95
      vertex 15.9099 12.7099 2.95
    endloop
  endfacet
  facet normal 0.0437015 0.999045 0
    outer loop
      vertex 15.631 12.7221 2.95
      vertex 15.9099 12.7099 0.6
      vertex 15.631 12.7221 0.6
    endloop
  endfacet
  facet normal -0.46177 -0.887 0
    outer loop
      vertex 17.2623 18.8101 0.6
      vertex 17.5099 18.6812 2.95
      vertex 17.2623 18.8101 2.95
    endloop
  endfacet
  facet normal -0.46177 -0.887 -0
    outer loop
      vertex 17.5099 18.6812 2.95
      vertex 17.2623 18.8101 0.6
      vertex 17.5099 18.6812 0.6
    endloop
  endfacet
  facet normal 0.843337 0.537385 0
    outer loop
      vertex 13.2886 14.0745 2.95
      vertex 13.1386 14.3099 0
      vertex 13.1386 14.3099 2.95
    endloop
  endfacet
  facet normal 0.843337 0.537385 0
    outer loop
      vertex 13.1386 14.3099 0
      vertex 13.2886 14.0745 2.95
      vertex 13.2886 14.0745 0
    endloop
  endfacet
  facet normal 0.46177 0.887 -0
    outer loop
      vertex 14.5575 13.0097 0
      vertex 14.3099 13.1386 2.95
      vertex 14.5575 13.0097 2.95
    endloop
  endfacet
  facet normal 0.46177 0.887 0
    outer loop
      vertex 14.3099 13.1386 2.95
      vertex 14.5575 13.0097 0
      vertex 14.3099 13.1386 0
    endloop
  endfacet
  facet normal 0.608845 -0.793289 0
    outer loop
      vertex 13.853 18.3612 0
      vertex 14.0745 18.5312 2.95
      vertex 13.853 18.3612 2.95
    endloop
  endfacet
  facet normal 0.608845 -0.793289 0
    outer loop
      vertex 14.0745 18.5312 2.95
      vertex 13.853 18.3612 0
      vertex 14.0745 18.5312 0
    endloop
  endfacet
  facet normal -0.382605 -0.923912 0
    outer loop
      vertex 17.0044 18.9169 0.6
      vertex 17.2623 18.8101 2.95
      vertex 17.0044 18.9169 2.95
    endloop
  endfacet
  facet normal -0.382605 -0.923912 -0
    outer loop
      vertex 17.2623 18.8101 2.95
      vertex 17.0044 18.9169 0.6
      vertex 17.2623 18.8101 0.6
    endloop
  endfacet
  facet normal -0.95368 0.300823 0
    outer loop
      vertex 18.9169 14.8154 0
      vertex 19.0009 15.0817 2.95
      vertex 19.0009 15.0817 0
    endloop
  endfacet
  facet normal -0.95368 0.300823 0
    outer loop
      vertex 19.0009 15.0817 2.95
      vertex 18.9169 14.8154 0
      vertex 18.9169 14.8154 2.95
    endloop
  endfacet
  facet normal -0.991464 0.13038 0
    outer loop
      vertex 19.0613 15.3542 0
      vertex 19.0977 15.631 2.95
      vertex 19.0977 15.631 0
    endloop
  endfacet
  facet normal -0.991464 0.13038 0
    outer loop
      vertex 19.0977 15.631 2.95
      vertex 19.0613 15.3542 0
      vertex 19.0613 15.3542 2.95
    endloop
  endfacet
  facet normal -0.991414 -0.130757 0
    outer loop
      vertex 19.0843 16.2904 0
      vertex 19.0977 16.1888 0
      vertex 19.0843 16.2904 0.6
    endloop
  endfacet
  facet normal -0.991493 -0.130162 0
    outer loop
      vertex 19.0843 16.2904 0.6
      vertex 19.0613 16.4656 2.95
      vertex 19.0613 16.4656 0.6
    endloop
  endfacet
  facet normal -0.991414 -0.130757 -0
    outer loop
      vertex 19.0977 16.1888 2.95
      vertex 19.0843 16.2904 0.6
      vertex 19.0977 16.1888 0
    endloop
  endfacet
  facet normal -0.991464 -0.13038 1.65833e-05
    outer loop
      vertex 19.0843 16.2904 0.6
      vertex 19.0977 16.1888 2.95
      vertex 19.0613 16.4656 2.95
    endloop
  endfacet
  facet normal 0.216399 0.976305 -0
    outer loop
      vertex 15.3542 12.7585 0
      vertex 15.0817 12.8189 2.95
      vertex 15.3542 12.7585 2.95
    endloop
  endfacet
  facet normal 0.216399 0.976305 0
    outer loop
      vertex 15.0817 12.8189 2.95
      vertex 15.3542 12.7585 0
      vertex 15.0817 12.8189 0
    endloop
  endfacet
  facet normal -0.13038 0.991464 0
    outer loop
      vertex 16.4656 12.7585 0.6
      vertex 16.1888 12.7221 2.95
      vertex 16.4656 12.7585 2.95
    endloop
  endfacet
  facet normal -0.13038 0.991464 0
    outer loop
      vertex 16.1888 12.7221 2.95
      vertex 16.4656 12.7585 0.6
      vertex 16.1888 12.7221 0.6
    endloop
  endfacet
  facet normal -0.608845 0.793289 0
    outer loop
      vertex 17.9668 13.4586 0
      vertex 17.7453 13.2886 2.95
      vertex 17.9668 13.4586 2.95
    endloop
  endfacet
  facet normal -0.608845 0.793289 0
    outer loop
      vertex 17.7453 13.2886 2.95
      vertex 17.9668 13.4586 0
      vertex 17.7453 13.2886 0
    endloop
  endfacet
  facet normal -0.999045 -0.0437015 0
    outer loop
      vertex 19.1099 15.9099 0
      vertex 19.0977 16.1888 2.95
      vertex 19.0977 16.1888 0
    endloop
  endfacet
  facet normal -0.999045 -0.0437015 0
    outer loop
      vertex 19.0977 16.1888 2.95
      vertex 19.1099 15.9099 0
      vertex 19.1099 15.9099 2.95
    endloop
  endfacet
  facet normal 0.923912 0.382605 0
    outer loop
      vertex 13.0097 14.5575 2.95
      vertex 12.9029 14.8154 0
      vertex 12.9029 14.8154 2.95
    endloop
  endfacet
  facet normal 0.923912 0.382605 0
    outer loop
      vertex 12.9029 14.8154 0
      vertex 13.0097 14.5575 2.95
      vertex 13.0097 14.5575 0
    endloop
  endfacet
  facet normal 0.382605 -0.923912 0
    outer loop
      vertex 14.5575 18.8101 0
      vertex 14.8154 18.9169 2.95
      vertex 14.5575 18.8101 2.95
    endloop
  endfacet
  facet normal 0.382605 -0.923912 0
    outer loop
      vertex 14.8154 18.9169 2.95
      vertex 14.5575 18.8101 0
      vertex 14.8154 18.9169 0
    endloop
  endfacet
  facet normal 0.300823 0.95368 -0
    outer loop
      vertex 15.0817 12.8189 0
      vertex 14.8154 12.9029 2.95
      vertex 15.0817 12.8189 2.95
    endloop
  endfacet
  facet normal 0.300823 0.95368 0
    outer loop
      vertex 14.8154 12.9029 2.95
      vertex 15.0817 12.8189 0
      vertex 14.8154 12.9029 0
    endloop
  endfacet
  facet normal 0.976334 -0.216268 0
    outer loop
      vertex 12.8189 16.7381 2.95
      vertex 12.7705 16.5196 0.6
      vertex 12.8189 16.7381 0
    endloop
  endfacet
  facet normal 0.976305 -0.216399 1.28065e-05
    outer loop
      vertex 12.7585 16.4656 2.95
      vertex 12.7705 16.5196 0.6
      vertex 12.8189 16.7381 2.95
    endloop
  endfacet
  facet normal 0.976187 -0.21693 0
    outer loop
      vertex 12.7705 16.5196 0.6
      vertex 12.7585 16.4656 2.95
      vertex 12.7585 16.4656 0.6
    endloop
  endfacet
  facet normal 0.976334 -0.216268 0
    outer loop
      vertex 12.8189 16.7381 0
      vertex 12.7705 16.5196 0.6
      vertex 12.7705 16.5196 0
    endloop
  endfacet
  facet normal 0.300823 -0.95368 0
    outer loop
      vertex 14.8154 18.9169 0
      vertex 15.0817 19.0009 2.95
      vertex 14.8154 18.9169 2.95
    endloop
  endfacet
  facet normal 0.300823 -0.95368 0
    outer loop
      vertex 15.0817 19.0009 2.95
      vertex 14.8154 18.9169 0
      vertex 15.0817 19.0009 0
    endloop
  endfacet
  facet normal -0.537385 0.843337 0
    outer loop
      vertex 17.7453 13.2886 0
      vertex 17.5099 13.1386 2.95
      vertex 17.7453 13.2886 2.95
    endloop
  endfacet
  facet normal -0.537385 0.843337 0
    outer loop
      vertex 17.5099 13.1386 2.95
      vertex 17.7453 13.2886 0
      vertex 17.5099 13.1386 0
    endloop
  endfacet
  facet normal 0.216399 -0.976305 0
    outer loop
      vertex 15.0817 19.0009 0
      vertex 15.3542 19.0613 2.95
      vertex 15.0817 19.0009 2.95
    endloop
  endfacet
  facet normal 0.216399 -0.976305 0
    outer loop
      vertex 15.3542 19.0613 2.95
      vertex 15.0817 19.0009 0
      vertex 15.3542 19.0613 0
    endloop
  endfacet
  facet normal -0.976305 0.216399 0
    outer loop
      vertex 19.0009 15.0817 0
      vertex 19.0613 15.3542 2.95
      vertex 19.0613 15.3542 0
    endloop
  endfacet
  facet normal -0.976305 0.216399 0
    outer loop
      vertex 19.0613 15.3542 2.95
      vertex 19.0009 15.0817 0
      vertex 19.0009 15.0817 2.95
    endloop
  endfacet
  facet normal 0.887 0.46177 0
    outer loop
      vertex 13.1386 14.3099 2.95
      vertex 13.0097 14.5575 0
      vertex 13.0097 14.5575 2.95
    endloop
  endfacet
  facet normal 0.887 0.46177 0
    outer loop
      vertex 13.0097 14.5575 0
      vertex 13.1386 14.3099 2.95
      vertex 13.1386 14.3099 0
    endloop
  endfacet
  facet normal 0.537385 0.843337 -0
    outer loop
      vertex 14.3099 13.1386 0
      vertex 14.0745 13.2886 2.95
      vertex 14.3099 13.1386 2.95
    endloop
  endfacet
  facet normal 0.537385 0.843337 0
    outer loop
      vertex 14.0745 13.2886 2.95
      vertex 14.3099 13.1386 0
      vertex 14.0745 13.2886 0
    endloop
  endfacet
  facet normal -0.216399 -0.976305 0
    outer loop
      vertex 16.4656 19.0613 0.6
      vertex 16.7381 19.0009 2.95
      vertex 16.4656 19.0613 2.95
    endloop
  endfacet
  facet normal -0.216399 -0.976305 -0
    outer loop
      vertex 16.7381 19.0009 2.95
      vertex 16.4656 19.0613 0.6
      vertex 16.7381 19.0009 0.6
    endloop
  endfacet
  facet normal -0.0437015 -0.999045 0
    outer loop
      vertex 15.9099 19.1099 0
      vertex 16.1888 19.0977 2.95
      vertex 15.9099 19.1099 2.95
    endloop
  endfacet
  facet normal -0.0437015 -0.999045 -0
    outer loop
      vertex 16.1888 19.0977 2.95
      vertex 15.9099 19.1099 0
      vertex 16.1888 19.0977 0
    endloop
  endfacet
  facet normal -0.976305 -0.216399 0
    outer loop
      vertex 19.0613 16.4656 0.6
      vertex 19.0009 16.7381 2.95
      vertex 19.0009 16.7381 0.6
    endloop
  endfacet
  facet normal -0.976305 -0.216399 0
    outer loop
      vertex 19.0009 16.7381 2.95
      vertex 19.0613 16.4656 0.6
      vertex 19.0613 16.4656 2.95
    endloop
  endfacet
  facet normal 0.793289 -0.608845 0
    outer loop
      vertex 13.2886 17.7453 2.95
      vertex 13.4586 17.9668 0
      vertex 13.4586 17.9668 2.95
    endloop
  endfacet
  facet normal 0.793289 -0.608845 0
    outer loop
      vertex 13.4586 17.9668 0
      vertex 13.2886 17.7453 2.95
      vertex 13.2886 17.7453 0
    endloop
  endfacet
  facet normal 0.737243 -0.675627 0
    outer loop
      vertex 13.4586 17.9668 2.95
      vertex 13.6472 18.1726 0
      vertex 13.6472 18.1726 2.95
    endloop
  endfacet
  facet normal 0.737243 -0.675627 0
    outer loop
      vertex 13.6472 18.1726 0
      vertex 13.4586 17.9668 2.95
      vertex 13.4586 17.9668 0
    endloop
  endfacet
  facet normal -0.95368 -0.300823 0
    outer loop
      vertex 19.0009 16.7381 0.6
      vertex 18.9169 17.0044 2.95
      vertex 18.9169 17.0044 0.6
    endloop
  endfacet
  facet normal -0.95368 -0.300823 0
    outer loop
      vertex 18.9169 17.0044 2.95
      vertex 19.0009 16.7381 0.6
      vertex 19.0009 16.7381 2.95
    endloop
  endfacet
  facet normal 0.976305 0.216399 0
    outer loop
      vertex 12.8189 15.0817 2.95
      vertex 12.7585 15.3542 0
      vertex 12.7585 15.3542 2.95
    endloop
  endfacet
  facet normal 0.976305 0.216399 0
    outer loop
      vertex 12.7585 15.3542 0
      vertex 12.8189 15.0817 2.95
      vertex 12.8189 15.0817 0
    endloop
  endfacet
  facet normal 0.887 -0.46177 0
    outer loop
      vertex 13.0097 17.2623 2.95
      vertex 13.1386 17.5099 0
      vertex 13.1386 17.5099 2.95
    endloop
  endfacet
  facet normal 0.887 -0.46177 0
    outer loop
      vertex 13.1386 17.5099 0
      vertex 13.0097 17.2623 2.95
      vertex 13.0097 17.2623 0
    endloop
  endfacet
  facet normal -0.216399 0.976305 1.28065e-05
    outer loop
      vertex 16.7381 12.8189 2.95
      vertex 16.5196 12.7705 0.6
      vertex 16.4656 12.7585 2.95
    endloop
  endfacet
  facet normal -0.216268 0.976334 0
    outer loop
      vertex 16.7381 12.8189 0
      vertex 16.5196 12.7705 0.6
      vertex 16.7381 12.8189 2.95
    endloop
  endfacet
  facet normal -0.216268 0.976334 0
    outer loop
      vertex 16.5196 12.7705 0.6
      vertex 16.7381 12.8189 0
      vertex 16.5196 12.7705 0
    endloop
  endfacet
  facet normal -0.21693 0.976187 0
    outer loop
      vertex 16.4656 12.7585 2.95
      vertex 16.5196 12.7705 0.6
      vertex 16.4656 12.7585 0.6
    endloop
  endfacet
  facet normal 0.46177 -0.887 0
    outer loop
      vertex 14.3099 18.6812 0
      vertex 14.5575 18.8101 2.95
      vertex 14.3099 18.6812 2.95
    endloop
  endfacet
  facet normal 0.46177 -0.887 0
    outer loop
      vertex 14.5575 18.8101 2.95
      vertex 14.3099 18.6812 0
      vertex 14.5575 18.8101 0
    endloop
  endfacet
  facet normal -0.0437015 0.999045 0
    outer loop
      vertex 16.1888 12.7221 0.6
      vertex 15.9099 12.7099 2.95
      vertex 16.1888 12.7221 2.95
    endloop
  endfacet
  facet normal -0.0437015 0.999045 0
    outer loop
      vertex 15.9099 12.7099 2.95
      vertex 16.1888 12.7221 0.6
      vertex 15.9099 12.7099 0.6
    endloop
  endfacet
  facet normal 0.95368 0.300823 0
    outer loop
      vertex 12.9029 14.8154 2.95
      vertex 12.8189 15.0817 0
      vertex 12.8189 15.0817 2.95
    endloop
  endfacet
  facet normal 0.95368 0.300823 0
    outer loop
      vertex 12.8189 15.0817 0
      vertex 12.9029 14.8154 2.95
      vertex 12.9029 14.8154 0
    endloop
  endfacet
  facet normal -0.46177 0.887 0
    outer loop
      vertex 17.5099 13.1386 0
      vertex 17.2623 13.0097 2.95
      vertex 17.5099 13.1386 2.95
    endloop
  endfacet
  facet normal -0.46177 0.887 0
    outer loop
      vertex 17.2623 13.0097 2.95
      vertex 17.5099 13.1386 0
      vertex 17.2623 13.0097 0
    endloop
  endfacet
  facet normal 0.843337 -0.537385 0
    outer loop
      vertex 13.1386 17.5099 2.95
      vertex 13.2886 17.7453 0
      vertex 13.2886 17.7453 2.95
    endloop
  endfacet
  facet normal 0.843337 -0.537385 0
    outer loop
      vertex 13.2886 17.7453 0
      vertex 13.1386 17.5099 2.95
      vertex 13.1386 17.5099 0
    endloop
  endfacet
  facet normal -0.675627 0.737243 0
    outer loop
      vertex 18.1726 13.6472 0
      vertex 17.9668 13.4586 2.95
      vertex 18.1726 13.6472 2.95
    endloop
  endfacet
  facet normal -0.675627 0.737243 0
    outer loop
      vertex 17.9668 13.4586 2.95
      vertex 18.1726 13.6472 0
      vertex 17.9668 13.4586 0
    endloop
  endfacet
  facet normal -0.843337 0.537385 0
    outer loop
      vertex 18.5312 14.0745 0
      vertex 18.6812 14.3099 2.95
      vertex 18.6812 14.3099 0
    endloop
  endfacet
  facet normal -0.843337 0.537385 0
    outer loop
      vertex 18.6812 14.3099 2.95
      vertex 18.5312 14.0745 0
      vertex 18.5312 14.0745 2.95
    endloop
  endfacet
  facet normal 0.999045 0.0437015 0
    outer loop
      vertex 12.7221 15.631 2.95
      vertex 12.7099 15.9099 0.6
      vertex 12.7099 15.9099 2.95
    endloop
  endfacet
  facet normal 0.999045 0.0437015 0
    outer loop
      vertex 12.7099 15.9099 0.6
      vertex 12.7221 15.631 2.95
      vertex 12.7221 15.631 0.6
    endloop
  endfacet
  facet normal -0.675627 -0.737243 0
    outer loop
      vertex 17.9668 18.3612 0.6
      vertex 18.1726 18.1726 2.95
      vertex 17.9668 18.3612 2.95
    endloop
  endfacet
  facet normal -0.675627 -0.737243 -0
    outer loop
      vertex 18.1726 18.1726 2.95
      vertex 17.9668 18.3612 0.6
      vertex 18.1726 18.1726 0.6
    endloop
  endfacet
  facet normal 0.675627 -0.737243 0
    outer loop
      vertex 13.6472 18.1726 0
      vertex 13.853 18.3612 2.95
      vertex 13.6472 18.1726 2.95
    endloop
  endfacet
  facet normal 0.675627 -0.737243 0
    outer loop
      vertex 13.853 18.3612 2.95
      vertex 13.6472 18.1726 0
      vertex 13.853 18.3612 0
    endloop
  endfacet
  facet normal 0.999045 -0.0437015 0
    outer loop
      vertex 12.7099 15.9099 2.95
      vertex 12.7221 16.1888 0.6
      vertex 12.7221 16.1888 2.95
    endloop
  endfacet
  facet normal 0.999045 -0.0437015 0
    outer loop
      vertex 12.7221 16.1888 0.6
      vertex 12.7099 15.9099 2.95
      vertex 12.7099 15.9099 0.6
    endloop
  endfacet
  facet normal -0.793289 0.608845 0
    outer loop
      vertex 18.3612 13.853 0
      vertex 18.5312 14.0745 2.95
      vertex 18.5312 14.0745 0
    endloop
  endfacet
  facet normal -0.793289 0.608845 0
    outer loop
      vertex 18.5312 14.0745 2.95
      vertex 18.3612 13.853 0
      vertex 18.3612 13.853 2.95
    endloop
  endfacet
  facet normal -0.300823 -0.95368 0
    outer loop
      vertex 16.7381 19.0009 0.6
      vertex 17.0044 18.9169 2.95
      vertex 16.7381 19.0009 2.95
    endloop
  endfacet
  facet normal -0.300823 -0.95368 -0
    outer loop
      vertex 17.0044 18.9169 2.95
      vertex 16.7381 19.0009 0.6
      vertex 17.0044 18.9169 0.6
    endloop
  endfacet
  facet normal -0.999045 0.0437015 0
    outer loop
      vertex 19.0977 15.631 0
      vertex 19.1099 15.9099 2.95
      vertex 19.1099 15.9099 0
    endloop
  endfacet
  facet normal -0.999045 0.0437015 0
    outer loop
      vertex 19.1099 15.9099 2.95
      vertex 19.0977 15.631 0
      vertex 19.0977 15.631 2.95
    endloop
  endfacet
  facet normal -0.887 0.46177 0
    outer loop
      vertex 18.6812 14.3099 0
      vertex 18.8101 14.5575 2.95
      vertex 18.8101 14.5575 0
    endloop
  endfacet
  facet normal -0.887 0.46177 0
    outer loop
      vertex 18.8101 14.5575 2.95
      vertex 18.6812 14.3099 0
      vertex 18.6812 14.3099 2.95
    endloop
  endfacet
  facet normal 0.129946 0.991521 0
    outer loop
      vertex 15.5402 12.734 0.6
      vertex 15.631 12.7221 2.95
      vertex 15.631 12.7221 0.6
    endloop
  endfacet
  facet normal 0.13038 0.991464 -1.70711e-05
    outer loop
      vertex 15.631 12.7221 2.95
      vertex 15.5402 12.734 0.6
      vertex 15.3542 12.7585 2.95
    endloop
  endfacet
  facet normal 0.130592 0.991436 0
    outer loop
      vertex 15.3542 12.7585 0
      vertex 15.5402 12.734 0.6
      vertex 15.5402 12.734 0
    endloop
  endfacet
  facet normal 0.130592 0.991436 0
    outer loop
      vertex 15.5402 12.734 0.6
      vertex 15.3542 12.7585 0
      vertex 15.3542 12.7585 2.95
    endloop
  endfacet
  facet normal 0.608845 0.793289 -0
    outer loop
      vertex 14.0745 13.2886 0
      vertex 13.853 13.4586 2.95
      vertex 14.0745 13.2886 2.95
    endloop
  endfacet
  facet normal 0.608845 0.793289 0
    outer loop
      vertex 13.853 13.4586 2.95
      vertex 14.0745 13.2886 0
      vertex 13.853 13.4586 0
    endloop
  endfacet
  facet normal 0.675627 0.737243 -0
    outer loop
      vertex 13.853 13.4586 0
      vertex 13.6472 13.6472 2.95
      vertex 13.853 13.4586 2.95
    endloop
  endfacet
  facet normal 0.675627 0.737243 0
    outer loop
      vertex 13.6472 13.6472 2.95
      vertex 13.853 13.4586 0
      vertex 13.6472 13.6472 0
    endloop
  endfacet
  facet normal 0.13038 -0.991464 0
    outer loop
      vertex 15.3542 19.0613 0
      vertex 15.631 19.0977 2.95
      vertex 15.3542 19.0613 2.95
    endloop
  endfacet
  facet normal 0.13038 -0.991464 0
    outer loop
      vertex 15.631 19.0977 2.95
      vertex 15.3542 19.0613 0
      vertex 15.631 19.0977 0
    endloop
  endfacet
  facet normal 0.923912 -0.382605 0
    outer loop
      vertex 12.9029 17.0044 2.95
      vertex 13.0097 17.2623 0
      vertex 13.0097 17.2623 2.95
    endloop
  endfacet
  facet normal 0.923912 -0.382605 0
    outer loop
      vertex 13.0097 17.2623 0
      vertex 12.9029 17.0044 2.95
      vertex 12.9029 17.0044 0
    endloop
  endfacet
  facet normal -0.382605 0.923912 0
    outer loop
      vertex 17.2623 13.0097 0
      vertex 17.0044 12.9029 2.95
      vertex 17.2623 13.0097 2.95
    endloop
  endfacet
  facet normal -0.382605 0.923912 0
    outer loop
      vertex 17.0044 12.9029 2.95
      vertex 17.2623 13.0097 0
      vertex 17.0044 12.9029 0
    endloop
  endfacet
  facet normal 0 0 -1
    outer loop
      vertex 19.0977 15.631 2.95
      vertex 17.5038 15.7705 2.95
      vertex 17.5099 15.9099 2.95
    endloop
  endfacet
  facet normal 0 0 -1
    outer loop
      vertex 17.7453 13.2886 2.95
      vertex 17.4856 15.6321 2.95
      vertex 17.5038 15.7705 2.95
    endloop
  endfacet
  facet normal 0 0 -1
    outer loop
      vertex 17.7453 13.2886 2.95
      vertex 17.4554 15.4958 2.95
      vertex 17.4856 15.6321 2.95
    endloop
  endfacet
  facet normal 0 0 -1
    outer loop
      vertex 17.7453 13.2886 2.95
      vertex 17.4134 15.3627 2.95
      vertex 17.4554 15.4958 2.95
    endloop
  endfacet
  facet normal 0 0 -1
    outer loop
      vertex 17.7453 13.2886 2.95
      vertex 17.36 15.2337 2.95
      vertex 17.4134 15.3627 2.95
    endloop
  endfacet
  facet normal 0 0 -1
    outer loop
      vertex 17.7453 13.2886 2.95
      vertex 17.2955 15.1099 2.95
      vertex 17.36 15.2337 2.95
    endloop
  endfacet
  facet normal 0 0 -1
    outer loop
      vertex 16.7099 14.5243 2.95
      vertex 17.5099 13.1386 2.95
      vertex 17.2623 13.0097 2.95
    endloop
  endfacet
  facet normal 0 0 -1
    outer loop
      vertex 17.7453 13.2886 2.95
      vertex 17.2205 14.9922 2.95
      vertex 17.2955 15.1099 2.95
    endloop
  endfacet
  facet normal 0 0 -1
    outer loop
      vertex 17.7453 13.2886 2.95
      vertex 17.1356 14.8814 2.95
      vertex 17.2205 14.9922 2.95
    endloop
  endfacet
  facet normal 0 0 -1
    outer loop
      vertex 17.7453 13.2886 2.95
      vertex 17.0413 14.7785 2.95
      vertex 17.1356 14.8814 2.95
    endloop
  endfacet
  facet normal 0 0 -1
    outer loop
      vertex 16.5861 14.4598 2.95
      vertex 17.2623 13.0097 2.95
      vertex 17.0044 12.9029 2.95
    endloop
  endfacet
  facet normal 0 0 -1
    outer loop
      vertex 17.7453 13.2886 2.95
      vertex 16.9384 14.6842 2.95
      vertex 17.0413 14.7785 2.95
    endloop
  endfacet
  facet normal 0 0 -1
    outer loop
      vertex 17.7453 13.2886 2.95
      vertex 16.8276 14.5993 2.95
      vertex 16.9384 14.6842 2.95
    endloop
  endfacet
  facet normal 0 0 -1
    outer loop
      vertex 16.4571 14.4064 2.95
      vertex 17.0044 12.9029 2.95
      vertex 16.7381 12.8189 2.95
    endloop
  endfacet
  facet normal 0 0 -1
    outer loop
      vertex 17.5099 13.1386 2.95
      vertex 16.7099 14.5243 2.95
      vertex 16.8276 14.5993 2.95
    endloop
  endfacet
  facet normal 0 0 -1
    outer loop
      vertex 17.2623 13.0097 2.95
      vertex 16.5861 14.4598 2.95
      vertex 16.7099 14.5243 2.95
    endloop
  endfacet
  facet normal 0 0 -1
    outer loop
      vertex 16.324 14.3644 2.95
      vertex 16.7381 12.8189 2.95
      vertex 16.4656 12.7585 2.95
    endloop
  endfacet
  facet normal 0 0 -1
    outer loop
      vertex 17.0044 12.9029 2.95
      vertex 16.4571 14.4064 2.95
      vertex 16.5861 14.4598 2.95
    endloop
  endfacet
  facet normal 0 0 -1
    outer loop
      vertex 16.7381 12.8189 2.95
      vertex 16.324 14.3644 2.95
      vertex 16.4571 14.4064 2.95
    endloop
  endfacet
  facet normal 0 0 -1
    outer loop
      vertex 16.1877 14.3342 2.95
      vertex 16.4656 12.7585 2.95
      vertex 16.1888 12.7221 2.95
    endloop
  endfacet
  facet normal 0 0 -1
    outer loop
      vertex 16.4656 12.7585 2.95
      vertex 16.1877 14.3342 2.95
      vertex 16.324 14.3644 2.95
    endloop
  endfacet
  facet normal 0 0 -1
    outer loop
      vertex 16.1888 12.7221 2.95
      vertex 16.0494 14.316 2.95
      vertex 16.1877 14.3342 2.95
    endloop
  endfacet
  facet normal 0 0 -1
    outer loop
      vertex 15.9099 12.7099 2.95
      vertex 16.0494 14.316 2.95
      vertex 16.1888 12.7221 2.95
    endloop
  endfacet
  facet normal 0 0 -1
    outer loop
      vertex 15.9099 12.7099 2.95
      vertex 15.9099 14.3099 2.95
      vertex 16.0494 14.316 2.95
    endloop
  endfacet
  facet normal 0 0 -1
    outer loop
      vertex 15.9099 12.7099 2.95
      vertex 15.7705 14.316 2.95
      vertex 15.9099 14.3099 2.95
    endloop
  endfacet
  facet normal 0 0 -1
    outer loop
      vertex 15.631 12.7221 2.95
      vertex 15.7705 14.316 2.95
      vertex 15.9099 12.7099 2.95
    endloop
  endfacet
  facet normal -0 0 -1
    outer loop
      vertex 15.7705 14.316 2.95
      vertex 15.631 12.7221 2.95
      vertex 15.6321 14.3342 2.95
    endloop
  endfacet
  facet normal 0 0 -1
    outer loop
      vertex 15.3542 12.7585 2.95
      vertex 15.6321 14.3342 2.95
      vertex 15.631 12.7221 2.95
    endloop
  endfacet
  facet normal -0 0 -1
    outer loop
      vertex 15.6321 14.3342 2.95
      vertex 15.3542 12.7585 2.95
      vertex 15.4958 14.3644 2.95
    endloop
  endfacet
  facet normal 0 0 -1
    outer loop
      vertex 15.0817 12.8189 2.95
      vertex 15.4958 14.3644 2.95
      vertex 15.3542 12.7585 2.95
    endloop
  endfacet
  facet normal -0 0 -1
    outer loop
      vertex 15.4958 14.3644 2.95
      vertex 15.0817 12.8189 2.95
      vertex 15.3627 14.4064 2.95
    endloop
  endfacet
  facet normal 0 0 -1
    outer loop
      vertex 14.8154 12.9029 2.95
      vertex 15.3627 14.4064 2.95
      vertex 15.0817 12.8189 2.95
    endloop
  endfacet
  facet normal -0 0 -1
    outer loop
      vertex 15.3627 14.4064 2.95
      vertex 14.8154 12.9029 2.95
      vertex 15.2337 14.4598 2.95
    endloop
  endfacet
  facet normal 0 0 -1
    outer loop
      vertex 14.5575 13.0097 2.95
      vertex 15.2337 14.4598 2.95
      vertex 14.8154 12.9029 2.95
    endloop
  endfacet
  facet normal -0 0 -1
    outer loop
      vertex 15.2337 14.4598 2.95
      vertex 14.5575 13.0097 2.95
      vertex 15.1099 14.5243 2.95
    endloop
  endfacet
  facet normal 0 0 -1
    outer loop
      vertex 14.3099 13.1386 2.95
      vertex 15.1099 14.5243 2.95
      vertex 14.5575 13.0097 2.95
    endloop
  endfacet
  facet normal -0 0 -1
    outer loop
      vertex 15.1099 14.5243 2.95
      vertex 14.3099 13.1386 2.95
      vertex 14.9922 14.5993 2.95
    endloop
  endfacet
  facet normal 0 0 -1
    outer loop
      vertex 14.0745 13.2886 2.95
      vertex 14.9922 14.5993 2.95
      vertex 14.3099 13.1386 2.95
    endloop
  endfacet
  facet normal -0 0 -1
    outer loop
      vertex 14.9922 14.5993 2.95
      vertex 14.0745 13.2886 2.95
      vertex 14.8814 14.6842 2.95
    endloop
  endfacet
  facet normal 0 0 -1
    outer loop
      vertex 13.853 13.4586 2.95
      vertex 14.8814 14.6842 2.95
      vertex 14.0745 13.2886 2.95
    endloop
  endfacet
  facet normal -0 0 -1
    outer loop
      vertex 14.8814 14.6842 2.95
      vertex 13.853 13.4586 2.95
      vertex 14.7785 14.7785 2.95
    endloop
  endfacet
  facet normal 0 0 -1
    outer loop
      vertex 13.6472 13.6472 2.95
      vertex 14.7785 14.7785 2.95
      vertex 13.853 13.4586 2.95
    endloop
  endfacet
  facet normal -0 0 -1
    outer loop
      vertex 14.7785 14.7785 2.95
      vertex 13.6472 13.6472 2.95
      vertex 14.6842 14.8814 2.95
    endloop
  endfacet
  facet normal 0 0 -1
    outer loop
      vertex 13.4586 13.853 2.95
      vertex 14.6842 14.8814 2.95
      vertex 13.6472 13.6472 2.95
    endloop
  endfacet
  facet normal -0 0 -1
    outer loop
      vertex 14.6842 14.8814 2.95
      vertex 13.4586 13.853 2.95
      vertex 14.5993 14.9922 2.95
    endloop
  endfacet
  facet normal 0 0 -1
    outer loop
      vertex 13.2886 14.0745 2.95
      vertex 14.5993 14.9922 2.95
      vertex 13.4586 13.853 2.95
    endloop
  endfacet
  facet normal 0 0 -1
    outer loop
      vertex 13.1386 14.3099 2.95
      vertex 14.5243 15.1099 2.95
      vertex 13.2886 14.0745 2.95
    endloop
  endfacet
  facet normal -0 0 -1
    outer loop
      vertex 14.5993 14.9922 2.95
      vertex 13.2886 14.0745 2.95
      vertex 14.5243 15.1099 2.95
    endloop
  endfacet
  facet normal 0 0 -1
    outer loop
      vertex 17.5099 15.9099 2.95
      vertex 19.1099 15.9099 2.95
      vertex 19.0977 15.631 2.95
    endloop
  endfacet
  facet normal 0 0 -1
    outer loop
      vertex 17.5038 15.7705 2.95
      vertex 19.0977 15.631 2.95
      vertex 19.0613 15.3542 2.95
    endloop
  endfacet
  facet normal 0 0 -1
    outer loop
      vertex 19.1099 15.9099 2.95
      vertex 17.5099 15.9099 2.95
      vertex 19.0977 16.1888 2.95
    endloop
  endfacet
  facet normal 0 0 -1
    outer loop
      vertex 17.5038 15.7705 2.95
      vertex 19.0613 15.3542 2.95
      vertex 19.0009 15.0817 2.95
    endloop
  endfacet
  facet normal 0 0 -1
    outer loop
      vertex 17.5038 16.0494 2.95
      vertex 19.0977 16.1888 2.95
      vertex 17.5099 15.9099 2.95
    endloop
  endfacet
  facet normal 0 0 -1
    outer loop
      vertex 17.5038 15.7705 2.95
      vertex 19.0009 15.0817 2.95
      vertex 18.9169 14.8154 2.95
    endloop
  endfacet
  facet normal -0 0 -1
    outer loop
      vertex 19.0977 16.1888 2.95
      vertex 17.5038 16.0494 2.95
      vertex 19.0613 16.4656 2.95
    endloop
  endfacet
  facet normal 0 0 -1
    outer loop
      vertex 17.5038 15.7705 2.95
      vertex 18.9169 14.8154 2.95
      vertex 18.8101 14.5575 2.95
    endloop
  endfacet
  facet normal 0 0 -1
    outer loop
      vertex 17.4856 16.1877 2.95
      vertex 19.0613 16.4656 2.95
      vertex 17.5038 16.0494 2.95
    endloop
  endfacet
  facet normal 0 0 -1
    outer loop
      vertex 17.5038 15.7705 2.95
      vertex 18.8101 14.5575 2.95
      vertex 18.6812 14.3099 2.95
    endloop
  endfacet
  facet normal -0 0 -1
    outer loop
      vertex 19.0613 16.4656 2.95
      vertex 17.4856 16.1877 2.95
      vertex 19.0009 16.7381 2.95
    endloop
  endfacet
  facet normal 0 0 -1
    outer loop
      vertex 17.5038 15.7705 2.95
      vertex 18.6812 14.3099 2.95
      vertex 18.5312 14.0745 2.95
    endloop
  endfacet
  facet normal 0 0 -1
    outer loop
      vertex 17.4554 16.324 2.95
      vertex 19.0009 16.7381 2.95
      vertex 17.4856 16.1877 2.95
    endloop
  endfacet
  facet normal 0 0 -1
    outer loop
      vertex 17.5038 15.7705 2.95
      vertex 18.5312 14.0745 2.95
      vertex 18.3612 13.853 2.95
    endloop
  endfacet
  facet normal -0 0 -1
    outer loop
      vertex 19.0009 16.7381 2.95
      vertex 17.4554 16.324 2.95
      vertex 18.9169 17.0044 2.95
    endloop
  endfacet
  facet normal 0 0 -1
    outer loop
      vertex 17.5038 15.7705 2.95
      vertex 18.3612 13.853 2.95
      vertex 18.1726 13.6472 2.95
    endloop
  endfacet
  facet normal 0 0 -1
    outer loop
      vertex 17.4134 16.4571 2.95
      vertex 18.9169 17.0044 2.95
      vertex 17.4554 16.324 2.95
    endloop
  endfacet
  facet normal 0 0 -1
    outer loop
      vertex 17.5038 15.7705 2.95
      vertex 18.1726 13.6472 2.95
      vertex 17.9668 13.4586 2.95
    endloop
  endfacet
  facet normal -0 0 -1
    outer loop
      vertex 18.9169 17.0044 2.95
      vertex 17.4134 16.4571 2.95
      vertex 18.8101 17.2623 2.95
    endloop
  endfacet
  facet normal 0 0 -1
    outer loop
      vertex 17.5038 15.7705 2.95
      vertex 17.9668 13.4586 2.95
      vertex 17.7453 13.2886 2.95
    endloop
  endfacet
  facet normal 0 0 -1
    outer loop
      vertex 17.36 16.5861 2.95
      vertex 18.8101 17.2623 2.95
      vertex 17.4134 16.4571 2.95
    endloop
  endfacet
  facet normal 0 0 -1
    outer loop
      vertex 16.8276 14.5993 2.95
      vertex 17.7453 13.2886 2.95
      vertex 17.5099 13.1386 2.95
    endloop
  endfacet
  facet normal -0 0 -1
    outer loop
      vertex 18.8101 17.2623 2.95
      vertex 17.36 16.5861 2.95
      vertex 18.6812 17.5099 2.95
    endloop
  endfacet
  facet normal 0 0 -1
    outer loop
      vertex 17.2955 16.7099 2.95
      vertex 18.6812 17.5099 2.95
      vertex 17.36 16.5861 2.95
    endloop
  endfacet
  facet normal -0 0 -1
    outer loop
      vertex 18.6812 17.5099 2.95
      vertex 17.2955 16.7099 2.95
      vertex 18.5312 17.7453 2.95
    endloop
  endfacet
  facet normal 0 0 -1
    outer loop
      vertex 17.2205 16.8276 2.95
      vertex 18.5312 17.7453 2.95
      vertex 17.2955 16.7099 2.95
    endloop
  endfacet
  facet normal -0 0 -1
    outer loop
      vertex 18.5312 17.7453 2.95
      vertex 17.2205 16.8276 2.95
      vertex 18.3612 17.9668 2.95
    endloop
  endfacet
  facet normal 0 0 -1
    outer loop
      vertex 17.1356 16.9384 2.95
      vertex 18.3612 17.9668 2.95
      vertex 17.2205 16.8276 2.95
    endloop
  endfacet
  facet normal -0 0 -1
    outer loop
      vertex 18.3612 17.9668 2.95
      vertex 17.1356 16.9384 2.95
      vertex 18.1726 18.1726 2.95
    endloop
  endfacet
  facet normal 0 0 -1
    outer loop
      vertex 17.0413 17.0413 2.95
      vertex 18.1726 18.1726 2.95
      vertex 17.1356 16.9384 2.95
    endloop
  endfacet
  facet normal -0 0 -1
    outer loop
      vertex 18.1726 18.1726 2.95
      vertex 17.0413 17.0413 2.95
      vertex 17.9668 18.3612 2.95
    endloop
  endfacet
  facet normal 0 0 -1
    outer loop
      vertex 16.9384 17.1356 2.95
      vertex 17.9668 18.3612 2.95
      vertex 17.0413 17.0413 2.95
    endloop
  endfacet
  facet normal -0 0 -1
    outer loop
      vertex 17.9668 18.3612 2.95
      vertex 16.9384 17.1356 2.95
      vertex 17.7453 18.5312 2.95
    endloop
  endfacet
  facet normal 0 0 -1
    outer loop
      vertex 16.8276 17.2205 2.95
      vertex 17.7453 18.5312 2.95
      vertex 16.9384 17.1356 2.95
    endloop
  endfacet
  facet normal -0 0 -1
    outer loop
      vertex 17.7453 18.5312 2.95
      vertex 16.8276 17.2205 2.95
      vertex 17.5099 18.6812 2.95
    endloop
  endfacet
  facet normal 0 0 -1
    outer loop
      vertex 16.7099 17.2955 2.95
      vertex 17.5099 18.6812 2.95
      vertex 16.8276 17.2205 2.95
    endloop
  endfacet
  facet normal -0 0 -1
    outer loop
      vertex 17.5099 18.6812 2.95
      vertex 16.7099 17.2955 2.95
      vertex 17.2623 18.8101 2.95
    endloop
  endfacet
  facet normal 0 0 -1
    outer loop
      vertex 16.5861 17.36 2.95
      vertex 17.2623 18.8101 2.95
      vertex 16.7099 17.2955 2.95
    endloop
  endfacet
  facet normal -0 0 -1
    outer loop
      vertex 17.2623 18.8101 2.95
      vertex 16.5861 17.36 2.95
      vertex 17.0044 18.9169 2.95
    endloop
  endfacet
  facet normal 0 0 -1
    outer loop
      vertex 16.4571 17.4134 2.95
      vertex 17.0044 18.9169 2.95
      vertex 16.5861 17.36 2.95
    endloop
  endfacet
  facet normal -0 0 -1
    outer loop
      vertex 17.0044 18.9169 2.95
      vertex 16.4571 17.4134 2.95
      vertex 16.7381 19.0009 2.95
    endloop
  endfacet
  facet normal 0 0 -1
    outer loop
      vertex 16.324 17.4554 2.95
      vertex 16.7381 19.0009 2.95
      vertex 16.4571 17.4134 2.95
    endloop
  endfacet
  facet normal -0 0 -1
    outer loop
      vertex 16.7381 19.0009 2.95
      vertex 16.324 17.4554 2.95
      vertex 16.4656 19.0613 2.95
    endloop
  endfacet
  facet normal 0 0 -1
    outer loop
      vertex 16.1877 17.4856 2.95
      vertex 16.4656 19.0613 2.95
      vertex 16.324 17.4554 2.95
    endloop
  endfacet
  facet normal -0 0 -1
    outer loop
      vertex 16.4656 19.0613 2.95
      vertex 16.1877 17.4856 2.95
      vertex 16.1888 19.0977 2.95
    endloop
  endfacet
  facet normal 0 0 -1
    outer loop
      vertex 16.0494 17.5038 2.95
      vertex 16.1888 19.0977 2.95
      vertex 16.1877 17.4856 2.95
    endloop
  endfacet
  facet normal 0 0 -1
    outer loop
      vertex 15.9099 17.5099 2.95
      vertex 16.1888 19.0977 2.95
      vertex 16.0494 17.5038 2.95
    endloop
  endfacet
  facet normal 0 0 -1
    outer loop
      vertex 15.9099 17.5099 2.95
      vertex 15.9099 19.1099 2.95
      vertex 16.1888 19.0977 2.95
    endloop
  endfacet
  facet normal 0 0 -1
    outer loop
      vertex 15.7705 17.5038 2.95
      vertex 15.9099 19.1099 2.95
      vertex 15.9099 17.5099 2.95
    endloop
  endfacet
  facet normal 0 0 -1
    outer loop
      vertex 15.631 19.0977 2.95
      vertex 15.7705 17.5038 2.95
      vertex 15.6321 17.4856 2.95
    endloop
  endfacet
  facet normal 0 0 -1
    outer loop
      vertex 15.7705 17.5038 2.95
      vertex 15.631 19.0977 2.95
      vertex 15.9099 19.1099 2.95
    endloop
  endfacet
  facet normal 0 0 -1
    outer loop
      vertex 15.3542 19.0613 2.95
      vertex 15.6321 17.4856 2.95
      vertex 15.4958 17.4554 2.95
    endloop
  endfacet
  facet normal 0 0 -1
    outer loop
      vertex 15.0817 19.0009 2.95
      vertex 15.4958 17.4554 2.95
      vertex 15.3627 17.4134 2.95
    endloop
  endfacet
  facet normal 0 0 -1
    outer loop
      vertex 15.6321 17.4856 2.95
      vertex 15.3542 19.0613 2.95
      vertex 15.631 19.0977 2.95
    endloop
  endfacet
  facet normal 0 0 -1
    outer loop
      vertex 14.8154 18.9169 2.95
      vertex 15.3627 17.4134 2.95
      vertex 15.2337 17.36 2.95
    endloop
  endfacet
  facet normal 0 0 -1
    outer loop
      vertex 14.5575 18.8101 2.95
      vertex 15.2337 17.36 2.95
      vertex 15.1099 17.2955 2.95
    endloop
  endfacet
  facet normal 0 0 -1
    outer loop
      vertex 15.4958 17.4554 2.95
      vertex 15.0817 19.0009 2.95
      vertex 15.3542 19.0613 2.95
    endloop
  endfacet
  facet normal 0 0 -1
    outer loop
      vertex 14.3099 18.6812 2.95
      vertex 15.1099 17.2955 2.95
      vertex 14.9922 17.2205 2.95
    endloop
  endfacet
  facet normal 0 0 -1
    outer loop
      vertex 14.0745 18.5312 2.95
      vertex 14.9922 17.2205 2.95
      vertex 14.8814 17.1356 2.95
    endloop
  endfacet
  facet normal 0 0 -1
    outer loop
      vertex 15.3627 17.4134 2.95
      vertex 14.8154 18.9169 2.95
      vertex 15.0817 19.0009 2.95
    endloop
  endfacet
  facet normal 0 0 -1
    outer loop
      vertex 13.853 18.3612 2.95
      vertex 14.8814 17.1356 2.95
      vertex 14.7785 17.0413 2.95
    endloop
  endfacet
  facet normal 0 0 -1
    outer loop
      vertex 13.6472 18.1726 2.95
      vertex 14.7785 17.0413 2.95
      vertex 14.6842 16.9384 2.95
    endloop
  endfacet
  facet normal 0 0 -1
    outer loop
      vertex 13.4586 17.9668 2.95
      vertex 14.6842 16.9384 2.95
      vertex 14.5993 16.8276 2.95
    endloop
  endfacet
  facet normal 0 0 -1
    outer loop
      vertex 15.2337 17.36 2.95
      vertex 14.5575 18.8101 2.95
      vertex 14.8154 18.9169 2.95
    endloop
  endfacet
  facet normal 0 0 -1
    outer loop
      vertex 13.2886 17.7453 2.95
      vertex 14.5993 16.8276 2.95
      vertex 14.5243 16.7099 2.95
    endloop
  endfacet
  facet normal 0 0 -1
    outer loop
      vertex 13.1386 17.5099 2.95
      vertex 14.5243 16.7099 2.95
      vertex 14.4598 16.5861 2.95
    endloop
  endfacet
  facet normal 0 0 -1
    outer loop
      vertex 13.0097 17.2623 2.95
      vertex 14.4598 16.5861 2.95
      vertex 14.4064 16.4571 2.95
    endloop
  endfacet
  facet normal 0 0 -1
    outer loop
      vertex 12.9029 17.0044 2.95
      vertex 14.4064 16.4571 2.95
      vertex 14.3644 16.324 2.95
    endloop
  endfacet
  facet normal 0 0 -1
    outer loop
      vertex 12.8189 16.7381 2.95
      vertex 14.3644 16.324 2.95
      vertex 14.3342 16.1877 2.95
    endloop
  endfacet
  facet normal 0 0 -1
    outer loop
      vertex 12.7585 16.4656 2.95
      vertex 14.3342 16.1877 2.95
      vertex 14.316 16.0494 2.95
    endloop
  endfacet
  facet normal 0 0 -1
    outer loop
      vertex 15.1099 17.2955 2.95
      vertex 14.3099 18.6812 2.95
      vertex 14.5575 18.8101 2.95
    endloop
  endfacet
  facet normal 0 0 -1
    outer loop
      vertex 12.7221 16.1888 2.95
      vertex 14.316 16.0494 2.95
      vertex 14.3099 15.9099 2.95
    endloop
  endfacet
  facet normal -0 0 -1
    outer loop
      vertex 14.5243 15.1099 2.95
      vertex 13.1386 14.3099 2.95
      vertex 14.4598 15.2337 2.95
    endloop
  endfacet
  facet normal 0 0 -1
    outer loop
      vertex 13.0097 14.5575 2.95
      vertex 14.4598 15.2337 2.95
      vertex 13.1386 14.3099 2.95
    endloop
  endfacet
  facet normal 0 0 -1
    outer loop
      vertex 14.9922 17.2205 2.95
      vertex 14.0745 18.5312 2.95
      vertex 14.3099 18.6812 2.95
    endloop
  endfacet
  facet normal -0 0 -1
    outer loop
      vertex 14.4598 15.2337 2.95
      vertex 13.0097 14.5575 2.95
      vertex 14.4064 15.3627 2.95
    endloop
  endfacet
  facet normal 0 0 -1
    outer loop
      vertex 14.8814 17.1356 2.95
      vertex 13.853 18.3612 2.95
      vertex 14.0745 18.5312 2.95
    endloop
  endfacet
  facet normal 0 0 -1
    outer loop
      vertex 12.9029 14.8154 2.95
      vertex 14.4064 15.3627 2.95
      vertex 13.0097 14.5575 2.95
    endloop
  endfacet
  facet normal 0 0 -1
    outer loop
      vertex 14.7785 17.0413 2.95
      vertex 13.6472 18.1726 2.95
      vertex 13.853 18.3612 2.95
    endloop
  endfacet
  facet normal -0 0 -1
    outer loop
      vertex 14.4064 15.3627 2.95
      vertex 12.9029 14.8154 2.95
      vertex 14.3644 15.4958 2.95
    endloop
  endfacet
  facet normal 0 0 -1
    outer loop
      vertex 14.6842 16.9384 2.95
      vertex 13.4586 17.9668 2.95
      vertex 13.6472 18.1726 2.95
    endloop
  endfacet
  facet normal 0 0 -1
    outer loop
      vertex 12.8189 15.0817 2.95
      vertex 14.3644 15.4958 2.95
      vertex 12.9029 14.8154 2.95
    endloop
  endfacet
  facet normal 0 0 -1
    outer loop
      vertex 14.5993 16.8276 2.95
      vertex 13.2886 17.7453 2.95
      vertex 13.4586 17.9668 2.95
    endloop
  endfacet
  facet normal -0 0 -1
    outer loop
      vertex 14.3644 15.4958 2.95
      vertex 12.8189 15.0817 2.95
      vertex 14.3342 15.6321 2.95
    endloop
  endfacet
  facet normal 0 0 -1
    outer loop
      vertex 14.5243 16.7099 2.95
      vertex 13.1386 17.5099 2.95
      vertex 13.2886 17.7453 2.95
    endloop
  endfacet
  facet normal 0 0 -1
    outer loop
      vertex 12.7585 15.3542 2.95
      vertex 14.3342 15.6321 2.95
      vertex 12.8189 15.0817 2.95
    endloop
  endfacet
  facet normal 0 0 -1
    outer loop
      vertex 14.4598 16.5861 2.95
      vertex 13.0097 17.2623 2.95
      vertex 13.1386 17.5099 2.95
    endloop
  endfacet
  facet normal -0 0 -1
    outer loop
      vertex 14.3342 15.6321 2.95
      vertex 12.7585 15.3542 2.95
      vertex 14.316 15.7705 2.95
    endloop
  endfacet
  facet normal 0 0 -1
    outer loop
      vertex 14.4064 16.4571 2.95
      vertex 12.9029 17.0044 2.95
      vertex 13.0097 17.2623 2.95
    endloop
  endfacet
  facet normal 0 0 -1
    outer loop
      vertex 12.7221 15.631 2.95
      vertex 14.316 15.7705 2.95
      vertex 12.7585 15.3542 2.95
    endloop
  endfacet
  facet normal 0 0 -1
    outer loop
      vertex 14.3644 16.324 2.95
      vertex 12.8189 16.7381 2.95
      vertex 12.9029 17.0044 2.95
    endloop
  endfacet
  facet normal -0 0 -1
    outer loop
      vertex 14.316 15.7705 2.95
      vertex 12.7221 15.631 2.95
      vertex 14.3099 15.9099 2.95
    endloop
  endfacet
  facet normal 0 0 -1
    outer loop
      vertex 14.3342 16.1877 2.95
      vertex 12.7585 16.4656 2.95
      vertex 12.8189 16.7381 2.95
    endloop
  endfacet
  facet normal 0 0 -1
    outer loop
      vertex 12.7099 15.9099 2.95
      vertex 14.3099 15.9099 2.95
      vertex 12.7221 15.631 2.95
    endloop
  endfacet
  facet normal 0 0 -1
    outer loop
      vertex 14.316 16.0494 2.95
      vertex 12.7221 16.1888 2.95
      vertex 12.7585 16.4656 2.95
    endloop
  endfacet
  facet normal 0 0 -1
    outer loop
      vertex 14.3099 15.9099 2.95
      vertex 12.7099 15.9099 2.95
      vertex 12.7221 16.1888 2.95
    endloop
  endfacet
  facet normal 0.95368 -0.300823 0
    outer loop
      vertex 12.8189 16.7381 2.95
      vertex 12.9029 17.0044 0
      vertex 12.9029 17.0044 2.95
    endloop
  endfacet
  facet normal 0.95368 -0.300823 0
    outer loop
      vertex 12.9029 17.0044 0
      vertex 12.8189 16.7381 2.95
      vertex 12.8189 16.7381 0
    endloop
  endfacet
  facet normal -0.991445 0.130526 0
    outer loop
      vertex 5.26872 -0.929017 0
      vertex 5.32964 -0.466283 14.99
      vertex 5.32964 -0.466283 0
    endloop
  endfacet
  facet normal -0.991445 0.130526 0
    outer loop
      vertex 5.32964 -0.466283 14.99
      vertex 5.26872 -0.929017 0
      vertex 5.26872 -0.929017 14.99
    endloop
  endfacet
  facet normal -0.999048 0.0436229 0
    outer loop
      vertex 5.32964 -0.466283 0
      vertex 5.35 0 14.99
      vertex 5.35 0 0
    endloop
  endfacet
  facet normal -0.999048 0.0436229 0
    outer loop
      vertex 5.35 0 14.99
      vertex 5.32964 -0.466283 0
      vertex 5.32964 -0.466283 14.99
    endloop
  endfacet
  facet normal -0.976295 0.216444 0
    outer loop
      vertex 5.1677 -1.38468 0
      vertex 5.26872 -0.929017 14.99
      vertex 5.26872 -0.929017 0
    endloop
  endfacet
  facet normal -0.976295 0.216444 0
    outer loop
      vertex 5.26872 -0.929017 14.99
      vertex 5.1677 -1.38468 0
      vertex 5.1677 -1.38468 14.99
    endloop
  endfacet
  facet normal 0.5373 0.843391 -0
    outer loop
      vertex -2.675 -4.63323 0
      vertex -3.06863 -4.38246 14.99
      vertex -2.675 -4.63323 14.99
    endloop
  endfacet
  facet normal 0.5373 0.843391 0
    outer loop
      vertex -3.06863 -4.38246 14.99
      vertex -2.675 -4.63323 0
      vertex -3.06863 -4.38246 0
    endloop
  endfacet
  facet normal 0.991445 0.130526 0
    outer loop
      vertex -5.26872 -0.929017 14.99
      vertex -5.32964 -0.466283 0
      vertex -5.32964 -0.466283 14.99
    endloop
  endfacet
  facet normal 0.991445 0.130526 0
    outer loop
      vertex -5.32964 -0.466283 0
      vertex -5.26872 -0.929017 14.99
      vertex -5.26872 -0.929017 0
    endloop
  endfacet
  facet normal -0.300688 -0.953722 0
    outer loop
      vertex 1.38468 5.1677 0
      vertex 1.82981 5.02736 14.99
      vertex 1.38468 5.1677 14.99
    endloop
  endfacet
  facet normal -0.300688 -0.953722 -0
    outer loop
      vertex 1.82981 5.02736 14.99
      vertex 1.38468 5.1677 0
      vertex 1.82981 5.02736 0
    endloop
  endfacet
  facet normal 0.608754 -0.793359 0
    outer loop
      vertex -3.43891 4.09834 0
      vertex -3.06863 4.38246 14.99
      vertex -3.43891 4.09834 14.99
    endloop
  endfacet
  facet normal 0.608754 -0.793359 0
    outer loop
      vertex -3.06863 4.38246 14.99
      vertex -3.43891 4.09834 0
      vertex -3.06863 4.38246 0
    endloop
  endfacet
  facet normal 0.737276 -0.675592 0
    outer loop
      vertex -4.09834 3.43891 14.99
      vertex -3.78302 3.78302 0
      vertex -3.78302 3.78302 14.99
    endloop
  endfacet
  facet normal 0.737276 -0.675592 0
    outer loop
      vertex -3.78302 3.78302 0
      vertex -4.09834 3.43891 14.99
      vertex -4.09834 3.43891 0
    endloop
  endfacet
  facet normal 0.737276 0.675592 0
    outer loop
      vertex -3.78302 -3.78302 14.99
      vertex -4.09834 -3.43891 0
      vertex -4.09834 -3.43891 14.99
    endloop
  endfacet
  facet normal 0.737276 0.675592 0
    outer loop
      vertex -4.09834 -3.43891 0
      vertex -3.78302 -3.78302 14.99
      vertex -3.78302 -3.78302 0
    endloop
  endfacet
  facet normal 0.953722 -0.300688 0
    outer loop
      vertex -5.1677 1.38468 14.99
      vertex -5.02736 1.82981 0
      vertex -5.02736 1.82981 14.99
    endloop
  endfacet
  facet normal 0.953722 -0.300688 0
    outer loop
      vertex -5.02736 1.82981 0
      vertex -5.1677 1.38468 14.99
      vertex -5.1677 1.38468 0
    endloop
  endfacet
  facet normal -0.737276 -0.675592 0
    outer loop
      vertex 4.09834 3.43891 0
      vertex 3.78302 3.78302 14.99
      vertex 3.78302 3.78302 0
    endloop
  endfacet
  facet normal -0.737276 -0.675592 0
    outer loop
      vertex 3.78302 3.78302 14.99
      vertex 4.09834 3.43891 0
      vertex 4.09834 3.43891 14.99
    endloop
  endfacet
  facet normal 0.216444 0.976295 -0
    outer loop
      vertex -0.929017 -5.26872 0
      vertex -1.38468 -5.1677 14.99
      vertex -0.929017 -5.26872 14.99
    endloop
  endfacet
  facet normal 0.216444 0.976295 0
    outer loop
      vertex -1.38468 -5.1677 14.99
      vertex -0.929017 -5.26872 0
      vertex -1.38468 -5.1677 0
    endloop
  endfacet
  facet normal -0.130526 -0.991445 0
    outer loop
      vertex 0.466283 5.32964 0
      vertex 0.929017 5.26872 14.99
      vertex 0.466283 5.32964 14.99
    endloop
  endfacet
  facet normal -0.130526 -0.991445 -0
    outer loop
      vertex 0.929017 5.26872 14.99
      vertex 0.466283 5.32964 0
      vertex 0.929017 5.26872 0
    endloop
  endfacet
  facet normal 0.216444 -0.976295 0
    outer loop
      vertex -1.38468 5.1677 0
      vertex -0.929017 5.26872 14.99
      vertex -1.38468 5.1677 14.99
    endloop
  endfacet
  facet normal 0.216444 -0.976295 0
    outer loop
      vertex -0.929017 5.26872 14.99
      vertex -1.38468 5.1677 0
      vertex -0.929017 5.26872 0
    endloop
  endfacet
  facet normal -0.5373 0.843391 0
    outer loop
      vertex 3.06863 -4.38246 0
      vertex 2.675 -4.63323 14.99
      vertex 3.06863 -4.38246 14.99
    endloop
  endfacet
  facet normal -0.5373 0.843391 0
    outer loop
      vertex 2.675 -4.63323 14.99
      vertex 3.06863 -4.38246 0
      vertex 2.675 -4.63323 0
    endloop
  endfacet
  facet normal -0.675592 -0.737276 0
    outer loop
      vertex 3.43891 4.09834 0
      vertex 3.78302 3.78302 14.99
      vertex 3.43891 4.09834 14.99
    endloop
  endfacet
  facet normal -0.675592 -0.737276 -0
    outer loop
      vertex 3.78302 3.78302 14.99
      vertex 3.43891 4.09834 0
      vertex 3.78302 3.78302 0
    endloop
  endfacet
  facet normal -0.887002 -0.461766 0
    outer loop
      vertex 4.84875 2.26101 0
      vertex 4.63323 2.675 14.99
      vertex 4.63323 2.675 0
    endloop
  endfacet
  facet normal -0.887002 -0.461766 0
    outer loop
      vertex 4.63323 2.675 14.99
      vertex 4.84875 2.26101 0
      vertex 4.84875 2.26101 14.99
    endloop
  endfacet
  facet normal 0.0436229 -0.999048 0
    outer loop
      vertex -0.466283 5.32964 0
      vertex 0 5.35 14.99
      vertex -0.466283 5.32964 14.99
    endloop
  endfacet
  facet normal 0.0436229 -0.999048 0
    outer loop
      vertex 0 5.35 14.99
      vertex -0.466283 5.32964 0
      vertex 0 5.35 0
    endloop
  endfacet
  facet normal 0.991445 -0.130526 0
    outer loop
      vertex -5.32964 0.466283 14.99
      vertex -5.26872 0.929017 0
      vertex -5.26872 0.929017 14.99
    endloop
  endfacet
  facet normal 0.991445 -0.130526 0
    outer loop
      vertex -5.26872 0.929017 0
      vertex -5.32964 0.466283 14.99
      vertex -5.32964 0.466283 0
    endloop
  endfacet
  facet normal -0.0436229 -0.999048 0
    outer loop
      vertex 0 5.35 0
      vertex 0.466283 5.32964 14.99
      vertex 0 5.35 14.99
    endloop
  endfacet
  facet normal -0.0436229 -0.999048 -0
    outer loop
      vertex 0.466283 5.32964 14.99
      vertex 0 5.35 0
      vertex 0.466283 5.32964 0
    endloop
  endfacet
  facet normal 0.953722 0.300688 0
    outer loop
      vertex -5.02736 -1.82981 14.99
      vertex -5.1677 -1.38468 0
      vertex -5.1677 -1.38468 14.99
    endloop
  endfacet
  facet normal 0.953722 0.300688 0
    outer loop
      vertex -5.1677 -1.38468 0
      vertex -5.02736 -1.82981 14.99
      vertex -5.02736 -1.82981 0
    endloop
  endfacet
  facet normal -0.976295 -0.216444 0
    outer loop
      vertex 5.26872 0.929017 0
      vertex 5.1677 1.38468 14.99
      vertex 5.1677 1.38468 0
    endloop
  endfacet
  facet normal -0.976295 -0.216444 0
    outer loop
      vertex 5.1677 1.38468 14.99
      vertex 5.26872 0.929017 0
      vertex 5.26872 0.929017 14.99
    endloop
  endfacet
  facet normal 0.300688 0.953722 -0
    outer loop
      vertex -1.38468 -5.1677 0
      vertex -1.82981 -5.02736 14.99
      vertex -1.38468 -5.1677 14.99
    endloop
  endfacet
  facet normal 0.300688 0.953722 0
    outer loop
      vertex -1.82981 -5.02736 14.99
      vertex -1.38468 -5.1677 0
      vertex -1.82981 -5.02736 0
    endloop
  endfacet
  facet normal -0.793359 0.608754 0
    outer loop
      vertex 4.09834 -3.43891 0
      vertex 4.38246 -3.06863 14.99
      vertex 4.38246 -3.06863 0
    endloop
  endfacet
  facet normal -0.793359 0.608754 0
    outer loop
      vertex 4.38246 -3.06863 14.99
      vertex 4.09834 -3.43891 0
      vertex 4.09834 -3.43891 14.99
    endloop
  endfacet
  facet normal 0.887002 -0.461766 0
    outer loop
      vertex -4.84875 2.26101 14.99
      vertex -4.63323 2.675 0
      vertex -4.63323 2.675 14.99
    endloop
  endfacet
  facet normal 0.887002 -0.461766 0
    outer loop
      vertex -4.63323 2.675 0
      vertex -4.84875 2.26101 14.99
      vertex -4.84875 2.26101 0
    endloop
  endfacet
  facet normal -0.608754 0.793359 0
    outer loop
      vertex 3.43891 -4.09834 0
      vertex 3.06863 -4.38246 14.99
      vertex 3.43891 -4.09834 14.99
    endloop
  endfacet
  facet normal -0.608754 0.793359 0
    outer loop
      vertex 3.06863 -4.38246 14.99
      vertex 3.43891 -4.09834 0
      vertex 3.06863 -4.38246 0
    endloop
  endfacet
  facet normal -0.382685 0.923879 0
    outer loop
      vertex 2.26101 -4.84875 0
      vertex 1.82981 -5.02736 14.99
      vertex 2.26101 -4.84875 14.99
    endloop
  endfacet
  facet normal -0.382685 0.923879 0
    outer loop
      vertex 1.82981 -5.02736 14.99
      vertex 2.26101 -4.84875 0
      vertex 1.82981 -5.02736 0
    endloop
  endfacet
  facet normal -0.216444 -0.976295 0
    outer loop
      vertex 0.929017 5.26872 0
      vertex 1.38468 5.1677 14.99
      vertex 0.929017 5.26872 14.99
    endloop
  endfacet
  facet normal -0.216444 -0.976295 -0
    outer loop
      vertex 1.38468 5.1677 14.99
      vertex 0.929017 5.26872 0
      vertex 1.38468 5.1677 0
    endloop
  endfacet
  facet normal -0.843391 0.5373 0
    outer loop
      vertex 4.38246 -3.06863 0
      vertex 4.63323 -2.675 14.99
      vertex 4.63323 -2.675 0
    endloop
  endfacet
  facet normal -0.843391 0.5373 0
    outer loop
      vertex 4.63323 -2.675 14.99
      vertex 4.38246 -3.06863 0
      vertex 4.38246 -3.06863 14.99
    endloop
  endfacet
  facet normal -0.953722 -0.300688 0
    outer loop
      vertex 5.1677 1.38468 0
      vertex 5.02736 1.82981 14.99
      vertex 5.02736 1.82981 0
    endloop
  endfacet
  facet normal -0.953722 -0.300688 0
    outer loop
      vertex 5.02736 1.82981 14.99
      vertex 5.1677 1.38468 0
      vertex 5.1677 1.38468 14.99
    endloop
  endfacet
  facet normal 0.843391 -0.5373 0
    outer loop
      vertex -4.63323 2.675 14.99
      vertex -4.38246 3.06863 0
      vertex -4.38246 3.06863 14.99
    endloop
  endfacet
  facet normal 0.843391 -0.5373 0
    outer loop
      vertex -4.38246 3.06863 0
      vertex -4.63323 2.675 14.99
      vertex -4.63323 2.675 0
    endloop
  endfacet
  facet normal 0.923879 -0.382685 0
    outer loop
      vertex -5.02736 1.82981 14.99
      vertex -4.84875 2.26101 0
      vertex -4.84875 2.26101 14.99
    endloop
  endfacet
  facet normal 0.923879 -0.382685 0
    outer loop
      vertex -4.84875 2.26101 0
      vertex -5.02736 1.82981 14.99
      vertex -5.02736 1.82981 0
    endloop
  endfacet
  facet normal -0.5373 -0.843391 0
    outer loop
      vertex 2.675 4.63323 0
      vertex 3.06863 4.38246 14.99
      vertex 2.675 4.63323 14.99
    endloop
  endfacet
  facet normal -0.5373 -0.843391 -0
    outer loop
      vertex 3.06863 4.38246 14.99
      vertex 2.675 4.63323 0
      vertex 3.06863 4.38246 0
    endloop
  endfacet
  facet normal 0.976295 0.216444 0
    outer loop
      vertex -5.1677 -1.38468 14.99
      vertex -5.26872 -0.929017 0
      vertex -5.26872 -0.929017 14.99
    endloop
  endfacet
  facet normal 0.976295 0.216444 0
    outer loop
      vertex -5.26872 -0.929017 0
      vertex -5.1677 -1.38468 14.99
      vertex -5.1677 -1.38468 0
    endloop
  endfacet
  facet normal 0.608754 0.793359 -0
    outer loop
      vertex -3.06863 -4.38246 0
      vertex -3.43891 -4.09834 14.99
      vertex -3.06863 -4.38246 14.99
    endloop
  endfacet
  facet normal 0.608754 0.793359 0
    outer loop
      vertex -3.43891 -4.09834 14.99
      vertex -3.06863 -4.38246 0
      vertex -3.43891 -4.09834 0
    endloop
  endfacet
  facet normal 0.843391 0.5373 0
    outer loop
      vertex -4.38246 -3.06863 14.99
      vertex -4.63323 -2.675 0
      vertex -4.63323 -2.675 14.99
    endloop
  endfacet
  facet normal 0.843391 0.5373 0
    outer loop
      vertex -4.63323 -2.675 0
      vertex -4.38246 -3.06863 14.99
      vertex -4.38246 -3.06863 0
    endloop
  endfacet
  facet normal -0.461766 0.887002 0
    outer loop
      vertex 2.675 -4.63323 0
      vertex 2.26101 -4.84875 14.99
      vertex 2.675 -4.63323 14.99
    endloop
  endfacet
  facet normal -0.461766 0.887002 0
    outer loop
      vertex 2.26101 -4.84875 14.99
      vertex 2.675 -4.63323 0
      vertex 2.26101 -4.84875 0
    endloop
  endfacet
  facet normal -0.608754 -0.793359 0
    outer loop
      vertex 3.06863 4.38246 0
      vertex 3.43891 4.09834 14.99
      vertex 3.06863 4.38246 14.99
    endloop
  endfacet
  facet normal -0.608754 -0.793359 -0
    outer loop
      vertex 3.43891 4.09834 14.99
      vertex 3.06863 4.38246 0
      vertex 3.43891 4.09834 0
    endloop
  endfacet
  facet normal 0.300688 -0.953722 0
    outer loop
      vertex -1.82981 5.02736 0
      vertex -1.38468 5.1677 14.99
      vertex -1.82981 5.02736 14.99
    endloop
  endfacet
  facet normal 0.300688 -0.953722 0
    outer loop
      vertex -1.38468 5.1677 14.99
      vertex -1.82981 5.02736 0
      vertex -1.38468 5.1677 0
    endloop
  endfacet
  facet normal -0.953722 0.300688 0
    outer loop
      vertex 5.02736 -1.82981 0
      vertex 5.1677 -1.38468 14.99
      vertex 5.1677 -1.38468 0
    endloop
  endfacet
  facet normal -0.953722 0.300688 0
    outer loop
      vertex 5.1677 -1.38468 14.99
      vertex 5.02736 -1.82981 0
      vertex 5.02736 -1.82981 14.99
    endloop
  endfacet
  facet normal -0.675592 0.737276 0
    outer loop
      vertex 3.78302 -3.78302 0
      vertex 3.43891 -4.09834 14.99
      vertex 3.78302 -3.78302 14.99
    endloop
  endfacet
  facet normal -0.675592 0.737276 0
    outer loop
      vertex 3.43891 -4.09834 14.99
      vertex 3.78302 -3.78302 0
      vertex 3.43891 -4.09834 0
    endloop
  endfacet
  facet normal -0.999048 -0.0436229 0
    outer loop
      vertex 5.35 0 0
      vertex 5.32964 0.466283 14.99
      vertex 5.32964 0.466283 0
    endloop
  endfacet
  facet normal -0.999048 -0.0436229 0
    outer loop
      vertex 5.32964 0.466283 14.99
      vertex 5.35 0 0
      vertex 5.35 0 14.99
    endloop
  endfacet
  facet normal -0.923879 0.382685 0
    outer loop
      vertex 4.84875 -2.26101 0
      vertex 5.02736 -1.82981 14.99
      vertex 5.02736 -1.82981 0
    endloop
  endfacet
  facet normal -0.923879 0.382685 0
    outer loop
      vertex 5.02736 -1.82981 14.99
      vertex 4.84875 -2.26101 0
      vertex 4.84875 -2.26101 14.99
    endloop
  endfacet
  facet normal -0.300688 0.953722 0
    outer loop
      vertex 1.82981 -5.02736 0
      vertex 1.38468 -5.1677 14.99
      vertex 1.82981 -5.02736 14.99
    endloop
  endfacet
  facet normal -0.300688 0.953722 0
    outer loop
      vertex 1.38468 -5.1677 14.99
      vertex 1.82981 -5.02736 0
      vertex 1.38468 -5.1677 0
    endloop
  endfacet
  facet normal -0.382685 -0.923879 0
    outer loop
      vertex 1.82981 5.02736 0
      vertex 2.26101 4.84875 14.99
      vertex 1.82981 5.02736 14.99
    endloop
  endfacet
  facet normal -0.382685 -0.923879 -0
    outer loop
      vertex 2.26101 4.84875 14.99
      vertex 1.82981 5.02736 0
      vertex 2.26101 4.84875 0
    endloop
  endfacet
  facet normal 0.0436229 0.999048 -0
    outer loop
      vertex 0 -5.35 0
      vertex -0.466283 -5.32964 14.99
      vertex 0 -5.35 14.99
    endloop
  endfacet
  facet normal 0.0436229 0.999048 0
    outer loop
      vertex -0.466283 -5.32964 14.99
      vertex 0 -5.35 0
      vertex -0.466283 -5.32964 0
    endloop
  endfacet
  facet normal 0.382685 -0.923879 0
    outer loop
      vertex -2.26101 4.84875 0
      vertex -1.82981 5.02736 14.99
      vertex -2.26101 4.84875 14.99
    endloop
  endfacet
  facet normal 0.382685 -0.923879 0
    outer loop
      vertex -1.82981 5.02736 14.99
      vertex -2.26101 4.84875 0
      vertex -1.82981 5.02736 0
    endloop
  endfacet
  facet normal 0.130526 0.991445 -0
    outer loop
      vertex -0.466283 -5.32964 0
      vertex -0.929017 -5.26872 14.99
      vertex -0.466283 -5.32964 14.99
    endloop
  endfacet
  facet normal 0.130526 0.991445 0
    outer loop
      vertex -0.929017 -5.26872 14.99
      vertex -0.466283 -5.32964 0
      vertex -0.929017 -5.26872 0
    endloop
  endfacet
  facet normal 0.382685 0.923879 -0
    outer loop
      vertex -1.82981 -5.02736 0
      vertex -2.26101 -4.84875 14.99
      vertex -1.82981 -5.02736 14.99
    endloop
  endfacet
  facet normal 0.382685 0.923879 0
    outer loop
      vertex -2.26101 -4.84875 14.99
      vertex -1.82981 -5.02736 0
      vertex -2.26101 -4.84875 0
    endloop
  endfacet
  facet normal 0.675592 -0.737276 0
    outer loop
      vertex -3.78302 3.78302 0
      vertex -3.43891 4.09834 14.99
      vertex -3.78302 3.78302 14.99
    endloop
  endfacet
  facet normal 0.675592 -0.737276 0
    outer loop
      vertex -3.43891 4.09834 14.99
      vertex -3.78302 3.78302 0
      vertex -3.43891 4.09834 0
    endloop
  endfacet
  facet normal -0.923879 -0.382685 0
    outer loop
      vertex 5.02736 1.82981 0
      vertex 4.84875 2.26101 14.99
      vertex 4.84875 2.26101 0
    endloop
  endfacet
  facet normal -0.923879 -0.382685 0
    outer loop
      vertex 4.84875 2.26101 14.99
      vertex 5.02736 1.82981 0
      vertex 5.02736 1.82981 14.99
    endloop
  endfacet
  facet normal 0.461766 0.887002 -0
    outer loop
      vertex -2.26101 -4.84875 0
      vertex -2.675 -4.63323 14.99
      vertex -2.26101 -4.84875 14.99
    endloop
  endfacet
  facet normal 0.461766 0.887002 0
    outer loop
      vertex -2.675 -4.63323 14.99
      vertex -2.26101 -4.84875 0
      vertex -2.675 -4.63323 0
    endloop
  endfacet
  facet normal -0.0436229 0.999048 0
    outer loop
      vertex 0.466283 -5.32964 0
      vertex 0 -5.35 14.99
      vertex 0.466283 -5.32964 14.99
    endloop
  endfacet
  facet normal -0.0436229 0.999048 0
    outer loop
      vertex 0 -5.35 14.99
      vertex 0.466283 -5.32964 0
      vertex 0 -5.35 0
    endloop
  endfacet
  facet normal -0.461766 -0.887002 0
    outer loop
      vertex 2.26101 4.84875 0
      vertex 2.675 4.63323 14.99
      vertex 2.26101 4.84875 14.99
    endloop
  endfacet
  facet normal -0.461766 -0.887002 -0
    outer loop
      vertex 2.675 4.63323 14.99
      vertex 2.26101 4.84875 0
      vertex 2.675 4.63323 0
    endloop
  endfacet
  facet normal 0.976295 -0.216444 0
    outer loop
      vertex -5.26872 0.929017 14.99
      vertex -5.1677 1.38468 0
      vertex -5.1677 1.38468 14.99
    endloop
  endfacet
  facet normal 0.976295 -0.216444 0
    outer loop
      vertex -5.1677 1.38468 0
      vertex -5.26872 0.929017 14.99
      vertex -5.26872 0.929017 0
    endloop
  endfacet
  facet normal 0.675592 0.737276 -0
    outer loop
      vertex -3.43891 -4.09834 0
      vertex -3.78302 -3.78302 14.99
      vertex -3.43891 -4.09834 14.99
    endloop
  endfacet
  facet normal 0.675592 0.737276 0
    outer loop
      vertex -3.78302 -3.78302 14.99
      vertex -3.43891 -4.09834 0
      vertex -3.78302 -3.78302 0
    endloop
  endfacet
  facet normal 0.5373 -0.843391 0
    outer loop
      vertex -3.06863 4.38246 0
      vertex -2.675 4.63323 14.99
      vertex -3.06863 4.38246 14.99
    endloop
  endfacet
  facet normal 0.5373 -0.843391 0
    outer loop
      vertex -2.675 4.63323 14.99
      vertex -3.06863 4.38246 0
      vertex -2.675 4.63323 0
    endloop
  endfacet
  facet normal -0.793359 -0.608754 0
    outer loop
      vertex 4.38246 3.06863 0
      vertex 4.09834 3.43891 14.99
      vertex 4.09834 3.43891 0
    endloop
  endfacet
  facet normal -0.793359 -0.608754 0
    outer loop
      vertex 4.09834 3.43891 14.99
      vertex 4.38246 3.06863 0
      vertex 4.38246 3.06863 14.99
    endloop
  endfacet
  facet normal -0.737276 0.675592 0
    outer loop
      vertex 3.78302 -3.78302 0
      vertex 4.09834 -3.43891 14.99
      vertex 4.09834 -3.43891 0
    endloop
  endfacet
  facet normal -0.737276 0.675592 0
    outer loop
      vertex 4.09834 -3.43891 14.99
      vertex 3.78302 -3.78302 0
      vertex 3.78302 -3.78302 14.99
    endloop
  endfacet
  facet normal -0.887002 0.461766 0
    outer loop
      vertex 4.63323 -2.675 0
      vertex 4.84875 -2.26101 14.99
      vertex 4.84875 -2.26101 0
    endloop
  endfacet
  facet normal -0.887002 0.461766 0
    outer loop
      vertex 4.84875 -2.26101 14.99
      vertex 4.63323 -2.675 0
      vertex 4.63323 -2.675 14.99
    endloop
  endfacet
  facet normal 0.887002 0.461766 0
    outer loop
      vertex -4.63323 -2.675 14.99
      vertex -4.84875 -2.26101 0
      vertex -4.84875 -2.26101 14.99
    endloop
  endfacet
  facet normal 0.887002 0.461766 0
    outer loop
      vertex -4.84875 -2.26101 0
      vertex -4.63323 -2.675 14.99
      vertex -4.63323 -2.675 0
    endloop
  endfacet
  facet normal 0.999048 -0.0436229 0
    outer loop
      vertex -5.35 0 14.99
      vertex -5.32964 0.466283 0
      vertex -5.32964 0.466283 14.99
    endloop
  endfacet
  facet normal 0.999048 -0.0436229 0
    outer loop
      vertex -5.32964 0.466283 0
      vertex -5.35 0 14.99
      vertex -5.35 0 0
    endloop
  endfacet
  facet normal 0.793359 0.608754 0
    outer loop
      vertex -4.09834 -3.43891 14.99
      vertex -4.38246 -3.06863 0
      vertex -4.38246 -3.06863 14.99
    endloop
  endfacet
  facet normal 0.793359 0.608754 0
    outer loop
      vertex -4.38246 -3.06863 0
      vertex -4.09834 -3.43891 14.99
      vertex -4.09834 -3.43891 0
    endloop
  endfacet
  facet normal 0.130526 -0.991445 0
    outer loop
      vertex -0.929017 5.26872 0
      vertex -0.466283 5.32964 14.99
      vertex -0.929017 5.26872 14.99
    endloop
  endfacet
  facet normal 0.130526 -0.991445 0
    outer loop
      vertex -0.466283 5.32964 14.99
      vertex -0.929017 5.26872 0
      vertex -0.466283 5.32964 0
    endloop
  endfacet
  facet normal -0.991445 -0.130526 0
    outer loop
      vertex 5.32964 0.466283 0
      vertex 5.26872 0.929017 14.99
      vertex 5.26872 0.929017 0
    endloop
  endfacet
  facet normal -0.991445 -0.130526 0
    outer loop
      vertex 5.26872 0.929017 14.99
      vertex 5.32964 0.466283 0
      vertex 5.32964 0.466283 14.99
    endloop
  endfacet
  facet normal -0.843391 -0.5373 0
    outer loop
      vertex 4.63323 2.675 0
      vertex 4.38246 3.06863 14.99
      vertex 4.38246 3.06863 0
    endloop
  endfacet
  facet normal -0.843391 -0.5373 0
    outer loop
      vertex 4.38246 3.06863 14.99
      vertex 4.63323 2.675 0
      vertex 4.63323 2.675 14.99
    endloop
  endfacet
  facet normal 0.999048 0.0436229 0
    outer loop
      vertex -5.32964 -0.466283 14.99
      vertex -5.35 0 0
      vertex -5.35 0 14.99
    endloop
  endfacet
  facet normal 0.999048 0.0436229 0
    outer loop
      vertex -5.35 0 0
      vertex -5.32964 -0.466283 14.99
      vertex -5.32964 -0.466283 0
    endloop
  endfacet
  facet normal 0.461766 -0.887002 0
    outer loop
      vertex -2.675 4.63323 0
      vertex -2.26101 4.84875 14.99
      vertex -2.675 4.63323 14.99
    endloop
  endfacet
  facet normal 0.461766 -0.887002 0
    outer loop
      vertex -2.26101 4.84875 14.99
      vertex -2.675 4.63323 0
      vertex -2.26101 4.84875 0
    endloop
  endfacet
  facet normal 0.923879 0.382685 0
    outer loop
      vertex -4.84875 -2.26101 14.99
      vertex -5.02736 -1.82981 0
      vertex -5.02736 -1.82981 14.99
    endloop
  endfacet
  facet normal 0.923879 0.382685 0
    outer loop
      vertex -5.02736 -1.82981 0
      vertex -4.84875 -2.26101 14.99
      vertex -4.84875 -2.26101 0
    endloop
  endfacet
  facet normal -0.130526 0.991445 0
    outer loop
      vertex 0.929017 -5.26872 0
      vertex 0.466283 -5.32964 14.99
      vertex 0.929017 -5.26872 14.99
    endloop
  endfacet
  facet normal -0.130526 0.991445 0
    outer loop
      vertex 0.466283 -5.32964 14.99
      vertex 0.929017 -5.26872 0
      vertex 0.466283 -5.32964 0
    endloop
  endfacet
  facet normal 0.793359 -0.608754 0
    outer loop
      vertex -4.38246 3.06863 14.99
      vertex -4.09834 3.43891 0
      vertex -4.09834 3.43891 14.99
    endloop
  endfacet
  facet normal 0.793359 -0.608754 0
    outer loop
      vertex -4.09834 3.43891 0
      vertex -4.38246 3.06863 14.99
      vertex -4.38246 3.06863 0
    endloop
  endfacet
  facet normal -0.216444 0.976295 0
    outer loop
      vertex 1.38468 -5.1677 0
      vertex 0.929017 -5.26872 14.99
      vertex 1.38468 -5.1677 14.99
    endloop
  endfacet
  facet normal -0.216444 0.976295 0
    outer loop
      vertex 0.929017 -5.26872 14.99
      vertex 1.38468 -5.1677 0
      vertex 0.929017 -5.26872 0
    endloop
  endfacet
  facet normal -0 0 1
    outer loop
      vertex 2.35313 -26.3728 -0.00999928
      vertex 3.32434 -26.6101 -0.00999928
      vertex 3.31502 -26.2713 -0.00999928
    endloop
  endfacet
  facet normal 0 0 1
    outer loop
      vertex 3.32434 -26.6101 -0.00999928
      vertex 2.35866 -26.6101 -0.00999928
      vertex 3.31512 -26.9321 -0.00999928
    endloop
  endfacet
  facet normal -0 0 1
    outer loop
      vertex 2.33653 -26.1427 -0.00999928
      vertex 3.31502 -26.2713 -0.00999928
      vertex 3.28702 -25.9452 -0.00999928
    endloop
  endfacet
  facet normal -0 0 1
    outer loop
      vertex 2.35161 -26.8744 -0.00999928
      vertex 3.31512 -26.9321 -0.00999928
      vertex 2.35866 -26.6101 -0.00999928
    endloop
  endfacet
  facet normal -0 0 1
    outer loop
      vertex 2.30887 -25.9197 -0.00999928
      vertex 3.28702 -25.9452 -0.00999928
      vertex 3.24036 -25.6316 -0.00999928
    endloop
  endfacet
  facet normal 0 0 1
    outer loop
      vertex 3.31512 -26.9321 -0.00999928
      vertex 2.35161 -26.8744 -0.00999928
      vertex 3.28745 -27.2428 -0.00999928
    endloop
  endfacet
  facet normal 0 0 1
    outer loop
      vertex 2.27013 -25.7039 -0.00999928
      vertex 3.24036 -25.6316 -0.00999928
      vertex 3.17505 -25.3306 -0.00999928
    endloop
  endfacet
  facet normal -0 0 1
    outer loop
      vertex 2.33046 -27.1291 -0.00999928
      vertex 3.28745 -27.2428 -0.00999928
      vertex 2.35161 -26.8744 -0.00999928
    endloop
  endfacet
  facet normal 0 0 1
    outer loop
      vertex 2.22032 -25.4952 -0.00999928
      vertex 3.17505 -25.3306 -0.00999928
      vertex 3.09106 -25.0422 -0.00999928
    endloop
  endfacet
  facet normal 0 0 1
    outer loop
      vertex 3.28745 -27.2428 -0.00999928
      vertex 2.33046 -27.1291 -0.00999928
      vertex 3.24133 -27.5423 -0.00999928
    endloop
  endfacet
  facet normal 0 0 1
    outer loop
      vertex 2.15945 -25.2937 -0.00999928
      vertex 3.09106 -25.0422 -0.00999928
      vertex 2.98842 -24.7664 -0.00999928
    endloop
  endfacet
  facet normal -0 0 1
    outer loop
      vertex 2.29518 -27.3743 -0.00999928
      vertex 3.24133 -27.5423 -0.00999928
      vertex 2.33046 -27.1291 -0.00999928
    endloop
  endfacet
  facet normal 0 0 1
    outer loop
      vertex 2.08752 -25.0994 -0.00999928
      vertex 2.98842 -24.7664 -0.00999928
      vertex 2.86711 -24.5032 -0.00999928
    endloop
  endfacet
  facet normal 0 0 1
    outer loop
      vertex 3.24133 -27.5423 -0.00999928
      vertex 2.29518 -27.3743 -0.00999928
      vertex 3.17677 -27.8305 -0.00999928
    endloop
  endfacet
  facet normal 0 0 1
    outer loop
      vertex 2.00452 -24.9123 -0.00999928
      vertex 2.86711 -24.5032 -0.00999928
      vertex 2.72714 -24.2526 -0.00999928
    endloop
  endfacet
  facet normal -0 0 1
    outer loop
      vertex 2.24582 -27.61 -0.00999928
      vertex 3.17677 -27.8305 -0.00999928
      vertex 2.29518 -27.3743 -0.00999928
    endloop
  endfacet
  facet normal 0 0 1
    outer loop
      vertex 1.8053 -24.5594 -0.00999928
      vertex 2.72714 -24.2526 -0.00999928
      vertex 2.56851 -24.0145 -0.00999928
    endloop
  endfacet
  facet normal 0 0 1
    outer loop
      vertex 3.17677 -27.8305 -0.00999928
      vertex 2.24582 -27.61 -0.00999928
      vertex 3.09377 -28.1073 -0.00999928
    endloop
  endfacet
  facet normal 0 0 1
    outer loop
      vertex 1.7467 -24.4767 -0.00999928
      vertex 2.56851 -24.0145 -0.00999928
      vertex 2.39122 -23.789 -0.00999928
    endloop
  endfacet
  facet normal -0 0 1
    outer loop
      vertex 2.18234 -27.8361 -0.00999928
      vertex 3.09377 -28.1073 -0.00999928
      vertex 2.24582 -27.61 -0.00999928
    endloop
  endfacet
  facet normal 0 0 1
    outer loop
      vertex 3.09377 -28.1073 -0.00999928
      vertex 2.18234 -27.8361 -0.00999928
      vertex 2.99231 -28.373 -0.00999928
    endloop
  endfacet
  facet normal 0 0 1
    outer loop
      vertex 3.32434 -26.6101 -0.00999928
      vertex 2.35313 -26.3728 -0.00999928
      vertex 2.35866 -26.6101 -0.00999928
    endloop
  endfacet
  facet normal 0 0 1
    outer loop
      vertex 3.31502 -26.2713 -0.00999928
      vertex 2.33653 -26.1427 -0.00999928
      vertex 2.35313 -26.3728 -0.00999928
    endloop
  endfacet
  facet normal 0 0 1
    outer loop
      vertex 3.28702 -25.9452 -0.00999928
      vertex 2.30887 -25.9197 -0.00999928
      vertex 2.33653 -26.1427 -0.00999928
    endloop
  endfacet
  facet normal 0 0 1
    outer loop
      vertex 3.24036 -25.6316 -0.00999928
      vertex 2.27013 -25.7039 -0.00999928
      vertex 2.30887 -25.9197 -0.00999928
    endloop
  endfacet
  facet normal 0 0 1
    outer loop
      vertex 3.17505 -25.3306 -0.00999928
      vertex 2.22032 -25.4952 -0.00999928
      vertex 2.27013 -25.7039 -0.00999928
    endloop
  endfacet
  facet normal 0 0 1
    outer loop
      vertex 1.61002 -24.299 -0.00999928
      vertex 2.39122 -23.789 -0.00999928
      vertex 2.21002 -23.5973 -0.00999928
    endloop
  endfacet
  facet normal 0 0 1
    outer loop
      vertex 3.09106 -25.0422 -0.00999928
      vertex 2.15945 -25.2937 -0.00999928
      vertex 2.22032 -25.4952 -0.00999928
    endloop
  endfacet
  facet normal 0 0 1
    outer loop
      vertex 2.98842 -24.7664 -0.00999928
      vertex 2.08752 -25.0994 -0.00999928
      vertex 2.15945 -25.2937 -0.00999928
    endloop
  endfacet
  facet normal 0 0 1
    outer loop
      vertex 1.47981 -24.165 -0.00999928
      vertex 2.21002 -23.5973 -0.00999928
      vertex 2.01797 -23.4258 -0.00999928
    endloop
  endfacet
  facet normal 0 0 1
    outer loop
      vertex 2.86711 -24.5032 -0.00999928
      vertex 2.00452 -24.9123 -0.00999928
      vertex 2.08752 -25.0994 -0.00999928
    endloop
  endfacet
  facet normal 0 0 1
    outer loop
      vertex 2.72714 -24.2526 -0.00999928
      vertex 1.91045 -24.7323 -0.00999928
      vertex 2.00452 -24.9123 -0.00999928
    endloop
  endfacet
  facet normal 0 0 1
    outer loop
      vertex 1.33659 -24.0452 -0.00999928
      vertex 2.01797 -23.4258 -0.00999928
      vertex 1.81508 -23.2744 -0.00999928
    endloop
  endfacet
  facet normal 0 0 1
    outer loop
      vertex 2.72714 -24.2526 -0.00999928
      vertex 1.8053 -24.5594 -0.00999928
      vertex 1.91045 -24.7323 -0.00999928
    endloop
  endfacet
  facet normal 0 0 1
    outer loop
      vertex 2.56851 -24.0145 -0.00999928
      vertex 1.78577 -24.5314 -0.00999928
      vertex 1.8053 -24.5594 -0.00999928
    endloop
  endfacet
  facet normal 0 0 1
    outer loop
      vertex 2.56851 -24.0145 -0.00999928
      vertex 1.76624 -24.5039 -0.00999928
      vertex 1.78577 -24.5314 -0.00999928
    endloop
  endfacet
  facet normal 0 0 1
    outer loop
      vertex 2.56851 -24.0145 -0.00999928
      vertex 1.7467 -24.4767 -0.00999928
      vertex 1.76624 -24.5039 -0.00999928
    endloop
  endfacet
  facet normal 0 0 1
    outer loop
      vertex 2.39122 -23.789 -0.00999928
      vertex 1.72717 -24.45 -0.00999928
      vertex 1.7467 -24.4767 -0.00999928
    endloop
  endfacet
  facet normal 0 0 1
    outer loop
      vertex 2.39122 -23.789 -0.00999928
      vertex 1.70764 -24.4238 -0.00999928
      vertex 1.72717 -24.45 -0.00999928
    endloop
  endfacet
  facet normal 0 0 1
    outer loop
      vertex 2.39122 -23.789 -0.00999928
      vertex 1.68811 -24.398 -0.00999928
      vertex 1.70764 -24.4238 -0.00999928
    endloop
  endfacet
  facet normal 0 0 1
    outer loop
      vertex 2.39122 -23.789 -0.00999928
      vertex 1.66859 -24.3726 -0.00999928
      vertex 1.68811 -24.398 -0.00999928
    endloop
  endfacet
  facet normal 0 0 1
    outer loop
      vertex 2.39122 -23.789 -0.00999928
      vertex 1.64906 -24.3476 -0.00999928
      vertex 1.66859 -24.3726 -0.00999928
    endloop
  endfacet
  facet normal 0 0 1
    outer loop
      vertex 2.39122 -23.789 -0.00999928
      vertex 1.62955 -24.3231 -0.00999928
      vertex 1.64906 -24.3476 -0.00999928
    endloop
  endfacet
  facet normal 0 0 1
    outer loop
      vertex 2.39122 -23.789 -0.00999928
      vertex 1.61002 -24.299 -0.00999928
      vertex 1.62955 -24.3231 -0.00999928
    endloop
  endfacet
  facet normal 0 0 1
    outer loop
      vertex 1.18034 -23.9394 -0.00999928
      vertex 1.81508 -23.2744 -0.00999928
      vertex 1.60132 -23.1433 -0.00999928
    endloop
  endfacet
  facet normal 0 0 1
    outer loop
      vertex 2.21002 -23.5973 -0.00999928
      vertex 1.47981 -24.165 -0.00999928
      vertex 1.61002 -24.299 -0.00999928
    endloop
  endfacet
  facet normal 0 0 1
    outer loop
      vertex 1.01109 -23.8477 -0.00999928
      vertex 1.60132 -23.1433 -0.00999928
      vertex 1.37672 -23.0323 -0.00999928
    endloop
  endfacet
  facet normal 0 0 1
    outer loop
      vertex 2.01797 -23.4258 -0.00999928
      vertex 1.33659 -24.0452 -0.00999928
      vertex 1.47981 -24.165 -0.00999928
    endloop
  endfacet
  facet normal 0 0 1
    outer loop
      vertex 1.81508 -23.2744 -0.00999928
      vertex 1.18034 -23.9394 -0.00999928
      vertex 1.33659 -24.0452 -0.00999928
    endloop
  endfacet
  facet normal 0 0 1
    outer loop
      vertex 1.01109 -23.8477 -0.00999928
      vertex 1.37672 -23.0323 -0.00999928
      vertex 1.14128 -22.9415 -0.00999928
    endloop
  endfacet
  facet normal 0 0 1
    outer loop
      vertex 1.60132 -23.1433 -0.00999928
      vertex 1.01109 -23.8477 -0.00999928
      vertex 1.18034 -23.9394 -0.00999928
    endloop
  endfacet
  facet normal 0 0 1
    outer loop
      vertex 0.828796 -23.7701 -0.00999928
      vertex 1.14128 -22.9415 -0.00999928
      vertex 0.894974 -22.8708 -0.00999928
    endloop
  endfacet
  facet normal 0 0 1
    outer loop
      vertex 1.14128 -22.9415 -0.00999928
      vertex 0.828796 -23.7701 -0.00999928
      vertex 1.01109 -23.8477 -0.00999928
    endloop
  endfacet
  facet normal 0 0 1
    outer loop
      vertex 0.633499 -23.7066 -0.00999928
      vertex 0.894974 -22.8708 -0.00999928
      vertex 0.637833 -22.8204 -0.00999928
    endloop
  endfacet
  facet normal 0 0 1
    outer loop
      vertex 0.894974 -22.8708 -0.00999928
      vertex 0.633499 -23.7066 -0.00999928
      vertex 0.828796 -23.7701 -0.00999928
    endloop
  endfacet
  facet normal 0 0 1
    outer loop
      vertex 0.637833 -22.8204 -0.00999928
      vertex 0.425186 -23.6572 -0.00999928
      vertex 0.633499 -23.7066 -0.00999928
    endloop
  endfacet
  facet normal 0 0 1
    outer loop
      vertex 0.369827 -22.7901 -0.00999928
      vertex 0.425186 -23.6572 -0.00999928
      vertex 0.637833 -22.8204 -0.00999928
    endloop
  endfacet
  facet normal 0 0 1
    outer loop
      vertex 0.369827 -22.7901 -0.00999928
      vertex 0.203842 -23.622 -0.00999928
      vertex 0.425186 -23.6572 -0.00999928
    endloop
  endfacet
  facet normal 0 0 1
    outer loop
      vertex 0.0909882 -22.78 -0.00999928
      vertex 0.203842 -23.622 -0.00999928
      vertex 0.369827 -22.7901 -0.00999928
    endloop
  endfacet
  facet normal 0 0 1
    outer loop
      vertex 0.0909882 -22.78 -0.00999928
      vertex -0.0305023 -23.6008 -0.00999928
      vertex 0.203842 -23.622 -0.00999928
    endloop
  endfacet
  facet normal 0 0 1
    outer loop
      vertex 0.0909882 -22.78 -0.00999928
      vertex -0.277878 -23.5938 -0.00999928
      vertex -0.0305023 -23.6008 -0.00999928
    endloop
  endfacet
  facet normal 0 0 1
    outer loop
      vertex 0.0909882 -22.78 -0.00999928
      vertex -1.67757 -23.5938 -0.00999928
      vertex -0.277878 -23.5938 -0.00999928
    endloop
  endfacet
  facet normal 0 0 1
    outer loop
      vertex -2.63235 -30.3967 -0.00999928
      vertex -1.67757 -23.5938 -0.00999928
      vertex -2.63235 -22.78 -0.00999928
    endloop
  endfacet
  facet normal -0 0 1
    outer loop
      vertex -2.63235 -22.78 -0.00999928
      vertex -1.67757 -23.5938 -0.00999928
      vertex 0.0909882 -22.78 -0.00999928
    endloop
  endfacet
  facet normal -0 0 1
    outer loop
      vertex 2.10477 -28.0527 -0.00999928
      vertex 2.99231 -28.373 -0.00999928
      vertex 2.18234 -27.8361 -0.00999928
    endloop
  endfacet
  facet normal 0 0 1
    outer loop
      vertex 2.99231 -28.373 -0.00999928
      vertex 2.10477 -28.0527 -0.00999928
      vertex 2.87241 -28.6273 -0.00999928
    endloop
  endfacet
  facet normal -0 0 1
    outer loop
      vertex 2.01308 -28.2597 -0.00999928
      vertex 2.87241 -28.6273 -0.00999928
      vertex 2.10477 -28.0527 -0.00999928
    endloop
  endfacet
  facet normal 0 0 1
    outer loop
      vertex 2.87241 -28.6273 -0.00999928
      vertex 2.01308 -28.2597 -0.00999928
      vertex 2.73405 -28.8703 -0.00999928
    endloop
  endfacet
  facet normal -0 0 1
    outer loop
      vertex 1.90729 -28.4571 -0.00999928
      vertex 2.73405 -28.8703 -0.00999928
      vertex 2.01308 -28.2597 -0.00999928
    endloop
  endfacet
  facet normal 0 0 1
    outer loop
      vertex 2.73405 -28.8703 -0.00999928
      vertex 1.90729 -28.4571 -0.00999928
      vertex 2.57727 -29.1021 -0.00999928
    endloop
  endfacet
  facet normal -0 0 1
    outer loop
      vertex 1.78738 -28.6451 -0.00999928
      vertex 2.57727 -29.1021 -0.00999928
      vertex 1.90729 -28.4571 -0.00999928
    endloop
  endfacet
  facet normal 0 0 1
    outer loop
      vertex 2.57727 -29.1021 -0.00999928
      vertex 1.78738 -28.6451 -0.00999928
      vertex 2.40202 -29.3226 -0.00999928
    endloop
  endfacet
  facet normal -0 0 1
    outer loop
      vertex 1.65338 -28.8234 -0.00999928
      vertex 2.40202 -29.3226 -0.00999928
      vertex 1.78738 -28.6451 -0.00999928
    endloop
  endfacet
  facet normal 0 0 1
    outer loop
      vertex 2.40202 -29.3226 -0.00999928
      vertex 1.65338 -28.8234 -0.00999928
      vertex 2.3607 -29.3717 -0.00999928
    endloop
  endfacet
  facet normal 0 0 1
    outer loop
      vertex 2.3607 -29.3717 -0.00999928
      vertex 1.65338 -28.8234 -0.00999928
      vertex 2.31915 -29.4193 -0.00999928
    endloop
  endfacet
  facet normal 0 0 1
    outer loop
      vertex 2.31915 -29.4193 -0.00999928
      vertex 1.65338 -28.8234 -0.00999928
      vertex 2.27739 -29.4654 -0.00999928
    endloop
  endfacet
  facet normal 0 0 1
    outer loop
      vertex 2.27739 -29.4654 -0.00999928
      vertex 1.65338 -28.8234 -0.00999928
      vertex 2.23541 -29.51 -0.00999928
    endloop
  endfacet
  facet normal -0 0 1
    outer loop
      vertex 1.54077 -28.9542 -0.00999928
      vertex 2.23541 -29.51 -0.00999928
      vertex 1.65338 -28.8234 -0.00999928
    endloop
  endfacet
  facet normal 0 0 1
    outer loop
      vertex 2.23541 -29.51 -0.00999928
      vertex 1.54077 -28.9542 -0.00999928
      vertex 2.19321 -29.5531 -0.00999928
    endloop
  endfacet
  facet normal 0 0 1
    outer loop
      vertex 2.19321 -29.5531 -0.00999928
      vertex 1.54077 -28.9542 -0.00999928
      vertex 2.15079 -29.5947 -0.00999928
    endloop
  endfacet
  facet normal 0 0 1
    outer loop
      vertex 2.15079 -29.5947 -0.00999928
      vertex 1.54077 -28.9542 -0.00999928
      vertex 2.10814 -29.6347 -0.00999928
    endloop
  endfacet
  facet normal 0 0 1
    outer loop
      vertex 2.10814 -29.6347 -0.00999928
      vertex 1.54077 -28.9542 -0.00999928
      vertex 2.06528 -29.6732 -0.00999928
    endloop
  endfacet
  facet normal -0 0 1
    outer loop
      vertex 1.41989 -29.073 -0.00999928
      vertex 2.06528 -29.6732 -0.00999928
      vertex 1.54077 -28.9542 -0.00999928
    endloop
  endfacet
  facet normal 0 0 1
    outer loop
      vertex 2.06528 -29.6732 -0.00999928
      vertex 1.41989 -29.073 -0.00999928
      vertex 2.0222 -29.7102 -0.00999928
    endloop
  endfacet
  facet normal 0 0 1
    outer loop
      vertex 2.0222 -29.7102 -0.00999928
      vertex 1.41989 -29.073 -0.00999928
      vertex 1.9789 -29.7457 -0.00999928
    endloop
  endfacet
  facet normal 0 0 1
    outer loop
      vertex 1.9789 -29.7457 -0.00999928
      vertex 1.41989 -29.073 -0.00999928
      vertex 1.81039 -29.8694 -0.00999928
    endloop
  endfacet
  facet normal -0 0 1
    outer loop
      vertex 1.29079 -29.1799 -0.00999928
      vertex 1.81039 -29.8694 -0.00999928
      vertex 1.41989 -29.073 -0.00999928
    endloop
  endfacet
  facet normal 0 0 1
    outer loop
      vertex 1.81039 -29.8694 -0.00999928
      vertex 1.29079 -29.1799 -0.00999928
      vertex 1.6304 -29.98 -0.00999928
    endloop
  endfacet
  facet normal -0 0 1
    outer loop
      vertex 1.15343 -29.2748 -0.00999928
      vertex 1.6304 -29.98 -0.00999928
      vertex 1.29079 -29.1799 -0.00999928
    endloop
  endfacet
  facet normal 0 0 1
    outer loop
      vertex 1.6304 -29.98 -0.00999928
      vertex 1.15343 -29.2748 -0.00999928
      vertex 1.43889 -30.0777 -0.00999928
    endloop
  endfacet
  facet normal -0 0 1
    outer loop
      vertex 1.00783 -29.3578 -0.00999928
      vertex 1.43889 -30.0777 -0.00999928
      vertex 1.15343 -29.2748 -0.00999928
    endloop
  endfacet
  facet normal 0 0 1
    outer loop
      vertex 1.43889 -30.0777 -0.00999928
      vertex 1.00783 -29.3578 -0.00999928
      vertex 1.23589 -30.1623 -0.00999928
    endloop
  endfacet
  facet normal -0 0 1
    outer loop
      vertex 0.853973 -29.4289 -0.00999928
      vertex 1.23589 -30.1623 -0.00999928
      vertex 1.00783 -29.3578 -0.00999928
    endloop
  endfacet
  facet normal 0 0 1
    outer loop
      vertex 1.23589 -30.1623 -0.00999928
      vertex 0.853973 -29.4289 -0.00999928
      vertex 1.02138 -30.2339 -0.00999928
    endloop
  endfacet
  facet normal -0 0 1
    outer loop
      vertex 0.691879 -29.488 -0.00999928
      vertex 1.02138 -30.2339 -0.00999928
      vertex 0.853973 -29.4289 -0.00999928
    endloop
  endfacet
  facet normal 0 0 1
    outer loop
      vertex 1.02138 -30.2339 -0.00999928
      vertex 0.691879 -29.488 -0.00999928
      vertex 0.79538 -30.2925 -0.00999928
    endloop
  endfacet
  facet normal -0 0 1
    outer loop
      vertex 0.52153 -29.5352 -0.00999928
      vertex 0.79538 -30.2925 -0.00999928
      vertex 0.691879 -29.488 -0.00999928
    endloop
  endfacet
  facet normal 0 0 1
    outer loop
      vertex 0.79538 -30.2925 -0.00999928
      vertex 0.52153 -29.5352 -0.00999928
      vertex 0.557877 -30.3381 -0.00999928
    endloop
  endfacet
  facet normal -0 0 1
    outer loop
      vertex 0.342941 -29.5705 -0.00999928
      vertex 0.557877 -30.3381 -0.00999928
      vertex 0.52153 -29.5352 -0.00999928
    endloop
  endfacet
  facet normal 0 0 1
    outer loop
      vertex 0.342941 -29.5705 -0.00999928
      vertex 0.308868 -30.3707 -0.00999928
      vertex 0.557877 -30.3381 -0.00999928
    endloop
  endfacet
  facet normal -0 0 1
    outer loop
      vertex 0.156097 -29.5938 -0.00999928
      vertex 0.308868 -30.3707 -0.00999928
      vertex 0.342941 -29.5705 -0.00999928
    endloop
  endfacet
  facet normal 0 0 1
    outer loop
      vertex 0.156097 -29.5938 -0.00999928
      vertex 0.0483551 -30.3902 -0.00999928
      vertex 0.308868 -30.3707 -0.00999928
    endloop
  endfacet
  facet normal -0 0 1
    outer loop
      vertex -0.277878 -29.6046 -0.00999928
      vertex 0.0483551 -30.3902 -0.00999928
      vertex 0.156097 -29.5938 -0.00999928
    endloop
  endfacet
  facet normal 0 0 1
    outer loop
      vertex 0.0483551 -30.3902 -0.00999928
      vertex -0.277878 -29.6046 -0.00999928
      vertex -0.223648 -30.3967 -0.00999928
    endloop
  endfacet
  facet normal -0 0 1
    outer loop
      vertex -1.67757 -29.6046 -0.00999928
      vertex -0.223648 -30.3967 -0.00999928
      vertex -0.277878 -29.6046 -0.00999928
    endloop
  endfacet
  facet normal 0 0 1
    outer loop
      vertex -1.67757 -29.6046 -0.00999928
      vertex -2.63235 -30.3967 -0.00999928
      vertex -0.223648 -30.3967 -0.00999928
    endloop
  endfacet
  facet normal 0 0 1
    outer loop
      vertex -1.67757 -23.5938 -0.00999928
      vertex -2.63235 -30.3967 -0.00999928
      vertex -1.67757 -29.6046 -0.00999928
    endloop
  endfacet
  facet normal 0 0 -1
    outer loop
      vertex 3.31512 -26.9321 -0.809999
      vertex 2.35161 -26.8744 -0.809999
      vertex 2.35866 -26.6101 -0.809999
    endloop
  endfacet
  facet normal 0 0 -1
    outer loop
      vertex 2.40202 -29.3226 -0.809999
      vertex 2.33046 -27.1291 -0.809999
      vertex 2.35161 -26.8744 -0.809999
    endloop
  endfacet
  facet normal 0 0 -1
    outer loop
      vertex 1.65338 -28.8234 -0.809999
      vertex 2.3607 -29.3717 -0.809999
      vertex 2.31915 -29.4193 -0.809999
    endloop
  endfacet
  facet normal 0 0 -1
    outer loop
      vertex 2.40202 -29.3226 -0.809999
      vertex 2.29518 -27.3743 -0.809999
      vertex 2.33046 -27.1291 -0.809999
    endloop
  endfacet
  facet normal 0 0 -1
    outer loop
      vertex 1.65338 -28.8234 -0.809999
      vertex 2.31915 -29.4193 -0.809999
      vertex 2.27739 -29.4654 -0.809999
    endloop
  endfacet
  facet normal 0 0 -1
    outer loop
      vertex 2.40202 -29.3226 -0.809999
      vertex 2.24582 -27.61 -0.809999
      vertex 2.29518 -27.3743 -0.809999
    endloop
  endfacet
  facet normal 0 0 -1
    outer loop
      vertex 1.65338 -28.8234 -0.809999
      vertex 2.27739 -29.4654 -0.809999
      vertex 2.23541 -29.51 -0.809999
    endloop
  endfacet
  facet normal 0 0 -1
    outer loop
      vertex 1.54077 -28.9542 -0.809999
      vertex 2.23541 -29.51 -0.809999
      vertex 2.19321 -29.5531 -0.809999
    endloop
  endfacet
  facet normal 0 0 -1
    outer loop
      vertex 2.40202 -29.3226 -0.809999
      vertex 2.18234 -27.8361 -0.809999
      vertex 2.24582 -27.61 -0.809999
    endloop
  endfacet
  facet normal 0 0 -1
    outer loop
      vertex 1.54077 -28.9542 -0.809999
      vertex 2.19321 -29.5531 -0.809999
      vertex 2.15079 -29.5947 -0.809999
    endloop
  endfacet
  facet normal 0 0 -1
    outer loop
      vertex 1.54077 -28.9542 -0.809999
      vertex 2.15079 -29.5947 -0.809999
      vertex 2.10814 -29.6347 -0.809999
    endloop
  endfacet
  facet normal 0 0 -1
    outer loop
      vertex 2.40202 -29.3226 -0.809999
      vertex 2.10477 -28.0527 -0.809999
      vertex 2.18234 -27.8361 -0.809999
    endloop
  endfacet
  facet normal 0 0 -1
    outer loop
      vertex 1.54077 -28.9542 -0.809999
      vertex 2.10814 -29.6347 -0.809999
      vertex 2.06528 -29.6732 -0.809999
    endloop
  endfacet
  facet normal 0 0 -1
    outer loop
      vertex 1.41989 -29.073 -0.809999
      vertex 2.06528 -29.6732 -0.809999
      vertex 2.0222 -29.7102 -0.809999
    endloop
  endfacet
  facet normal 0 0 -1
    outer loop
      vertex 2.40202 -29.3226 -0.809999
      vertex 2.01308 -28.2597 -0.809999
      vertex 2.10477 -28.0527 -0.809999
    endloop
  endfacet
  facet normal 0 0 -1
    outer loop
      vertex 1.41989 -29.073 -0.809999
      vertex 2.0222 -29.7102 -0.809999
      vertex 1.9789 -29.7457 -0.809999
    endloop
  endfacet
  facet normal 0 0 -1
    outer loop
      vertex 2.40202 -29.3226 -0.809999
      vertex 1.90729 -28.4571 -0.809999
      vertex 2.01308 -28.2597 -0.809999
    endloop
  endfacet
  facet normal 0 0 -1
    outer loop
      vertex 1.41989 -29.073 -0.809999
      vertex 1.9789 -29.7457 -0.809999
      vertex 1.81039 -29.8694 -0.809999
    endloop
  endfacet
  facet normal 0 0 -1
    outer loop
      vertex 2.40202 -29.3226 -0.809999
      vertex 1.78738 -28.6451 -0.809999
      vertex 1.90729 -28.4571 -0.809999
    endloop
  endfacet
  facet normal 0 0 -1
    outer loop
      vertex 2.40202 -29.3226 -0.809999
      vertex 1.65338 -28.8234 -0.809999
      vertex 1.78738 -28.6451 -0.809999
    endloop
  endfacet
  facet normal 0 0 -1
    outer loop
      vertex 1.29079 -29.1799 -0.809999
      vertex 1.81039 -29.8694 -0.809999
      vertex 1.6304 -29.98 -0.809999
    endloop
  endfacet
  facet normal 0 0 -1
    outer loop
      vertex 2.23541 -29.51 -0.809999
      vertex 1.54077 -28.9542 -0.809999
      vertex 1.65338 -28.8234 -0.809999
    endloop
  endfacet
  facet normal 0 0 -1
    outer loop
      vertex 1.15343 -29.2748 -0.809999
      vertex 1.6304 -29.98 -0.809999
      vertex 1.43889 -30.0777 -0.809999
    endloop
  endfacet
  facet normal 0 0 -1
    outer loop
      vertex 2.06528 -29.6732 -0.809999
      vertex 1.41989 -29.073 -0.809999
      vertex 1.54077 -28.9542 -0.809999
    endloop
  endfacet
  facet normal 0 0 -1
    outer loop
      vertex 1.81039 -29.8694 -0.809999
      vertex 1.29079 -29.1799 -0.809999
      vertex 1.41989 -29.073 -0.809999
    endloop
  endfacet
  facet normal 0 0 -1
    outer loop
      vertex 1.00783 -29.3578 -0.809999
      vertex 1.43889 -30.0777 -0.809999
      vertex 1.23589 -30.1623 -0.809999
    endloop
  endfacet
  facet normal 0 0 -1
    outer loop
      vertex 1.6304 -29.98 -0.809999
      vertex 1.15343 -29.2748 -0.809999
      vertex 1.29079 -29.1799 -0.809999
    endloop
  endfacet
  facet normal 0 0 -1
    outer loop
      vertex 0.853973 -29.4289 -0.809999
      vertex 1.23589 -30.1623 -0.809999
      vertex 1.02138 -30.2339 -0.809999
    endloop
  endfacet
  facet normal 0 0 -1
    outer loop
      vertex 1.43889 -30.0777 -0.809999
      vertex 1.00783 -29.3578 -0.809999
      vertex 1.15343 -29.2748 -0.809999
    endloop
  endfacet
  facet normal 0 0 -1
    outer loop
      vertex 1.23589 -30.1623 -0.809999
      vertex 0.853973 -29.4289 -0.809999
      vertex 1.00783 -29.3578 -0.809999
    endloop
  endfacet
  facet normal 0 0 -1
    outer loop
      vertex 0.691879 -29.488 -0.809999
      vertex 1.02138 -30.2339 -0.809999
      vertex 0.79538 -30.2925 -0.809999
    endloop
  endfacet
  facet normal 0 0 -1
    outer loop
      vertex 1.02138 -30.2339 -0.809999
      vertex 0.691879 -29.488 -0.809999
      vertex 0.853973 -29.4289 -0.809999
    endloop
  endfacet
  facet normal 0 0 -1
    outer loop
      vertex 0.52153 -29.5352 -0.809999
      vertex 0.79538 -30.2925 -0.809999
      vertex 0.557877 -30.3381 -0.809999
    endloop
  endfacet
  facet normal 0 0 -1
    outer loop
      vertex 0.79538 -30.2925 -0.809999
      vertex 0.52153 -29.5352 -0.809999
      vertex 0.691879 -29.488 -0.809999
    endloop
  endfacet
  facet normal 0 0 -1
    outer loop
      vertex 0.557877 -30.3381 -0.809999
      vertex 0.342941 -29.5705 -0.809999
      vertex 0.52153 -29.5352 -0.809999
    endloop
  endfacet
  facet normal 0 0 -1
    outer loop
      vertex 0.308868 -30.3707 -0.809999
      vertex 0.342941 -29.5705 -0.809999
      vertex 0.557877 -30.3381 -0.809999
    endloop
  endfacet
  facet normal 0 0 -1
    outer loop
      vertex 0.308868 -30.3707 -0.809999
      vertex 0.156097 -29.5938 -0.809999
      vertex 0.342941 -29.5705 -0.809999
    endloop
  endfacet
  facet normal 0 0 -1
    outer loop
      vertex 0.0483551 -30.3902 -0.809999
      vertex 0.156097 -29.5938 -0.809999
      vertex 0.308868 -30.3707 -0.809999
    endloop
  endfacet
  facet normal 0 0 -1
    outer loop
      vertex -0.277878 -29.6046 -0.809999
      vertex 0.0483551 -30.3902 -0.809999
      vertex -0.223648 -30.3967 -0.809999
    endloop
  endfacet
  facet normal 0 0 -1
    outer loop
      vertex 0.0483551 -30.3902 -0.809999
      vertex -0.277878 -29.6046 -0.809999
      vertex 0.156097 -29.5938 -0.809999
    endloop
  endfacet
  facet normal 0 0 -1
    outer loop
      vertex -0.223648 -30.3967 -0.809999
      vertex -1.67757 -29.6046 -0.809999
      vertex -0.277878 -29.6046 -0.809999
    endloop
  endfacet
  facet normal -0 0 -1
    outer loop
      vertex -1.67757 -29.6046 -0.809999
      vertex -2.63235 -30.3967 -0.809999
      vertex -1.67757 -23.5938 -0.809999
    endloop
  endfacet
  facet normal 0 0 -1
    outer loop
      vertex -2.63235 -30.3967 -0.809999
      vertex -1.67757 -29.6046 -0.809999
      vertex -0.223648 -30.3967 -0.809999
    endloop
  endfacet
  facet normal 0 0 -1
    outer loop
      vertex 2.35866 -26.6101 -0.809999
      vertex 3.32434 -26.6101 -0.809999
      vertex 3.31512 -26.9321 -0.809999
    endloop
  endfacet
  facet normal 0 0 -1
    outer loop
      vertex 2.35161 -26.8744 -0.809999
      vertex 3.31512 -26.9321 -0.809999
      vertex 3.28745 -27.2428 -0.809999
    endloop
  endfacet
  facet normal 0 0 -1
    outer loop
      vertex 2.35313 -26.3728 -0.809999
      vertex 3.32434 -26.6101 -0.809999
      vertex 2.35866 -26.6101 -0.809999
    endloop
  endfacet
  facet normal 0 0 -1
    outer loop
      vertex 2.35161 -26.8744 -0.809999
      vertex 3.28745 -27.2428 -0.809999
      vertex 3.24133 -27.5423 -0.809999
    endloop
  endfacet
  facet normal 0 0 -1
    outer loop
      vertex 3.32434 -26.6101 -0.809999
      vertex 2.35313 -26.3728 -0.809999
      vertex 3.31502 -26.2713 -0.809999
    endloop
  endfacet
  facet normal 0 0 -1
    outer loop
      vertex 2.35161 -26.8744 -0.809999
      vertex 3.24133 -27.5423 -0.809999
      vertex 3.17677 -27.8305 -0.809999
    endloop
  endfacet
  facet normal 0 0 -1
    outer loop
      vertex 2.33653 -26.1427 -0.809999
      vertex 3.31502 -26.2713 -0.809999
      vertex 2.35313 -26.3728 -0.809999
    endloop
  endfacet
  facet normal 0 0 -1
    outer loop
      vertex 2.35161 -26.8744 -0.809999
      vertex 3.17677 -27.8305 -0.809999
      vertex 3.09377 -28.1073 -0.809999
    endloop
  endfacet
  facet normal 0 0 -1
    outer loop
      vertex 3.31502 -26.2713 -0.809999
      vertex 2.33653 -26.1427 -0.809999
      vertex 3.28702 -25.9452 -0.809999
    endloop
  endfacet
  facet normal 0 0 -1
    outer loop
      vertex 2.35161 -26.8744 -0.809999
      vertex 3.09377 -28.1073 -0.809999
      vertex 2.99231 -28.373 -0.809999
    endloop
  endfacet
  facet normal 0 0 -1
    outer loop
      vertex 2.30887 -25.9197 -0.809999
      vertex 3.28702 -25.9452 -0.809999
      vertex 2.33653 -26.1427 -0.809999
    endloop
  endfacet
  facet normal 0 0 -1
    outer loop
      vertex 2.35161 -26.8744 -0.809999
      vertex 2.99231 -28.373 -0.809999
      vertex 2.87241 -28.6273 -0.809999
    endloop
  endfacet
  facet normal 0 0 -1
    outer loop
      vertex 3.28702 -25.9452 -0.809999
      vertex 2.30887 -25.9197 -0.809999
      vertex 3.24036 -25.6316 -0.809999
    endloop
  endfacet
  facet normal 0 0 -1
    outer loop
      vertex 2.35161 -26.8744 -0.809999
      vertex 2.87241 -28.6273 -0.809999
      vertex 2.73405 -28.8703 -0.809999
    endloop
  endfacet
  facet normal 0 0 -1
    outer loop
      vertex 2.27013 -25.7039 -0.809999
      vertex 3.24036 -25.6316 -0.809999
      vertex 2.30887 -25.9197 -0.809999
    endloop
  endfacet
  facet normal 0 0 -1
    outer loop
      vertex 2.35161 -26.8744 -0.809999
      vertex 2.73405 -28.8703 -0.809999
      vertex 2.57727 -29.1021 -0.809999
    endloop
  endfacet
  facet normal -0 0 -1
    outer loop
      vertex 3.24036 -25.6316 -0.809999
      vertex 2.27013 -25.7039 -0.809999
      vertex 3.17505 -25.3306 -0.809999
    endloop
  endfacet
  facet normal 0 0 -1
    outer loop
      vertex 2.35161 -26.8744 -0.809999
      vertex 2.57727 -29.1021 -0.809999
      vertex 2.40202 -29.3226 -0.809999
    endloop
  endfacet
  facet normal 0 0 -1
    outer loop
      vertex 2.22032 -25.4952 -0.809999
      vertex 3.17505 -25.3306 -0.809999
      vertex 2.27013 -25.7039 -0.809999
    endloop
  endfacet
  facet normal 0 0 -1
    outer loop
      vertex 1.65338 -28.8234 -0.809999
      vertex 2.40202 -29.3226 -0.809999
      vertex 2.3607 -29.3717 -0.809999
    endloop
  endfacet
  facet normal -0 0 -1
    outer loop
      vertex 3.17505 -25.3306 -0.809999
      vertex 2.22032 -25.4952 -0.809999
      vertex 3.09106 -25.0422 -0.809999
    endloop
  endfacet
  facet normal 0 0 -1
    outer loop
      vertex 2.15945 -25.2937 -0.809999
      vertex 3.09106 -25.0422 -0.809999
      vertex 2.22032 -25.4952 -0.809999
    endloop
  endfacet
  facet normal -0 0 -1
    outer loop
      vertex 3.09106 -25.0422 -0.809999
      vertex 2.15945 -25.2937 -0.809999
      vertex 2.98842 -24.7664 -0.809999
    endloop
  endfacet
  facet normal 0 0 -1
    outer loop
      vertex 2.08752 -25.0994 -0.809999
      vertex 2.98842 -24.7664 -0.809999
      vertex 2.15945 -25.2937 -0.809999
    endloop
  endfacet
  facet normal -0 0 -1
    outer loop
      vertex 2.98842 -24.7664 -0.809999
      vertex 2.08752 -25.0994 -0.809999
      vertex 2.86711 -24.5032 -0.809999
    endloop
  endfacet
  facet normal 0 0 -1
    outer loop
      vertex 2.00452 -24.9123 -0.809999
      vertex 2.86711 -24.5032 -0.809999
      vertex 2.08752 -25.0994 -0.809999
    endloop
  endfacet
  facet normal -0 0 -1
    outer loop
      vertex 2.86711 -24.5032 -0.809999
      vertex 2.00452 -24.9123 -0.809999
      vertex 2.72714 -24.2526 -0.809999
    endloop
  endfacet
  facet normal 0 0 -1
    outer loop
      vertex 1.91045 -24.7323 -0.809999
      vertex 2.72714 -24.2526 -0.809999
      vertex 2.00452 -24.9123 -0.809999
    endloop
  endfacet
  facet normal 0 0 -1
    outer loop
      vertex 1.8053 -24.5594 -0.809999
      vertex 2.72714 -24.2526 -0.809999
      vertex 1.91045 -24.7323 -0.809999
    endloop
  endfacet
  facet normal -0 0 -1
    outer loop
      vertex 2.72714 -24.2526 -0.809999
      vertex 1.8053 -24.5594 -0.809999
      vertex 2.56851 -24.0145 -0.809999
    endloop
  endfacet
  facet normal 0 0 -1
    outer loop
      vertex 1.78577 -24.5314 -0.809999
      vertex 2.56851 -24.0145 -0.809999
      vertex 1.8053 -24.5594 -0.809999
    endloop
  endfacet
  facet normal 0 0 -1
    outer loop
      vertex 1.76624 -24.5039 -0.809999
      vertex 2.56851 -24.0145 -0.809999
      vertex 1.78577 -24.5314 -0.809999
    endloop
  endfacet
  facet normal 0 0 -1
    outer loop
      vertex 1.7467 -24.4767 -0.809999
      vertex 2.56851 -24.0145 -0.809999
      vertex 1.76624 -24.5039 -0.809999
    endloop
  endfacet
  facet normal -0 0 -1
    outer loop
      vertex 2.56851 -24.0145 -0.809999
      vertex 1.7467 -24.4767 -0.809999
      vertex 2.39122 -23.789 -0.809999
    endloop
  endfacet
  facet normal 0 0 -1
    outer loop
      vertex 1.72717 -24.45 -0.809999
      vertex 2.39122 -23.789 -0.809999
      vertex 1.7467 -24.4767 -0.809999
    endloop
  endfacet
  facet normal 0 0 -1
    outer loop
      vertex 1.70764 -24.4238 -0.809999
      vertex 2.39122 -23.789 -0.809999
      vertex 1.72717 -24.45 -0.809999
    endloop
  endfacet
  facet normal 0 0 -1
    outer loop
      vertex 1.68811 -24.398 -0.809999
      vertex 2.39122 -23.789 -0.809999
      vertex 1.70764 -24.4238 -0.809999
    endloop
  endfacet
  facet normal 0 0 -1
    outer loop
      vertex 1.66859 -24.3726 -0.809999
      vertex 2.39122 -23.789 -0.809999
      vertex 1.68811 -24.398 -0.809999
    endloop
  endfacet
  facet normal 0 0 -1
    outer loop
      vertex 1.64906 -24.3476 -0.809999
      vertex 2.39122 -23.789 -0.809999
      vertex 1.66859 -24.3726 -0.809999
    endloop
  endfacet
  facet normal 0 0 -1
    outer loop
      vertex 1.62955 -24.3231 -0.809999
      vertex 2.39122 -23.789 -0.809999
      vertex 1.64906 -24.3476 -0.809999
    endloop
  endfacet
  facet normal 0 0 -1
    outer loop
      vertex 1.61002 -24.299 -0.809999
      vertex 2.39122 -23.789 -0.809999
      vertex 1.62955 -24.3231 -0.809999
    endloop
  endfacet
  facet normal -0 0 -1
    outer loop
      vertex 2.39122 -23.789 -0.809999
      vertex 1.61002 -24.299 -0.809999
      vertex 2.21002 -23.5973 -0.809999
    endloop
  endfacet
  facet normal 0 0 -1
    outer loop
      vertex 1.47981 -24.165 -0.809999
      vertex 2.21002 -23.5973 -0.809999
      vertex 1.61002 -24.299 -0.809999
    endloop
  endfacet
  facet normal -0 0 -1
    outer loop
      vertex 2.21002 -23.5973 -0.809999
      vertex 1.47981 -24.165 -0.809999
      vertex 2.01797 -23.4258 -0.809999
    endloop
  endfacet
  facet normal 0 0 -1
    outer loop
      vertex 1.33659 -24.0452 -0.809999
      vertex 2.01797 -23.4258 -0.809999
      vertex 1.47981 -24.165 -0.809999
    endloop
  endfacet
  facet normal -0 0 -1
    outer loop
      vertex 2.01797 -23.4258 -0.809999
      vertex 1.33659 -24.0452 -0.809999
      vertex 1.81508 -23.2744 -0.809999
    endloop
  endfacet
  facet normal 0 0 -1
    outer loop
      vertex 1.18034 -23.9394 -0.809999
      vertex 1.81508 -23.2744 -0.809999
      vertex 1.33659 -24.0452 -0.809999
    endloop
  endfacet
  facet normal -0 0 -1
    outer loop
      vertex 1.81508 -23.2744 -0.809999
      vertex 1.18034 -23.9394 -0.809999
      vertex 1.60132 -23.1433 -0.809999
    endloop
  endfacet
  facet normal 0 0 -1
    outer loop
      vertex 1.01109 -23.8477 -0.809999
      vertex 1.60132 -23.1433 -0.809999
      vertex 1.18034 -23.9394 -0.809999
    endloop
  endfacet
  facet normal -0 0 -1
    outer loop
      vertex 1.60132 -23.1433 -0.809999
      vertex 1.01109 -23.8477 -0.809999
      vertex 1.37672 -23.0323 -0.809999
    endloop
  endfacet
  facet normal -0 0 -1
    outer loop
      vertex 1.37672 -23.0323 -0.809999
      vertex 1.01109 -23.8477 -0.809999
      vertex 1.14128 -22.9415 -0.809999
    endloop
  endfacet
  facet normal 0 0 -1
    outer loop
      vertex 0.828796 -23.7701 -0.809999
      vertex 1.14128 -22.9415 -0.809999
      vertex 1.01109 -23.8477 -0.809999
    endloop
  endfacet
  facet normal -0 0 -1
    outer loop
      vertex 1.14128 -22.9415 -0.809999
      vertex 0.828796 -23.7701 -0.809999
      vertex 0.894974 -22.8708 -0.809999
    endloop
  endfacet
  facet normal 0 0 -1
    outer loop
      vertex 0.633499 -23.7066 -0.809999
      vertex 0.894974 -22.8708 -0.809999
      vertex 0.828796 -23.7701 -0.809999
    endloop
  endfacet
  facet normal -0 0 -1
    outer loop
      vertex 0.894974 -22.8708 -0.809999
      vertex 0.633499 -23.7066 -0.809999
      vertex 0.637833 -22.8204 -0.809999
    endloop
  endfacet
  facet normal 0 0 -1
    outer loop
      vertex 0.425186 -23.6572 -0.809999
      vertex 0.637833 -22.8204 -0.809999
      vertex 0.633499 -23.7066 -0.809999
    endloop
  endfacet
  facet normal 0 0 -1
    outer loop
      vertex 0.425186 -23.6572 -0.809999
      vertex 0.369827 -22.7901 -0.809999
      vertex 0.637833 -22.8204 -0.809999
    endloop
  endfacet
  facet normal 0 0 -1
    outer loop
      vertex 0.203842 -23.622 -0.809999
      vertex 0.369827 -22.7901 -0.809999
      vertex 0.425186 -23.6572 -0.809999
    endloop
  endfacet
  facet normal 0 0 -1
    outer loop
      vertex 0.203842 -23.622 -0.809999
      vertex 0.0909882 -22.78 -0.809999
      vertex 0.369827 -22.7901 -0.809999
    endloop
  endfacet
  facet normal 0 0 -1
    outer loop
      vertex -0.0305023 -23.6008 -0.809999
      vertex 0.0909882 -22.78 -0.809999
      vertex 0.203842 -23.622 -0.809999
    endloop
  endfacet
  facet normal 0 0 -1
    outer loop
      vertex -0.277878 -23.5938 -0.809999
      vertex 0.0909882 -22.78 -0.809999
      vertex -0.0305023 -23.6008 -0.809999
    endloop
  endfacet
  facet normal 0 0 -1
    outer loop
      vertex -1.67757 -23.5938 -0.809999
      vertex 0.0909882 -22.78 -0.809999
      vertex -0.277878 -23.5938 -0.809999
    endloop
  endfacet
  facet normal 0 0 -1
    outer loop
      vertex -1.67757 -23.5938 -0.809999
      vertex -2.63235 -22.78 -0.809999
      vertex 0.0909882 -22.78 -0.809999
    endloop
  endfacet
  facet normal 0 0 -1
    outer loop
      vertex -2.63235 -22.78 -0.809999
      vertex -1.67757 -23.5938 -0.809999
      vertex -2.63235 -30.3967 -0.809999
    endloop
  endfacet
  facet normal 0.112341 0.99367 -0
    outer loop
      vertex 0.637833 -22.8204 -0.809999
      vertex 0.369827 -22.7901 -0.00999928
      vertex 0.637833 -22.8204 -0.00999928
    endloop
  endfacet
  facet normal 0.112341 0.99367 0
    outer loop
      vertex 0.369827 -22.7901 -0.00999928
      vertex 0.637833 -22.8204 -0.809999
      vertex 0.369827 -22.7901 -0.809999
    endloop
  endfacet
  facet normal 0.192342 0.981328 -0
    outer loop
      vertex 0.894974 -22.8708 -0.809999
      vertex 0.637833 -22.8204 -0.00999928
      vertex 0.894974 -22.8708 -0.00999928
    endloop
  endfacet
  facet normal 0.192342 0.981328 0
    outer loop
      vertex 0.637833 -22.8204 -0.00999928
      vertex 0.894974 -22.8708 -0.809999
      vertex 0.637833 -22.8204 -0.809999
    endloop
  endfacet
  facet normal 0.2759 0.961186 -0
    outer loop
      vertex 1.14128 -22.9415 -0.809999
      vertex 0.894974 -22.8708 -0.00999928
      vertex 1.14128 -22.9415 -0.00999928
    endloop
  endfacet
  facet normal 0.2759 0.961186 0
    outer loop
      vertex 0.894974 -22.8708 -0.00999928
      vertex 1.14128 -22.9415 -0.809999
      vertex 0.894974 -22.8708 -0.809999
    endloop
  endfacet
  facet normal 0.359829 0.933018 -0
    outer loop
      vertex 1.37672 -23.0323 -0.809999
      vertex 1.14128 -22.9415 -0.00999928
      vertex 1.37672 -23.0323 -0.00999928
    endloop
  endfacet
  facet normal 0.359829 0.933018 0
    outer loop
      vertex 1.14128 -22.9415 -0.00999928
      vertex 1.37672 -23.0323 -0.809999
      vertex 1.14128 -22.9415 -0.809999
    endloop
  endfacet
  facet normal 0.443058 0.896493 -0
    outer loop
      vertex 1.60132 -23.1433 -0.809999
      vertex 1.37672 -23.0323 -0.00999928
      vertex 1.60132 -23.1433 -0.00999928
    endloop
  endfacet
  facet normal 0.443058 0.896493 0
    outer loop
      vertex 1.37672 -23.0323 -0.00999928
      vertex 1.60132 -23.1433 -0.809999
      vertex 1.37672 -23.0323 -0.809999
    endloop
  endfacet
  facet normal 0.522811 0.852449 -0
    outer loop
      vertex 1.81508 -23.2744 -0.809999
      vertex 1.60132 -23.1433 -0.00999928
      vertex 1.81508 -23.2744 -0.00999928
    endloop
  endfacet
  facet normal 0.522811 0.852449 0
    outer loop
      vertex 1.60132 -23.1433 -0.00999928
      vertex 1.81508 -23.2744 -0.809999
      vertex 1.60132 -23.1433 -0.809999
    endloop
  endfacet
  facet normal 0.598058 0.801453 -0
    outer loop
      vertex 2.01797 -23.4258 -0.809999
      vertex 1.81508 -23.2744 -0.00999928
      vertex 2.01797 -23.4258 -0.00999928
    endloop
  endfacet
  facet normal 0.598058 0.801453 0
    outer loop
      vertex 1.81508 -23.2744 -0.00999928
      vertex 2.01797 -23.4258 -0.809999
      vertex 1.81508 -23.2744 -0.809999
    endloop
  endfacet
  facet normal 0.666074 0.745886 -0
    outer loop
      vertex 2.21002 -23.5973 -0.809999
      vertex 2.01797 -23.4258 -0.00999928
      vertex 2.21002 -23.5973 -0.00999928
    endloop
  endfacet
  facet normal 0.666074 0.745886 0
    outer loop
      vertex 2.01797 -23.4258 -0.00999928
      vertex 2.21002 -23.5973 -0.809999
      vertex 2.01797 -23.4258 -0.809999
    endloop
  endfacet
  facet normal 0.726729 0.686924 0
    outer loop
      vertex 2.39122 -23.789 -0.00999928
      vertex 2.21002 -23.5973 -0.809999
      vertex 2.21002 -23.5973 -0.00999928
    endloop
  endfacet
  facet normal 0.726729 0.686924 0
    outer loop
      vertex 2.21002 -23.5973 -0.809999
      vertex 2.39122 -23.789 -0.00999928
      vertex 2.39122 -23.789 -0.809999
    endloop
  endfacet
  facet normal 0.78613 0.618062 0
    outer loop
      vertex 2.56851 -24.0145 -0.00999928
      vertex 2.39122 -23.789 -0.809999
      vertex 2.39122 -23.789 -0.00999928
    endloop
  endfacet
  facet normal 0.78613 0.618062 0
    outer loop
      vertex 2.39122 -23.789 -0.809999
      vertex 2.56851 -24.0145 -0.00999928
      vertex 2.56851 -24.0145 -0.809999
    endloop
  endfacet
  facet normal 0.832217 0.55445 0
    outer loop
      vertex 2.72714 -24.2526 -0.00999928
      vertex 2.56851 -24.0145 -0.809999
      vertex 2.56851 -24.0145 -0.00999928
    endloop
  endfacet
  facet normal 0.832217 0.55445 0
    outer loop
      vertex 2.56851 -24.0145 -0.809999
      vertex 2.72714 -24.2526 -0.00999928
      vertex 2.72714 -24.2526 -0.809999
    endloop
  endfacet
  facet normal 0.873049 0.487632 0
    outer loop
      vertex 2.86711 -24.5032 -0.00999928
      vertex 2.72714 -24.2526 -0.809999
      vertex 2.72714 -24.2526 -0.00999928
    endloop
  endfacet
  facet normal 0.873049 0.487632 0
    outer loop
      vertex 2.72714 -24.2526 -0.809999
      vertex 2.86711 -24.5032 -0.00999928
      vertex 2.86711 -24.5032 -0.809999
    endloop
  endfacet
  facet normal 0.908178 0.418583 0
    outer loop
      vertex 2.98842 -24.7664 -0.00999928
      vertex 2.86711 -24.5032 -0.809999
      vertex 2.86711 -24.5032 -0.00999928
    endloop
  endfacet
  facet normal 0.908178 0.418583 0
    outer loop
      vertex 2.86711 -24.5032 -0.809999
      vertex 2.98842 -24.7664 -0.00999928
      vertex 2.98842 -24.7664 -0.809999
    endloop
  endfacet
  facet normal 0.937203 0.348784 0
    outer loop
      vertex 3.09106 -25.0422 -0.00999928
      vertex 2.98842 -24.7664 -0.809999
      vertex 2.98842 -24.7664 -0.00999928
    endloop
  endfacet
  facet normal 0.937203 0.348784 0
    outer loop
      vertex 2.98842 -24.7664 -0.809999
      vertex 3.09106 -25.0422 -0.00999928
      vertex 3.09106 -25.0422 -0.809999
    endloop
  endfacet
  facet normal 0.960113 0.279611 0
    outer loop
      vertex 3.17505 -25.3306 -0.00999928
      vertex 3.09106 -25.0422 -0.809999
      vertex 3.09106 -25.0422 -0.00999928
    endloop
  endfacet
  facet normal 0.960113 0.279611 0
    outer loop
      vertex 3.09106 -25.0422 -0.809999
      vertex 3.17505 -25.3306 -0.00999928
      vertex 3.17505 -25.3306 -0.809999
    endloop
  endfacet
  facet normal 0.97726 0.212043 0
    outer loop
      vertex 3.24036 -25.6316 -0.00999928
      vertex 3.17505 -25.3306 -0.809999
      vertex 3.17505 -25.3306 -0.00999928
    endloop
  endfacet
  facet normal 0.97726 0.212043 0
    outer loop
      vertex 3.17505 -25.3306 -0.809999
      vertex 3.24036 -25.6316 -0.00999928
      vertex 3.24036 -25.6316 -0.809999
    endloop
  endfacet
  facet normal 0.989111 0.147168 0
    outer loop
      vertex 3.28702 -25.9452 -0.00999928
      vertex 3.24036 -25.6316 -0.809999
      vertex 3.24036 -25.6316 -0.00999928
    endloop
  endfacet
  facet normal 0.989111 0.147168 0
    outer loop
      vertex 3.24036 -25.6316 -0.809999
      vertex 3.28702 -25.9452 -0.00999928
      vertex 3.28702 -25.9452 -0.809999
    endloop
  endfacet
  facet normal 0.996334 0.0855485 0
    outer loop
      vertex 3.31502 -26.2713 -0.00999928
      vertex 3.28702 -25.9452 -0.809999
      vertex 3.28702 -25.9452 -0.00999928
    endloop
  endfacet
  facet normal 0.996334 0.0855485 0
    outer loop
      vertex 3.28702 -25.9452 -0.809999
      vertex 3.31502 -26.2713 -0.00999928
      vertex 3.31502 -26.2713 -0.809999
    endloop
  endfacet
  facet normal 0.999622 0.0274985 0
    outer loop
      vertex 3.32434 -26.6101 -0.00999928
      vertex 3.31502 -26.2713 -0.809999
      vertex 3.31502 -26.2713 -0.00999928
    endloop
  endfacet
  facet normal 0.999622 0.0274985 0
    outer loop
      vertex 3.31502 -26.2713 -0.809999
      vertex 3.32434 -26.6101 -0.00999928
      vertex 3.32434 -26.6101 -0.809999
    endloop
  endfacet
  facet normal 0.99959 -0.0286218 0
    outer loop
      vertex 3.31512 -26.9321 -0.00999928
      vertex 3.32434 -26.6101 -0.809999
      vertex 3.32434 -26.6101 -0.00999928
    endloop
  endfacet
  facet normal 0.99959 -0.0286218 0
    outer loop
      vertex 3.32434 -26.6101 -0.809999
      vertex 3.31512 -26.9321 -0.00999928
      vertex 3.31512 -26.9321 -0.809999
    endloop
  endfacet
  facet normal 0.996058 -0.0887059 0
    outer loop
      vertex 3.28745 -27.2428 -0.00999928
      vertex 3.31512 -26.9321 -0.809999
      vertex 3.31512 -26.9321 -0.00999928
    endloop
  endfacet
  facet normal 0.996058 -0.0887059 0
    outer loop
      vertex 3.31512 -26.9321 -0.809999
      vertex 3.28745 -27.2428 -0.00999928
      vertex 3.28745 -27.2428 -0.809999
    endloop
  endfacet
  facet normal 0.98835 -0.152196 0
    outer loop
      vertex 3.24133 -27.5423 -0.00999928
      vertex 3.28745 -27.2428 -0.809999
      vertex 3.28745 -27.2428 -0.00999928
    endloop
  endfacet
  facet normal 0.98835 -0.152196 0
    outer loop
      vertex 3.28745 -27.2428 -0.809999
      vertex 3.24133 -27.5423 -0.00999928
      vertex 3.24133 -27.5423 -0.809999
    endloop
  endfacet
  facet normal 0.975816 -0.218594 0
    outer loop
      vertex 3.17677 -27.8305 -0.00999928
      vertex 3.24133 -27.5423 -0.809999
      vertex 3.24133 -27.5423 -0.00999928
    endloop
  endfacet
  facet normal 0.975816 -0.218594 0
    outer loop
      vertex 3.24133 -27.5423 -0.809999
      vertex 3.17677 -27.8305 -0.00999928
      vertex 3.17677 -27.8305 -0.809999
    endloop
  endfacet
  facet normal 0.957864 -0.287221 0
    outer loop
      vertex 3.09377 -28.1073 -0.00999928
      vertex 3.17677 -27.8305 -0.809999
      vertex 3.17677 -27.8305 -0.00999928
    endloop
  endfacet
  facet normal 0.957864 -0.287221 0
    outer loop
      vertex 3.17677 -27.8305 -0.809999
      vertex 3.09377 -28.1073 -0.00999928
      vertex 3.09377 -28.1073 -0.809999
    endloop
  endfacet
  facet normal 0.934206 -0.356735 0
    outer loop
      vertex 2.99231 -28.373 -0.00999928
      vertex 3.09377 -28.1073 -0.809999
      vertex 3.09377 -28.1073 -0.00999928
    endloop
  endfacet
  facet normal 0.934206 -0.356735 0
    outer loop
      vertex 3.09377 -28.1073 -0.809999
      vertex 2.99231 -28.373 -0.00999928
      vertex 2.99231 -28.373 -0.809999
    endloop
  endfacet
  facet normal 0.904504 -0.426465 0
    outer loop
      vertex 2.87241 -28.6273 -0.00999928
      vertex 2.99231 -28.373 -0.809999
      vertex 2.99231 -28.373 -0.00999928
    endloop
  endfacet
  facet normal 0.904504 -0.426465 0
    outer loop
      vertex 2.99231 -28.373 -0.809999
      vertex 2.87241 -28.6273 -0.00999928
      vertex 2.87241 -28.6273 -0.809999
    endloop
  endfacet
  facet normal 0.869008 -0.494798 0
    outer loop
      vertex 2.73405 -28.8703 -0.00999928
      vertex 2.87241 -28.6273 -0.809999
      vertex 2.87241 -28.6273 -0.00999928
    endloop
  endfacet
  facet normal 0.869008 -0.494798 0
    outer loop
      vertex 2.87241 -28.6273 -0.809999
      vertex 2.73405 -28.8703 -0.00999928
      vertex 2.73405 -28.8703 -0.809999
    endloop
  endfacet
  facet normal 0.828326 -0.560246 0
    outer loop
      vertex 2.57727 -29.1021 -0.00999928
      vertex 2.73405 -28.8703 -0.809999
      vertex 2.73405 -28.8703 -0.00999928
    endloop
  endfacet
  facet normal 0.828326 -0.560246 0
    outer loop
      vertex 2.73405 -28.8703 -0.809999
      vertex 2.57727 -29.1021 -0.00999928
      vertex 2.57727 -29.1021 -0.809999
    endloop
  endfacet
  facet normal 0.782857 -0.622202 0
    outer loop
      vertex 2.40202 -29.3226 -0.00999928
      vertex 2.57727 -29.1021 -0.809999
      vertex 2.57727 -29.1021 -0.00999928
    endloop
  endfacet
  facet normal 0.782857 -0.622202 0
    outer loop
      vertex 2.57727 -29.1021 -0.809999
      vertex 2.40202 -29.3226 -0.00999928
      vertex 2.40202 -29.3226 -0.809999
    endloop
  endfacet
  facet normal 0.765121 -0.643886 0
    outer loop
      vertex 2.3607 -29.3717 -0.00999928
      vertex 2.40202 -29.3226 -0.809999
      vertex 2.40202 -29.3226 -0.00999928
    endloop
  endfacet
  facet normal 0.765121 -0.643886 0
    outer loop
      vertex 2.40202 -29.3226 -0.809999
      vertex 2.3607 -29.3717 -0.00999928
      vertex 2.3607 -29.3717 -0.809999
    endloop
  endfacet
  facet normal 0.753361 -0.657608 0
    outer loop
      vertex 2.31915 -29.4193 -0.00999928
      vertex 2.3607 -29.3717 -0.809999
      vertex 2.3607 -29.3717 -0.00999928
    endloop
  endfacet
  facet normal 0.753361 -0.657608 0
    outer loop
      vertex 2.3607 -29.3717 -0.809999
      vertex 2.31915 -29.4193 -0.00999928
      vertex 2.31915 -29.4193 -0.809999
    endloop
  endfacet
  facet normal 0.741132 -0.671359 0
    outer loop
      vertex 2.27739 -29.4654 -0.00999928
      vertex 2.31915 -29.4193 -0.809999
      vertex 2.31915 -29.4193 -0.00999928
    endloop
  endfacet
  facet normal 0.741132 -0.671359 0
    outer loop
      vertex 2.31915 -29.4193 -0.809999
      vertex 2.27739 -29.4654 -0.00999928
      vertex 2.27739 -29.4654 -0.809999
    endloop
  endfacet
  facet normal 0.728171 -0.685395 0
    outer loop
      vertex 2.23541 -29.51 -0.00999928
      vertex 2.27739 -29.4654 -0.809999
      vertex 2.27739 -29.4654 -0.00999928
    endloop
  endfacet
  facet normal 0.728171 -0.685395 0
    outer loop
      vertex 2.27739 -29.4654 -0.809999
      vertex 2.23541 -29.51 -0.00999928
      vertex 2.23541 -29.51 -0.809999
    endloop
  endfacet
  facet normal 0.714528 -0.699607 0
    outer loop
      vertex 2.19321 -29.5531 -0.00999928
      vertex 2.23541 -29.51 -0.809999
      vertex 2.23541 -29.51 -0.00999928
    endloop
  endfacet
  facet normal 0.714528 -0.699607 0
    outer loop
      vertex 2.23541 -29.51 -0.809999
      vertex 2.19321 -29.5531 -0.00999928
      vertex 2.19321 -29.5531 -0.809999
    endloop
  endfacet
  facet normal 0.700172 -0.713974 0
    outer loop
      vertex 2.15079 -29.5947 -0.809999
      vertex 2.19321 -29.5531 -0.00999928
      vertex 2.15079 -29.5947 -0.00999928
    endloop
  endfacet
  facet normal 0.700172 -0.713974 0
    outer loop
      vertex 2.19321 -29.5531 -0.00999928
      vertex 2.15079 -29.5947 -0.809999
      vertex 2.19321 -29.5531 -0.809999
    endloop
  endfacet
  facet normal 0.684083 -0.729404 0
    outer loop
      vertex 2.10814 -29.6347 -0.809999
      vertex 2.15079 -29.5947 -0.00999928
      vertex 2.10814 -29.6347 -0.00999928
    endloop
  endfacet
  facet normal 0.684083 -0.729404 0
    outer loop
      vertex 2.15079 -29.5947 -0.00999928
      vertex 2.10814 -29.6347 -0.809999
      vertex 2.15079 -29.5947 -0.809999
    endloop
  endfacet
  facet normal 0.668255 -0.743932 0
    outer loop
      vertex 2.06528 -29.6732 -0.809999
      vertex 2.10814 -29.6347 -0.00999928
      vertex 2.06528 -29.6732 -0.00999928
    endloop
  endfacet
  facet normal 0.668255 -0.743932 0
    outer loop
      vertex 2.10814 -29.6347 -0.00999928
      vertex 2.06528 -29.6732 -0.809999
      vertex 2.10814 -29.6347 -0.809999
    endloop
  endfacet
  facet normal 0.651545 -0.75861 0
    outer loop
      vertex 2.0222 -29.7102 -0.809999
      vertex 2.06528 -29.6732 -0.00999928
      vertex 2.0222 -29.7102 -0.00999928
    endloop
  endfacet
  facet normal 0.651545 -0.75861 0
    outer loop
      vertex 2.06528 -29.6732 -0.00999928
      vertex 2.0222 -29.7102 -0.809999
      vertex 2.06528 -29.6732 -0.809999
    endloop
  endfacet
  facet normal 0.634016 -0.77332 0
    outer loop
      vertex 1.9789 -29.7457 -0.809999
      vertex 2.0222 -29.7102 -0.00999928
      vertex 1.9789 -29.7457 -0.00999928
    endloop
  endfacet
  facet normal 0.634016 -0.77332 0
    outer loop
      vertex 2.0222 -29.7102 -0.00999928
      vertex 1.9789 -29.7457 -0.809999
      vertex 2.0222 -29.7102 -0.809999
    endloop
  endfacet
  facet normal 0.591756 -0.806117 0
    outer loop
      vertex 1.81039 -29.8694 -0.809999
      vertex 1.9789 -29.7457 -0.00999928
      vertex 1.81039 -29.8694 -0.00999928
    endloop
  endfacet
  facet normal 0.591756 -0.806117 0
    outer loop
      vertex 1.9789 -29.7457 -0.00999928
      vertex 1.81039 -29.8694 -0.809999
      vertex 1.9789 -29.7457 -0.809999
    endloop
  endfacet
  facet normal 0.523537 -0.852003 0
    outer loop
      vertex 1.6304 -29.98 -0.809999
      vertex 1.81039 -29.8694 -0.00999928
      vertex 1.6304 -29.98 -0.00999928
    endloop
  endfacet
  facet normal 0.523537 -0.852003 0
    outer loop
      vertex 1.81039 -29.8694 -0.00999928
      vertex 1.6304 -29.98 -0.809999
      vertex 1.81039 -29.8694 -0.809999
    endloop
  endfacet
  facet normal 0.454436 -0.890779 0
    outer loop
      vertex 1.43889 -30.0777 -0.809999
      vertex 1.6304 -29.98 -0.00999928
      vertex 1.43889 -30.0777 -0.00999928
    endloop
  endfacet
  facet normal 0.454436 -0.890779 0
    outer loop
      vertex 1.6304 -29.98 -0.00999928
      vertex 1.43889 -30.0777 -0.809999
      vertex 1.6304 -29.98 -0.809999
    endloop
  endfacet
  facet normal 0.38468 -0.92305 0
    outer loop
      vertex 1.23589 -30.1623 -0.809999
      vertex 1.43889 -30.0777 -0.00999928
      vertex 1.23589 -30.1623 -0.00999928
    endloop
  endfacet
  facet normal 0.38468 -0.92305 0
    outer loop
      vertex 1.43889 -30.0777 -0.00999928
      vertex 1.23589 -30.1623 -0.809999
      vertex 1.43889 -30.0777 -0.809999
    endloop
  endfacet
  facet normal 0.316612 -0.948555 0
    outer loop
      vertex 1.02138 -30.2339 -0.809999
      vertex 1.23589 -30.1623 -0.00999928
      vertex 1.02138 -30.2339 -0.00999928
    endloop
  endfacet
  facet normal 0.316612 -0.948555 0
    outer loop
      vertex 1.23589 -30.1623 -0.00999928
      vertex 1.02138 -30.2339 -0.809999
      vertex 1.23589 -30.1623 -0.809999
    endloop
  endfacet
  facet normal 0.250992 -0.967989 0
    outer loop
      vertex 0.79538 -30.2925 -0.809999
      vertex 1.02138 -30.2339 -0.00999928
      vertex 0.79538 -30.2925 -0.00999928
    endloop
  endfacet
  facet normal 0.250992 -0.967989 0
    outer loop
      vertex 1.02138 -30.2339 -0.00999928
      vertex 0.79538 -30.2925 -0.809999
      vertex 1.02138 -30.2339 -0.809999
    endloop
  endfacet
  facet normal 0.188554 -0.982063 0
    outer loop
      vertex 0.557877 -30.3381 -0.809999
      vertex 0.79538 -30.2925 -0.00999928
      vertex 0.557877 -30.3381 -0.00999928
    endloop
  endfacet
  facet normal 0.188554 -0.982063 0
    outer loop
      vertex 0.79538 -30.2925 -0.00999928
      vertex 0.557877 -30.3381 -0.809999
      vertex 0.79538 -30.2925 -0.809999
    endloop
  endfacet
  facet normal 0.129811 -0.991539 0
    outer loop
      vertex 0.308868 -30.3707 -0.809999
      vertex 0.557877 -30.3381 -0.00999928
      vertex 0.308868 -30.3707 -0.00999928
    endloop
  endfacet
  facet normal 0.129811 -0.991539 0
    outer loop
      vertex 0.557877 -30.3381 -0.00999928
      vertex 0.308868 -30.3707 -0.809999
      vertex 0.557877 -30.3381 -0.809999
    endloop
  endfacet
  facet normal 0.0746435 -0.99721 0
    outer loop
      vertex 0.0483551 -30.3902 -0.809999
      vertex 0.308868 -30.3707 -0.00999928
      vertex 0.0483551 -30.3902 -0.00999928
    endloop
  endfacet
  facet normal 0.0746435 -0.99721 0
    outer loop
      vertex 0.308868 -30.3707 -0.00999928
      vertex 0.0483551 -30.3902 -0.809999
      vertex 0.308868 -30.3707 -0.809999
    endloop
  endfacet
  facet normal 0.02389 -0.999715 0
    outer loop
      vertex -0.223648 -30.3967 -0.809999
      vertex 0.0483551 -30.3902 -0.00999928
      vertex -0.223648 -30.3967 -0.00999928
    endloop
  endfacet
  facet normal 0.02389 -0.999715 0
    outer loop
      vertex 0.0483551 -30.3902 -0.00999928
      vertex -0.223648 -30.3967 -0.809999
      vertex 0.0483551 -30.3902 -0.809999
    endloop
  endfacet
  facet normal 0 -1 0
    outer loop
      vertex -2.63235 -30.3967 -0.809999
      vertex -0.223648 -30.3967 -0.00999928
      vertex -2.63235 -30.3967 -0.00999928
    endloop
  endfacet
  facet normal 0 -1 -0
    outer loop
      vertex -0.223648 -30.3967 -0.00999928
      vertex -2.63235 -30.3967 -0.809999
      vertex -0.223648 -30.3967 -0.809999
    endloop
  endfacet
  facet normal -1 0 0
    outer loop
      vertex -2.63235 -30.3967 -0.809999
      vertex -2.63235 -22.78 -0.00999928
      vertex -2.63235 -22.78 -0.809999
    endloop
  endfacet
  facet normal -1 -0 0
    outer loop
      vertex -2.63235 -22.78 -0.00999928
      vertex -2.63235 -30.3967 -0.809999
      vertex -2.63235 -30.3967 -0.00999928
    endloop
  endfacet
  facet normal 0 1 -0
    outer loop
      vertex 0.0909882 -22.78 -0.809999
      vertex -2.63235 -22.78 -0.00999928
      vertex 0.0909882 -22.78 -0.00999928
    endloop
  endfacet
  facet normal 0 1 0
    outer loop
      vertex -2.63235 -22.78 -0.00999928
      vertex 0.0909882 -22.78 -0.809999
      vertex -2.63235 -22.78 -0.809999
    endloop
  endfacet
  facet normal 0.0361979 0.999345 -0
    outer loop
      vertex 0.369827 -22.7901 -0.809999
      vertex 0.0909882 -22.78 -0.00999928
      vertex 0.369827 -22.7901 -0.00999928
    endloop
  endfacet
  facet normal 0.0361979 0.999345 0
    outer loop
      vertex 0.0909882 -22.78 -0.00999928
      vertex 0.369827 -22.7901 -0.809999
      vertex 0.0909882 -22.78 -0.809999
    endloop
  endfacet
  facet normal 1 -0 0
    outer loop
      vertex -1.67757 -29.6046 -0.00999928
      vertex -1.67757 -23.5938 -0.809999
      vertex -1.67757 -23.5938 -0.00999928
    endloop
  endfacet
  facet normal 1 0 0
    outer loop
      vertex -1.67757 -23.5938 -0.809999
      vertex -1.67757 -29.6046 -0.00999928
      vertex -1.67757 -29.6046 -0.809999
    endloop
  endfacet
  facet normal 0 1 -0
    outer loop
      vertex -0.277878 -29.6046 -0.809999
      vertex -1.67757 -29.6046 -0.00999928
      vertex -0.277878 -29.6046 -0.00999928
    endloop
  endfacet
  facet normal 0 1 0
    outer loop
      vertex -1.67757 -29.6046 -0.00999928
      vertex -0.277878 -29.6046 -0.809999
      vertex -1.67757 -29.6046 -0.809999
    endloop
  endfacet
  facet normal -0.0248785 0.99969 0
    outer loop
      vertex 0.156097 -29.5938 -0.809999
      vertex -0.277878 -29.6046 -0.00999928
      vertex 0.156097 -29.5938 -0.00999928
    endloop
  endfacet
  facet normal -0.0248785 0.99969 0
    outer loop
      vertex -0.277878 -29.6046 -0.00999928
      vertex 0.156097 -29.5938 -0.809999
      vertex -0.277878 -29.6046 -0.809999
    endloop
  endfacet
  facet normal -0.123745 0.992314 0
    outer loop
      vertex 0.342941 -29.5705 -0.809999
      vertex 0.156097 -29.5938 -0.00999928
      vertex 0.342941 -29.5705 -0.00999928
    endloop
  endfacet
  facet normal -0.123745 0.992314 0
    outer loop
      vertex 0.156097 -29.5938 -0.00999928
      vertex 0.342941 -29.5705 -0.809999
      vertex 0.156097 -29.5938 -0.809999
    endloop
  endfacet
  facet normal -0.193909 0.98102 0
    outer loop
      vertex 0.52153 -29.5352 -0.809999
      vertex 0.342941 -29.5705 -0.00999928
      vertex 0.52153 -29.5352 -0.00999928
    endloop
  endfacet
  facet normal -0.193909 0.98102 0
    outer loop
      vertex 0.342941 -29.5705 -0.00999928
      vertex 0.52153 -29.5352 -0.809999
      vertex 0.342941 -29.5705 -0.809999
    endloop
  endfacet
  facet normal -0.267018 0.963692 0
    outer loop
      vertex 0.691879 -29.488 -0.809999
      vertex 0.52153 -29.5352 -0.00999928
      vertex 0.691879 -29.488 -0.00999928
    endloop
  endfacet
  facet normal -0.267018 0.963692 0
    outer loop
      vertex 0.52153 -29.5352 -0.00999928
      vertex 0.691879 -29.488 -0.809999
      vertex 0.52153 -29.5352 -0.809999
    endloop
  endfacet
  facet normal -0.342545 0.939501 0
    outer loop
      vertex 0.853973 -29.4289 -0.809999
      vertex 0.691879 -29.488 -0.00999928
      vertex 0.853973 -29.4289 -0.00999928
    endloop
  endfacet
  facet normal -0.342545 0.939501 0
    outer loop
      vertex 0.691879 -29.488 -0.00999928
      vertex 0.853973 -29.4289 -0.809999
      vertex 0.691879 -29.488 -0.809999
    endloop
  endfacet
  facet normal -0.419491 0.907759 0
    outer loop
      vertex 1.00783 -29.3578 -0.809999
      vertex 0.853973 -29.4289 -0.00999928
      vertex 1.00783 -29.3578 -0.00999928
    endloop
  endfacet
  facet normal -0.419491 0.907759 0
    outer loop
      vertex 0.853973 -29.4289 -0.00999928
      vertex 1.00783 -29.3578 -0.809999
      vertex 0.853973 -29.4289 -0.809999
    endloop
  endfacet
  facet normal -0.495239 0.868757 0
    outer loop
      vertex 1.15343 -29.2748 -0.809999
      vertex 1.00783 -29.3578 -0.00999928
      vertex 1.15343 -29.2748 -0.00999928
    endloop
  endfacet
  facet normal -0.495239 0.868757 0
    outer loop
      vertex 1.00783 -29.3578 -0.00999928
      vertex 1.15343 -29.2748 -0.809999
      vertex 1.00783 -29.3578 -0.809999
    endloop
  endfacet
  facet normal -0.568419 0.82274 0
    outer loop
      vertex 1.29079 -29.1799 -0.809999
      vertex 1.15343 -29.2748 -0.00999928
      vertex 1.29079 -29.1799 -0.00999928
    endloop
  endfacet
  facet normal -0.568419 0.82274 0
    outer loop
      vertex 1.15343 -29.2748 -0.00999928
      vertex 1.29079 -29.1799 -0.809999
      vertex 1.15343 -29.2748 -0.809999
    endloop
  endfacet
  facet normal -0.637775 0.770223 0
    outer loop
      vertex 1.41989 -29.073 -0.809999
      vertex 1.29079 -29.1799 -0.00999928
      vertex 1.41989 -29.073 -0.00999928
    endloop
  endfacet
  facet normal -0.637775 0.770223 0
    outer loop
      vertex 1.29079 -29.1799 -0.00999928
      vertex 1.41989 -29.073 -0.809999
      vertex 1.29079 -29.1799 -0.809999
    endloop
  endfacet
  facet normal -0.700944 0.713216 0
    outer loop
      vertex 1.54077 -28.9542 -0.809999
      vertex 1.41989 -29.073 -0.00999928
      vertex 1.54077 -28.9542 -0.00999928
    endloop
  endfacet
  facet normal -0.700944 0.713216 0
    outer loop
      vertex 1.41989 -29.073 -0.00999928
      vertex 1.54077 -28.9542 -0.809999
      vertex 1.41989 -29.073 -0.809999
    endloop
  endfacet
  facet normal -0.757836 0.652446 0
    outer loop
      vertex 1.54077 -28.9542 -0.809999
      vertex 1.65338 -28.8234 -0.00999928
      vertex 1.65338 -28.8234 -0.809999
    endloop
  endfacet
  facet normal -0.757836 0.652446 0
    outer loop
      vertex 1.65338 -28.8234 -0.00999928
      vertex 1.54077 -28.9542 -0.809999
      vertex 1.54077 -28.9542 -0.00999928
    endloop
  endfacet
  facet normal -0.799408 0.600789 0
    outer loop
      vertex 1.65338 -28.8234 -0.809999
      vertex 1.78738 -28.6451 -0.00999928
      vertex 1.78738 -28.6451 -0.809999
    endloop
  endfacet
  facet normal -0.799408 0.600789 0
    outer loop
      vertex 1.78738 -28.6451 -0.00999928
      vertex 1.65338 -28.8234 -0.809999
      vertex 1.65338 -28.8234 -0.00999928
    endloop
  endfacet
  facet normal -0.843105 0.537749 0
    outer loop
      vertex 1.78738 -28.6451 -0.809999
      vertex 1.90729 -28.4571 -0.00999928
      vertex 1.90729 -28.4571 -0.809999
    endloop
  endfacet
  facet normal -0.843105 0.537749 0
    outer loop
      vertex 1.90729 -28.4571 -0.00999928
      vertex 1.78738 -28.6451 -0.809999
      vertex 1.78738 -28.6451 -0.00999928
    endloop
  endfacet
  facet normal -0.881406 0.47236 0
    outer loop
      vertex 1.90729 -28.4571 -0.809999
      vertex 2.01308 -28.2597 -0.00999928
      vertex 2.01308 -28.2597 -0.809999
    endloop
  endfacet
  facet normal -0.881406 0.47236 0
    outer loop
      vertex 2.01308 -28.2597 -0.00999928
      vertex 1.90729 -28.4571 -0.809999
      vertex 1.90729 -28.4571 -0.00999928
    endloop
  endfacet
  facet normal -0.914319 0.404995 0
    outer loop
      vertex 2.01308 -28.2597 -0.809999
      vertex 2.10477 -28.0527 -0.00999928
      vertex 2.10477 -28.0527 -0.809999
    endloop
  endfacet
  facet normal -0.914319 0.404995 0
    outer loop
      vertex 2.10477 -28.0527 -0.00999928
      vertex 2.01308 -28.2597 -0.809999
      vertex 2.01308 -28.2597 -0.00999928
    endloop
  endfacet
  facet normal -0.941449 0.337157 0
    outer loop
      vertex 2.10477 -28.0527 -0.809999
      vertex 2.18234 -27.8361 -0.00999928
      vertex 2.18234 -27.8361 -0.809999
    endloop
  endfacet
  facet normal -0.941449 0.337157 0
    outer loop
      vertex 2.18234 -27.8361 -0.00999928
      vertex 2.10477 -28.0527 -0.809999
      vertex 2.10477 -28.0527 -0.00999928
    endloop
  endfacet
  facet normal -0.962774 0.270309 0
    outer loop
      vertex 2.18234 -27.8361 -0.809999
      vertex 2.24582 -27.61 -0.00999928
      vertex 2.24582 -27.61 -0.809999
    endloop
  endfacet
  facet normal -0.962774 0.270309 0
    outer loop
      vertex 2.24582 -27.61 -0.00999928
      vertex 2.18234 -27.8361 -0.809999
      vertex 2.18234 -27.8361 -0.00999928
    endloop
  endfacet
  facet normal -0.978768 0.204972 0
    outer loop
      vertex 2.24582 -27.61 -0.809999
      vertex 2.29518 -27.3743 -0.00999928
      vertex 2.29518 -27.3743 -0.809999
    endloop
  endfacet
  facet normal -0.978768 0.204972 0
    outer loop
      vertex 2.29518 -27.3743 -0.00999928
      vertex 2.24582 -27.61 -0.809999
      vertex 2.24582 -27.61 -0.00999928
    endloop
  endfacet
  facet normal -0.989807 0.142416 0
    outer loop
      vertex 2.29518 -27.3743 -0.809999
      vertex 2.33046 -27.1291 -0.00999928
      vertex 2.33046 -27.1291 -0.809999
    endloop
  endfacet
  facet normal -0.989807 0.142416 0
    outer loop
      vertex 2.33046 -27.1291 -0.00999928
      vertex 2.29518 -27.3743 -0.809999
      vertex 2.29518 -27.3743 -0.00999928
    endloop
  endfacet
  facet normal -0.99657 0.082754 0
    outer loop
      vertex 2.33046 -27.1291 -0.809999
      vertex 2.35161 -26.8744 -0.00999928
      vertex 2.35161 -26.8744 -0.809999
    endloop
  endfacet
  facet normal -0.99657 0.082754 0
    outer loop
      vertex 2.35161 -26.8744 -0.00999928
      vertex 2.33046 -27.1291 -0.809999
      vertex 2.33046 -27.1291 -0.00999928
    endloop
  endfacet
  facet normal -0.999644 0.0266647 0
    outer loop
      vertex 2.35161 -26.8744 -0.809999
      vertex 2.35866 -26.6101 -0.00999928
      vertex 2.35866 -26.6101 -0.809999
    endloop
  endfacet
  facet normal -0.999644 0.0266647 0
    outer loop
      vertex 2.35866 -26.6101 -0.00999928
      vertex 2.35161 -26.8744 -0.809999
      vertex 2.35161 -26.8744 -0.00999928
    endloop
  endfacet
  facet normal -0.999729 -0.0232975 0
    outer loop
      vertex 2.35866 -26.6101 -0.809999
      vertex 2.35313 -26.3728 -0.00999928
      vertex 2.35313 -26.3728 -0.809999
    endloop
  endfacet
  facet normal -0.999729 -0.0232975 0
    outer loop
      vertex 2.35313 -26.3728 -0.00999928
      vertex 2.35866 -26.6101 -0.809999
      vertex 2.35866 -26.6101 -0.00999928
    endloop
  endfacet
  facet normal -0.997408 -0.0719555 0
    outer loop
      vertex 2.35313 -26.3728 -0.809999
      vertex 2.33653 -26.1427 -0.00999928
      vertex 2.33653 -26.1427 -0.809999
    endloop
  endfacet
  facet normal -0.997408 -0.0719555 0
    outer loop
      vertex 2.33653 -26.1427 -0.00999928
      vertex 2.35313 -26.3728 -0.809999
      vertex 2.35313 -26.3728 -0.00999928
    endloop
  endfacet
  facet normal -0.992395 -0.123093 0
    outer loop
      vertex 2.33653 -26.1427 -0.809999
      vertex 2.30887 -25.9197 -0.00999928
      vertex 2.30887 -25.9197 -0.809999
    endloop
  endfacet
  facet normal -0.992395 -0.123093 0
    outer loop
      vertex 2.30887 -25.9197 -0.00999928
      vertex 2.33653 -26.1427 -0.809999
      vertex 2.33653 -26.1427 -0.00999928
    endloop
  endfacet
  facet normal -0.984266 -0.176694 0
    outer loop
      vertex 2.30887 -25.9197 -0.809999
      vertex 2.27013 -25.7039 -0.00999928
      vertex 2.27013 -25.7039 -0.809999
    endloop
  endfacet
  facet normal -0.984266 -0.176694 0
    outer loop
      vertex 2.27013 -25.7039 -0.00999928
      vertex 2.30887 -25.9197 -0.809999
      vertex 2.30887 -25.9197 -0.00999928
    endloop
  endfacet
  facet normal -0.972681 -0.232148 0
    outer loop
      vertex 2.27013 -25.7039 -0.809999
      vertex 2.22032 -25.4952 -0.00999928
      vertex 2.22032 -25.4952 -0.809999
    endloop
  endfacet
  facet normal -0.972681 -0.232148 0
    outer loop
      vertex 2.22032 -25.4952 -0.00999928
      vertex 2.27013 -25.7039 -0.809999
      vertex 2.27013 -25.7039 -0.00999928
    endloop
  endfacet
  facet normal -0.957275 -0.289178 0
    outer loop
      vertex 2.22032 -25.4952 -0.809999
      vertex 2.15945 -25.2937 -0.00999928
      vertex 2.15945 -25.2937 -0.809999
    endloop
  endfacet
  facet normal -0.957275 -0.289178 0
    outer loop
      vertex 2.15945 -25.2937 -0.00999928
      vertex 2.22032 -25.4952 -0.809999
      vertex 2.22032 -25.4952 -0.00999928
    endloop
  endfacet
  facet normal -0.937801 -0.347174 0
    outer loop
      vertex 2.15945 -25.2937 -0.809999
      vertex 2.08752 -25.0994 -0.00999928
      vertex 2.08752 -25.0994 -0.809999
    endloop
  endfacet
  facet normal -0.937801 -0.347174 0
    outer loop
      vertex 2.08752 -25.0994 -0.00999928
      vertex 2.15945 -25.2937 -0.809999
      vertex 2.15945 -25.2937 -0.00999928
    endloop
  endfacet
  facet normal -0.914093 -0.405504 0
    outer loop
      vertex 2.08752 -25.0994 -0.809999
      vertex 2.00452 -24.9123 -0.00999928
      vertex 2.00452 -24.9123 -0.809999
    endloop
  endfacet
  facet normal -0.914093 -0.405504 0
    outer loop
      vertex 2.00452 -24.9123 -0.00999928
      vertex 2.08752 -25.0994 -0.809999
      vertex 2.08752 -25.0994 -0.00999928
    endloop
  endfacet
  facet normal -0.886268 -0.463173 0
    outer loop
      vertex 2.00452 -24.9123 -0.809999
      vertex 1.91045 -24.7323 -0.00999928
      vertex 1.91045 -24.7323 -0.809999
    endloop
  endfacet
  facet normal -0.886268 -0.463173 0
    outer loop
      vertex 1.91045 -24.7323 -0.00999928
      vertex 2.00452 -24.9123 -0.809999
      vertex 2.00452 -24.9123 -0.00999928
    endloop
  endfacet
  facet normal -0.854404 -0.51961 0
    outer loop
      vertex 1.91045 -24.7323 -0.809999
      vertex 1.8053 -24.5594 -0.00999928
      vertex 1.8053 -24.5594 -0.809999
    endloop
  endfacet
  facet normal -0.854404 -0.51961 0
    outer loop
      vertex 1.8053 -24.5594 -0.00999928
      vertex 1.91045 -24.7323 -0.809999
      vertex 1.91045 -24.7323 -0.00999928
    endloop
  endfacet
  facet normal -0.820194 -0.572085 0
    outer loop
      vertex 1.8053 -24.5594 -0.809999
      vertex 1.78577 -24.5314 -0.00999928
      vertex 1.78577 -24.5314 -0.809999
    endloop
  endfacet
  facet normal -0.820194 -0.572085 0
    outer loop
      vertex 1.78577 -24.5314 -0.00999928
      vertex 1.8053 -24.5594 -0.809999
      vertex 1.8053 -24.5594 -0.00999928
    endloop
  endfacet
  facet normal -0.815313 -0.57902 0
    outer loop
      vertex 1.78577 -24.5314 -0.809999
      vertex 1.76624 -24.5039 -0.00999928
      vertex 1.76624 -24.5039 -0.809999
    endloop
  endfacet
  facet normal -0.815313 -0.57902 0
    outer loop
      vertex 1.76624 -24.5039 -0.00999928
      vertex 1.78577 -24.5314 -0.809999
      vertex 1.78577 -24.5314 -0.00999928
    endloop
  endfacet
  facet normal -0.812157 -0.583439 0
    outer loop
      vertex 1.76624 -24.5039 -0.809999
      vertex 1.7467 -24.4767 -0.00999928
      vertex 1.7467 -24.4767 -0.809999
    endloop
  endfacet
  facet normal -0.812157 -0.583439 0
    outer loop
      vertex 1.7467 -24.4767 -0.00999928
      vertex 1.76624 -24.5039 -0.809999
      vertex 1.76624 -24.5039 -0.00999928
    endloop
  endfacet
  facet normal -0.807125 -0.59038 0
    outer loop
      vertex 1.7467 -24.4767 -0.809999
      vertex 1.72717 -24.45 -0.00999928
      vertex 1.72717 -24.45 -0.809999
    endloop
  endfacet
  facet normal -0.807125 -0.59038 0
    outer loop
      vertex 1.72717 -24.45 -0.00999928
      vertex 1.7467 -24.4767 -0.809999
      vertex 1.7467 -24.4767 -0.00999928
    endloop
  endfacet
  facet normal -0.801759 -0.597647 0
    outer loop
      vertex 1.72717 -24.45 -0.809999
      vertex 1.70764 -24.4238 -0.00999928
      vertex 1.70764 -24.4238 -0.809999
    endloop
  endfacet
  facet normal -0.801759 -0.597647 0
    outer loop
      vertex 1.70764 -24.4238 -0.00999928
      vertex 1.72717 -24.45 -0.809999
      vertex 1.72717 -24.45 -0.00999928
    endloop
  endfacet
  facet normal -0.797322 -0.603554 0
    outer loop
      vertex 1.70764 -24.4238 -0.809999
      vertex 1.68811 -24.398 -0.00999928
      vertex 1.68811 -24.398 -0.809999
    endloop
  endfacet
  facet normal -0.797322 -0.603554 0
    outer loop
      vertex 1.68811 -24.398 -0.00999928
      vertex 1.70764 -24.4238 -0.809999
      vertex 1.70764 -24.4238 -0.00999928
    endloop
  endfacet
  facet normal -0.792902 -0.609349 0
    outer loop
      vertex 1.68811 -24.398 -0.809999
      vertex 1.66859 -24.3726 -0.00999928
      vertex 1.66859 -24.3726 -0.809999
    endloop
  endfacet
  facet normal -0.792902 -0.609349 0
    outer loop
      vertex 1.66859 -24.3726 -0.00999928
      vertex 1.68811 -24.398 -0.809999
      vertex 1.68811 -24.398 -0.00999928
    endloop
  endfacet
  facet normal -0.788043 -0.61562 0
    outer loop
      vertex 1.66859 -24.3726 -0.809999
      vertex 1.64906 -24.3476 -0.00999928
      vertex 1.64906 -24.3476 -0.809999
    endloop
  endfacet
  facet normal -0.788043 -0.61562 0
    outer loop
      vertex 1.64906 -24.3476 -0.00999928
      vertex 1.66859 -24.3726 -0.809999
      vertex 1.66859 -24.3726 -0.00999928
    endloop
  endfacet
  facet normal -0.782269 -0.622941 0
    outer loop
      vertex 1.64906 -24.3476 -0.809999
      vertex 1.62955 -24.3231 -0.00999928
      vertex 1.62955 -24.3231 -0.809999
    endloop
  endfacet
  facet normal -0.782269 -0.622941 0
    outer loop
      vertex 1.62955 -24.3231 -0.00999928
      vertex 1.64906 -24.3476 -0.809999
      vertex 1.64906 -24.3476 -0.00999928
    endloop
  endfacet
  facet normal -0.776922 -0.629597 0
    outer loop
      vertex 1.62955 -24.3231 -0.809999
      vertex 1.61002 -24.299 -0.00999928
      vertex 1.61002 -24.299 -0.809999
    endloop
  endfacet
  facet normal -0.776922 -0.629597 0
    outer loop
      vertex 1.61002 -24.299 -0.00999928
      vertex 1.62955 -24.3231 -0.809999
      vertex 1.62955 -24.3231 -0.00999928
    endloop
  endfacet
  facet normal -0.717176 -0.696892 0
    outer loop
      vertex 1.61002 -24.299 -0.809999
      vertex 1.47981 -24.165 -0.00999928
      vertex 1.47981 -24.165 -0.809999
    endloop
  endfacet
  facet normal -0.717176 -0.696892 0
    outer loop
      vertex 1.47981 -24.165 -0.00999928
      vertex 1.61002 -24.299 -0.809999
      vertex 1.61002 -24.299 -0.00999928
    endloop
  endfacet
  facet normal -0.641606 -0.767035 0
    outer loop
      vertex 1.33659 -24.0452 -0.809999
      vertex 1.47981 -24.165 -0.00999928
      vertex 1.33659 -24.0452 -0.00999928
    endloop
  endfacet
  facet normal -0.641606 -0.767035 -0
    outer loop
      vertex 1.47981 -24.165 -0.00999928
      vertex 1.33659 -24.0452 -0.809999
      vertex 1.47981 -24.165 -0.809999
    endloop
  endfacet
  facet normal -0.560678 -0.828034 0
    outer loop
      vertex 1.18034 -23.9394 -0.809999
      vertex 1.33659 -24.0452 -0.00999928
      vertex 1.18034 -23.9394 -0.00999928
    endloop
  endfacet
  facet normal -0.560678 -0.828034 -0
    outer loop
      vertex 1.33659 -24.0452 -0.00999928
      vertex 1.18034 -23.9394 -0.809999
      vertex 1.33659 -24.0452 -0.809999
    endloop
  endfacet
  facet normal -0.476375 -0.879242 0
    outer loop
      vertex 1.01109 -23.8477 -0.809999
      vertex 1.18034 -23.9394 -0.00999928
      vertex 1.01109 -23.8477 -0.00999928
    endloop
  endfacet
  facet normal -0.476375 -0.879242 -0
    outer loop
      vertex 1.18034 -23.9394 -0.00999928
      vertex 1.01109 -23.8477 -0.809999
      vertex 1.18034 -23.9394 -0.809999
    endloop
  endfacet
  facet normal -0.391675 -0.920104 0
    outer loop
      vertex 0.828796 -23.7701 -0.809999
      vertex 1.01109 -23.8477 -0.00999928
      vertex 0.828796 -23.7701 -0.00999928
    endloop
  endfacet
  facet normal -0.391675 -0.920104 -0
    outer loop
      vertex 1.01109 -23.8477 -0.00999928
      vertex 0.828796 -23.7701 -0.809999
      vertex 1.01109 -23.8477 -0.809999
    endloop
  endfacet
  facet normal -0.309211 -0.950993 0
    outer loop
      vertex 0.633499 -23.7066 -0.809999
      vertex 0.828796 -23.7701 -0.00999928
      vertex 0.633499 -23.7066 -0.00999928
    endloop
  endfacet
  facet normal -0.309211 -0.950993 -0
    outer loop
      vertex 0.828796 -23.7701 -0.00999928
      vertex 0.633499 -23.7066 -0.809999
      vertex 0.828796 -23.7701 -0.809999
    endloop
  endfacet
  facet normal -0.230744 -0.973015 0
    outer loop
      vertex 0.425186 -23.6572 -0.809999
      vertex 0.633499 -23.7066 -0.00999928
      vertex 0.425186 -23.6572 -0.00999928
    endloop
  endfacet
  facet normal -0.230744 -0.973015 -0
    outer loop
      vertex 0.633499 -23.7066 -0.00999928
      vertex 0.425186 -23.6572 -0.809999
      vertex 0.633499 -23.7066 -0.809999
    endloop
  endfacet
  facet normal -0.157055 -0.98759 0
    outer loop
      vertex 0.203842 -23.622 -0.809999
      vertex 0.425186 -23.6572 -0.00999928
      vertex 0.203842 -23.622 -0.00999928
    endloop
  endfacet
  facet normal -0.157055 -0.98759 -0
    outer loop
      vertex 0.425186 -23.6572 -0.00999928
      vertex 0.203842 -23.622 -0.809999
      vertex 0.425186 -23.6572 -0.809999
    endloop
  endfacet
  facet normal -0.0900973 -0.995933 0
    outer loop
      vertex -0.0305023 -23.6008 -0.809999
      vertex 0.203842 -23.622 -0.00999928
      vertex -0.0305023 -23.6008 -0.00999928
    endloop
  endfacet
  facet normal -0.0900973 -0.995933 -0
    outer loop
      vertex 0.203842 -23.622 -0.00999928
      vertex -0.0305023 -23.6008 -0.809999
      vertex 0.203842 -23.622 -0.809999
    endloop
  endfacet
  facet normal -0.0282857 -0.9996 0
    outer loop
      vertex -0.277878 -23.5938 -0.809999
      vertex -0.0305023 -23.6008 -0.00999928
      vertex -0.277878 -23.5938 -0.00999928
    endloop
  endfacet
  facet normal -0.0282857 -0.9996 -0
    outer loop
      vertex -0.0305023 -23.6008 -0.00999928
      vertex -0.277878 -23.5938 -0.809999
      vertex -0.0305023 -23.6008 -0.809999
    endloop
  endfacet
  facet normal 0 -1 0
    outer loop
      vertex -1.67757 -23.5938 -0.809999
      vertex -0.277878 -23.5938 -0.00999928
      vertex -1.67757 -23.5938 -0.00999928
    endloop
  endfacet
  facet normal 0 -1 -0
    outer loop
      vertex -0.277878 -23.5938 -0.00999928
      vertex -1.67757 -23.5938 -0.809999
      vertex -0.277878 -23.5938 -0.809999
    endloop
  endfacet
endsolid OpenSCAD_Model
