solid OpenSCAD_Model
  facet normal 0 0 1
    outer loop
      vertex 18.2 13 4
      vertex 10.6 0 4
      vertex 18.2 -13 4
    endloop
  endfacet
  facet normal 0 0 1
    outer loop
      vertex 18.2 13 4
      vertex 10.5939 0.139449 4
      vertex 10.6 0 4
    endloop
  endfacet
  facet normal 0 0 1
    outer loop
      vertex 18.2 13 4
      vertex 10.5757 0.277837 4
      vertex 10.5939 0.139449 4
    endloop
  endfacet
  facet normal 0 0 1
    outer loop
      vertex 18.2 13 4
      vertex 10.5455 0.41411 4
      vertex 10.5757 0.277837 4
    endloop
  endfacet
  facet normal 0 0 1
    outer loop
      vertex 18.2 13 4
      vertex 10.5035 0.547232 4
      vertex 10.5455 0.41411 4
    endloop
  endfacet
  facet normal 0 0 1
    outer loop
      vertex 18.2 13 4
      vertex 10.4501 0.676188 4
      vertex 10.5035 0.547232 4
    endloop
  endfacet
  facet normal 0 0 1
    outer loop
      vertex 18.2 13 4
      vertex 10.3856 0.799999 4
      vertex 10.4501 0.676188 4
    endloop
  endfacet
  facet normal 0 0 1
    outer loop
      vertex 18.2 13 4
      vertex 10.3106 0.917722 4
      vertex 10.3856 0.799999 4
    endloop
  endfacet
  facet normal 0 0 1
    outer loop
      vertex 18.2 13 4
      vertex 10.2257 1.02846 4
      vertex 10.3106 0.917722 4
    endloop
  endfacet
  facet normal 0 0 1
    outer loop
      vertex 18.2 13 4
      vertex 10.1314 1.13137 4
      vertex 10.2257 1.02846 4
    endloop
  endfacet
  facet normal 0 0 1
    outer loop
      vertex 18.2 13 4
      vertex 10.0285 1.22567 4
      vertex 10.1314 1.13137 4
    endloop
  endfacet
  facet normal 0 0 1
    outer loop
      vertex 18.2 13 4
      vertex 9.91772 1.31064 4
      vertex 10.0285 1.22567 4
    endloop
  endfacet
  facet normal 0 0 1
    outer loop
      vertex 18.2 13 4
      vertex 9.8 1.38564 4
      vertex 9.91772 1.31064 4
    endloop
  endfacet
  facet normal 0 0 1
    outer loop
      vertex 18.2 13 4
      vertex 9.67619 1.45009 4
      vertex 9.8 1.38564 4
    endloop
  endfacet
  facet normal 0 0 1
    outer loop
      vertex 18.2 13 4
      vertex 9.54723 1.50351 4
      vertex 9.67619 1.45009 4
    endloop
  endfacet
  facet normal 0 0 1
    outer loop
      vertex 18.2 13 4
      vertex 9.41411 1.54548 4
      vertex 9.54723 1.50351 4
    endloop
  endfacet
  facet normal 0 0 1
    outer loop
      vertex 18.2 13 4
      vertex 9.27784 1.57569 4
      vertex 9.41411 1.54548 4
    endloop
  endfacet
  facet normal 0 0 1
    outer loop
      vertex 18.2 13 4
      vertex 9.13945 1.59391 4
      vertex 9.27784 1.57569 4
    endloop
  endfacet
  facet normal 0 0 1
    outer loop
      vertex 18.2 13 4
      vertex 9 1.6 4
      vertex 9.13945 1.59391 4
    endloop
  endfacet
  facet normal 0 0 1
    outer loop
      vertex 18.2 13 4
      vertex 8.86055 1.59391 4
      vertex 9 1.6 4
    endloop
  endfacet
  facet normal 0 0 1
    outer loop
      vertex 18.2 13 4
      vertex 8.72216 1.57569 4
      vertex 8.86055 1.59391 4
    endloop
  endfacet
  facet normal 0 0 1
    outer loop
      vertex 18.2 13 4
      vertex 8.58589 1.54548 4
      vertex 8.72216 1.57569 4
    endloop
  endfacet
  facet normal 0 0 1
    outer loop
      vertex 3.41411 1.54548 4
      vertex 8.58589 1.54548 4
      vertex 18.2 13 4
    endloop
  endfacet
  facet normal 0 0 1
    outer loop
      vertex 8.58589 1.54548 4
      vertex 3.41411 1.54548 4
      vertex 8.45277 1.50351 4
    endloop
  endfacet
  facet normal 0 -0 1
    outer loop
      vertex 3.54723 1.50351 4
      vertex 8.45277 1.50351 4
      vertex 3.41411 1.54548 4
    endloop
  endfacet
  facet normal 0 0 1
    outer loop
      vertex 8.45277 1.50351 4
      vertex 3.54723 1.50351 4
      vertex 8.32381 1.45009 4
    endloop
  endfacet
  facet normal 0 -0 1
    outer loop
      vertex 3.67619 1.45009 4
      vertex 8.32381 1.45009 4
      vertex 3.54723 1.50351 4
    endloop
  endfacet
  facet normal 0 0 1
    outer loop
      vertex 8.32381 1.45009 4
      vertex 3.67619 1.45009 4
      vertex 8.2 1.38564 4
    endloop
  endfacet
  facet normal 0 -0 1
    outer loop
      vertex 3.8 1.38564 4
      vertex 8.2 1.38564 4
      vertex 3.67619 1.45009 4
    endloop
  endfacet
  facet normal 0 0 1
    outer loop
      vertex 7.40609 0.139449 4
      vertex 4.6 0 4
      vertex 7.4 0 4
    endloop
  endfacet
  facet normal 0 0 1
    outer loop
      vertex 4.59391 0.139449 4
      vertex 7.40609 0.139449 4
      vertex 7.42431 0.277837 4
    endloop
  endfacet
  facet normal 0 0 1
    outer loop
      vertex 4.57569 0.277837 4
      vertex 7.42431 0.277837 4
      vertex 7.45452 0.41411 4
    endloop
  endfacet
  facet normal 0 0 1
    outer loop
      vertex 4.54548 0.41411 4
      vertex 7.45452 0.41411 4
      vertex 7.49649 0.547232 4
    endloop
  endfacet
  facet normal 0 0 1
    outer loop
      vertex 4.50351 0.547232 4
      vertex 7.49649 0.547232 4
      vertex 7.54991 0.676188 4
    endloop
  endfacet
  facet normal 0 0 1
    outer loop
      vertex 4.45009 0.676188 4
      vertex 7.54991 0.676188 4
      vertex 7.61436 0.799999 4
    endloop
  endfacet
  facet normal 0 0 1
    outer loop
      vertex 4.38564 0.799999 4
      vertex 7.61436 0.799999 4
      vertex 7.68936 0.917722 4
    endloop
  endfacet
  facet normal 0 0 1
    outer loop
      vertex 4.31064 0.917722 4
      vertex 7.68936 0.917722 4
      vertex 7.77433 1.02846 4
    endloop
  endfacet
  facet normal 0 -0 1
    outer loop
      vertex 3.91772 1.31064 4
      vertex 8.08228 1.31064 4
      vertex 3.8 1.38564 4
    endloop
  endfacet
  facet normal 0 0 1
    outer loop
      vertex 7.40609 0.139449 4
      vertex 4.59391 0.139449 4
      vertex 4.6 0 4
    endloop
  endfacet
  facet normal 0 0 1
    outer loop
      vertex 7.42431 0.277837 4
      vertex 4.57569 0.277837 4
      vertex 4.59391 0.139449 4
    endloop
  endfacet
  facet normal 0 0 1
    outer loop
      vertex 7.45452 0.41411 4
      vertex 4.54548 0.41411 4
      vertex 4.57569 0.277837 4
    endloop
  endfacet
  facet normal 0 0 1
    outer loop
      vertex 7.49649 0.547232 4
      vertex 4.50351 0.547232 4
      vertex 4.54548 0.41411 4
    endloop
  endfacet
  facet normal 0 0 1
    outer loop
      vertex 7.54991 0.676188 4
      vertex 4.45009 0.676188 4
      vertex 4.50351 0.547232 4
    endloop
  endfacet
  facet normal 0 0 1
    outer loop
      vertex 7.61436 0.799999 4
      vertex 4.38564 0.799999 4
      vertex 4.45009 0.676188 4
    endloop
  endfacet
  facet normal 0 0 1
    outer loop
      vertex 7.68936 0.917722 4
      vertex 4.31064 0.917722 4
      vertex 4.38564 0.799999 4
    endloop
  endfacet
  facet normal 0 0 1
    outer loop
      vertex 7.77433 1.02846 4
      vertex 4.22567 1.02846 4
      vertex 4.31064 0.917722 4
    endloop
  endfacet
  facet normal 0 0 1
    outer loop
      vertex 7.77433 1.02846 4
      vertex 4.13137 1.13137 4
      vertex 4.22567 1.02846 4
    endloop
  endfacet
  facet normal 0 0 1
    outer loop
      vertex 7.86863 1.13137 4
      vertex 4.13137 1.13137 4
      vertex 7.77433 1.02846 4
    endloop
  endfacet
  facet normal 0 -0 1
    outer loop
      vertex 4.13137 1.13137 4
      vertex 7.86863 1.13137 4
      vertex 4.02846 1.22567 4
    endloop
  endfacet
  facet normal 0 0 1
    outer loop
      vertex 7.97154 1.22567 4
      vertex 4.02846 1.22567 4
      vertex 7.86863 1.13137 4
    endloop
  endfacet
  facet normal 0 -0 1
    outer loop
      vertex 4.02846 1.22567 4
      vertex 7.97154 1.22567 4
      vertex 3.91772 1.31064 4
    endloop
  endfacet
  facet normal 0 0 1
    outer loop
      vertex 8.08228 1.31064 4
      vertex 3.91772 1.31064 4
      vertex 7.97154 1.22567 4
    endloop
  endfacet
  facet normal 0 0 1
    outer loop
      vertex 8.2 1.38564 4
      vertex 3.8 1.38564 4
      vertex 8.08228 1.31064 4
    endloop
  endfacet
  facet normal 0 0 1
    outer loop
      vertex 18.2 13 4
      vertex 3.27784 1.57569 4
      vertex 3.41411 1.54548 4
    endloop
  endfacet
  facet normal 0 0 1
    outer loop
      vertex 18.2 13 4
      vertex 3.13945 1.59391 4
      vertex 3.27784 1.57569 4
    endloop
  endfacet
  facet normal 0 0 1
    outer loop
      vertex 18.2 13 4
      vertex 3 1.6 4
      vertex 3.13945 1.59391 4
    endloop
  endfacet
  facet normal 0 0 1
    outer loop
      vertex 18.2 13 4
      vertex 2.86055 1.59391 4
      vertex 3 1.6 4
    endloop
  endfacet
  facet normal 0 0 1
    outer loop
      vertex 18.2 13 4
      vertex 2.72216 1.57569 4
      vertex 2.86055 1.59391 4
    endloop
  endfacet
  facet normal 0 0 1
    outer loop
      vertex -2.72216 1.57569 4
      vertex 2.72216 1.57569 4
      vertex 18.2 13 4
    endloop
  endfacet
  facet normal 0 0 1
    outer loop
      vertex 2.72216 1.57569 4
      vertex -2.72216 1.57569 4
      vertex 2.58589 1.54548 4
    endloop
  endfacet
  facet normal 0 -0 1
    outer loop
      vertex -2.58589 1.54548 4
      vertex 2.58589 1.54548 4
      vertex -2.72216 1.57569 4
    endloop
  endfacet
  facet normal 0 0 1
    outer loop
      vertex 2.58589 1.54548 4
      vertex -2.58589 1.54548 4
      vertex 2.45277 1.50351 4
    endloop
  endfacet
  facet normal 0 -0 1
    outer loop
      vertex -2.45277 1.50351 4
      vertex 2.45277 1.50351 4
      vertex -2.58589 1.54548 4
    endloop
  endfacet
  facet normal 0 0 1
    outer loop
      vertex 1.40609 0.139449 4
      vertex -1.4 0 4
      vertex 1.4 0 4
    endloop
  endfacet
  facet normal 0 0 1
    outer loop
      vertex -1.40609 0.139449 4
      vertex 1.40609 0.139449 4
      vertex 1.42431 0.277837 4
    endloop
  endfacet
  facet normal 0 0 1
    outer loop
      vertex -1.42431 0.277837 4
      vertex 1.42431 0.277837 4
      vertex 1.45452 0.41411 4
    endloop
  endfacet
  facet normal 0 0 1
    outer loop
      vertex -1.45452 0.41411 4
      vertex 1.45452 0.41411 4
      vertex 1.49649 0.547232 4
    endloop
  endfacet
  facet normal 0 0 1
    outer loop
      vertex -1.49649 0.547232 4
      vertex 1.49649 0.547232 4
      vertex 1.54991 0.676188 4
    endloop
  endfacet
  facet normal 0 0 1
    outer loop
      vertex -1.54991 0.676188 4
      vertex 1.54991 0.676188 4
      vertex 1.61436 0.799999 4
    endloop
  endfacet
  facet normal 0 0 1
    outer loop
      vertex -1.61436 0.799999 4
      vertex 1.61436 0.799999 4
      vertex 1.68936 0.917722 4
    endloop
  endfacet
  facet normal 0 0 1
    outer loop
      vertex -1.68936 0.917722 4
      vertex 1.68936 0.917722 4
      vertex 1.77433 1.02846 4
    endloop
  endfacet
  facet normal 0 0 1
    outer loop
      vertex -1.77433 1.02846 4
      vertex 1.77433 1.02846 4
      vertex 1.86863 1.13137 4
    endloop
  endfacet
  facet normal 0 0 1
    outer loop
      vertex -1.86863 1.13137 4
      vertex 1.86863 1.13137 4
      vertex 1.97154 1.22567 4
    endloop
  endfacet
  facet normal 0 0 1
    outer loop
      vertex -1.97154 1.22567 4
      vertex 1.97154 1.22567 4
      vertex 2.08228 1.31064 4
    endloop
  endfacet
  facet normal 0 0 1
    outer loop
      vertex 2.45277 1.50351 4
      vertex -2.45277 1.50351 4
      vertex 2.32381 1.45009 4
    endloop
  endfacet
  facet normal 0 0 1
    outer loop
      vertex 1.40609 0.139449 4
      vertex -1.40609 0.139449 4
      vertex -1.4 0 4
    endloop
  endfacet
  facet normal 0 0 1
    outer loop
      vertex 1.42431 0.277837 4
      vertex -1.42431 0.277837 4
      vertex -1.40609 0.139449 4
    endloop
  endfacet
  facet normal 0 0 1
    outer loop
      vertex 1.45452 0.41411 4
      vertex -1.45452 0.41411 4
      vertex -1.42431 0.277837 4
    endloop
  endfacet
  facet normal 0 0 1
    outer loop
      vertex 1.49649 0.547232 4
      vertex -1.49649 0.547232 4
      vertex -1.45452 0.41411 4
    endloop
  endfacet
  facet normal 0 0 1
    outer loop
      vertex 1.54991 0.676188 4
      vertex -1.54991 0.676188 4
      vertex -1.49649 0.547232 4
    endloop
  endfacet
  facet normal 0 0 1
    outer loop
      vertex 1.61436 0.799999 4
      vertex -1.61436 0.799999 4
      vertex -1.54991 0.676188 4
    endloop
  endfacet
  facet normal 0 0 1
    outer loop
      vertex 1.68936 0.917722 4
      vertex -1.68936 0.917722 4
      vertex -1.61436 0.799999 4
    endloop
  endfacet
  facet normal 0 0 1
    outer loop
      vertex 1.77433 1.02846 4
      vertex -1.77433 1.02846 4
      vertex -1.68936 0.917722 4
    endloop
  endfacet
  facet normal 0 0 1
    outer loop
      vertex 1.86863 1.13137 4
      vertex -1.86863 1.13137 4
      vertex -1.77433 1.02846 4
    endloop
  endfacet
  facet normal 0 0 1
    outer loop
      vertex 1.97154 1.22567 4
      vertex -1.97154 1.22567 4
      vertex -1.86863 1.13137 4
    endloop
  endfacet
  facet normal 0 0 1
    outer loop
      vertex 2.08228 1.31064 4
      vertex -2.08228 1.31064 4
      vertex -1.97154 1.22567 4
    endloop
  endfacet
  facet normal 0 0 1
    outer loop
      vertex 2.08228 1.31064 4
      vertex -2.2 1.38564 4
      vertex -2.08228 1.31064 4
    endloop
  endfacet
  facet normal 0 0 1
    outer loop
      vertex 2.2 1.38564 4
      vertex -2.2 1.38564 4
      vertex 2.08228 1.31064 4
    endloop
  endfacet
  facet normal 0 -0 1
    outer loop
      vertex -2.2 1.38564 4
      vertex 2.2 1.38564 4
      vertex -2.32381 1.45009 4
    endloop
  endfacet
  facet normal 0 0 1
    outer loop
      vertex 2.32381 1.45009 4
      vertex -2.32381 1.45009 4
      vertex 2.2 1.38564 4
    endloop
  endfacet
  facet normal 0 -0 1
    outer loop
      vertex -2.32381 1.45009 4
      vertex 2.32381 1.45009 4
      vertex -2.45277 1.50351 4
    endloop
  endfacet
  facet normal 0 0 1
    outer loop
      vertex 18.2 13 4
      vertex -2.86055 1.59391 4
      vertex -2.72216 1.57569 4
    endloop
  endfacet
  facet normal -0 0 1
    outer loop
      vertex -18.2 13 4
      vertex -2.86055 1.59391 4
      vertex 18.2 13 4
    endloop
  endfacet
  facet normal 0 0 1
    outer loop
      vertex -2.86055 1.59391 4
      vertex -18.2 13 4
      vertex -3 1.6 4
    endloop
  endfacet
  facet normal 0 0 1
    outer loop
      vertex -3 1.6 4
      vertex -18.2 13 4
      vertex -3.13945 1.59391 4
    endloop
  endfacet
  facet normal 0 0 1
    outer loop
      vertex -3.13945 1.59391 4
      vertex -18.2 13 4
      vertex -3.27784 1.57569 4
    endloop
  endfacet
  facet normal 0 0 1
    outer loop
      vertex -3.27784 1.57569 4
      vertex -18.2 13 4
      vertex -3.41411 1.54548 4
    endloop
  endfacet
  facet normal 0 -0 1
    outer loop
      vertex -8.58589 1.54548 4
      vertex -3.41411 1.54548 4
      vertex -18.2 13 4
    endloop
  endfacet
  facet normal 0 0 1
    outer loop
      vertex -3.41411 1.54548 4
      vertex -8.58589 1.54548 4
      vertex -3.54723 1.50351 4
    endloop
  endfacet
  facet normal 0 0 1
    outer loop
      vertex -4.59391 0.139449 4
      vertex -7.4 0 4
      vertex -4.6 0 4
    endloop
  endfacet
  facet normal 0 0 1
    outer loop
      vertex -7.40609 0.139449 4
      vertex -4.59391 0.139449 4
      vertex -4.57569 0.277837 4
    endloop
  endfacet
  facet normal 0 0 1
    outer loop
      vertex -7.42431 0.277837 4
      vertex -4.57569 0.277837 4
      vertex -4.54548 0.41411 4
    endloop
  endfacet
  facet normal 0 0 1
    outer loop
      vertex -7.45452 0.41411 4
      vertex -4.54548 0.41411 4
      vertex -4.50351 0.547232 4
    endloop
  endfacet
  facet normal 0 0 1
    outer loop
      vertex -7.49649 0.547232 4
      vertex -4.50351 0.547232 4
      vertex -4.45009 0.676188 4
    endloop
  endfacet
  facet normal 0 0 1
    outer loop
      vertex -7.54991 0.676188 4
      vertex -4.45009 0.676188 4
      vertex -4.38564 0.799999 4
    endloop
  endfacet
  facet normal 0 0 1
    outer loop
      vertex -7.61436 0.799999 4
      vertex -4.38564 0.799999 4
      vertex -4.31064 0.917722 4
    endloop
  endfacet
  facet normal 0 0 1
    outer loop
      vertex -7.68936 0.917722 4
      vertex -4.31064 0.917722 4
      vertex -4.22567 1.02846 4
    endloop
  endfacet
  facet normal 0 0 1
    outer loop
      vertex -7.77433 1.02846 4
      vertex -4.22567 1.02846 4
      vertex -4.13137 1.13137 4
    endloop
  endfacet
  facet normal 0 0 1
    outer loop
      vertex -7.86863 1.13137 4
      vertex -4.13137 1.13137 4
      vertex -4.02846 1.22567 4
    endloop
  endfacet
  facet normal 0 0 1
    outer loop
      vertex -7.97154 1.22567 4
      vertex -4.02846 1.22567 4
      vertex -3.91772 1.31064 4
    endloop
  endfacet
  facet normal 0 0 1
    outer loop
      vertex -8.08228 1.31064 4
      vertex -3.91772 1.31064 4
      vertex -3.8 1.38564 4
    endloop
  endfacet
  facet normal 0 -0 1
    outer loop
      vertex -8.45277 1.50351 4
      vertex -3.54723 1.50351 4
      vertex -8.58589 1.54548 4
    endloop
  endfacet
  facet normal 0 0 1
    outer loop
      vertex -4.59391 0.139449 4
      vertex -7.40609 0.139449 4
      vertex -7.4 0 4
    endloop
  endfacet
  facet normal 0 0 1
    outer loop
      vertex -4.57569 0.277837 4
      vertex -7.42431 0.277837 4
      vertex -7.40609 0.139449 4
    endloop
  endfacet
  facet normal 0 0 1
    outer loop
      vertex -4.54548 0.41411 4
      vertex -7.45452 0.41411 4
      vertex -7.42431 0.277837 4
    endloop
  endfacet
  facet normal 0 0 1
    outer loop
      vertex -4.50351 0.547232 4
      vertex -7.49649 0.547232 4
      vertex -7.45452 0.41411 4
    endloop
  endfacet
  facet normal 0 0 1
    outer loop
      vertex -4.45009 0.676188 4
      vertex -7.54991 0.676188 4
      vertex -7.49649 0.547232 4
    endloop
  endfacet
  facet normal 0 0 1
    outer loop
      vertex -4.38564 0.799999 4
      vertex -7.61436 0.799999 4
      vertex -7.54991 0.676188 4
    endloop
  endfacet
  facet normal 0 0 1
    outer loop
      vertex -4.31064 0.917722 4
      vertex -7.68936 0.917722 4
      vertex -7.61436 0.799999 4
    endloop
  endfacet
  facet normal 0 0 1
    outer loop
      vertex -4.22567 1.02846 4
      vertex -7.77433 1.02846 4
      vertex -7.68936 0.917722 4
    endloop
  endfacet
  facet normal 0 0 1
    outer loop
      vertex -4.13137 1.13137 4
      vertex -7.86863 1.13137 4
      vertex -7.77433 1.02846 4
    endloop
  endfacet
  facet normal 0 0 1
    outer loop
      vertex -4.02846 1.22567 4
      vertex -7.97154 1.22567 4
      vertex -7.86863 1.13137 4
    endloop
  endfacet
  facet normal 0 0 1
    outer loop
      vertex -3.91772 1.31064 4
      vertex -8.08228 1.31064 4
      vertex -7.97154 1.22567 4
    endloop
  endfacet
  facet normal 0 0 1
    outer loop
      vertex -3.8 1.38564 4
      vertex -8.2 1.38564 4
      vertex -8.08228 1.31064 4
    endloop
  endfacet
  facet normal 0 0 1
    outer loop
      vertex -3.8 1.38564 4
      vertex -8.32381 1.45009 4
      vertex -8.2 1.38564 4
    endloop
  endfacet
  facet normal 0 0 1
    outer loop
      vertex -3.54723 1.50351 4
      vertex -8.45277 1.50351 4
      vertex -3.67619 1.45009 4
    endloop
  endfacet
  facet normal 0 0 1
    outer loop
      vertex -3.67619 1.45009 4
      vertex -8.32381 1.45009 4
      vertex -3.8 1.38564 4
    endloop
  endfacet
  facet normal 0 -0 1
    outer loop
      vertex -8.32381 1.45009 4
      vertex -3.67619 1.45009 4
      vertex -8.45277 1.50351 4
    endloop
  endfacet
  facet normal 0 0 1
    outer loop
      vertex -8.58589 1.54548 4
      vertex -18.2 13 4
      vertex -8.72216 1.57569 4
    endloop
  endfacet
  facet normal 0 0 1
    outer loop
      vertex -8.72216 1.57569 4
      vertex -18.2 13 4
      vertex -8.86055 1.59391 4
    endloop
  endfacet
  facet normal 0 0 1
    outer loop
      vertex -8.86055 1.59391 4
      vertex -18.2 13 4
      vertex -9 1.6 4
    endloop
  endfacet
  facet normal 0 0 1
    outer loop
      vertex -9 1.6 4
      vertex -18.2 13 4
      vertex -9.13945 1.59391 4
    endloop
  endfacet
  facet normal 0 0 1
    outer loop
      vertex -9.13945 1.59391 4
      vertex -18.2 13 4
      vertex -9.27784 1.57569 4
    endloop
  endfacet
  facet normal 0 0 1
    outer loop
      vertex -9.27784 1.57569 4
      vertex -18.2 13 4
      vertex -9.41411 1.54548 4
    endloop
  endfacet
  facet normal 0 0 1
    outer loop
      vertex -9.41411 1.54548 4
      vertex -18.2 13 4
      vertex -9.54723 1.50351 4
    endloop
  endfacet
  facet normal 0 0 1
    outer loop
      vertex -10.5939 0.139449 4
      vertex -18.2 13 4
      vertex -10.6 0 4
    endloop
  endfacet
  facet normal 0 0 1
    outer loop
      vertex -10.5757 0.277837 4
      vertex -18.2 13 4
      vertex -10.5939 0.139449 4
    endloop
  endfacet
  facet normal 0 0 1
    outer loop
      vertex -10.5455 0.41411 4
      vertex -18.2 13 4
      vertex -10.5757 0.277837 4
    endloop
  endfacet
  facet normal 0 0 1
    outer loop
      vertex -10.5035 0.547232 4
      vertex -18.2 13 4
      vertex -10.5455 0.41411 4
    endloop
  endfacet
  facet normal 0 0 1
    outer loop
      vertex -10.4501 0.676188 4
      vertex -18.2 13 4
      vertex -10.5035 0.547232 4
    endloop
  endfacet
  facet normal 0 0 1
    outer loop
      vertex -10.3856 0.799999 4
      vertex -18.2 13 4
      vertex -10.4501 0.676188 4
    endloop
  endfacet
  facet normal 0 0 1
    outer loop
      vertex -10.3106 0.917722 4
      vertex -18.2 13 4
      vertex -10.3856 0.799999 4
    endloop
  endfacet
  facet normal 0 0 1
    outer loop
      vertex -10.2257 1.02846 4
      vertex -18.2 13 4
      vertex -10.3106 0.917722 4
    endloop
  endfacet
  facet normal 0 0 1
    outer loop
      vertex -10.1314 1.13137 4
      vertex -18.2 13 4
      vertex -10.2257 1.02846 4
    endloop
  endfacet
  facet normal 0 0 1
    outer loop
      vertex -10.0285 1.22567 4
      vertex -18.2 13 4
      vertex -10.1314 1.13137 4
    endloop
  endfacet
  facet normal 0 0 1
    outer loop
      vertex -9.91772 1.31064 4
      vertex -18.2 13 4
      vertex -10.0285 1.22567 4
    endloop
  endfacet
  facet normal 0 0 1
    outer loop
      vertex -9.8 1.38564 4
      vertex -18.2 13 4
      vertex -9.91772 1.31064 4
    endloop
  endfacet
  facet normal 0 0 1
    outer loop
      vertex -9.67619 1.45009 4
      vertex -18.2 13 4
      vertex -9.8 1.38564 4
    endloop
  endfacet
  facet normal 0 0 1
    outer loop
      vertex -9.54723 1.50351 4
      vertex -18.2 13 4
      vertex -9.67619 1.45009 4
    endloop
  endfacet
  facet normal -0 0 1
    outer loop
      vertex 10.5939 -0.139449 4
      vertex 18.2 -13 4
      vertex 10.6 0 4
    endloop
  endfacet
  facet normal -0 0 1
    outer loop
      vertex 10.5757 -0.277837 4
      vertex 18.2 -13 4
      vertex 10.5939 -0.139449 4
    endloop
  endfacet
  facet normal -0 0 1
    outer loop
      vertex 10.5455 -0.41411 4
      vertex 18.2 -13 4
      vertex 10.5757 -0.277837 4
    endloop
  endfacet
  facet normal -0 0 1
    outer loop
      vertex 10.5035 -0.547232 4
      vertex 18.2 -13 4
      vertex 10.5455 -0.41411 4
    endloop
  endfacet
  facet normal -0 0 1
    outer loop
      vertex 10.4501 -0.676188 4
      vertex 18.2 -13 4
      vertex 10.5035 -0.547232 4
    endloop
  endfacet
  facet normal -0 0 1
    outer loop
      vertex 10.3856 -0.799999 4
      vertex 18.2 -13 4
      vertex 10.4501 -0.676188 4
    endloop
  endfacet
  facet normal -0 0 1
    outer loop
      vertex 10.3106 -0.917722 4
      vertex 18.2 -13 4
      vertex 10.3856 -0.799999 4
    endloop
  endfacet
  facet normal -0 0 1
    outer loop
      vertex 10.2257 -1.02846 4
      vertex 18.2 -13 4
      vertex 10.3106 -0.917722 4
    endloop
  endfacet
  facet normal -0 0 1
    outer loop
      vertex 10.1314 -1.13137 4
      vertex 18.2 -13 4
      vertex 10.2257 -1.02846 4
    endloop
  endfacet
  facet normal -0 0 1
    outer loop
      vertex 10.0285 -1.22567 4
      vertex 18.2 -13 4
      vertex 10.1314 -1.13137 4
    endloop
  endfacet
  facet normal -0 0 1
    outer loop
      vertex 9.91772 -1.31064 4
      vertex 18.2 -13 4
      vertex 10.0285 -1.22567 4
    endloop
  endfacet
  facet normal -0 0 1
    outer loop
      vertex 9.8 -1.38564 4
      vertex 18.2 -13 4
      vertex 9.91772 -1.31064 4
    endloop
  endfacet
  facet normal -0 0 1
    outer loop
      vertex 9.67619 -1.45009 4
      vertex 18.2 -13 4
      vertex 9.8 -1.38564 4
    endloop
  endfacet
  facet normal -0 0 1
    outer loop
      vertex 9.54723 -1.50351 4
      vertex 18.2 -13 4
      vertex 9.67619 -1.45009 4
    endloop
  endfacet
  facet normal -0 0 1
    outer loop
      vertex 9.41411 -1.54548 4
      vertex 18.2 -13 4
      vertex 9.54723 -1.50351 4
    endloop
  endfacet
  facet normal -0 0 1
    outer loop
      vertex 9.27784 -1.57569 4
      vertex 18.2 -13 4
      vertex 9.41411 -1.54548 4
    endloop
  endfacet
  facet normal -0 0 1
    outer loop
      vertex 9.13945 -1.59391 4
      vertex 18.2 -13 4
      vertex 9.27784 -1.57569 4
    endloop
  endfacet
  facet normal -0 0 1
    outer loop
      vertex 9 -1.6 4
      vertex 18.2 -13 4
      vertex 9.13945 -1.59391 4
    endloop
  endfacet
  facet normal 0 0 1
    outer loop
      vertex 8.86055 -1.59391 4
      vertex 18.2 -13 4
      vertex 9 -1.6 4
    endloop
  endfacet
  facet normal 0 0 1
    outer loop
      vertex 8.72216 -1.57569 4
      vertex 18.2 -13 4
      vertex 8.86055 -1.59391 4
    endloop
  endfacet
  facet normal 0 0 1
    outer loop
      vertex 8.58589 -1.54548 4
      vertex 18.2 -13 4
      vertex 8.72216 -1.57569 4
    endloop
  endfacet
  facet normal 0 0 1
    outer loop
      vertex 3.41411 -1.54548 4
      vertex 8.58589 -1.54548 4
      vertex 8.45277 -1.50351 4
    endloop
  endfacet
  facet normal 0 0 1
    outer loop
      vertex 3.54723 -1.50351 4
      vertex 8.45277 -1.50351 4
      vertex 8.32381 -1.45009 4
    endloop
  endfacet
  facet normal 0 0 1
    outer loop
      vertex 3.67619 -1.45009 4
      vertex 8.32381 -1.45009 4
      vertex 8.2 -1.38564 4
    endloop
  endfacet
  facet normal 0 0 1
    outer loop
      vertex 3.8 -1.38564 4
      vertex 8.2 -1.38564 4
      vertex 8.08228 -1.31064 4
    endloop
  endfacet
  facet normal 0 0 1
    outer loop
      vertex 3.91772 -1.31064 4
      vertex 8.08228 -1.31064 4
      vertex 7.97154 -1.22567 4
    endloop
  endfacet
  facet normal 0 0 1
    outer loop
      vertex 4.02846 -1.22567 4
      vertex 7.97154 -1.22567 4
      vertex 7.86863 -1.13137 4
    endloop
  endfacet
  facet normal 0 0 1
    outer loop
      vertex 4.13137 -1.13137 4
      vertex 7.86863 -1.13137 4
      vertex 7.77433 -1.02846 4
    endloop
  endfacet
  facet normal -0 0 1
    outer loop
      vertex 4.6 0 4
      vertex 7.40609 -0.139449 4
      vertex 7.4 0 4
    endloop
  endfacet
  facet normal 0 0 1
    outer loop
      vertex 4.59391 -0.139449 4
      vertex 7.40609 -0.139449 4
      vertex 4.6 0 4
    endloop
  endfacet
  facet normal 0 0 1
    outer loop
      vertex 7.40609 -0.139449 4
      vertex 4.59391 -0.139449 4
      vertex 7.42431 -0.277837 4
    endloop
  endfacet
  facet normal 0 0 1
    outer loop
      vertex 4.57569 -0.277837 4
      vertex 7.42431 -0.277837 4
      vertex 4.59391 -0.139449 4
    endloop
  endfacet
  facet normal 0 0 1
    outer loop
      vertex 7.42431 -0.277837 4
      vertex 4.57569 -0.277837 4
      vertex 7.45452 -0.41411 4
    endloop
  endfacet
  facet normal 0 0 1
    outer loop
      vertex 4.54548 -0.41411 4
      vertex 7.45452 -0.41411 4
      vertex 4.57569 -0.277837 4
    endloop
  endfacet
  facet normal 0 0 1
    outer loop
      vertex 7.45452 -0.41411 4
      vertex 4.54548 -0.41411 4
      vertex 7.49649 -0.547232 4
    endloop
  endfacet
  facet normal 0 0 1
    outer loop
      vertex 4.50351 -0.547232 4
      vertex 7.49649 -0.547232 4
      vertex 4.54548 -0.41411 4
    endloop
  endfacet
  facet normal 0 0 1
    outer loop
      vertex 7.49649 -0.547232 4
      vertex 4.50351 -0.547232 4
      vertex 7.54991 -0.676188 4
    endloop
  endfacet
  facet normal 0 0 1
    outer loop
      vertex 4.45009 -0.676188 4
      vertex 7.54991 -0.676188 4
      vertex 4.50351 -0.547232 4
    endloop
  endfacet
  facet normal 0 0 1
    outer loop
      vertex 7.54991 -0.676188 4
      vertex 4.45009 -0.676188 4
      vertex 7.61436 -0.799999 4
    endloop
  endfacet
  facet normal 0 0 1
    outer loop
      vertex 4.38564 -0.799999 4
      vertex 7.61436 -0.799999 4
      vertex 4.45009 -0.676188 4
    endloop
  endfacet
  facet normal 0 0 1
    outer loop
      vertex 7.61436 -0.799999 4
      vertex 4.38564 -0.799999 4
      vertex 7.68936 -0.917722 4
    endloop
  endfacet
  facet normal 0 0 1
    outer loop
      vertex 4.31064 -0.917722 4
      vertex 7.68936 -0.917722 4
      vertex 4.38564 -0.799999 4
    endloop
  endfacet
  facet normal 0 0 1
    outer loop
      vertex 7.68936 -0.917722 4
      vertex 4.31064 -0.917722 4
      vertex 7.77433 -1.02846 4
    endloop
  endfacet
  facet normal 0 0 1
    outer loop
      vertex 4.22567 -1.02846 4
      vertex 7.77433 -1.02846 4
      vertex 4.31064 -0.917722 4
    endloop
  endfacet
  facet normal 0 0 1
    outer loop
      vertex 4.13137 -1.13137 4
      vertex 7.77433 -1.02846 4
      vertex 4.22567 -1.02846 4
    endloop
  endfacet
  facet normal 0 0 1
    outer loop
      vertex 7.86863 -1.13137 4
      vertex 4.13137 -1.13137 4
      vertex 4.02846 -1.22567 4
    endloop
  endfacet
  facet normal 0 0 1
    outer loop
      vertex 7.97154 -1.22567 4
      vertex 4.02846 -1.22567 4
      vertex 3.91772 -1.31064 4
    endloop
  endfacet
  facet normal 0 0 1
    outer loop
      vertex 8.08228 -1.31064 4
      vertex 3.91772 -1.31064 4
      vertex 3.8 -1.38564 4
    endloop
  endfacet
  facet normal 0 0 1
    outer loop
      vertex 8.2 -1.38564 4
      vertex 3.8 -1.38564 4
      vertex 3.67619 -1.45009 4
    endloop
  endfacet
  facet normal 0 0 1
    outer loop
      vertex 8.32381 -1.45009 4
      vertex 3.67619 -1.45009 4
      vertex 3.54723 -1.50351 4
    endloop
  endfacet
  facet normal 0 0 1
    outer loop
      vertex 8.45277 -1.50351 4
      vertex 3.54723 -1.50351 4
      vertex 3.41411 -1.54548 4
    endloop
  endfacet
  facet normal 0 0 1
    outer loop
      vertex 8.58589 -1.54548 4
      vertex 3.41411 -1.54548 4
      vertex 18.2 -13 4
    endloop
  endfacet
  facet normal -0 0 1
    outer loop
      vertex 3.27784 -1.57569 4
      vertex 18.2 -13 4
      vertex 3.41411 -1.54548 4
    endloop
  endfacet
  facet normal -0 0 1
    outer loop
      vertex 3.13945 -1.59391 4
      vertex 18.2 -13 4
      vertex 3.27784 -1.57569 4
    endloop
  endfacet
  facet normal -0 0 1
    outer loop
      vertex 3 -1.6 4
      vertex 18.2 -13 4
      vertex 3.13945 -1.59391 4
    endloop
  endfacet
  facet normal 0 0 1
    outer loop
      vertex 2.86055 -1.59391 4
      vertex 18.2 -13 4
      vertex 3 -1.6 4
    endloop
  endfacet
  facet normal 0 0 1
    outer loop
      vertex 2.72216 -1.57569 4
      vertex 18.2 -13 4
      vertex 2.86055 -1.59391 4
    endloop
  endfacet
  facet normal 0 0 1
    outer loop
      vertex -2.72216 -1.57569 4
      vertex 2.72216 -1.57569 4
      vertex 2.58589 -1.54548 4
    endloop
  endfacet
  facet normal 0 0 1
    outer loop
      vertex -2.58589 -1.54548 4
      vertex 2.58589 -1.54548 4
      vertex 2.45277 -1.50351 4
    endloop
  endfacet
  facet normal 0 0 1
    outer loop
      vertex -2.45277 -1.50351 4
      vertex 2.45277 -1.50351 4
      vertex 2.32381 -1.45009 4
    endloop
  endfacet
  facet normal 0 0 1
    outer loop
      vertex -2.32381 -1.45009 4
      vertex 2.32381 -1.45009 4
      vertex 2.2 -1.38564 4
    endloop
  endfacet
  facet normal 0 0 1
    outer loop
      vertex -2.2 -1.38564 4
      vertex 2.2 -1.38564 4
      vertex 2.08228 -1.31064 4
    endloop
  endfacet
  facet normal -0 0 1
    outer loop
      vertex -1.4 0 4
      vertex 1.40609 -0.139449 4
      vertex 1.4 0 4
    endloop
  endfacet
  facet normal 0 0 1
    outer loop
      vertex -1.40609 -0.139449 4
      vertex 1.40609 -0.139449 4
      vertex -1.4 0 4
    endloop
  endfacet
  facet normal 0 0 1
    outer loop
      vertex 1.40609 -0.139449 4
      vertex -1.40609 -0.139449 4
      vertex 1.42431 -0.277837 4
    endloop
  endfacet
  facet normal 0 0 1
    outer loop
      vertex -1.42431 -0.277837 4
      vertex 1.42431 -0.277837 4
      vertex -1.40609 -0.139449 4
    endloop
  endfacet
  facet normal 0 0 1
    outer loop
      vertex 1.42431 -0.277837 4
      vertex -1.42431 -0.277837 4
      vertex 1.45452 -0.41411 4
    endloop
  endfacet
  facet normal 0 0 1
    outer loop
      vertex -1.45452 -0.41411 4
      vertex 1.45452 -0.41411 4
      vertex -1.42431 -0.277837 4
    endloop
  endfacet
  facet normal 0 0 1
    outer loop
      vertex 1.45452 -0.41411 4
      vertex -1.45452 -0.41411 4
      vertex 1.49649 -0.547232 4
    endloop
  endfacet
  facet normal 0 0 1
    outer loop
      vertex -1.49649 -0.547232 4
      vertex 1.49649 -0.547232 4
      vertex -1.45452 -0.41411 4
    endloop
  endfacet
  facet normal 0 0 1
    outer loop
      vertex 1.49649 -0.547232 4
      vertex -1.49649 -0.547232 4
      vertex 1.54991 -0.676188 4
    endloop
  endfacet
  facet normal 0 0 1
    outer loop
      vertex -1.54991 -0.676188 4
      vertex 1.54991 -0.676188 4
      vertex -1.49649 -0.547232 4
    endloop
  endfacet
  facet normal 0 0 1
    outer loop
      vertex 1.54991 -0.676188 4
      vertex -1.54991 -0.676188 4
      vertex 1.61436 -0.799999 4
    endloop
  endfacet
  facet normal 0 0 1
    outer loop
      vertex -1.61436 -0.799999 4
      vertex 1.61436 -0.799999 4
      vertex -1.54991 -0.676188 4
    endloop
  endfacet
  facet normal 0 0 1
    outer loop
      vertex 1.61436 -0.799999 4
      vertex -1.61436 -0.799999 4
      vertex 1.68936 -0.917722 4
    endloop
  endfacet
  facet normal 0 0 1
    outer loop
      vertex -1.68936 -0.917722 4
      vertex 1.68936 -0.917722 4
      vertex -1.61436 -0.799999 4
    endloop
  endfacet
  facet normal 0 0 1
    outer loop
      vertex 1.68936 -0.917722 4
      vertex -1.68936 -0.917722 4
      vertex 1.77433 -1.02846 4
    endloop
  endfacet
  facet normal 0 0 1
    outer loop
      vertex -1.77433 -1.02846 4
      vertex 1.77433 -1.02846 4
      vertex -1.68936 -0.917722 4
    endloop
  endfacet
  facet normal 0 0 1
    outer loop
      vertex 1.77433 -1.02846 4
      vertex -1.77433 -1.02846 4
      vertex 1.86863 -1.13137 4
    endloop
  endfacet
  facet normal 0 0 1
    outer loop
      vertex -1.86863 -1.13137 4
      vertex 1.86863 -1.13137 4
      vertex -1.77433 -1.02846 4
    endloop
  endfacet
  facet normal 0 0 1
    outer loop
      vertex 1.86863 -1.13137 4
      vertex -1.86863 -1.13137 4
      vertex 1.97154 -1.22567 4
    endloop
  endfacet
  facet normal 0 0 1
    outer loop
      vertex -1.97154 -1.22567 4
      vertex 1.97154 -1.22567 4
      vertex -1.86863 -1.13137 4
    endloop
  endfacet
  facet normal 0 0 1
    outer loop
      vertex 1.97154 -1.22567 4
      vertex -1.97154 -1.22567 4
      vertex 2.08228 -1.31064 4
    endloop
  endfacet
  facet normal 0 0 1
    outer loop
      vertex -2.08228 -1.31064 4
      vertex 2.08228 -1.31064 4
      vertex -1.97154 -1.22567 4
    endloop
  endfacet
  facet normal 0 0 1
    outer loop
      vertex -2.2 -1.38564 4
      vertex 2.08228 -1.31064 4
      vertex -2.08228 -1.31064 4
    endloop
  endfacet
  facet normal 0 0 1
    outer loop
      vertex 2.2 -1.38564 4
      vertex -2.2 -1.38564 4
      vertex -2.32381 -1.45009 4
    endloop
  endfacet
  facet normal 0 0 1
    outer loop
      vertex 2.32381 -1.45009 4
      vertex -2.32381 -1.45009 4
      vertex -2.45277 -1.50351 4
    endloop
  endfacet
  facet normal 0 0 1
    outer loop
      vertex 2.45277 -1.50351 4
      vertex -2.45277 -1.50351 4
      vertex -2.58589 -1.54548 4
    endloop
  endfacet
  facet normal 0 0 1
    outer loop
      vertex 2.58589 -1.54548 4
      vertex -2.58589 -1.54548 4
      vertex -2.72216 -1.57569 4
    endloop
  endfacet
  facet normal 0 0 1
    outer loop
      vertex 2.72216 -1.57569 4
      vertex -2.72216 -1.57569 4
      vertex 18.2 -13 4
    endloop
  endfacet
  facet normal -0 0 1
    outer loop
      vertex -2.86055 -1.59391 4
      vertex 18.2 -13 4
      vertex -2.72216 -1.57569 4
    endloop
  endfacet
  facet normal 0 0 1
    outer loop
      vertex -18.2 -13 4
      vertex -2.86055 -1.59391 4
      vertex -3 -1.6 4
    endloop
  endfacet
  facet normal 0 0 1
    outer loop
      vertex -18.2 -13 4
      vertex -3 -1.6 4
      vertex -3.13945 -1.59391 4
    endloop
  endfacet
  facet normal 0 0 1
    outer loop
      vertex -18.2 -13 4
      vertex -3.13945 -1.59391 4
      vertex -3.27784 -1.57569 4
    endloop
  endfacet
  facet normal 0 0 1
    outer loop
      vertex -18.2 -13 4
      vertex -3.27784 -1.57569 4
      vertex -3.41411 -1.54548 4
    endloop
  endfacet
  facet normal 0 0 1
    outer loop
      vertex -8.58589 -1.54548 4
      vertex -3.41411 -1.54548 4
      vertex -3.54723 -1.50351 4
    endloop
  endfacet
  facet normal 0 0 1
    outer loop
      vertex -8.45277 -1.50351 4
      vertex -3.54723 -1.50351 4
      vertex -3.67619 -1.45009 4
    endloop
  endfacet
  facet normal 0 0 1
    outer loop
      vertex -8.32381 -1.45009 4
      vertex -3.67619 -1.45009 4
      vertex -3.8 -1.38564 4
    endloop
  endfacet
  facet normal -0 0 1
    outer loop
      vertex -7.4 0 4
      vertex -4.59391 -0.139449 4
      vertex -4.6 0 4
    endloop
  endfacet
  facet normal 0 0 1
    outer loop
      vertex -7.40609 -0.139449 4
      vertex -4.59391 -0.139449 4
      vertex -7.4 0 4
    endloop
  endfacet
  facet normal 0 0 1
    outer loop
      vertex -4.59391 -0.139449 4
      vertex -7.40609 -0.139449 4
      vertex -4.57569 -0.277837 4
    endloop
  endfacet
  facet normal 0 0 1
    outer loop
      vertex -7.42431 -0.277837 4
      vertex -4.57569 -0.277837 4
      vertex -7.40609 -0.139449 4
    endloop
  endfacet
  facet normal 0 0 1
    outer loop
      vertex -4.57569 -0.277837 4
      vertex -7.42431 -0.277837 4
      vertex -4.54548 -0.41411 4
    endloop
  endfacet
  facet normal 0 0 1
    outer loop
      vertex -7.45452 -0.41411 4
      vertex -4.54548 -0.41411 4
      vertex -7.42431 -0.277837 4
    endloop
  endfacet
  facet normal 0 0 1
    outer loop
      vertex -4.54548 -0.41411 4
      vertex -7.45452 -0.41411 4
      vertex -4.50351 -0.547232 4
    endloop
  endfacet
  facet normal 0 0 1
    outer loop
      vertex -7.49649 -0.547232 4
      vertex -4.50351 -0.547232 4
      vertex -7.45452 -0.41411 4
    endloop
  endfacet
  facet normal 0 0 1
    outer loop
      vertex -4.50351 -0.547232 4
      vertex -7.49649 -0.547232 4
      vertex -4.45009 -0.676188 4
    endloop
  endfacet
  facet normal 0 0 1
    outer loop
      vertex -7.54991 -0.676188 4
      vertex -4.45009 -0.676188 4
      vertex -7.49649 -0.547232 4
    endloop
  endfacet
  facet normal 0 0 1
    outer loop
      vertex -4.45009 -0.676188 4
      vertex -7.54991 -0.676188 4
      vertex -4.38564 -0.799999 4
    endloop
  endfacet
  facet normal 0 0 1
    outer loop
      vertex -7.61436 -0.799999 4
      vertex -4.38564 -0.799999 4
      vertex -7.54991 -0.676188 4
    endloop
  endfacet
  facet normal 0 0 1
    outer loop
      vertex -4.38564 -0.799999 4
      vertex -7.61436 -0.799999 4
      vertex -4.31064 -0.917722 4
    endloop
  endfacet
  facet normal 0 0 1
    outer loop
      vertex -7.68936 -0.917722 4
      vertex -4.31064 -0.917722 4
      vertex -7.61436 -0.799999 4
    endloop
  endfacet
  facet normal 0 0 1
    outer loop
      vertex -4.31064 -0.917722 4
      vertex -7.68936 -0.917722 4
      vertex -4.22567 -1.02846 4
    endloop
  endfacet
  facet normal 0 0 1
    outer loop
      vertex -7.77433 -1.02846 4
      vertex -4.22567 -1.02846 4
      vertex -7.68936 -0.917722 4
    endloop
  endfacet
  facet normal 0 0 1
    outer loop
      vertex -4.22567 -1.02846 4
      vertex -7.77433 -1.02846 4
      vertex -4.13137 -1.13137 4
    endloop
  endfacet
  facet normal 0 0 1
    outer loop
      vertex -7.86863 -1.13137 4
      vertex -4.13137 -1.13137 4
      vertex -7.77433 -1.02846 4
    endloop
  endfacet
  facet normal 0 0 1
    outer loop
      vertex -4.13137 -1.13137 4
      vertex -7.86863 -1.13137 4
      vertex -4.02846 -1.22567 4
    endloop
  endfacet
  facet normal 0 0 1
    outer loop
      vertex -7.97154 -1.22567 4
      vertex -4.02846 -1.22567 4
      vertex -7.86863 -1.13137 4
    endloop
  endfacet
  facet normal 0 0 1
    outer loop
      vertex -4.02846 -1.22567 4
      vertex -7.97154 -1.22567 4
      vertex -3.91772 -1.31064 4
    endloop
  endfacet
  facet normal 0 0 1
    outer loop
      vertex -8.08228 -1.31064 4
      vertex -3.91772 -1.31064 4
      vertex -7.97154 -1.22567 4
    endloop
  endfacet
  facet normal 0 0 1
    outer loop
      vertex -3.91772 -1.31064 4
      vertex -8.08228 -1.31064 4
      vertex -3.8 -1.38564 4
    endloop
  endfacet
  facet normal 0 0 1
    outer loop
      vertex -8.2 -1.38564 4
      vertex -3.8 -1.38564 4
      vertex -8.08228 -1.31064 4
    endloop
  endfacet
  facet normal 0 0 1
    outer loop
      vertex -8.32381 -1.45009 4
      vertex -3.8 -1.38564 4
      vertex -8.2 -1.38564 4
    endloop
  endfacet
  facet normal 0 0 1
    outer loop
      vertex -3.67619 -1.45009 4
      vertex -8.32381 -1.45009 4
      vertex -8.45277 -1.50351 4
    endloop
  endfacet
  facet normal 0 0 1
    outer loop
      vertex -3.54723 -1.50351 4
      vertex -8.45277 -1.50351 4
      vertex -8.58589 -1.54548 4
    endloop
  endfacet
  facet normal 0 0 1
    outer loop
      vertex -3.41411 -1.54548 4
      vertex -8.58589 -1.54548 4
      vertex -18.2 -13 4
    endloop
  endfacet
  facet normal 0 0 1
    outer loop
      vertex -18.2 -13 4
      vertex -8.58589 -1.54548 4
      vertex -8.72216 -1.57569 4
    endloop
  endfacet
  facet normal 0 0 1
    outer loop
      vertex -18.2 -13 4
      vertex -8.72216 -1.57569 4
      vertex -8.86055 -1.59391 4
    endloop
  endfacet
  facet normal 0 0 1
    outer loop
      vertex -18.2 -13 4
      vertex -8.86055 -1.59391 4
      vertex -9 -1.6 4
    endloop
  endfacet
  facet normal 0 0 1
    outer loop
      vertex -18.2 -13 4
      vertex -9 -1.6 4
      vertex -9.13945 -1.59391 4
    endloop
  endfacet
  facet normal 0 0 1
    outer loop
      vertex -18.2 -13 4
      vertex -9.13945 -1.59391 4
      vertex -9.27784 -1.57569 4
    endloop
  endfacet
  facet normal 0 0 1
    outer loop
      vertex -18.2 -13 4
      vertex -9.27784 -1.57569 4
      vertex -9.41411 -1.54548 4
    endloop
  endfacet
  facet normal 0 0 1
    outer loop
      vertex -18.2 -13 4
      vertex -9.41411 -1.54548 4
      vertex -9.54723 -1.50351 4
    endloop
  endfacet
  facet normal 0 0 1
    outer loop
      vertex -18.2 -13 4
      vertex -9.54723 -1.50351 4
      vertex -9.67619 -1.45009 4
    endloop
  endfacet
  facet normal 0 0 1
    outer loop
      vertex -18.2 -13 4
      vertex -10.6 0 4
      vertex -18.2 13 4
    endloop
  endfacet
  facet normal 0 0 1
    outer loop
      vertex -10.6 0 4
      vertex -18.2 -13 4
      vertex -10.5939 -0.139449 4
    endloop
  endfacet
  facet normal 0 0 1
    outer loop
      vertex -10.5939 -0.139449 4
      vertex -18.2 -13 4
      vertex -10.5757 -0.277837 4
    endloop
  endfacet
  facet normal 0 0 1
    outer loop
      vertex -10.5757 -0.277837 4
      vertex -18.2 -13 4
      vertex -10.5455 -0.41411 4
    endloop
  endfacet
  facet normal 0 0 1
    outer loop
      vertex -10.5455 -0.41411 4
      vertex -18.2 -13 4
      vertex -10.5035 -0.547232 4
    endloop
  endfacet
  facet normal 0 0 1
    outer loop
      vertex -10.5035 -0.547232 4
      vertex -18.2 -13 4
      vertex -10.4501 -0.676188 4
    endloop
  endfacet
  facet normal 0 0 1
    outer loop
      vertex -2.86055 -1.59391 4
      vertex -18.2 -13 4
      vertex 18.2 -13 4
    endloop
  endfacet
  facet normal 0 0 1
    outer loop
      vertex -9.8 -1.38564 4
      vertex -18.2 -13 4
      vertex -9.67619 -1.45009 4
    endloop
  endfacet
  facet normal 0 0 1
    outer loop
      vertex -9.91772 -1.31064 4
      vertex -18.2 -13 4
      vertex -9.8 -1.38564 4
    endloop
  endfacet
  facet normal 0 0 1
    outer loop
      vertex -10.0285 -1.22567 4
      vertex -18.2 -13 4
      vertex -9.91772 -1.31064 4
    endloop
  endfacet
  facet normal 0 0 1
    outer loop
      vertex -10.1314 -1.13137 4
      vertex -18.2 -13 4
      vertex -10.0285 -1.22567 4
    endloop
  endfacet
  facet normal 0 0 1
    outer loop
      vertex -10.2257 -1.02846 4
      vertex -18.2 -13 4
      vertex -10.1314 -1.13137 4
    endloop
  endfacet
  facet normal 0 0 1
    outer loop
      vertex -10.3106 -0.917722 4
      vertex -18.2 -13 4
      vertex -10.2257 -1.02846 4
    endloop
  endfacet
  facet normal 0 0 1
    outer loop
      vertex -10.3856 -0.799999 4
      vertex -18.2 -13 4
      vertex -10.3106 -0.917722 4
    endloop
  endfacet
  facet normal 0 0 1
    outer loop
      vertex -10.4501 -0.676188 4
      vertex -18.2 -13 4
      vertex -10.3856 -0.799999 4
    endloop
  endfacet
  facet normal 0 0 -1
    outer loop
      vertex 18.2 -13 0
      vertex 10.6 0 0
      vertex 18.2 13 0
    endloop
  endfacet
  facet normal 0 0 -1
    outer loop
      vertex 18.2 -13 0
      vertex 10.5939 -0.139449 0
      vertex 10.6 0 0
    endloop
  endfacet
  facet normal 0 0 -1
    outer loop
      vertex 18.2 -13 0
      vertex 10.5757 -0.277837 0
      vertex 10.5939 -0.139449 0
    endloop
  endfacet
  facet normal 0 0 -1
    outer loop
      vertex 18.2 -13 0
      vertex 10.5455 -0.41411 0
      vertex 10.5757 -0.277837 0
    endloop
  endfacet
  facet normal 0 0 -1
    outer loop
      vertex 18.2 -13 0
      vertex 10.5035 -0.547232 0
      vertex 10.5455 -0.41411 0
    endloop
  endfacet
  facet normal 0 0 -1
    outer loop
      vertex 18.2 -13 0
      vertex 10.4501 -0.676188 0
      vertex 10.5035 -0.547232 0
    endloop
  endfacet
  facet normal 0 0 -1
    outer loop
      vertex 18.2 -13 0
      vertex 10.3856 -0.799999 0
      vertex 10.4501 -0.676188 0
    endloop
  endfacet
  facet normal 0 0 -1
    outer loop
      vertex 18.2 -13 0
      vertex 10.3106 -0.917722 0
      vertex 10.3856 -0.799999 0
    endloop
  endfacet
  facet normal 0 0 -1
    outer loop
      vertex 18.2 -13 0
      vertex 10.2257 -1.02846 0
      vertex 10.3106 -0.917722 0
    endloop
  endfacet
  facet normal 0 0 -1
    outer loop
      vertex 18.2 -13 0
      vertex 10.1314 -1.13137 0
      vertex 10.2257 -1.02846 0
    endloop
  endfacet
  facet normal 0 0 -1
    outer loop
      vertex 18.2 -13 0
      vertex 10.0285 -1.22567 0
      vertex 10.1314 -1.13137 0
    endloop
  endfacet
  facet normal 0 0 -1
    outer loop
      vertex 18.2 -13 0
      vertex 9.91772 -1.31064 0
      vertex 10.0285 -1.22567 0
    endloop
  endfacet
  facet normal 0 0 -1
    outer loop
      vertex 18.2 -13 0
      vertex 9.8 -1.38564 0
      vertex 9.91772 -1.31064 0
    endloop
  endfacet
  facet normal 0 0 -1
    outer loop
      vertex 18.2 -13 0
      vertex 9.67619 -1.45009 0
      vertex 9.8 -1.38564 0
    endloop
  endfacet
  facet normal 0 0 -1
    outer loop
      vertex 18.2 -13 0
      vertex 9.54723 -1.50351 0
      vertex 9.67619 -1.45009 0
    endloop
  endfacet
  facet normal 0 0 -1
    outer loop
      vertex 18.2 -13 0
      vertex 9.41411 -1.54548 0
      vertex 9.54723 -1.50351 0
    endloop
  endfacet
  facet normal 0 0 -1
    outer loop
      vertex 18.2 -13 0
      vertex 9.27784 -1.57569 0
      vertex 9.41411 -1.54548 0
    endloop
  endfacet
  facet normal 0 0 -1
    outer loop
      vertex 18.2 -13 0
      vertex 9.13945 -1.59391 0
      vertex 9.27784 -1.57569 0
    endloop
  endfacet
  facet normal 0 0 -1
    outer loop
      vertex 18.2 -13 0
      vertex 9 -1.6 0
      vertex 9.13945 -1.59391 0
    endloop
  endfacet
  facet normal 0 0 -1
    outer loop
      vertex 18.2 -13 0
      vertex 8.86055 -1.59391 0
      vertex 9 -1.6 0
    endloop
  endfacet
  facet normal 0 0 -1
    outer loop
      vertex 18.2 -13 0
      vertex 8.72216 -1.57569 0
      vertex 8.86055 -1.59391 0
    endloop
  endfacet
  facet normal 0 0 -1
    outer loop
      vertex 18.2 -13 0
      vertex 8.58589 -1.54548 0
      vertex 8.72216 -1.57569 0
    endloop
  endfacet
  facet normal 0 0 -1
    outer loop
      vertex 3.41411 -1.54548 0
      vertex 8.58589 -1.54548 0
      vertex 18.2 -13 0
    endloop
  endfacet
  facet normal 0 0 -1
    outer loop
      vertex 8.58589 -1.54548 0
      vertex 3.41411 -1.54548 0
      vertex 8.45277 -1.50351 0
    endloop
  endfacet
  facet normal 0 -0 -1
    outer loop
      vertex 3.54723 -1.50351 0
      vertex 8.45277 -1.50351 0
      vertex 3.41411 -1.54548 0
    endloop
  endfacet
  facet normal 0 0 -1
    outer loop
      vertex 8.45277 -1.50351 0
      vertex 3.54723 -1.50351 0
      vertex 8.32381 -1.45009 0
    endloop
  endfacet
  facet normal 0 -0 -1
    outer loop
      vertex 3.67619 -1.45009 0
      vertex 8.32381 -1.45009 0
      vertex 3.54723 -1.50351 0
    endloop
  endfacet
  facet normal 0 0 -1
    outer loop
      vertex 8.32381 -1.45009 0
      vertex 3.67619 -1.45009 0
      vertex 8.2 -1.38564 0
    endloop
  endfacet
  facet normal 0 -0 -1
    outer loop
      vertex 3.8 -1.38564 0
      vertex 8.2 -1.38564 0
      vertex 3.67619 -1.45009 0
    endloop
  endfacet
  facet normal 0 0 -1
    outer loop
      vertex 7.40609 -0.139449 0
      vertex 4.6 0 0
      vertex 7.4 0 0
    endloop
  endfacet
  facet normal 0 0 -1
    outer loop
      vertex 4.59391 -0.139449 0
      vertex 7.40609 -0.139449 0
      vertex 7.42431 -0.277837 0
    endloop
  endfacet
  facet normal 0 0 -1
    outer loop
      vertex 4.57569 -0.277837 0
      vertex 7.42431 -0.277837 0
      vertex 7.45452 -0.41411 0
    endloop
  endfacet
  facet normal 0 0 -1
    outer loop
      vertex 4.54548 -0.41411 0
      vertex 7.45452 -0.41411 0
      vertex 7.49649 -0.547232 0
    endloop
  endfacet
  facet normal 0 0 -1
    outer loop
      vertex 4.50351 -0.547232 0
      vertex 7.49649 -0.547232 0
      vertex 7.54991 -0.676188 0
    endloop
  endfacet
  facet normal 0 0 -1
    outer loop
      vertex 4.45009 -0.676188 0
      vertex 7.54991 -0.676188 0
      vertex 7.61436 -0.799999 0
    endloop
  endfacet
  facet normal 0 0 -1
    outer loop
      vertex 4.38564 -0.799999 0
      vertex 7.61436 -0.799999 0
      vertex 7.68936 -0.917722 0
    endloop
  endfacet
  facet normal 0 0 -1
    outer loop
      vertex 4.31064 -0.917722 0
      vertex 7.68936 -0.917722 0
      vertex 7.77433 -1.02846 0
    endloop
  endfacet
  facet normal 0 -0 -1
    outer loop
      vertex 3.91772 -1.31064 0
      vertex 8.08228 -1.31064 0
      vertex 3.8 -1.38564 0
    endloop
  endfacet
  facet normal 0 0 -1
    outer loop
      vertex 7.40609 -0.139449 0
      vertex 4.59391 -0.139449 0
      vertex 4.6 0 0
    endloop
  endfacet
  facet normal 0 0 -1
    outer loop
      vertex 7.42431 -0.277837 0
      vertex 4.57569 -0.277837 0
      vertex 4.59391 -0.139449 0
    endloop
  endfacet
  facet normal 0 0 -1
    outer loop
      vertex 7.45452 -0.41411 0
      vertex 4.54548 -0.41411 0
      vertex 4.57569 -0.277837 0
    endloop
  endfacet
  facet normal 0 0 -1
    outer loop
      vertex 7.49649 -0.547232 0
      vertex 4.50351 -0.547232 0
      vertex 4.54548 -0.41411 0
    endloop
  endfacet
  facet normal 0 0 -1
    outer loop
      vertex 7.54991 -0.676188 0
      vertex 4.45009 -0.676188 0
      vertex 4.50351 -0.547232 0
    endloop
  endfacet
  facet normal 0 0 -1
    outer loop
      vertex 7.61436 -0.799999 0
      vertex 4.38564 -0.799999 0
      vertex 4.45009 -0.676188 0
    endloop
  endfacet
  facet normal 0 0 -1
    outer loop
      vertex 7.68936 -0.917722 0
      vertex 4.31064 -0.917722 0
      vertex 4.38564 -0.799999 0
    endloop
  endfacet
  facet normal 0 0 -1
    outer loop
      vertex 7.77433 -1.02846 0
      vertex 4.22567 -1.02846 0
      vertex 4.31064 -0.917722 0
    endloop
  endfacet
  facet normal -0 0 -1
    outer loop
      vertex 7.77433 -1.02846 0
      vertex 4.13137 -1.13137 0
      vertex 4.22567 -1.02846 0
    endloop
  endfacet
  facet normal 0 0 -1
    outer loop
      vertex 7.86863 -1.13137 0
      vertex 4.13137 -1.13137 0
      vertex 7.77433 -1.02846 0
    endloop
  endfacet
  facet normal 0 -0 -1
    outer loop
      vertex 4.13137 -1.13137 0
      vertex 7.86863 -1.13137 0
      vertex 4.02846 -1.22567 0
    endloop
  endfacet
  facet normal 0 0 -1
    outer loop
      vertex 7.97154 -1.22567 0
      vertex 4.02846 -1.22567 0
      vertex 7.86863 -1.13137 0
    endloop
  endfacet
  facet normal 0 -0 -1
    outer loop
      vertex 4.02846 -1.22567 0
      vertex 7.97154 -1.22567 0
      vertex 3.91772 -1.31064 0
    endloop
  endfacet
  facet normal 0 0 -1
    outer loop
      vertex 8.08228 -1.31064 0
      vertex 3.91772 -1.31064 0
      vertex 7.97154 -1.22567 0
    endloop
  endfacet
  facet normal 0 0 -1
    outer loop
      vertex 8.2 -1.38564 0
      vertex 3.8 -1.38564 0
      vertex 8.08228 -1.31064 0
    endloop
  endfacet
  facet normal 0 0 -1
    outer loop
      vertex 18.2 -13 0
      vertex 3.27784 -1.57569 0
      vertex 3.41411 -1.54548 0
    endloop
  endfacet
  facet normal 0 0 -1
    outer loop
      vertex 18.2 -13 0
      vertex 3.13945 -1.59391 0
      vertex 3.27784 -1.57569 0
    endloop
  endfacet
  facet normal 0 0 -1
    outer loop
      vertex 18.2 -13 0
      vertex 3 -1.6 0
      vertex 3.13945 -1.59391 0
    endloop
  endfacet
  facet normal 0 0 -1
    outer loop
      vertex 18.2 -13 0
      vertex 2.86055 -1.59391 0
      vertex 3 -1.6 0
    endloop
  endfacet
  facet normal 0 0 -1
    outer loop
      vertex 18.2 -13 0
      vertex 2.72216 -1.57569 0
      vertex 2.86055 -1.59391 0
    endloop
  endfacet
  facet normal 0 0 -1
    outer loop
      vertex -2.72216 -1.57569 0
      vertex 2.72216 -1.57569 0
      vertex 18.2 -13 0
    endloop
  endfacet
  facet normal 0 0 -1
    outer loop
      vertex 2.72216 -1.57569 0
      vertex -2.72216 -1.57569 0
      vertex 2.58589 -1.54548 0
    endloop
  endfacet
  facet normal 0 -0 -1
    outer loop
      vertex -2.58589 -1.54548 0
      vertex 2.58589 -1.54548 0
      vertex -2.72216 -1.57569 0
    endloop
  endfacet
  facet normal 0 0 -1
    outer loop
      vertex 2.58589 -1.54548 0
      vertex -2.58589 -1.54548 0
      vertex 2.45277 -1.50351 0
    endloop
  endfacet
  facet normal 0 -0 -1
    outer loop
      vertex -2.45277 -1.50351 0
      vertex 2.45277 -1.50351 0
      vertex -2.58589 -1.54548 0
    endloop
  endfacet
  facet normal 0 0 -1
    outer loop
      vertex 1.40609 -0.139449 0
      vertex -1.4 0 0
      vertex 1.4 0 0
    endloop
  endfacet
  facet normal 0 0 -1
    outer loop
      vertex -1.40609 -0.139449 0
      vertex 1.40609 -0.139449 0
      vertex 1.42431 -0.277837 0
    endloop
  endfacet
  facet normal 0 0 -1
    outer loop
      vertex -1.42431 -0.277837 0
      vertex 1.42431 -0.277837 0
      vertex 1.45452 -0.41411 0
    endloop
  endfacet
  facet normal 0 0 -1
    outer loop
      vertex -1.45452 -0.41411 0
      vertex 1.45452 -0.41411 0
      vertex 1.49649 -0.547232 0
    endloop
  endfacet
  facet normal 0 0 -1
    outer loop
      vertex -1.49649 -0.547232 0
      vertex 1.49649 -0.547232 0
      vertex 1.54991 -0.676188 0
    endloop
  endfacet
  facet normal 0 0 -1
    outer loop
      vertex -1.54991 -0.676188 0
      vertex 1.54991 -0.676188 0
      vertex 1.61436 -0.799999 0
    endloop
  endfacet
  facet normal 0 0 -1
    outer loop
      vertex -1.61436 -0.799999 0
      vertex 1.61436 -0.799999 0
      vertex 1.68936 -0.917722 0
    endloop
  endfacet
  facet normal 0 0 -1
    outer loop
      vertex -1.68936 -0.917722 0
      vertex 1.68936 -0.917722 0
      vertex 1.77433 -1.02846 0
    endloop
  endfacet
  facet normal 0 0 -1
    outer loop
      vertex -1.77433 -1.02846 0
      vertex 1.77433 -1.02846 0
      vertex 1.86863 -1.13137 0
    endloop
  endfacet
  facet normal 0 0 -1
    outer loop
      vertex -1.86863 -1.13137 0
      vertex 1.86863 -1.13137 0
      vertex 1.97154 -1.22567 0
    endloop
  endfacet
  facet normal 0 0 -1
    outer loop
      vertex -1.97154 -1.22567 0
      vertex 1.97154 -1.22567 0
      vertex 2.08228 -1.31064 0
    endloop
  endfacet
  facet normal 0 0 -1
    outer loop
      vertex 2.45277 -1.50351 0
      vertex -2.45277 -1.50351 0
      vertex 2.32381 -1.45009 0
    endloop
  endfacet
  facet normal 0 0 -1
    outer loop
      vertex 1.40609 -0.139449 0
      vertex -1.40609 -0.139449 0
      vertex -1.4 0 0
    endloop
  endfacet
  facet normal 0 0 -1
    outer loop
      vertex 1.42431 -0.277837 0
      vertex -1.42431 -0.277837 0
      vertex -1.40609 -0.139449 0
    endloop
  endfacet
  facet normal 0 0 -1
    outer loop
      vertex 1.45452 -0.41411 0
      vertex -1.45452 -0.41411 0
      vertex -1.42431 -0.277837 0
    endloop
  endfacet
  facet normal 0 0 -1
    outer loop
      vertex 1.49649 -0.547232 0
      vertex -1.49649 -0.547232 0
      vertex -1.45452 -0.41411 0
    endloop
  endfacet
  facet normal 0 0 -1
    outer loop
      vertex 1.54991 -0.676188 0
      vertex -1.54991 -0.676188 0
      vertex -1.49649 -0.547232 0
    endloop
  endfacet
  facet normal 0 0 -1
    outer loop
      vertex 1.61436 -0.799999 0
      vertex -1.61436 -0.799999 0
      vertex -1.54991 -0.676188 0
    endloop
  endfacet
  facet normal 0 0 -1
    outer loop
      vertex 1.68936 -0.917722 0
      vertex -1.68936 -0.917722 0
      vertex -1.61436 -0.799999 0
    endloop
  endfacet
  facet normal 0 0 -1
    outer loop
      vertex 1.77433 -1.02846 0
      vertex -1.77433 -1.02846 0
      vertex -1.68936 -0.917722 0
    endloop
  endfacet
  facet normal 0 0 -1
    outer loop
      vertex 1.86863 -1.13137 0
      vertex -1.86863 -1.13137 0
      vertex -1.77433 -1.02846 0
    endloop
  endfacet
  facet normal 0 0 -1
    outer loop
      vertex 1.97154 -1.22567 0
      vertex -1.97154 -1.22567 0
      vertex -1.86863 -1.13137 0
    endloop
  endfacet
  facet normal 0 0 -1
    outer loop
      vertex 2.08228 -1.31064 0
      vertex -2.08228 -1.31064 0
      vertex -1.97154 -1.22567 0
    endloop
  endfacet
  facet normal -0 0 -1
    outer loop
      vertex 2.08228 -1.31064 0
      vertex -2.2 -1.38564 0
      vertex -2.08228 -1.31064 0
    endloop
  endfacet
  facet normal 0 0 -1
    outer loop
      vertex 2.2 -1.38564 0
      vertex -2.2 -1.38564 0
      vertex 2.08228 -1.31064 0
    endloop
  endfacet
  facet normal 0 -0 -1
    outer loop
      vertex -2.2 -1.38564 0
      vertex 2.2 -1.38564 0
      vertex -2.32381 -1.45009 0
    endloop
  endfacet
  facet normal 0 0 -1
    outer loop
      vertex 2.32381 -1.45009 0
      vertex -2.32381 -1.45009 0
      vertex 2.2 -1.38564 0
    endloop
  endfacet
  facet normal 0 -0 -1
    outer loop
      vertex -2.32381 -1.45009 0
      vertex 2.32381 -1.45009 0
      vertex -2.45277 -1.50351 0
    endloop
  endfacet
  facet normal 0 0 -1
    outer loop
      vertex 18.2 -13 0
      vertex -2.86055 -1.59391 0
      vertex -2.72216 -1.57569 0
    endloop
  endfacet
  facet normal 0 0 -1
    outer loop
      vertex -18.2 -13 0
      vertex -2.86055 -1.59391 0
      vertex 18.2 -13 0
    endloop
  endfacet
  facet normal 0 0 -1
    outer loop
      vertex -2.86055 -1.59391 0
      vertex -18.2 -13 0
      vertex -3 -1.6 0
    endloop
  endfacet
  facet normal -0 0 -1
    outer loop
      vertex -3 -1.6 0
      vertex -18.2 -13 0
      vertex -3.13945 -1.59391 0
    endloop
  endfacet
  facet normal -0 0 -1
    outer loop
      vertex -3.13945 -1.59391 0
      vertex -18.2 -13 0
      vertex -3.27784 -1.57569 0
    endloop
  endfacet
  facet normal -0 0 -1
    outer loop
      vertex -3.27784 -1.57569 0
      vertex -18.2 -13 0
      vertex -3.41411 -1.54548 0
    endloop
  endfacet
  facet normal 0 -0 -1
    outer loop
      vertex -8.58589 -1.54548 0
      vertex -3.41411 -1.54548 0
      vertex -18.2 -13 0
    endloop
  endfacet
  facet normal 0 0 -1
    outer loop
      vertex -3.41411 -1.54548 0
      vertex -8.58589 -1.54548 0
      vertex -3.54723 -1.50351 0
    endloop
  endfacet
  facet normal 0 0 -1
    outer loop
      vertex -4.59391 -0.139449 0
      vertex -7.4 0 0
      vertex -4.6 0 0
    endloop
  endfacet
  facet normal 0 0 -1
    outer loop
      vertex -7.40609 -0.139449 0
      vertex -4.59391 -0.139449 0
      vertex -4.57569 -0.277837 0
    endloop
  endfacet
  facet normal 0 0 -1
    outer loop
      vertex -7.42431 -0.277837 0
      vertex -4.57569 -0.277837 0
      vertex -4.54548 -0.41411 0
    endloop
  endfacet
  facet normal 0 0 -1
    outer loop
      vertex -7.45452 -0.41411 0
      vertex -4.54548 -0.41411 0
      vertex -4.50351 -0.547232 0
    endloop
  endfacet
  facet normal 0 0 -1
    outer loop
      vertex -7.49649 -0.547232 0
      vertex -4.50351 -0.547232 0
      vertex -4.45009 -0.676188 0
    endloop
  endfacet
  facet normal 0 0 -1
    outer loop
      vertex -7.54991 -0.676188 0
      vertex -4.45009 -0.676188 0
      vertex -4.38564 -0.799999 0
    endloop
  endfacet
  facet normal 0 0 -1
    outer loop
      vertex -7.61436 -0.799999 0
      vertex -4.38564 -0.799999 0
      vertex -4.31064 -0.917722 0
    endloop
  endfacet
  facet normal 0 0 -1
    outer loop
      vertex -7.68936 -0.917722 0
      vertex -4.31064 -0.917722 0
      vertex -4.22567 -1.02846 0
    endloop
  endfacet
  facet normal 0 0 -1
    outer loop
      vertex -7.77433 -1.02846 0
      vertex -4.22567 -1.02846 0
      vertex -4.13137 -1.13137 0
    endloop
  endfacet
  facet normal 0 0 -1
    outer loop
      vertex -7.86863 -1.13137 0
      vertex -4.13137 -1.13137 0
      vertex -4.02846 -1.22567 0
    endloop
  endfacet
  facet normal 0 0 -1
    outer loop
      vertex -7.97154 -1.22567 0
      vertex -4.02846 -1.22567 0
      vertex -3.91772 -1.31064 0
    endloop
  endfacet
  facet normal 0 0 -1
    outer loop
      vertex -8.08228 -1.31064 0
      vertex -3.91772 -1.31064 0
      vertex -3.8 -1.38564 0
    endloop
  endfacet
  facet normal 0 -0 -1
    outer loop
      vertex -8.45277 -1.50351 0
      vertex -3.54723 -1.50351 0
      vertex -8.58589 -1.54548 0
    endloop
  endfacet
  facet normal 0 0 -1
    outer loop
      vertex -4.59391 -0.139449 0
      vertex -7.40609 -0.139449 0
      vertex -7.4 0 0
    endloop
  endfacet
  facet normal 0 0 -1
    outer loop
      vertex -4.57569 -0.277837 0
      vertex -7.42431 -0.277837 0
      vertex -7.40609 -0.139449 0
    endloop
  endfacet
  facet normal 0 0 -1
    outer loop
      vertex -4.54548 -0.41411 0
      vertex -7.45452 -0.41411 0
      vertex -7.42431 -0.277837 0
    endloop
  endfacet
  facet normal 0 0 -1
    outer loop
      vertex -4.50351 -0.547232 0
      vertex -7.49649 -0.547232 0
      vertex -7.45452 -0.41411 0
    endloop
  endfacet
  facet normal 0 0 -1
    outer loop
      vertex -4.45009 -0.676188 0
      vertex -7.54991 -0.676188 0
      vertex -7.49649 -0.547232 0
    endloop
  endfacet
  facet normal 0 0 -1
    outer loop
      vertex -4.38564 -0.799999 0
      vertex -7.61436 -0.799999 0
      vertex -7.54991 -0.676188 0
    endloop
  endfacet
  facet normal 0 0 -1
    outer loop
      vertex -4.31064 -0.917722 0
      vertex -7.68936 -0.917722 0
      vertex -7.61436 -0.799999 0
    endloop
  endfacet
  facet normal 0 0 -1
    outer loop
      vertex -4.22567 -1.02846 0
      vertex -7.77433 -1.02846 0
      vertex -7.68936 -0.917722 0
    endloop
  endfacet
  facet normal 0 0 -1
    outer loop
      vertex -4.13137 -1.13137 0
      vertex -7.86863 -1.13137 0
      vertex -7.77433 -1.02846 0
    endloop
  endfacet
  facet normal 0 0 -1
    outer loop
      vertex -4.02846 -1.22567 0
      vertex -7.97154 -1.22567 0
      vertex -7.86863 -1.13137 0
    endloop
  endfacet
  facet normal 0 0 -1
    outer loop
      vertex -3.91772 -1.31064 0
      vertex -8.08228 -1.31064 0
      vertex -7.97154 -1.22567 0
    endloop
  endfacet
  facet normal 0 0 -1
    outer loop
      vertex -3.8 -1.38564 0
      vertex -8.2 -1.38564 0
      vertex -8.08228 -1.31064 0
    endloop
  endfacet
  facet normal -0 0 -1
    outer loop
      vertex -3.8 -1.38564 0
      vertex -8.32381 -1.45009 0
      vertex -8.2 -1.38564 0
    endloop
  endfacet
  facet normal 0 0 -1
    outer loop
      vertex -3.54723 -1.50351 0
      vertex -8.45277 -1.50351 0
      vertex -3.67619 -1.45009 0
    endloop
  endfacet
  facet normal 0 0 -1
    outer loop
      vertex -3.67619 -1.45009 0
      vertex -8.32381 -1.45009 0
      vertex -3.8 -1.38564 0
    endloop
  endfacet
  facet normal 0 -0 -1
    outer loop
      vertex -8.32381 -1.45009 0
      vertex -3.67619 -1.45009 0
      vertex -8.45277 -1.50351 0
    endloop
  endfacet
  facet normal 0 0 -1
    outer loop
      vertex -8.58589 -1.54548 0
      vertex -18.2 -13 0
      vertex -8.72216 -1.57569 0
    endloop
  endfacet
  facet normal 0 0 -1
    outer loop
      vertex -8.72216 -1.57569 0
      vertex -18.2 -13 0
      vertex -8.86055 -1.59391 0
    endloop
  endfacet
  facet normal 0 0 -1
    outer loop
      vertex -8.86055 -1.59391 0
      vertex -18.2 -13 0
      vertex -9 -1.6 0
    endloop
  endfacet
  facet normal -0 0 -1
    outer loop
      vertex -9 -1.6 0
      vertex -18.2 -13 0
      vertex -9.13945 -1.59391 0
    endloop
  endfacet
  facet normal -0 0 -1
    outer loop
      vertex -9.13945 -1.59391 0
      vertex -18.2 -13 0
      vertex -9.27784 -1.57569 0
    endloop
  endfacet
  facet normal -0 0 -1
    outer loop
      vertex -9.27784 -1.57569 0
      vertex -18.2 -13 0
      vertex -9.41411 -1.54548 0
    endloop
  endfacet
  facet normal -0 0 -1
    outer loop
      vertex -9.41411 -1.54548 0
      vertex -18.2 -13 0
      vertex -9.54723 -1.50351 0
    endloop
  endfacet
  facet normal -0 0 -1
    outer loop
      vertex -10.5939 -0.139449 0
      vertex -18.2 -13 0
      vertex -10.6 0 0
    endloop
  endfacet
  facet normal -0 0 -1
    outer loop
      vertex -10.5757 -0.277837 0
      vertex -18.2 -13 0
      vertex -10.5939 -0.139449 0
    endloop
  endfacet
  facet normal -0 0 -1
    outer loop
      vertex -10.5455 -0.41411 0
      vertex -18.2 -13 0
      vertex -10.5757 -0.277837 0
    endloop
  endfacet
  facet normal -0 0 -1
    outer loop
      vertex -10.5035 -0.547232 0
      vertex -18.2 -13 0
      vertex -10.5455 -0.41411 0
    endloop
  endfacet
  facet normal -0 0 -1
    outer loop
      vertex -10.4501 -0.676188 0
      vertex -18.2 -13 0
      vertex -10.5035 -0.547232 0
    endloop
  endfacet
  facet normal -0 0 -1
    outer loop
      vertex -10.3856 -0.799999 0
      vertex -18.2 -13 0
      vertex -10.4501 -0.676188 0
    endloop
  endfacet
  facet normal -0 0 -1
    outer loop
      vertex -10.3106 -0.917722 0
      vertex -18.2 -13 0
      vertex -10.3856 -0.799999 0
    endloop
  endfacet
  facet normal -0 0 -1
    outer loop
      vertex -10.2257 -1.02846 0
      vertex -18.2 -13 0
      vertex -10.3106 -0.917722 0
    endloop
  endfacet
  facet normal -0 0 -1
    outer loop
      vertex -10.1314 -1.13137 0
      vertex -18.2 -13 0
      vertex -10.2257 -1.02846 0
    endloop
  endfacet
  facet normal -0 0 -1
    outer loop
      vertex -10.0285 -1.22567 0
      vertex -18.2 -13 0
      vertex -10.1314 -1.13137 0
    endloop
  endfacet
  facet normal -0 0 -1
    outer loop
      vertex -9.91772 -1.31064 0
      vertex -18.2 -13 0
      vertex -10.0285 -1.22567 0
    endloop
  endfacet
  facet normal -0 0 -1
    outer loop
      vertex -9.8 -1.38564 0
      vertex -18.2 -13 0
      vertex -9.91772 -1.31064 0
    endloop
  endfacet
  facet normal -0 0 -1
    outer loop
      vertex -9.67619 -1.45009 0
      vertex -18.2 -13 0
      vertex -9.8 -1.38564 0
    endloop
  endfacet
  facet normal -0 0 -1
    outer loop
      vertex -9.54723 -1.50351 0
      vertex -18.2 -13 0
      vertex -9.67619 -1.45009 0
    endloop
  endfacet
  facet normal 0 0 -1
    outer loop
      vertex 10.5939 0.139449 0
      vertex 18.2 13 0
      vertex 10.6 0 0
    endloop
  endfacet
  facet normal 0 0 -1
    outer loop
      vertex 10.5757 0.277837 0
      vertex 18.2 13 0
      vertex 10.5939 0.139449 0
    endloop
  endfacet
  facet normal 0 0 -1
    outer loop
      vertex 10.5455 0.41411 0
      vertex 18.2 13 0
      vertex 10.5757 0.277837 0
    endloop
  endfacet
  facet normal 0 0 -1
    outer loop
      vertex 10.5035 0.547232 0
      vertex 18.2 13 0
      vertex 10.5455 0.41411 0
    endloop
  endfacet
  facet normal 0 0 -1
    outer loop
      vertex 10.4501 0.676188 0
      vertex 18.2 13 0
      vertex 10.5035 0.547232 0
    endloop
  endfacet
  facet normal 0 0 -1
    outer loop
      vertex 10.3856 0.799999 0
      vertex 18.2 13 0
      vertex 10.4501 0.676188 0
    endloop
  endfacet
  facet normal 0 0 -1
    outer loop
      vertex 10.3106 0.917722 0
      vertex 18.2 13 0
      vertex 10.3856 0.799999 0
    endloop
  endfacet
  facet normal 0 0 -1
    outer loop
      vertex 10.2257 1.02846 0
      vertex 18.2 13 0
      vertex 10.3106 0.917722 0
    endloop
  endfacet
  facet normal 0 0 -1
    outer loop
      vertex 10.1314 1.13137 0
      vertex 18.2 13 0
      vertex 10.2257 1.02846 0
    endloop
  endfacet
  facet normal 0 0 -1
    outer loop
      vertex 10.0285 1.22567 0
      vertex 18.2 13 0
      vertex 10.1314 1.13137 0
    endloop
  endfacet
  facet normal 0 0 -1
    outer loop
      vertex 9.91772 1.31064 0
      vertex 18.2 13 0
      vertex 10.0285 1.22567 0
    endloop
  endfacet
  facet normal 0 0 -1
    outer loop
      vertex 9.8 1.38564 0
      vertex 18.2 13 0
      vertex 9.91772 1.31064 0
    endloop
  endfacet
  facet normal 0 0 -1
    outer loop
      vertex 9.67619 1.45009 0
      vertex 18.2 13 0
      vertex 9.8 1.38564 0
    endloop
  endfacet
  facet normal 0 0 -1
    outer loop
      vertex 9.54723 1.50351 0
      vertex 18.2 13 0
      vertex 9.67619 1.45009 0
    endloop
  endfacet
  facet normal 0 0 -1
    outer loop
      vertex 9.41411 1.54548 0
      vertex 18.2 13 0
      vertex 9.54723 1.50351 0
    endloop
  endfacet
  facet normal 0 0 -1
    outer loop
      vertex 9.27784 1.57569 0
      vertex 18.2 13 0
      vertex 9.41411 1.54548 0
    endloop
  endfacet
  facet normal 0 0 -1
    outer loop
      vertex 9.13945 1.59391 0
      vertex 18.2 13 0
      vertex 9.27784 1.57569 0
    endloop
  endfacet
  facet normal 0 0 -1
    outer loop
      vertex 9 1.6 0
      vertex 18.2 13 0
      vertex 9.13945 1.59391 0
    endloop
  endfacet
  facet normal 0 0 -1
    outer loop
      vertex 8.86055 1.59391 0
      vertex 18.2 13 0
      vertex 9 1.6 0
    endloop
  endfacet
  facet normal 0 0 -1
    outer loop
      vertex 8.72216 1.57569 0
      vertex 18.2 13 0
      vertex 8.86055 1.59391 0
    endloop
  endfacet
  facet normal 0 0 -1
    outer loop
      vertex 8.58589 1.54548 0
      vertex 18.2 13 0
      vertex 8.72216 1.57569 0
    endloop
  endfacet
  facet normal 0 0 -1
    outer loop
      vertex 3.41411 1.54548 0
      vertex 8.58589 1.54548 0
      vertex 8.45277 1.50351 0
    endloop
  endfacet
  facet normal 0 0 -1
    outer loop
      vertex 3.54723 1.50351 0
      vertex 8.45277 1.50351 0
      vertex 8.32381 1.45009 0
    endloop
  endfacet
  facet normal 0 0 -1
    outer loop
      vertex 3.67619 1.45009 0
      vertex 8.32381 1.45009 0
      vertex 8.2 1.38564 0
    endloop
  endfacet
  facet normal 0 0 -1
    outer loop
      vertex 3.8 1.38564 0
      vertex 8.2 1.38564 0
      vertex 8.08228 1.31064 0
    endloop
  endfacet
  facet normal 0 0 -1
    outer loop
      vertex 3.91772 1.31064 0
      vertex 8.08228 1.31064 0
      vertex 7.97154 1.22567 0
    endloop
  endfacet
  facet normal 0 0 -1
    outer loop
      vertex 4.02846 1.22567 0
      vertex 7.97154 1.22567 0
      vertex 7.86863 1.13137 0
    endloop
  endfacet
  facet normal 0 0 -1
    outer loop
      vertex 4.13137 1.13137 0
      vertex 7.86863 1.13137 0
      vertex 7.77433 1.02846 0
    endloop
  endfacet
  facet normal 0 0 -1
    outer loop
      vertex 4.6 0 0
      vertex 7.40609 0.139449 0
      vertex 7.4 0 0
    endloop
  endfacet
  facet normal 0 0 -1
    outer loop
      vertex 4.59391 0.139449 0
      vertex 7.40609 0.139449 0
      vertex 4.6 0 0
    endloop
  endfacet
  facet normal 0 0 -1
    outer loop
      vertex 7.40609 0.139449 0
      vertex 4.59391 0.139449 0
      vertex 7.42431 0.277837 0
    endloop
  endfacet
  facet normal 0 0 -1
    outer loop
      vertex 4.57569 0.277837 0
      vertex 7.42431 0.277837 0
      vertex 4.59391 0.139449 0
    endloop
  endfacet
  facet normal 0 0 -1
    outer loop
      vertex 7.42431 0.277837 0
      vertex 4.57569 0.277837 0
      vertex 7.45452 0.41411 0
    endloop
  endfacet
  facet normal 0 0 -1
    outer loop
      vertex 4.54548 0.41411 0
      vertex 7.45452 0.41411 0
      vertex 4.57569 0.277837 0
    endloop
  endfacet
  facet normal 0 0 -1
    outer loop
      vertex 7.45452 0.41411 0
      vertex 4.54548 0.41411 0
      vertex 7.49649 0.547232 0
    endloop
  endfacet
  facet normal 0 0 -1
    outer loop
      vertex 4.50351 0.547232 0
      vertex 7.49649 0.547232 0
      vertex 4.54548 0.41411 0
    endloop
  endfacet
  facet normal 0 0 -1
    outer loop
      vertex 7.49649 0.547232 0
      vertex 4.50351 0.547232 0
      vertex 7.54991 0.676188 0
    endloop
  endfacet
  facet normal 0 0 -1
    outer loop
      vertex 4.45009 0.676188 0
      vertex 7.54991 0.676188 0
      vertex 4.50351 0.547232 0
    endloop
  endfacet
  facet normal 0 0 -1
    outer loop
      vertex 7.54991 0.676188 0
      vertex 4.45009 0.676188 0
      vertex 7.61436 0.799999 0
    endloop
  endfacet
  facet normal 0 0 -1
    outer loop
      vertex 4.38564 0.799999 0
      vertex 7.61436 0.799999 0
      vertex 4.45009 0.676188 0
    endloop
  endfacet
  facet normal 0 0 -1
    outer loop
      vertex 7.61436 0.799999 0
      vertex 4.38564 0.799999 0
      vertex 7.68936 0.917722 0
    endloop
  endfacet
  facet normal 0 0 -1
    outer loop
      vertex 4.31064 0.917722 0
      vertex 7.68936 0.917722 0
      vertex 4.38564 0.799999 0
    endloop
  endfacet
  facet normal 0 0 -1
    outer loop
      vertex 7.68936 0.917722 0
      vertex 4.31064 0.917722 0
      vertex 7.77433 1.02846 0
    endloop
  endfacet
  facet normal 0 0 -1
    outer loop
      vertex 4.22567 1.02846 0
      vertex 7.77433 1.02846 0
      vertex 4.31064 0.917722 0
    endloop
  endfacet
  facet normal 0 0 -1
    outer loop
      vertex 4.13137 1.13137 0
      vertex 7.77433 1.02846 0
      vertex 4.22567 1.02846 0
    endloop
  endfacet
  facet normal 0 0 -1
    outer loop
      vertex 7.86863 1.13137 0
      vertex 4.13137 1.13137 0
      vertex 4.02846 1.22567 0
    endloop
  endfacet
  facet normal 0 0 -1
    outer loop
      vertex 7.97154 1.22567 0
      vertex 4.02846 1.22567 0
      vertex 3.91772 1.31064 0
    endloop
  endfacet
  facet normal 0 0 -1
    outer loop
      vertex 8.08228 1.31064 0
      vertex 3.91772 1.31064 0
      vertex 3.8 1.38564 0
    endloop
  endfacet
  facet normal 0 0 -1
    outer loop
      vertex 8.2 1.38564 0
      vertex 3.8 1.38564 0
      vertex 3.67619 1.45009 0
    endloop
  endfacet
  facet normal 0 0 -1
    outer loop
      vertex 8.32381 1.45009 0
      vertex 3.67619 1.45009 0
      vertex 3.54723 1.50351 0
    endloop
  endfacet
  facet normal 0 0 -1
    outer loop
      vertex 8.45277 1.50351 0
      vertex 3.54723 1.50351 0
      vertex 3.41411 1.54548 0
    endloop
  endfacet
  facet normal 0 0 -1
    outer loop
      vertex 8.58589 1.54548 0
      vertex 3.41411 1.54548 0
      vertex 18.2 13 0
    endloop
  endfacet
  facet normal 0 0 -1
    outer loop
      vertex 3.27784 1.57569 0
      vertex 18.2 13 0
      vertex 3.41411 1.54548 0
    endloop
  endfacet
  facet normal 0 0 -1
    outer loop
      vertex 3.13945 1.59391 0
      vertex 18.2 13 0
      vertex 3.27784 1.57569 0
    endloop
  endfacet
  facet normal 0 0 -1
    outer loop
      vertex 3 1.6 0
      vertex 18.2 13 0
      vertex 3.13945 1.59391 0
    endloop
  endfacet
  facet normal 0 0 -1
    outer loop
      vertex 2.86055 1.59391 0
      vertex 18.2 13 0
      vertex 3 1.6 0
    endloop
  endfacet
  facet normal 0 0 -1
    outer loop
      vertex 2.72216 1.57569 0
      vertex 18.2 13 0
      vertex 2.86055 1.59391 0
    endloop
  endfacet
  facet normal 0 0 -1
    outer loop
      vertex -2.72216 1.57569 0
      vertex 2.72216 1.57569 0
      vertex 2.58589 1.54548 0
    endloop
  endfacet
  facet normal 0 0 -1
    outer loop
      vertex -2.58589 1.54548 0
      vertex 2.58589 1.54548 0
      vertex 2.45277 1.50351 0
    endloop
  endfacet
  facet normal 0 0 -1
    outer loop
      vertex -2.45277 1.50351 0
      vertex 2.45277 1.50351 0
      vertex 2.32381 1.45009 0
    endloop
  endfacet
  facet normal 0 0 -1
    outer loop
      vertex -2.32381 1.45009 0
      vertex 2.32381 1.45009 0
      vertex 2.2 1.38564 0
    endloop
  endfacet
  facet normal 0 0 -1
    outer loop
      vertex -2.2 1.38564 0
      vertex 2.2 1.38564 0
      vertex 2.08228 1.31064 0
    endloop
  endfacet
  facet normal 0 0 -1
    outer loop
      vertex -1.4 0 0
      vertex 1.40609 0.139449 0
      vertex 1.4 0 0
    endloop
  endfacet
  facet normal 0 0 -1
    outer loop
      vertex -1.40609 0.139449 0
      vertex 1.40609 0.139449 0
      vertex -1.4 0 0
    endloop
  endfacet
  facet normal 0 0 -1
    outer loop
      vertex 1.40609 0.139449 0
      vertex -1.40609 0.139449 0
      vertex 1.42431 0.277837 0
    endloop
  endfacet
  facet normal 0 0 -1
    outer loop
      vertex -1.42431 0.277837 0
      vertex 1.42431 0.277837 0
      vertex -1.40609 0.139449 0
    endloop
  endfacet
  facet normal 0 0 -1
    outer loop
      vertex 1.42431 0.277837 0
      vertex -1.42431 0.277837 0
      vertex 1.45452 0.41411 0
    endloop
  endfacet
  facet normal 0 0 -1
    outer loop
      vertex -1.45452 0.41411 0
      vertex 1.45452 0.41411 0
      vertex -1.42431 0.277837 0
    endloop
  endfacet
  facet normal 0 0 -1
    outer loop
      vertex 1.45452 0.41411 0
      vertex -1.45452 0.41411 0
      vertex 1.49649 0.547232 0
    endloop
  endfacet
  facet normal 0 0 -1
    outer loop
      vertex -1.49649 0.547232 0
      vertex 1.49649 0.547232 0
      vertex -1.45452 0.41411 0
    endloop
  endfacet
  facet normal 0 0 -1
    outer loop
      vertex 1.49649 0.547232 0
      vertex -1.49649 0.547232 0
      vertex 1.54991 0.676188 0
    endloop
  endfacet
  facet normal 0 0 -1
    outer loop
      vertex -1.54991 0.676188 0
      vertex 1.54991 0.676188 0
      vertex -1.49649 0.547232 0
    endloop
  endfacet
  facet normal 0 0 -1
    outer loop
      vertex 1.54991 0.676188 0
      vertex -1.54991 0.676188 0
      vertex 1.61436 0.799999 0
    endloop
  endfacet
  facet normal 0 0 -1
    outer loop
      vertex -1.61436 0.799999 0
      vertex 1.61436 0.799999 0
      vertex -1.54991 0.676188 0
    endloop
  endfacet
  facet normal 0 0 -1
    outer loop
      vertex 1.61436 0.799999 0
      vertex -1.61436 0.799999 0
      vertex 1.68936 0.917722 0
    endloop
  endfacet
  facet normal 0 0 -1
    outer loop
      vertex -1.68936 0.917722 0
      vertex 1.68936 0.917722 0
      vertex -1.61436 0.799999 0
    endloop
  endfacet
  facet normal 0 0 -1
    outer loop
      vertex 1.68936 0.917722 0
      vertex -1.68936 0.917722 0
      vertex 1.77433 1.02846 0
    endloop
  endfacet
  facet normal 0 0 -1
    outer loop
      vertex -1.77433 1.02846 0
      vertex 1.77433 1.02846 0
      vertex -1.68936 0.917722 0
    endloop
  endfacet
  facet normal 0 0 -1
    outer loop
      vertex 1.77433 1.02846 0
      vertex -1.77433 1.02846 0
      vertex 1.86863 1.13137 0
    endloop
  endfacet
  facet normal 0 0 -1
    outer loop
      vertex -1.86863 1.13137 0
      vertex 1.86863 1.13137 0
      vertex -1.77433 1.02846 0
    endloop
  endfacet
  facet normal 0 0 -1
    outer loop
      vertex 1.86863 1.13137 0
      vertex -1.86863 1.13137 0
      vertex 1.97154 1.22567 0
    endloop
  endfacet
  facet normal 0 0 -1
    outer loop
      vertex -1.97154 1.22567 0
      vertex 1.97154 1.22567 0
      vertex -1.86863 1.13137 0
    endloop
  endfacet
  facet normal 0 0 -1
    outer loop
      vertex 1.97154 1.22567 0
      vertex -1.97154 1.22567 0
      vertex 2.08228 1.31064 0
    endloop
  endfacet
  facet normal 0 0 -1
    outer loop
      vertex -2.08228 1.31064 0
      vertex 2.08228 1.31064 0
      vertex -1.97154 1.22567 0
    endloop
  endfacet
  facet normal 0 0 -1
    outer loop
      vertex -2.2 1.38564 0
      vertex 2.08228 1.31064 0
      vertex -2.08228 1.31064 0
    endloop
  endfacet
  facet normal 0 0 -1
    outer loop
      vertex 2.2 1.38564 0
      vertex -2.2 1.38564 0
      vertex -2.32381 1.45009 0
    endloop
  endfacet
  facet normal 0 0 -1
    outer loop
      vertex 2.32381 1.45009 0
      vertex -2.32381 1.45009 0
      vertex -2.45277 1.50351 0
    endloop
  endfacet
  facet normal 0 0 -1
    outer loop
      vertex 2.45277 1.50351 0
      vertex -2.45277 1.50351 0
      vertex -2.58589 1.54548 0
    endloop
  endfacet
  facet normal 0 0 -1
    outer loop
      vertex 2.58589 1.54548 0
      vertex -2.58589 1.54548 0
      vertex -2.72216 1.57569 0
    endloop
  endfacet
  facet normal 0 0 -1
    outer loop
      vertex 2.72216 1.57569 0
      vertex -2.72216 1.57569 0
      vertex 18.2 13 0
    endloop
  endfacet
  facet normal 0 0 -1
    outer loop
      vertex -2.86055 1.59391 0
      vertex 18.2 13 0
      vertex -2.72216 1.57569 0
    endloop
  endfacet
  facet normal 0 0 -1
    outer loop
      vertex -18.2 13 0
      vertex -2.86055 1.59391 0
      vertex -3 1.6 0
    endloop
  endfacet
  facet normal 0 0 -1
    outer loop
      vertex -18.2 13 0
      vertex -3 1.6 0
      vertex -3.13945 1.59391 0
    endloop
  endfacet
  facet normal 0 0 -1
    outer loop
      vertex -18.2 13 0
      vertex -3.13945 1.59391 0
      vertex -3.27784 1.57569 0
    endloop
  endfacet
  facet normal 0 0 -1
    outer loop
      vertex -18.2 13 0
      vertex -3.27784 1.57569 0
      vertex -3.41411 1.54548 0
    endloop
  endfacet
  facet normal 0 0 -1
    outer loop
      vertex -8.58589 1.54548 0
      vertex -3.41411 1.54548 0
      vertex -3.54723 1.50351 0
    endloop
  endfacet
  facet normal 0 0 -1
    outer loop
      vertex -8.45277 1.50351 0
      vertex -3.54723 1.50351 0
      vertex -3.67619 1.45009 0
    endloop
  endfacet
  facet normal 0 0 -1
    outer loop
      vertex -8.32381 1.45009 0
      vertex -3.67619 1.45009 0
      vertex -3.8 1.38564 0
    endloop
  endfacet
  facet normal 0 0 -1
    outer loop
      vertex -7.4 0 0
      vertex -4.59391 0.139449 0
      vertex -4.6 0 0
    endloop
  endfacet
  facet normal 0 0 -1
    outer loop
      vertex -7.40609 0.139449 0
      vertex -4.59391 0.139449 0
      vertex -7.4 0 0
    endloop
  endfacet
  facet normal 0 0 -1
    outer loop
      vertex -4.59391 0.139449 0
      vertex -7.40609 0.139449 0
      vertex -4.57569 0.277837 0
    endloop
  endfacet
  facet normal 0 0 -1
    outer loop
      vertex -7.42431 0.277837 0
      vertex -4.57569 0.277837 0
      vertex -7.40609 0.139449 0
    endloop
  endfacet
  facet normal 0 0 -1
    outer loop
      vertex -4.57569 0.277837 0
      vertex -7.42431 0.277837 0
      vertex -4.54548 0.41411 0
    endloop
  endfacet
  facet normal 0 0 -1
    outer loop
      vertex -7.45452 0.41411 0
      vertex -4.54548 0.41411 0
      vertex -7.42431 0.277837 0
    endloop
  endfacet
  facet normal 0 0 -1
    outer loop
      vertex -4.54548 0.41411 0
      vertex -7.45452 0.41411 0
      vertex -4.50351 0.547232 0
    endloop
  endfacet
  facet normal 0 0 -1
    outer loop
      vertex -7.49649 0.547232 0
      vertex -4.50351 0.547232 0
      vertex -7.45452 0.41411 0
    endloop
  endfacet
  facet normal 0 0 -1
    outer loop
      vertex -4.50351 0.547232 0
      vertex -7.49649 0.547232 0
      vertex -4.45009 0.676188 0
    endloop
  endfacet
  facet normal 0 0 -1
    outer loop
      vertex -7.54991 0.676188 0
      vertex -4.45009 0.676188 0
      vertex -7.49649 0.547232 0
    endloop
  endfacet
  facet normal 0 0 -1
    outer loop
      vertex -4.45009 0.676188 0
      vertex -7.54991 0.676188 0
      vertex -4.38564 0.799999 0
    endloop
  endfacet
  facet normal 0 0 -1
    outer loop
      vertex -7.61436 0.799999 0
      vertex -4.38564 0.799999 0
      vertex -7.54991 0.676188 0
    endloop
  endfacet
  facet normal 0 0 -1
    outer loop
      vertex -4.38564 0.799999 0
      vertex -7.61436 0.799999 0
      vertex -4.31064 0.917722 0
    endloop
  endfacet
  facet normal 0 0 -1
    outer loop
      vertex -7.68936 0.917722 0
      vertex -4.31064 0.917722 0
      vertex -7.61436 0.799999 0
    endloop
  endfacet
  facet normal 0 0 -1
    outer loop
      vertex -4.31064 0.917722 0
      vertex -7.68936 0.917722 0
      vertex -4.22567 1.02846 0
    endloop
  endfacet
  facet normal 0 0 -1
    outer loop
      vertex -7.77433 1.02846 0
      vertex -4.22567 1.02846 0
      vertex -7.68936 0.917722 0
    endloop
  endfacet
  facet normal 0 0 -1
    outer loop
      vertex -4.22567 1.02846 0
      vertex -7.77433 1.02846 0
      vertex -4.13137 1.13137 0
    endloop
  endfacet
  facet normal 0 0 -1
    outer loop
      vertex -7.86863 1.13137 0
      vertex -4.13137 1.13137 0
      vertex -7.77433 1.02846 0
    endloop
  endfacet
  facet normal 0 0 -1
    outer loop
      vertex -4.13137 1.13137 0
      vertex -7.86863 1.13137 0
      vertex -4.02846 1.22567 0
    endloop
  endfacet
  facet normal 0 0 -1
    outer loop
      vertex -7.97154 1.22567 0
      vertex -4.02846 1.22567 0
      vertex -7.86863 1.13137 0
    endloop
  endfacet
  facet normal 0 0 -1
    outer loop
      vertex -4.02846 1.22567 0
      vertex -7.97154 1.22567 0
      vertex -3.91772 1.31064 0
    endloop
  endfacet
  facet normal 0 0 -1
    outer loop
      vertex -8.08228 1.31064 0
      vertex -3.91772 1.31064 0
      vertex -7.97154 1.22567 0
    endloop
  endfacet
  facet normal 0 0 -1
    outer loop
      vertex -3.91772 1.31064 0
      vertex -8.08228 1.31064 0
      vertex -3.8 1.38564 0
    endloop
  endfacet
  facet normal 0 0 -1
    outer loop
      vertex -8.2 1.38564 0
      vertex -3.8 1.38564 0
      vertex -8.08228 1.31064 0
    endloop
  endfacet
  facet normal 0 0 -1
    outer loop
      vertex -8.32381 1.45009 0
      vertex -3.8 1.38564 0
      vertex -8.2 1.38564 0
    endloop
  endfacet
  facet normal 0 0 -1
    outer loop
      vertex -3.67619 1.45009 0
      vertex -8.32381 1.45009 0
      vertex -8.45277 1.50351 0
    endloop
  endfacet
  facet normal 0 0 -1
    outer loop
      vertex -3.54723 1.50351 0
      vertex -8.45277 1.50351 0
      vertex -8.58589 1.54548 0
    endloop
  endfacet
  facet normal 0 0 -1
    outer loop
      vertex -3.41411 1.54548 0
      vertex -8.58589 1.54548 0
      vertex -18.2 13 0
    endloop
  endfacet
  facet normal 0 0 -1
    outer loop
      vertex -18.2 13 0
      vertex -8.58589 1.54548 0
      vertex -8.72216 1.57569 0
    endloop
  endfacet
  facet normal 0 0 -1
    outer loop
      vertex -18.2 13 0
      vertex -8.72216 1.57569 0
      vertex -8.86055 1.59391 0
    endloop
  endfacet
  facet normal 0 0 -1
    outer loop
      vertex -18.2 13 0
      vertex -8.86055 1.59391 0
      vertex -9 1.6 0
    endloop
  endfacet
  facet normal 0 0 -1
    outer loop
      vertex -18.2 13 0
      vertex -9 1.6 0
      vertex -9.13945 1.59391 0
    endloop
  endfacet
  facet normal 0 0 -1
    outer loop
      vertex -18.2 13 0
      vertex -9.13945 1.59391 0
      vertex -9.27784 1.57569 0
    endloop
  endfacet
  facet normal 0 0 -1
    outer loop
      vertex -18.2 13 0
      vertex -9.27784 1.57569 0
      vertex -9.41411 1.54548 0
    endloop
  endfacet
  facet normal 0 0 -1
    outer loop
      vertex -18.2 13 0
      vertex -9.41411 1.54548 0
      vertex -9.54723 1.50351 0
    endloop
  endfacet
  facet normal 0 0 -1
    outer loop
      vertex -18.2 13 0
      vertex -9.54723 1.50351 0
      vertex -9.67619 1.45009 0
    endloop
  endfacet
  facet normal 0 0 -1
    outer loop
      vertex -18.2 13 0
      vertex -10.6 0 0
      vertex -18.2 -13 0
    endloop
  endfacet
  facet normal 0 0 -1
    outer loop
      vertex -10.6 0 0
      vertex -18.2 13 0
      vertex -10.5939 0.139449 0
    endloop
  endfacet
  facet normal 0 0 -1
    outer loop
      vertex -10.5939 0.139449 0
      vertex -18.2 13 0
      vertex -10.5757 0.277837 0
    endloop
  endfacet
  facet normal 0 0 -1
    outer loop
      vertex -10.5757 0.277837 0
      vertex -18.2 13 0
      vertex -10.5455 0.41411 0
    endloop
  endfacet
  facet normal 0 0 -1
    outer loop
      vertex -10.5455 0.41411 0
      vertex -18.2 13 0
      vertex -10.5035 0.547232 0
    endloop
  endfacet
  facet normal 0 0 -1
    outer loop
      vertex -10.5035 0.547232 0
      vertex -18.2 13 0
      vertex -10.4501 0.676188 0
    endloop
  endfacet
  facet normal 0 0 -1
    outer loop
      vertex -2.86055 1.59391 0
      vertex -18.2 13 0
      vertex 18.2 13 0
    endloop
  endfacet
  facet normal 0 0 -1
    outer loop
      vertex -9.8 1.38564 0
      vertex -18.2 13 0
      vertex -9.67619 1.45009 0
    endloop
  endfacet
  facet normal 0 0 -1
    outer loop
      vertex -9.91772 1.31064 0
      vertex -18.2 13 0
      vertex -9.8 1.38564 0
    endloop
  endfacet
  facet normal 0 0 -1
    outer loop
      vertex -10.0285 1.22567 0
      vertex -18.2 13 0
      vertex -9.91772 1.31064 0
    endloop
  endfacet
  facet normal 0 0 -1
    outer loop
      vertex -10.1314 1.13137 0
      vertex -18.2 13 0
      vertex -10.0285 1.22567 0
    endloop
  endfacet
  facet normal 0 0 -1
    outer loop
      vertex -10.2257 1.02846 0
      vertex -18.2 13 0
      vertex -10.1314 1.13137 0
    endloop
  endfacet
  facet normal 0 0 -1
    outer loop
      vertex -10.3106 0.917722 0
      vertex -18.2 13 0
      vertex -10.2257 1.02846 0
    endloop
  endfacet
  facet normal 0 0 -1
    outer loop
      vertex -10.3856 0.799999 0
      vertex -18.2 13 0
      vertex -10.3106 0.917722 0
    endloop
  endfacet
  facet normal 0 0 -1
    outer loop
      vertex -10.4501 0.676188 0
      vertex -18.2 13 0
      vertex -10.3856 0.799999 0
    endloop
  endfacet
  facet normal 0 1 -0
    outer loop
      vertex 18.2 13 0
      vertex -18.2 13 4
      vertex 18.2 13 4
    endloop
  endfacet
  facet normal 0 1 0
    outer loop
      vertex -18.2 13 4
      vertex 18.2 13 0
      vertex -18.2 13 0
    endloop
  endfacet
  facet normal 0 -1 0
    outer loop
      vertex -18.2 -13 0
      vertex 18.2 -13 4
      vertex -18.2 -13 4
    endloop
  endfacet
  facet normal 0 -1 -0
    outer loop
      vertex 18.2 -13 4
      vertex -18.2 -13 0
      vertex 18.2 -13 0
    endloop
  endfacet
  facet normal -1 0 0
    outer loop
      vertex -18.2 -13 0
      vertex -18.2 13 4
      vertex -18.2 13 0
    endloop
  endfacet
  facet normal -1 -0 0
    outer loop
      vertex -18.2 13 4
      vertex -18.2 -13 0
      vertex -18.2 -13 4
    endloop
  endfacet
  facet normal 1 -0 0
    outer loop
      vertex 18.2 -13 4
      vertex 18.2 13 0
      vertex 18.2 13 4
    endloop
  endfacet
  facet normal 1 0 0
    outer loop
      vertex 18.2 13 0
      vertex 18.2 -13 4
      vertex 18.2 -13 0
    endloop
  endfacet
  facet normal -0.991444 -0.130532 0
    outer loop
      vertex -7.40609 0.139449 0
      vertex -7.42431 0.277837 4
      vertex -7.42431 0.277837 0
    endloop
  endfacet
  facet normal -0.991444 -0.130532 0
    outer loop
      vertex -7.42431 0.277837 4
      vertex -7.40609 0.139449 0
      vertex -7.40609 0.139449 4
    endloop
  endfacet
  facet normal -0.999048 -0.0436303 0
    outer loop
      vertex -7.4 0 0
      vertex -7.40609 0.139449 4
      vertex -7.40609 0.139449 0
    endloop
  endfacet
  facet normal -0.999048 -0.0436303 0
    outer loop
      vertex -7.40609 0.139449 4
      vertex -7.4 0 0
      vertex -7.4 0 4
    endloop
  endfacet
  facet normal -0.976298 -0.216433 0
    outer loop
      vertex -7.42431 0.277837 0
      vertex -7.45452 0.41411 4
      vertex -7.45452 0.41411 0
    endloop
  endfacet
  facet normal -0.976298 -0.216433 0
    outer loop
      vertex -7.45452 0.41411 4
      vertex -7.42431 0.277837 0
      vertex -7.42431 0.277837 4
    endloop
  endfacet
  facet normal -0.608744 -0.793366 0
    outer loop
      vertex -8.08228 1.31064 0
      vertex -7.97154 1.22567 4
      vertex -8.08228 1.31064 4
    endloop
  endfacet
  facet normal -0.608744 -0.793366 -0
    outer loop
      vertex -7.97154 1.22567 4
      vertex -8.08228 1.31064 0
      vertex -7.97154 1.22567 0
    endloop
  endfacet
  facet normal -0.737276 0.675592 0
    outer loop
      vertex -7.86863 -1.13137 0
      vertex -7.77433 -1.02846 4
      vertex -7.77433 -1.02846 0
    endloop
  endfacet
  facet normal -0.737276 0.675592 0
    outer loop
      vertex -7.77433 -1.02846 4
      vertex -7.86863 -1.13137 0
      vertex -7.86863 -1.13137 4
    endloop
  endfacet
  facet normal 0.608606 -0.793473 0
    outer loop
      vertex -10.0285 1.22567 0
      vertex -9.91772 1.31064 4
      vertex -10.0285 1.22567 4
    endloop
  endfacet
  facet normal 0.608606 -0.793473 0
    outer loop
      vertex -9.91772 1.31064 4
      vertex -10.0285 1.22567 0
      vertex -9.91772 1.31064 0
    endloop
  endfacet
  facet normal 0.53732 -0.843378 0
    outer loop
      vertex -9.91772 1.31064 0
      vertex -9.8 1.38564 4
      vertex -9.91772 1.31064 4
    endloop
  endfacet
  facet normal 0.53732 -0.843378 0
    outer loop
      vertex -9.8 1.38564 4
      vertex -9.91772 1.31064 0
      vertex -9.8 1.38564 0
    endloop
  endfacet
  facet normal -0.461741 -0.887015 0
    outer loop
      vertex -8.32381 1.45009 0
      vertex -8.2 1.38564 4
      vertex -8.32381 1.45009 4
    endloop
  endfacet
  facet normal -0.461741 -0.887015 -0
    outer loop
      vertex -8.2 1.38564 4
      vertex -8.32381 1.45009 0
      vertex -8.2 1.38564 0
    endloop
  endfacet
  facet normal 0.461741 -0.887015 0
    outer loop
      vertex -9.8 1.38564 0
      vertex -9.67619 1.45009 4
      vertex -9.8 1.38564 4
    endloop
  endfacet
  facet normal 0.461741 -0.887015 0
    outer loop
      vertex -9.67619 1.45009 4
      vertex -9.8 1.38564 0
      vertex -9.67619 1.45009 0
    endloop
  endfacet
  facet normal 0.382702 -0.923872 0
    outer loop
      vertex -9.67619 1.45009 0
      vertex -9.54723 1.50351 4
      vertex -9.67619 1.45009 4
    endloop
  endfacet
  facet normal 0.382702 -0.923872 0
    outer loop
      vertex -9.54723 1.50351 4
      vertex -9.67619 1.45009 0
      vertex -9.54723 1.50351 0
    endloop
  endfacet
  facet normal 0.793603 -0.608435 0
    outer loop
      vertex -10.3106 0.917722 4
      vertex -10.2257 1.02846 0
      vertex -10.2257 1.02846 4
    endloop
  endfacet
  facet normal 0.793603 -0.608435 0
    outer loop
      vertex -10.2257 1.02846 0
      vertex -10.3106 0.917722 4
      vertex -10.3106 0.917722 0
    endloop
  endfacet
  facet normal -0.923868 0.382712 0
    outer loop
      vertex -7.54991 -0.676188 0
      vertex -7.49649 -0.547232 4
      vertex -7.49649 -0.547232 0
    endloop
  endfacet
  facet normal -0.923868 0.382712 0
    outer loop
      vertex -7.49649 -0.547232 4
      vertex -7.54991 -0.676188 0
      vertex -7.54991 -0.676188 4
    endloop
  endfacet
  facet normal -0.923868 -0.382712 0
    outer loop
      vertex -7.49649 0.547232 0
      vertex -7.54991 0.676188 4
      vertex -7.54991 0.676188 0
    endloop
  endfacet
  facet normal -0.923868 -0.382712 0
    outer loop
      vertex -7.54991 0.676188 4
      vertex -7.49649 0.547232 0
      vertex -7.49649 0.547232 4
    endloop
  endfacet
  facet normal -0.53732 -0.843378 0
    outer loop
      vertex -8.2 1.38564 0
      vertex -8.08228 1.31064 4
      vertex -8.2 1.38564 4
    endloop
  endfacet
  facet normal -0.53732 -0.843378 -0
    outer loop
      vertex -8.08228 1.31064 4
      vertex -8.2 1.38564 0
      vertex -8.08228 1.31064 0
    endloop
  endfacet
  facet normal 0.999045 0.0437018 0
    outer loop
      vertex -10.5939 -0.139449 4
      vertex -10.6 0 0
      vertex -10.6 0 4
    endloop
  endfacet
  facet normal 0.999045 0.0437018 0
    outer loop
      vertex -10.6 0 0
      vertex -10.5939 -0.139449 4
      vertex -10.5939 -0.139449 0
    endloop
  endfacet
  facet normal 0.88687 0.46202 0
    outer loop
      vertex -10.3856 -0.799999 4
      vertex -10.4501 -0.676188 0
      vertex -10.4501 -0.676188 4
    endloop
  endfacet
  facet normal 0.88687 0.46202 0
    outer loop
      vertex -10.4501 -0.676188 0
      vertex -10.3856 -0.799999 4
      vertex -10.3856 -0.799999 0
    endloop
  endfacet
  facet normal 0.976313 -0.216365 0
    outer loop
      vertex -10.5757 0.277837 4
      vertex -10.5455 0.41411 0
      vertex -10.5455 0.41411 4
    endloop
  endfacet
  facet normal 0.976313 -0.216365 0
    outer loop
      vertex -10.5455 0.41411 0
      vertex -10.5757 0.277837 4
      vertex -10.5757 0.277837 0
    endloop
  endfacet
  facet normal 0.991463 -0.130392 0
    outer loop
      vertex -10.5939 0.139449 4
      vertex -10.5757 0.277837 0
      vertex -10.5757 0.277837 4
    endloop
  endfacet
  facet normal 0.991463 -0.130392 0
    outer loop
      vertex -10.5757 0.277837 0
      vertex -10.5939 0.139449 4
      vertex -10.5939 0.139449 0
    endloop
  endfacet
  facet normal -0.300689 0.953722 0
    outer loop
      vertex -8.45277 -1.50351 0
      vertex -8.58589 -1.54548 4
      vertex -8.45277 -1.50351 4
    endloop
  endfacet
  facet normal -0.300689 0.953722 0
    outer loop
      vertex -8.58589 -1.54548 4
      vertex -8.45277 -1.50351 0
      vertex -8.58589 -1.54548 0
    endloop
  endfacet
  facet normal 0.300689 -0.953722 0
    outer loop
      vertex -9.54723 1.50351 0
      vertex -9.41411 1.54548 4
      vertex -9.54723 1.50351 4
    endloop
  endfacet
  facet normal 0.300689 -0.953722 0
    outer loop
      vertex -9.41411 1.54548 4
      vertex -9.54723 1.50351 0
      vertex -9.41411 1.54548 0
    endloop
  endfacet
  facet normal -0.382702 -0.923872 0
    outer loop
      vertex -8.45277 1.50351 0
      vertex -8.32381 1.45009 4
      vertex -8.45277 1.50351 4
    endloop
  endfacet
  facet normal -0.382702 -0.923872 -0
    outer loop
      vertex -8.32381 1.45009 4
      vertex -8.45277 1.50351 0
      vertex -8.32381 1.45009 0
    endloop
  endfacet
  facet normal -0.976298 0.216433 0
    outer loop
      vertex -7.45452 -0.41411 0
      vertex -7.42431 -0.277837 4
      vertex -7.42431 -0.277837 0
    endloop
  endfacet
  facet normal -0.976298 0.216433 0
    outer loop
      vertex -7.42431 -0.277837 4
      vertex -7.45452 -0.41411 0
      vertex -7.45452 -0.41411 4
    endloop
  endfacet
  facet normal 0.461741 0.887015 -0
    outer loop
      vertex -9.67619 -1.45009 0
      vertex -9.8 -1.38564 4
      vertex -9.67619 -1.45009 4
    endloop
  endfacet
  facet normal 0.461741 0.887015 0
    outer loop
      vertex -9.8 -1.38564 4
      vertex -9.67619 -1.45009 0
      vertex -9.8 -1.38564 0
    endloop
  endfacet
  facet normal -0.843384 -0.537311 0
    outer loop
      vertex -7.61436 0.799999 0
      vertex -7.68936 0.917722 4
      vertex -7.68936 0.917722 0
    endloop
  endfacet
  facet normal -0.843384 -0.537311 0
    outer loop
      vertex -7.68936 0.917722 4
      vertex -7.61436 0.799999 0
      vertex -7.61436 0.799999 4
    endloop
  endfacet
  facet normal -0.04363 0.999048 0
    outer loop
      vertex -8.86055 -1.59391 0
      vertex -9 -1.6 4
      vertex -8.86055 -1.59391 4
    endloop
  endfacet
  facet normal -0.04363 0.999048 0
    outer loop
      vertex -9 -1.6 4
      vertex -8.86055 -1.59391 0
      vertex -9 -1.6 0
    endloop
  endfacet
  facet normal -0.53732 0.843378 0
    outer loop
      vertex -8.08228 -1.31064 0
      vertex -8.2 -1.38564 4
      vertex -8.08228 -1.31064 4
    endloop
  endfacet
  facet normal -0.53732 0.843378 0
    outer loop
      vertex -8.2 -1.38564 4
      vertex -8.08228 -1.31064 0
      vertex -8.2 -1.38564 0
    endloop
  endfacet
  facet normal 0.675627 0.737243 -0
    outer loop
      vertex -10.0285 -1.22567 0
      vertex -10.1314 -1.13137 4
      vertex -10.0285 -1.22567 4
    endloop
  endfacet
  facet normal 0.675627 0.737243 0
    outer loop
      vertex -10.1314 -1.13137 4
      vertex -10.0285 -1.22567 0
      vertex -10.1314 -1.13137 0
    endloop
  endfacet
  facet normal 0.737276 -0.675592 0
    outer loop
      vertex -10.2257 1.02846 4
      vertex -10.1314 1.13137 0
      vertex -10.1314 1.13137 4
    endloop
  endfacet
  facet normal 0.737276 -0.675592 0
    outer loop
      vertex -10.1314 1.13137 0
      vertex -10.2257 1.02846 4
      vertex -10.2257 1.02846 0
    endloop
  endfacet
  facet normal 0.976313 0.216365 0
    outer loop
      vertex -10.5455 -0.41411 4
      vertex -10.5757 -0.277837 0
      vertex -10.5757 -0.277837 4
    endloop
  endfacet
  facet normal 0.976313 0.216365 0
    outer loop
      vertex -10.5757 -0.277837 0
      vertex -10.5455 -0.41411 4
      vertex -10.5455 -0.41411 0
    endloop
  endfacet
  facet normal -0.13053 0.991444 0
    outer loop
      vertex -8.72216 -1.57569 0
      vertex -8.86055 -1.59391 4
      vertex -8.72216 -1.57569 4
    endloop
  endfacet
  facet normal -0.13053 0.991444 0
    outer loop
      vertex -8.86055 -1.59391 4
      vertex -8.72216 -1.57569 0
      vertex -8.86055 -1.59391 0
    endloop
  endfacet
  facet normal 0.675627 -0.737243 0
    outer loop
      vertex -10.1314 1.13137 0
      vertex -10.0285 1.22567 4
      vertex -10.1314 1.13137 4
    endloop
  endfacet
  facet normal 0.675627 -0.737243 0
    outer loop
      vertex -10.0285 1.22567 4
      vertex -10.1314 1.13137 0
      vertex -10.0285 1.22567 0
    endloop
  endfacet
  facet normal 0.923918 0.38259 0
    outer loop
      vertex -10.4501 -0.676188 4
      vertex -10.5035 -0.547232 0
      vertex -10.5035 -0.547232 4
    endloop
  endfacet
  facet normal 0.923918 0.38259 0
    outer loop
      vertex -10.5035 -0.547232 0
      vertex -10.4501 -0.676188 4
      vertex -10.4501 -0.676188 0
    endloop
  endfacet
  facet normal -0.991444 0.130532 0
    outer loop
      vertex -7.42431 -0.277837 0
      vertex -7.40609 -0.139449 4
      vertex -7.40609 -0.139449 0
    endloop
  endfacet
  facet normal -0.991444 0.130532 0
    outer loop
      vertex -7.40609 -0.139449 4
      vertex -7.42431 -0.277837 0
      vertex -7.42431 -0.277837 4
    endloop
  endfacet
  facet normal -0.999048 0.0436303 0
    outer loop
      vertex -7.40609 -0.139449 0
      vertex -7.4 0 4
      vertex -7.4 0 0
    endloop
  endfacet
  facet normal -0.999048 0.0436303 0
    outer loop
      vertex -7.4 0 4
      vertex -7.40609 -0.139449 0
      vertex -7.40609 -0.139449 4
    endloop
  endfacet
  facet normal -0.953724 -0.300685 0
    outer loop
      vertex -7.45452 0.41411 0
      vertex -7.49649 0.547232 4
      vertex -7.49649 0.547232 0
    endloop
  endfacet
  facet normal -0.953724 -0.300685 0
    outer loop
      vertex -7.49649 0.547232 4
      vertex -7.45452 0.41411 0
      vertex -7.45452 0.41411 4
    endloop
  endfacet
  facet normal -0.793361 0.608751 0
    outer loop
      vertex -7.77433 -1.02846 0
      vertex -7.68936 -0.917722 4
      vertex -7.68936 -0.917722 0
    endloop
  endfacet
  facet normal -0.793361 0.608751 0
    outer loop
      vertex -7.68936 -0.917722 4
      vertex -7.77433 -1.02846 0
      vertex -7.77433 -1.02846 4
    endloop
  endfacet
  facet normal -0.216437 -0.976297 0
    outer loop
      vertex -8.72216 1.57569 0
      vertex -8.58589 1.54548 4
      vertex -8.72216 1.57569 4
    endloop
  endfacet
  facet normal -0.216437 -0.976297 -0
    outer loop
      vertex -8.58589 1.54548 4
      vertex -8.72216 1.57569 0
      vertex -8.58589 1.54548 0
    endloop
  endfacet
  facet normal 0.991463 0.130392 0
    outer loop
      vertex -10.5757 -0.277837 4
      vertex -10.5939 -0.139449 0
      vertex -10.5939 -0.139449 4
    endloop
  endfacet
  facet normal 0.991463 0.130392 0
    outer loop
      vertex -10.5939 -0.139449 0
      vertex -10.5757 -0.277837 4
      vertex -10.5757 -0.277837 0
    endloop
  endfacet
  facet normal -0.300689 -0.953722 0
    outer loop
      vertex -8.58589 1.54548 0
      vertex -8.45277 1.50351 4
      vertex -8.58589 1.54548 4
    endloop
  endfacet
  facet normal -0.300689 -0.953722 -0
    outer loop
      vertex -8.45277 1.50351 4
      vertex -8.58589 1.54548 0
      vertex -8.45277 1.50351 0
    endloop
  endfacet
  facet normal -0.216437 0.976297 0
    outer loop
      vertex -8.58589 -1.54548 0
      vertex -8.72216 -1.57569 4
      vertex -8.58589 -1.54548 4
    endloop
  endfacet
  facet normal -0.216437 0.976297 0
    outer loop
      vertex -8.72216 -1.57569 4
      vertex -8.58589 -1.54548 0
      vertex -8.72216 -1.57569 0
    endloop
  endfacet
  facet normal -0.04363 -0.999048 0
    outer loop
      vertex -9 1.6 0
      vertex -8.86055 1.59391 4
      vertex -9 1.6 4
    endloop
  endfacet
  facet normal -0.04363 -0.999048 -0
    outer loop
      vertex -8.86055 1.59391 4
      vertex -9 1.6 0
      vertex -8.86055 1.59391 0
    endloop
  endfacet
  facet normal -0.887016 -0.461738 0
    outer loop
      vertex -7.54991 0.676188 0
      vertex -7.61436 0.799999 4
      vertex -7.61436 0.799999 0
    endloop
  endfacet
  facet normal -0.887016 -0.461738 0
    outer loop
      vertex -7.61436 0.799999 4
      vertex -7.54991 0.676188 0
      vertex -7.54991 0.676188 4
    endloop
  endfacet
  facet normal 0.843384 -0.537311 0
    outer loop
      vertex -10.3856 0.799999 4
      vertex -10.3106 0.917722 0
      vertex -10.3106 0.917722 4
    endloop
  endfacet
  facet normal 0.843384 -0.537311 0
    outer loop
      vertex -10.3106 0.917722 0
      vertex -10.3856 0.799999 4
      vertex -10.3856 0.799999 0
    endloop
  endfacet
  facet normal 0.88687 -0.46202 0
    outer loop
      vertex -10.4501 0.676188 4
      vertex -10.3856 0.799999 0
      vertex -10.3856 0.799999 4
    endloop
  endfacet
  facet normal 0.88687 -0.46202 0
    outer loop
      vertex -10.3856 0.799999 0
      vertex -10.4501 0.676188 4
      vertex -10.4501 0.676188 0
    endloop
  endfacet
  facet normal -0.461741 0.887015 0
    outer loop
      vertex -8.2 -1.38564 0
      vertex -8.32381 -1.45009 4
      vertex -8.2 -1.38564 4
    endloop
  endfacet
  facet normal -0.461741 0.887015 0
    outer loop
      vertex -8.32381 -1.45009 4
      vertex -8.2 -1.38564 0
      vertex -8.32381 -1.45009 0
    endloop
  endfacet
  facet normal 0.216437 -0.976297 0
    outer loop
      vertex -9.41411 1.54548 0
      vertex -9.27784 1.57569 4
      vertex -9.41411 1.54548 4
    endloop
  endfacet
  facet normal 0.216437 -0.976297 0
    outer loop
      vertex -9.27784 1.57569 4
      vertex -9.41411 1.54548 0
      vertex -9.27784 1.57569 0
    endloop
  endfacet
  facet normal 0.13053 -0.991444 0
    outer loop
      vertex -9.27784 1.57569 0
      vertex -9.13945 1.59391 4
      vertex -9.27784 1.57569 4
    endloop
  endfacet
  facet normal 0.13053 -0.991444 0
    outer loop
      vertex -9.13945 1.59391 4
      vertex -9.27784 1.57569 0
      vertex -9.13945 1.59391 0
    endloop
  endfacet
  facet normal -0.675592 -0.737276 0
    outer loop
      vertex -7.97154 1.22567 0
      vertex -7.86863 1.13137 4
      vertex -7.97154 1.22567 4
    endloop
  endfacet
  facet normal -0.675592 -0.737276 -0
    outer loop
      vertex -7.86863 1.13137 4
      vertex -7.97154 1.22567 0
      vertex -7.86863 1.13137 0
    endloop
  endfacet
  facet normal 0.843384 0.537311 0
    outer loop
      vertex -10.3106 -0.917722 4
      vertex -10.3856 -0.799999 0
      vertex -10.3856 -0.799999 4
    endloop
  endfacet
  facet normal 0.843384 0.537311 0
    outer loop
      vertex -10.3856 -0.799999 0
      vertex -10.3106 -0.917722 4
      vertex -10.3106 -0.917722 0
    endloop
  endfacet
  facet normal 0.04363 -0.999048 0
    outer loop
      vertex -9.13945 1.59391 0
      vertex -9 1.6 4
      vertex -9.13945 1.59391 4
    endloop
  endfacet
  facet normal 0.04363 -0.999048 0
    outer loop
      vertex -9 1.6 4
      vertex -9.13945 1.59391 0
      vertex -9 1.6 0
    endloop
  endfacet
  facet normal -0.675592 0.737276 0
    outer loop
      vertex -7.86863 -1.13137 0
      vertex -7.97154 -1.22567 4
      vertex -7.86863 -1.13137 4
    endloop
  endfacet
  facet normal -0.675592 0.737276 0
    outer loop
      vertex -7.97154 -1.22567 4
      vertex -7.86863 -1.13137 0
      vertex -7.97154 -1.22567 0
    endloop
  endfacet
  facet normal 0.737276 0.675592 0
    outer loop
      vertex -10.1314 -1.13137 4
      vertex -10.2257 -1.02846 0
      vertex -10.2257 -1.02846 4
    endloop
  endfacet
  facet normal 0.737276 0.675592 0
    outer loop
      vertex -10.2257 -1.02846 0
      vertex -10.1314 -1.13137 4
      vertex -10.1314 -1.13137 0
    endloop
  endfacet
  facet normal 0.793603 0.608435 0
    outer loop
      vertex -10.2257 -1.02846 4
      vertex -10.3106 -0.917722 0
      vertex -10.3106 -0.917722 4
    endloop
  endfacet
  facet normal 0.793603 0.608435 0
    outer loop
      vertex -10.3106 -0.917722 0
      vertex -10.2257 -1.02846 4
      vertex -10.2257 -1.02846 0
    endloop
  endfacet
  facet normal 0.300689 0.953722 -0
    outer loop
      vertex -9.41411 -1.54548 0
      vertex -9.54723 -1.50351 4
      vertex -9.41411 -1.54548 4
    endloop
  endfacet
  facet normal 0.300689 0.953722 0
    outer loop
      vertex -9.54723 -1.50351 4
      vertex -9.41411 -1.54548 0
      vertex -9.54723 -1.50351 0
    endloop
  endfacet
  facet normal -0.382702 0.923872 0
    outer loop
      vertex -8.32381 -1.45009 0
      vertex -8.45277 -1.50351 4
      vertex -8.32381 -1.45009 4
    endloop
  endfacet
  facet normal -0.382702 0.923872 0
    outer loop
      vertex -8.45277 -1.50351 4
      vertex -8.32381 -1.45009 0
      vertex -8.45277 -1.50351 0
    endloop
  endfacet
  facet normal -0.843384 0.537311 0
    outer loop
      vertex -7.68936 -0.917722 0
      vertex -7.61436 -0.799999 4
      vertex -7.61436 -0.799999 0
    endloop
  endfacet
  facet normal -0.843384 0.537311 0
    outer loop
      vertex -7.61436 -0.799999 4
      vertex -7.68936 -0.917722 0
      vertex -7.68936 -0.917722 4
    endloop
  endfacet
  facet normal -0.887016 0.461738 0
    outer loop
      vertex -7.61436 -0.799999 0
      vertex -7.54991 -0.676188 4
      vertex -7.54991 -0.676188 0
    endloop
  endfacet
  facet normal -0.887016 0.461738 0
    outer loop
      vertex -7.54991 -0.676188 4
      vertex -7.61436 -0.799999 0
      vertex -7.61436 -0.799999 4
    endloop
  endfacet
  facet normal -0.953724 0.300685 0
    outer loop
      vertex -7.49649 -0.547232 0
      vertex -7.45452 -0.41411 4
      vertex -7.45452 -0.41411 0
    endloop
  endfacet
  facet normal -0.953724 0.300685 0
    outer loop
      vertex -7.45452 -0.41411 4
      vertex -7.49649 -0.547232 0
      vertex -7.49649 -0.547232 4
    endloop
  endfacet
  facet normal 0.04363 0.999048 -0
    outer loop
      vertex -9 -1.6 0
      vertex -9.13945 -1.59391 4
      vertex -9 -1.6 4
    endloop
  endfacet
  facet normal 0.04363 0.999048 0
    outer loop
      vertex -9.13945 -1.59391 4
      vertex -9 -1.6 0
      vertex -9.13945 -1.59391 0
    endloop
  endfacet
  facet normal 0.923918 -0.38259 0
    outer loop
      vertex -10.5035 0.547232 4
      vertex -10.4501 0.676188 0
      vertex -10.4501 0.676188 4
    endloop
  endfacet
  facet normal 0.923918 -0.38259 0
    outer loop
      vertex -10.4501 0.676188 0
      vertex -10.5035 0.547232 4
      vertex -10.5035 0.547232 0
    endloop
  endfacet
  facet normal 0.953662 -0.30088 0
    outer loop
      vertex -10.5455 0.41411 4
      vertex -10.5035 0.547232 0
      vertex -10.5035 0.547232 4
    endloop
  endfacet
  facet normal 0.953662 -0.30088 0
    outer loop
      vertex -10.5035 0.547232 0
      vertex -10.5455 0.41411 4
      vertex -10.5455 0.41411 0
    endloop
  endfacet
  facet normal -0.608744 0.793366 0
    outer loop
      vertex -7.97154 -1.22567 0
      vertex -8.08228 -1.31064 4
      vertex -7.97154 -1.22567 4
    endloop
  endfacet
  facet normal -0.608744 0.793366 0
    outer loop
      vertex -8.08228 -1.31064 4
      vertex -7.97154 -1.22567 0
      vertex -8.08228 -1.31064 0
    endloop
  endfacet
  facet normal -0.737276 -0.675592 0
    outer loop
      vertex -7.77433 1.02846 0
      vertex -7.86863 1.13137 4
      vertex -7.86863 1.13137 0
    endloop
  endfacet
  facet normal -0.737276 -0.675592 0
    outer loop
      vertex -7.86863 1.13137 4
      vertex -7.77433 1.02846 0
      vertex -7.77433 1.02846 4
    endloop
  endfacet
  facet normal 0.999045 -0.0437018 0
    outer loop
      vertex -10.6 0 4
      vertex -10.5939 0.139449 0
      vertex -10.5939 0.139449 4
    endloop
  endfacet
  facet normal 0.999045 -0.0437018 0
    outer loop
      vertex -10.5939 0.139449 0
      vertex -10.6 0 4
      vertex -10.6 0 0
    endloop
  endfacet
  facet normal 0.608606 0.793473 -0
    outer loop
      vertex -9.91772 -1.31064 0
      vertex -10.0285 -1.22567 4
      vertex -9.91772 -1.31064 4
    endloop
  endfacet
  facet normal 0.608606 0.793473 0
    outer loop
      vertex -10.0285 -1.22567 4
      vertex -9.91772 -1.31064 0
      vertex -10.0285 -1.22567 0
    endloop
  endfacet
  facet normal 0.953662 0.30088 0
    outer loop
      vertex -10.5035 -0.547232 4
      vertex -10.5455 -0.41411 0
      vertex -10.5455 -0.41411 4
    endloop
  endfacet
  facet normal 0.953662 0.30088 0
    outer loop
      vertex -10.5455 -0.41411 0
      vertex -10.5035 -0.547232 4
      vertex -10.5035 -0.547232 0
    endloop
  endfacet
  facet normal -0.13053 -0.991444 0
    outer loop
      vertex -8.86055 1.59391 0
      vertex -8.72216 1.57569 4
      vertex -8.86055 1.59391 4
    endloop
  endfacet
  facet normal -0.13053 -0.991444 -0
    outer loop
      vertex -8.72216 1.57569 4
      vertex -8.86055 1.59391 0
      vertex -8.72216 1.57569 0
    endloop
  endfacet
  facet normal 0.53732 0.843378 -0
    outer loop
      vertex -9.8 -1.38564 0
      vertex -9.91772 -1.31064 4
      vertex -9.8 -1.38564 4
    endloop
  endfacet
  facet normal 0.53732 0.843378 0
    outer loop
      vertex -9.91772 -1.31064 4
      vertex -9.8 -1.38564 0
      vertex -9.91772 -1.31064 0
    endloop
  endfacet
  facet normal 0.382702 0.923872 -0
    outer loop
      vertex -9.54723 -1.50351 0
      vertex -9.67619 -1.45009 4
      vertex -9.54723 -1.50351 4
    endloop
  endfacet
  facet normal 0.382702 0.923872 0
    outer loop
      vertex -9.67619 -1.45009 4
      vertex -9.54723 -1.50351 0
      vertex -9.67619 -1.45009 0
    endloop
  endfacet
  facet normal 0.13053 0.991444 -0
    outer loop
      vertex -9.13945 -1.59391 0
      vertex -9.27784 -1.57569 4
      vertex -9.13945 -1.59391 4
    endloop
  endfacet
  facet normal 0.13053 0.991444 0
    outer loop
      vertex -9.27784 -1.57569 4
      vertex -9.13945 -1.59391 0
      vertex -9.27784 -1.57569 0
    endloop
  endfacet
  facet normal 0.216437 0.976297 -0
    outer loop
      vertex -9.27784 -1.57569 0
      vertex -9.41411 -1.54548 4
      vertex -9.27784 -1.57569 4
    endloop
  endfacet
  facet normal 0.216437 0.976297 0
    outer loop
      vertex -9.41411 -1.54548 4
      vertex -9.27784 -1.57569 0
      vertex -9.41411 -1.54548 0
    endloop
  endfacet
  facet normal -0.793361 -0.608751 0
    outer loop
      vertex -7.68936 0.917722 0
      vertex -7.77433 1.02846 4
      vertex -7.77433 1.02846 0
    endloop
  endfacet
  facet normal -0.793361 -0.608751 0
    outer loop
      vertex -7.77433 1.02846 4
      vertex -7.68936 0.917722 0
      vertex -7.68936 0.917722 4
    endloop
  endfacet
  facet normal -0.991444 -0.130532 0
    outer loop
      vertex -1.40609 0.139449 0
      vertex -1.42431 0.277837 4
      vertex -1.42431 0.277837 0
    endloop
  endfacet
  facet normal -0.991444 -0.130532 0
    outer loop
      vertex -1.42431 0.277837 4
      vertex -1.40609 0.139449 0
      vertex -1.40609 0.139449 4
    endloop
  endfacet
  facet normal -0.999048 -0.0436303 0
    outer loop
      vertex -1.4 0 0
      vertex -1.40609 0.139449 4
      vertex -1.40609 0.139449 0
    endloop
  endfacet
  facet normal -0.999048 -0.0436303 0
    outer loop
      vertex -1.40609 0.139449 4
      vertex -1.4 0 0
      vertex -1.4 0 4
    endloop
  endfacet
  facet normal -0.976298 -0.216433 0
    outer loop
      vertex -1.42431 0.277837 0
      vertex -1.45452 0.41411 4
      vertex -1.45452 0.41411 0
    endloop
  endfacet
  facet normal -0.976298 -0.216433 0
    outer loop
      vertex -1.45452 0.41411 4
      vertex -1.42431 0.277837 0
      vertex -1.42431 0.277837 4
    endloop
  endfacet
  facet normal -0.608744 -0.793366 0
    outer loop
      vertex -2.08228 1.31064 0
      vertex -1.97154 1.22567 4
      vertex -2.08228 1.31064 4
    endloop
  endfacet
  facet normal -0.608744 -0.793366 -0
    outer loop
      vertex -1.97154 1.22567 4
      vertex -2.08228 1.31064 0
      vertex -1.97154 1.22567 0
    endloop
  endfacet
  facet normal -0.737276 0.675592 0
    outer loop
      vertex -1.86863 -1.13137 0
      vertex -1.77433 -1.02846 4
      vertex -1.77433 -1.02846 0
    endloop
  endfacet
  facet normal -0.737276 0.675592 0
    outer loop
      vertex -1.77433 -1.02846 4
      vertex -1.86863 -1.13137 0
      vertex -1.86863 -1.13137 4
    endloop
  endfacet
  facet normal 0.608744 -0.793366 0
    outer loop
      vertex -4.02846 1.22567 0
      vertex -3.91772 1.31064 4
      vertex -4.02846 1.22567 4
    endloop
  endfacet
  facet normal 0.608744 -0.793366 0
    outer loop
      vertex -3.91772 1.31064 4
      vertex -4.02846 1.22567 0
      vertex -3.91772 1.31064 0
    endloop
  endfacet
  facet normal 0.53732 -0.843378 0
    outer loop
      vertex -3.91772 1.31064 0
      vertex -3.8 1.38564 4
      vertex -3.91772 1.31064 4
    endloop
  endfacet
  facet normal 0.53732 -0.843378 0
    outer loop
      vertex -3.8 1.38564 4
      vertex -3.91772 1.31064 0
      vertex -3.8 1.38564 0
    endloop
  endfacet
  facet normal -0.461741 -0.887015 0
    outer loop
      vertex -2.32381 1.45009 0
      vertex -2.2 1.38564 4
      vertex -2.32381 1.45009 4
    endloop
  endfacet
  facet normal -0.461741 -0.887015 -0
    outer loop
      vertex -2.2 1.38564 4
      vertex -2.32381 1.45009 0
      vertex -2.2 1.38564 0
    endloop
  endfacet
  facet normal 0.461741 -0.887015 0
    outer loop
      vertex -3.8 1.38564 0
      vertex -3.67619 1.45009 4
      vertex -3.8 1.38564 4
    endloop
  endfacet
  facet normal 0.461741 -0.887015 0
    outer loop
      vertex -3.67619 1.45009 4
      vertex -3.8 1.38564 0
      vertex -3.67619 1.45009 0
    endloop
  endfacet
  facet normal 0.382702 -0.923872 0
    outer loop
      vertex -3.67619 1.45009 0
      vertex -3.54723 1.50351 4
      vertex -3.67619 1.45009 4
    endloop
  endfacet
  facet normal 0.382702 -0.923872 0
    outer loop
      vertex -3.54723 1.50351 4
      vertex -3.67619 1.45009 0
      vertex -3.54723 1.50351 0
    endloop
  endfacet
  facet normal 0.793361 -0.608751 0
    outer loop
      vertex -4.31064 0.917722 4
      vertex -4.22567 1.02846 0
      vertex -4.22567 1.02846 4
    endloop
  endfacet
  facet normal 0.793361 -0.608751 0
    outer loop
      vertex -4.22567 1.02846 0
      vertex -4.31064 0.917722 4
      vertex -4.31064 0.917722 0
    endloop
  endfacet
  facet normal -0.923868 0.382712 0
    outer loop
      vertex -1.54991 -0.676188 0
      vertex -1.49649 -0.547232 4
      vertex -1.49649 -0.547232 0
    endloop
  endfacet
  facet normal -0.923868 0.382712 0
    outer loop
      vertex -1.49649 -0.547232 4
      vertex -1.54991 -0.676188 0
      vertex -1.54991 -0.676188 4
    endloop
  endfacet
  facet normal -0.923868 -0.382712 0
    outer loop
      vertex -1.49649 0.547232 0
      vertex -1.54991 0.676188 4
      vertex -1.54991 0.676188 0
    endloop
  endfacet
  facet normal -0.923868 -0.382712 0
    outer loop
      vertex -1.54991 0.676188 4
      vertex -1.49649 0.547232 0
      vertex -1.49649 0.547232 4
    endloop
  endfacet
  facet normal -0.53732 -0.843378 0
    outer loop
      vertex -2.2 1.38564 0
      vertex -2.08228 1.31064 4
      vertex -2.2 1.38564 4
    endloop
  endfacet
  facet normal -0.53732 -0.843378 -0
    outer loop
      vertex -2.08228 1.31064 4
      vertex -2.2 1.38564 0
      vertex -2.08228 1.31064 0
    endloop
  endfacet
  facet normal 0.999048 0.0436303 0
    outer loop
      vertex -4.59391 -0.139449 4
      vertex -4.6 0 0
      vertex -4.6 0 4
    endloop
  endfacet
  facet normal 0.999048 0.0436303 0
    outer loop
      vertex -4.6 0 0
      vertex -4.59391 -0.139449 4
      vertex -4.59391 -0.139449 0
    endloop
  endfacet
  facet normal 0.887016 0.461738 0
    outer loop
      vertex -4.38564 -0.799999 4
      vertex -4.45009 -0.676188 0
      vertex -4.45009 -0.676188 4
    endloop
  endfacet
  facet normal 0.887016 0.461738 0
    outer loop
      vertex -4.45009 -0.676188 0
      vertex -4.38564 -0.799999 4
      vertex -4.38564 -0.799999 0
    endloop
  endfacet
  facet normal 0.976298 -0.216433 0
    outer loop
      vertex -4.57569 0.277837 4
      vertex -4.54548 0.41411 0
      vertex -4.54548 0.41411 4
    endloop
  endfacet
  facet normal 0.976298 -0.216433 0
    outer loop
      vertex -4.54548 0.41411 0
      vertex -4.57569 0.277837 4
      vertex -4.57569 0.277837 0
    endloop
  endfacet
  facet normal 0.991444 -0.130532 0
    outer loop
      vertex -4.59391 0.139449 4
      vertex -4.57569 0.277837 0
      vertex -4.57569 0.277837 4
    endloop
  endfacet
  facet normal 0.991444 -0.130532 0
    outer loop
      vertex -4.57569 0.277837 0
      vertex -4.59391 0.139449 4
      vertex -4.59391 0.139449 0
    endloop
  endfacet
  facet normal -0.300689 0.953722 0
    outer loop
      vertex -2.45277 -1.50351 0
      vertex -2.58589 -1.54548 4
      vertex -2.45277 -1.50351 4
    endloop
  endfacet
  facet normal -0.300689 0.953722 0
    outer loop
      vertex -2.58589 -1.54548 4
      vertex -2.45277 -1.50351 0
      vertex -2.58589 -1.54548 0
    endloop
  endfacet
  facet normal -0.382702 -0.923872 0
    outer loop
      vertex -2.45277 1.50351 0
      vertex -2.32381 1.45009 4
      vertex -2.45277 1.50351 4
    endloop
  endfacet
  facet normal -0.382702 -0.923872 -0
    outer loop
      vertex -2.32381 1.45009 4
      vertex -2.45277 1.50351 0
      vertex -2.32381 1.45009 0
    endloop
  endfacet
  facet normal -0.976298 0.216433 0
    outer loop
      vertex -1.45452 -0.41411 0
      vertex -1.42431 -0.277837 4
      vertex -1.42431 -0.277837 0
    endloop
  endfacet
  facet normal -0.976298 0.216433 0
    outer loop
      vertex -1.42431 -0.277837 4
      vertex -1.45452 -0.41411 0
      vertex -1.45452 -0.41411 4
    endloop
  endfacet
  facet normal 0.461741 0.887015 -0
    outer loop
      vertex -3.67619 -1.45009 0
      vertex -3.8 -1.38564 4
      vertex -3.67619 -1.45009 4
    endloop
  endfacet
  facet normal 0.461741 0.887015 0
    outer loop
      vertex -3.8 -1.38564 4
      vertex -3.67619 -1.45009 0
      vertex -3.8 -1.38564 0
    endloop
  endfacet
  facet normal -0.843384 -0.537311 0
    outer loop
      vertex -1.61436 0.799999 0
      vertex -1.68936 0.917722 4
      vertex -1.68936 0.917722 0
    endloop
  endfacet
  facet normal -0.843384 -0.537311 0
    outer loop
      vertex -1.68936 0.917722 4
      vertex -1.61436 0.799999 0
      vertex -1.61436 0.799999 4
    endloop
  endfacet
  facet normal -0.04363 0.999048 0
    outer loop
      vertex -2.86055 -1.59391 0
      vertex -3 -1.6 4
      vertex -2.86055 -1.59391 4
    endloop
  endfacet
  facet normal -0.04363 0.999048 0
    outer loop
      vertex -3 -1.6 4
      vertex -2.86055 -1.59391 0
      vertex -3 -1.6 0
    endloop
  endfacet
  facet normal -0.53732 0.843378 0
    outer loop
      vertex -2.08228 -1.31064 0
      vertex -2.2 -1.38564 4
      vertex -2.08228 -1.31064 4
    endloop
  endfacet
  facet normal -0.53732 0.843378 0
    outer loop
      vertex -2.2 -1.38564 4
      vertex -2.08228 -1.31064 0
      vertex -2.2 -1.38564 0
    endloop
  endfacet
  facet normal 0.675592 0.737276 -0
    outer loop
      vertex -4.02846 -1.22567 0
      vertex -4.13137 -1.13137 4
      vertex -4.02846 -1.22567 4
    endloop
  endfacet
  facet normal 0.675592 0.737276 0
    outer loop
      vertex -4.13137 -1.13137 4
      vertex -4.02846 -1.22567 0
      vertex -4.13137 -1.13137 0
    endloop
  endfacet
  facet normal 0.976298 0.216433 0
    outer loop
      vertex -4.54548 -0.41411 4
      vertex -4.57569 -0.277837 0
      vertex -4.57569 -0.277837 4
    endloop
  endfacet
  facet normal 0.976298 0.216433 0
    outer loop
      vertex -4.57569 -0.277837 0
      vertex -4.54548 -0.41411 4
      vertex -4.54548 -0.41411 0
    endloop
  endfacet
  facet normal -0.13053 0.991444 0
    outer loop
      vertex -2.72216 -1.57569 0
      vertex -2.86055 -1.59391 4
      vertex -2.72216 -1.57569 4
    endloop
  endfacet
  facet normal -0.13053 0.991444 0
    outer loop
      vertex -2.86055 -1.59391 4
      vertex -2.72216 -1.57569 0
      vertex -2.86055 -1.59391 0
    endloop
  endfacet
  facet normal 0.675592 -0.737276 0
    outer loop
      vertex -4.13137 1.13137 0
      vertex -4.02846 1.22567 4
      vertex -4.13137 1.13137 4
    endloop
  endfacet
  facet normal 0.675592 -0.737276 0
    outer loop
      vertex -4.02846 1.22567 4
      vertex -4.13137 1.13137 0
      vertex -4.02846 1.22567 0
    endloop
  endfacet
  facet normal 0.923868 0.382712 0
    outer loop
      vertex -4.45009 -0.676188 4
      vertex -4.50351 -0.547232 0
      vertex -4.50351 -0.547232 4
    endloop
  endfacet
  facet normal 0.923868 0.382712 0
    outer loop
      vertex -4.50351 -0.547232 0
      vertex -4.45009 -0.676188 4
      vertex -4.45009 -0.676188 0
    endloop
  endfacet
  facet normal -0.991444 0.130532 0
    outer loop
      vertex -1.42431 -0.277837 0
      vertex -1.40609 -0.139449 4
      vertex -1.40609 -0.139449 0
    endloop
  endfacet
  facet normal -0.991444 0.130532 0
    outer loop
      vertex -1.40609 -0.139449 4
      vertex -1.42431 -0.277837 0
      vertex -1.42431 -0.277837 4
    endloop
  endfacet
  facet normal -0.999048 0.0436303 0
    outer loop
      vertex -1.40609 -0.139449 0
      vertex -1.4 0 4
      vertex -1.4 0 0
    endloop
  endfacet
  facet normal -0.999048 0.0436303 0
    outer loop
      vertex -1.4 0 4
      vertex -1.40609 -0.139449 0
      vertex -1.40609 -0.139449 4
    endloop
  endfacet
  facet normal -0.953724 -0.300685 0
    outer loop
      vertex -1.45452 0.41411 0
      vertex -1.49649 0.547232 4
      vertex -1.49649 0.547232 0
    endloop
  endfacet
  facet normal -0.953724 -0.300685 0
    outer loop
      vertex -1.49649 0.547232 4
      vertex -1.45452 0.41411 0
      vertex -1.45452 0.41411 4
    endloop
  endfacet
  facet normal -0.793361 0.608751 0
    outer loop
      vertex -1.77433 -1.02846 0
      vertex -1.68936 -0.917722 4
      vertex -1.68936 -0.917722 0
    endloop
  endfacet
  facet normal -0.793361 0.608751 0
    outer loop
      vertex -1.68936 -0.917722 4
      vertex -1.77433 -1.02846 0
      vertex -1.77433 -1.02846 4
    endloop
  endfacet
  facet normal -0.216437 -0.976297 0
    outer loop
      vertex -2.72216 1.57569 0
      vertex -2.58589 1.54548 4
      vertex -2.72216 1.57569 4
    endloop
  endfacet
  facet normal -0.216437 -0.976297 -0
    outer loop
      vertex -2.58589 1.54548 4
      vertex -2.72216 1.57569 0
      vertex -2.58589 1.54548 0
    endloop
  endfacet
  facet normal 0.991444 0.130532 0
    outer loop
      vertex -4.57569 -0.277837 4
      vertex -4.59391 -0.139449 0
      vertex -4.59391 -0.139449 4
    endloop
  endfacet
  facet normal 0.991444 0.130532 0
    outer loop
      vertex -4.59391 -0.139449 0
      vertex -4.57569 -0.277837 4
      vertex -4.57569 -0.277837 0
    endloop
  endfacet
  facet normal -0.300689 -0.953722 0
    outer loop
      vertex -2.58589 1.54548 0
      vertex -2.45277 1.50351 4
      vertex -2.58589 1.54548 4
    endloop
  endfacet
  facet normal -0.300689 -0.953722 -0
    outer loop
      vertex -2.45277 1.50351 4
      vertex -2.58589 1.54548 0
      vertex -2.45277 1.50351 0
    endloop
  endfacet
  facet normal -0.216437 0.976297 0
    outer loop
      vertex -2.58589 -1.54548 0
      vertex -2.72216 -1.57569 4
      vertex -2.58589 -1.54548 4
    endloop
  endfacet
  facet normal -0.216437 0.976297 0
    outer loop
      vertex -2.72216 -1.57569 4
      vertex -2.58589 -1.54548 0
      vertex -2.72216 -1.57569 0
    endloop
  endfacet
  facet normal -0.04363 -0.999048 0
    outer loop
      vertex -3 1.6 0
      vertex -2.86055 1.59391 4
      vertex -3 1.6 4
    endloop
  endfacet
  facet normal -0.04363 -0.999048 -0
    outer loop
      vertex -2.86055 1.59391 4
      vertex -3 1.6 0
      vertex -2.86055 1.59391 0
    endloop
  endfacet
  facet normal -0.887016 -0.461738 0
    outer loop
      vertex -1.54991 0.676188 0
      vertex -1.61436 0.799999 4
      vertex -1.61436 0.799999 0
    endloop
  endfacet
  facet normal -0.887016 -0.461738 0
    outer loop
      vertex -1.61436 0.799999 4
      vertex -1.54991 0.676188 0
      vertex -1.54991 0.676188 4
    endloop
  endfacet
  facet normal 0.843384 -0.537311 0
    outer loop
      vertex -4.38564 0.799999 4
      vertex -4.31064 0.917722 0
      vertex -4.31064 0.917722 4
    endloop
  endfacet
  facet normal 0.843384 -0.537311 0
    outer loop
      vertex -4.31064 0.917722 0
      vertex -4.38564 0.799999 4
      vertex -4.38564 0.799999 0
    endloop
  endfacet
  facet normal 0.887016 -0.461738 0
    outer loop
      vertex -4.45009 0.676188 4
      vertex -4.38564 0.799999 0
      vertex -4.38564 0.799999 4
    endloop
  endfacet
  facet normal 0.887016 -0.461738 0
    outer loop
      vertex -4.38564 0.799999 0
      vertex -4.45009 0.676188 4
      vertex -4.45009 0.676188 0
    endloop
  endfacet
  facet normal -0.461741 0.887015 0
    outer loop
      vertex -2.2 -1.38564 0
      vertex -2.32381 -1.45009 4
      vertex -2.2 -1.38564 4
    endloop
  endfacet
  facet normal -0.461741 0.887015 0
    outer loop
      vertex -2.32381 -1.45009 4
      vertex -2.2 -1.38564 0
      vertex -2.32381 -1.45009 0
    endloop
  endfacet
  facet normal 0.216437 -0.976297 0
    outer loop
      vertex -3.41411 1.54548 0
      vertex -3.27784 1.57569 4
      vertex -3.41411 1.54548 4
    endloop
  endfacet
  facet normal 0.216437 -0.976297 0
    outer loop
      vertex -3.27784 1.57569 4
      vertex -3.41411 1.54548 0
      vertex -3.27784 1.57569 0
    endloop
  endfacet
  facet normal 0.13053 -0.991444 0
    outer loop
      vertex -3.27784 1.57569 0
      vertex -3.13945 1.59391 4
      vertex -3.27784 1.57569 4
    endloop
  endfacet
  facet normal 0.13053 -0.991444 0
    outer loop
      vertex -3.13945 1.59391 4
      vertex -3.27784 1.57569 0
      vertex -3.13945 1.59391 0
    endloop
  endfacet
  facet normal -0.675592 -0.737276 0
    outer loop
      vertex -1.97154 1.22567 0
      vertex -1.86863 1.13137 4
      vertex -1.97154 1.22567 4
    endloop
  endfacet
  facet normal -0.675592 -0.737276 -0
    outer loop
      vertex -1.86863 1.13137 4
      vertex -1.97154 1.22567 0
      vertex -1.86863 1.13137 0
    endloop
  endfacet
  facet normal 0.300689 -0.953722 0
    outer loop
      vertex -3.54723 1.50351 0
      vertex -3.41411 1.54548 4
      vertex -3.54723 1.50351 4
    endloop
  endfacet
  facet normal 0.300689 -0.953722 0
    outer loop
      vertex -3.41411 1.54548 4
      vertex -3.54723 1.50351 0
      vertex -3.41411 1.54548 0
    endloop
  endfacet
  facet normal 0.843384 0.537311 0
    outer loop
      vertex -4.31064 -0.917722 4
      vertex -4.38564 -0.799999 0
      vertex -4.38564 -0.799999 4
    endloop
  endfacet
  facet normal 0.843384 0.537311 0
    outer loop
      vertex -4.38564 -0.799999 0
      vertex -4.31064 -0.917722 4
      vertex -4.31064 -0.917722 0
    endloop
  endfacet
  facet normal 0.04363 -0.999048 0
    outer loop
      vertex -3.13945 1.59391 0
      vertex -3 1.6 4
      vertex -3.13945 1.59391 4
    endloop
  endfacet
  facet normal 0.04363 -0.999048 0
    outer loop
      vertex -3 1.6 4
      vertex -3.13945 1.59391 0
      vertex -3 1.6 0
    endloop
  endfacet
  facet normal -0.675592 0.737276 0
    outer loop
      vertex -1.86863 -1.13137 0
      vertex -1.97154 -1.22567 4
      vertex -1.86863 -1.13137 4
    endloop
  endfacet
  facet normal -0.675592 0.737276 0
    outer loop
      vertex -1.97154 -1.22567 4
      vertex -1.86863 -1.13137 0
      vertex -1.97154 -1.22567 0
    endloop
  endfacet
  facet normal 0.737276 0.675592 0
    outer loop
      vertex -4.13137 -1.13137 4
      vertex -4.22567 -1.02846 0
      vertex -4.22567 -1.02846 4
    endloop
  endfacet
  facet normal 0.737276 0.675592 0
    outer loop
      vertex -4.22567 -1.02846 0
      vertex -4.13137 -1.13137 4
      vertex -4.13137 -1.13137 0
    endloop
  endfacet
  facet normal 0.793361 0.608751 0
    outer loop
      vertex -4.22567 -1.02846 4
      vertex -4.31064 -0.917722 0
      vertex -4.31064 -0.917722 4
    endloop
  endfacet
  facet normal 0.793361 0.608751 0
    outer loop
      vertex -4.31064 -0.917722 0
      vertex -4.22567 -1.02846 4
      vertex -4.22567 -1.02846 0
    endloop
  endfacet
  facet normal 0.300689 0.953722 -0
    outer loop
      vertex -3.41411 -1.54548 0
      vertex -3.54723 -1.50351 4
      vertex -3.41411 -1.54548 4
    endloop
  endfacet
  facet normal 0.300689 0.953722 0
    outer loop
      vertex -3.54723 -1.50351 4
      vertex -3.41411 -1.54548 0
      vertex -3.54723 -1.50351 0
    endloop
  endfacet
  facet normal -0.382702 0.923872 0
    outer loop
      vertex -2.32381 -1.45009 0
      vertex -2.45277 -1.50351 4
      vertex -2.32381 -1.45009 4
    endloop
  endfacet
  facet normal -0.382702 0.923872 0
    outer loop
      vertex -2.45277 -1.50351 4
      vertex -2.32381 -1.45009 0
      vertex -2.45277 -1.50351 0
    endloop
  endfacet
  facet normal -0.843384 0.537311 0
    outer loop
      vertex -1.68936 -0.917722 0
      vertex -1.61436 -0.799999 4
      vertex -1.61436 -0.799999 0
    endloop
  endfacet
  facet normal -0.843384 0.537311 0
    outer loop
      vertex -1.61436 -0.799999 4
      vertex -1.68936 -0.917722 0
      vertex -1.68936 -0.917722 4
    endloop
  endfacet
  facet normal -0.887016 0.461738 0
    outer loop
      vertex -1.61436 -0.799999 0
      vertex -1.54991 -0.676188 4
      vertex -1.54991 -0.676188 0
    endloop
  endfacet
  facet normal -0.887016 0.461738 0
    outer loop
      vertex -1.54991 -0.676188 4
      vertex -1.61436 -0.799999 0
      vertex -1.61436 -0.799999 4
    endloop
  endfacet
  facet normal -0.953724 0.300685 0
    outer loop
      vertex -1.49649 -0.547232 0
      vertex -1.45452 -0.41411 4
      vertex -1.45452 -0.41411 0
    endloop
  endfacet
  facet normal -0.953724 0.300685 0
    outer loop
      vertex -1.45452 -0.41411 4
      vertex -1.49649 -0.547232 0
      vertex -1.49649 -0.547232 4
    endloop
  endfacet
  facet normal 0.04363 0.999048 -0
    outer loop
      vertex -3 -1.6 0
      vertex -3.13945 -1.59391 4
      vertex -3 -1.6 4
    endloop
  endfacet
  facet normal 0.04363 0.999048 0
    outer loop
      vertex -3.13945 -1.59391 4
      vertex -3 -1.6 0
      vertex -3.13945 -1.59391 0
    endloop
  endfacet
  facet normal 0.923868 -0.382712 0
    outer loop
      vertex -4.50351 0.547232 4
      vertex -4.45009 0.676188 0
      vertex -4.45009 0.676188 4
    endloop
  endfacet
  facet normal 0.923868 -0.382712 0
    outer loop
      vertex -4.45009 0.676188 0
      vertex -4.50351 0.547232 4
      vertex -4.50351 0.547232 0
    endloop
  endfacet
  facet normal 0.953724 -0.300685 0
    outer loop
      vertex -4.54548 0.41411 4
      vertex -4.50351 0.547232 0
      vertex -4.50351 0.547232 4
    endloop
  endfacet
  facet normal 0.953724 -0.300685 0
    outer loop
      vertex -4.50351 0.547232 0
      vertex -4.54548 0.41411 4
      vertex -4.54548 0.41411 0
    endloop
  endfacet
  facet normal -0.608744 0.793366 0
    outer loop
      vertex -1.97154 -1.22567 0
      vertex -2.08228 -1.31064 4
      vertex -1.97154 -1.22567 4
    endloop
  endfacet
  facet normal -0.608744 0.793366 0
    outer loop
      vertex -2.08228 -1.31064 4
      vertex -1.97154 -1.22567 0
      vertex -2.08228 -1.31064 0
    endloop
  endfacet
  facet normal -0.737276 -0.675592 0
    outer loop
      vertex -1.77433 1.02846 0
      vertex -1.86863 1.13137 4
      vertex -1.86863 1.13137 0
    endloop
  endfacet
  facet normal -0.737276 -0.675592 0
    outer loop
      vertex -1.86863 1.13137 4
      vertex -1.77433 1.02846 0
      vertex -1.77433 1.02846 4
    endloop
  endfacet
  facet normal 0.999048 -0.0436303 0
    outer loop
      vertex -4.6 0 4
      vertex -4.59391 0.139449 0
      vertex -4.59391 0.139449 4
    endloop
  endfacet
  facet normal 0.999048 -0.0436303 0
    outer loop
      vertex -4.59391 0.139449 0
      vertex -4.6 0 4
      vertex -4.6 0 0
    endloop
  endfacet
  facet normal 0.608744 0.793366 -0
    outer loop
      vertex -3.91772 -1.31064 0
      vertex -4.02846 -1.22567 4
      vertex -3.91772 -1.31064 4
    endloop
  endfacet
  facet normal 0.608744 0.793366 0
    outer loop
      vertex -4.02846 -1.22567 4
      vertex -3.91772 -1.31064 0
      vertex -4.02846 -1.22567 0
    endloop
  endfacet
  facet normal 0.737276 -0.675592 0
    outer loop
      vertex -4.22567 1.02846 4
      vertex -4.13137 1.13137 0
      vertex -4.13137 1.13137 4
    endloop
  endfacet
  facet normal 0.737276 -0.675592 0
    outer loop
      vertex -4.13137 1.13137 0
      vertex -4.22567 1.02846 4
      vertex -4.22567 1.02846 0
    endloop
  endfacet
  facet normal 0.953724 0.300685 0
    outer loop
      vertex -4.50351 -0.547232 4
      vertex -4.54548 -0.41411 0
      vertex -4.54548 -0.41411 4
    endloop
  endfacet
  facet normal 0.953724 0.300685 0
    outer loop
      vertex -4.54548 -0.41411 0
      vertex -4.50351 -0.547232 4
      vertex -4.50351 -0.547232 0
    endloop
  endfacet
  facet normal -0.13053 -0.991444 0
    outer loop
      vertex -2.86055 1.59391 0
      vertex -2.72216 1.57569 4
      vertex -2.86055 1.59391 4
    endloop
  endfacet
  facet normal -0.13053 -0.991444 -0
    outer loop
      vertex -2.72216 1.57569 4
      vertex -2.86055 1.59391 0
      vertex -2.72216 1.57569 0
    endloop
  endfacet
  facet normal 0.53732 0.843378 -0
    outer loop
      vertex -3.8 -1.38564 0
      vertex -3.91772 -1.31064 4
      vertex -3.8 -1.38564 4
    endloop
  endfacet
  facet normal 0.53732 0.843378 0
    outer loop
      vertex -3.91772 -1.31064 4
      vertex -3.8 -1.38564 0
      vertex -3.91772 -1.31064 0
    endloop
  endfacet
  facet normal 0.382702 0.923872 -0
    outer loop
      vertex -3.54723 -1.50351 0
      vertex -3.67619 -1.45009 4
      vertex -3.54723 -1.50351 4
    endloop
  endfacet
  facet normal 0.382702 0.923872 0
    outer loop
      vertex -3.67619 -1.45009 4
      vertex -3.54723 -1.50351 0
      vertex -3.67619 -1.45009 0
    endloop
  endfacet
  facet normal 0.13053 0.991444 -0
    outer loop
      vertex -3.13945 -1.59391 0
      vertex -3.27784 -1.57569 4
      vertex -3.13945 -1.59391 4
    endloop
  endfacet
  facet normal 0.13053 0.991444 0
    outer loop
      vertex -3.27784 -1.57569 4
      vertex -3.13945 -1.59391 0
      vertex -3.27784 -1.57569 0
    endloop
  endfacet
  facet normal 0.216437 0.976297 -0
    outer loop
      vertex -3.27784 -1.57569 0
      vertex -3.41411 -1.54548 4
      vertex -3.27784 -1.57569 4
    endloop
  endfacet
  facet normal 0.216437 0.976297 0
    outer loop
      vertex -3.41411 -1.54548 4
      vertex -3.27784 -1.57569 0
      vertex -3.41411 -1.54548 0
    endloop
  endfacet
  facet normal -0.793361 -0.608751 0
    outer loop
      vertex -1.68936 0.917722 0
      vertex -1.77433 1.02846 4
      vertex -1.77433 1.02846 0
    endloop
  endfacet
  facet normal -0.793361 -0.608751 0
    outer loop
      vertex -1.77433 1.02846 4
      vertex -1.68936 0.917722 0
      vertex -1.68936 0.917722 4
    endloop
  endfacet
  facet normal -0.991444 -0.130532 0
    outer loop
      vertex 4.59391 0.139449 0
      vertex 4.57569 0.277837 4
      vertex 4.57569 0.277837 0
    endloop
  endfacet
  facet normal -0.991444 -0.130532 0
    outer loop
      vertex 4.57569 0.277837 4
      vertex 4.59391 0.139449 0
      vertex 4.59391 0.139449 4
    endloop
  endfacet
  facet normal -0.999048 -0.0436303 0
    outer loop
      vertex 4.6 0 0
      vertex 4.59391 0.139449 4
      vertex 4.59391 0.139449 0
    endloop
  endfacet
  facet normal -0.999048 -0.0436303 0
    outer loop
      vertex 4.59391 0.139449 4
      vertex 4.6 0 0
      vertex 4.6 0 4
    endloop
  endfacet
  facet normal -0.976298 -0.216433 0
    outer loop
      vertex 4.57569 0.277837 0
      vertex 4.54548 0.41411 4
      vertex 4.54548 0.41411 0
    endloop
  endfacet
  facet normal -0.976298 -0.216433 0
    outer loop
      vertex 4.54548 0.41411 4
      vertex 4.57569 0.277837 0
      vertex 4.57569 0.277837 4
    endloop
  endfacet
  facet normal -0.608744 -0.793366 0
    outer loop
      vertex 3.91772 1.31064 0
      vertex 4.02846 1.22567 4
      vertex 3.91772 1.31064 4
    endloop
  endfacet
  facet normal -0.608744 -0.793366 -0
    outer loop
      vertex 4.02846 1.22567 4
      vertex 3.91772 1.31064 0
      vertex 4.02846 1.22567 0
    endloop
  endfacet
  facet normal -0.737276 0.675592 0
    outer loop
      vertex 4.13137 -1.13137 0
      vertex 4.22567 -1.02846 4
      vertex 4.22567 -1.02846 0
    endloop
  endfacet
  facet normal -0.737276 0.675592 0
    outer loop
      vertex 4.22567 -1.02846 4
      vertex 4.13137 -1.13137 0
      vertex 4.13137 -1.13137 4
    endloop
  endfacet
  facet normal 0.608744 -0.793366 0
    outer loop
      vertex 1.97154 1.22567 0
      vertex 2.08228 1.31064 4
      vertex 1.97154 1.22567 4
    endloop
  endfacet
  facet normal 0.608744 -0.793366 0
    outer loop
      vertex 2.08228 1.31064 4
      vertex 1.97154 1.22567 0
      vertex 2.08228 1.31064 0
    endloop
  endfacet
  facet normal 0.53732 -0.843378 0
    outer loop
      vertex 2.08228 1.31064 0
      vertex 2.2 1.38564 4
      vertex 2.08228 1.31064 4
    endloop
  endfacet
  facet normal 0.53732 -0.843378 0
    outer loop
      vertex 2.2 1.38564 4
      vertex 2.08228 1.31064 0
      vertex 2.2 1.38564 0
    endloop
  endfacet
  facet normal -0.461741 -0.887015 0
    outer loop
      vertex 3.67619 1.45009 0
      vertex 3.8 1.38564 4
      vertex 3.67619 1.45009 4
    endloop
  endfacet
  facet normal -0.461741 -0.887015 -0
    outer loop
      vertex 3.8 1.38564 4
      vertex 3.67619 1.45009 0
      vertex 3.8 1.38564 0
    endloop
  endfacet
  facet normal 0.461741 -0.887015 0
    outer loop
      vertex 2.2 1.38564 0
      vertex 2.32381 1.45009 4
      vertex 2.2 1.38564 4
    endloop
  endfacet
  facet normal 0.461741 -0.887015 0
    outer loop
      vertex 2.32381 1.45009 4
      vertex 2.2 1.38564 0
      vertex 2.32381 1.45009 0
    endloop
  endfacet
  facet normal 0.382702 -0.923872 0
    outer loop
      vertex 2.32381 1.45009 0
      vertex 2.45277 1.50351 4
      vertex 2.32381 1.45009 4
    endloop
  endfacet
  facet normal 0.382702 -0.923872 0
    outer loop
      vertex 2.45277 1.50351 4
      vertex 2.32381 1.45009 0
      vertex 2.45277 1.50351 0
    endloop
  endfacet
  facet normal 0.793361 -0.608751 0
    outer loop
      vertex 1.68936 0.917722 4
      vertex 1.77433 1.02846 0
      vertex 1.77433 1.02846 4
    endloop
  endfacet
  facet normal 0.793361 -0.608751 0
    outer loop
      vertex 1.77433 1.02846 0
      vertex 1.68936 0.917722 4
      vertex 1.68936 0.917722 0
    endloop
  endfacet
  facet normal -0.923868 0.382712 0
    outer loop
      vertex 4.45009 -0.676188 0
      vertex 4.50351 -0.547232 4
      vertex 4.50351 -0.547232 0
    endloop
  endfacet
  facet normal -0.923868 0.382712 0
    outer loop
      vertex 4.50351 -0.547232 4
      vertex 4.45009 -0.676188 0
      vertex 4.45009 -0.676188 4
    endloop
  endfacet
  facet normal -0.923868 -0.382712 0
    outer loop
      vertex 4.50351 0.547232 0
      vertex 4.45009 0.676188 4
      vertex 4.45009 0.676188 0
    endloop
  endfacet
  facet normal -0.923868 -0.382712 0
    outer loop
      vertex 4.45009 0.676188 4
      vertex 4.50351 0.547232 0
      vertex 4.50351 0.547232 4
    endloop
  endfacet
  facet normal -0.53732 -0.843378 0
    outer loop
      vertex 3.8 1.38564 0
      vertex 3.91772 1.31064 4
      vertex 3.8 1.38564 4
    endloop
  endfacet
  facet normal -0.53732 -0.843378 -0
    outer loop
      vertex 3.91772 1.31064 4
      vertex 3.8 1.38564 0
      vertex 3.91772 1.31064 0
    endloop
  endfacet
  facet normal 0.999048 0.0436303 0
    outer loop
      vertex 1.40609 -0.139449 4
      vertex 1.4 0 0
      vertex 1.4 0 4
    endloop
  endfacet
  facet normal 0.999048 0.0436303 0
    outer loop
      vertex 1.4 0 0
      vertex 1.40609 -0.139449 4
      vertex 1.40609 -0.139449 0
    endloop
  endfacet
  facet normal 0.887016 0.461738 0
    outer loop
      vertex 1.61436 -0.799999 4
      vertex 1.54991 -0.676188 0
      vertex 1.54991 -0.676188 4
    endloop
  endfacet
  facet normal 0.887016 0.461738 0
    outer loop
      vertex 1.54991 -0.676188 0
      vertex 1.61436 -0.799999 4
      vertex 1.61436 -0.799999 0
    endloop
  endfacet
  facet normal 0.976298 -0.216433 0
    outer loop
      vertex 1.42431 0.277837 4
      vertex 1.45452 0.41411 0
      vertex 1.45452 0.41411 4
    endloop
  endfacet
  facet normal 0.976298 -0.216433 0
    outer loop
      vertex 1.45452 0.41411 0
      vertex 1.42431 0.277837 4
      vertex 1.42431 0.277837 0
    endloop
  endfacet
  facet normal 0.991444 -0.130532 0
    outer loop
      vertex 1.40609 0.139449 4
      vertex 1.42431 0.277837 0
      vertex 1.42431 0.277837 4
    endloop
  endfacet
  facet normal 0.991444 -0.130532 0
    outer loop
      vertex 1.42431 0.277837 0
      vertex 1.40609 0.139449 4
      vertex 1.40609 0.139449 0
    endloop
  endfacet
  facet normal -0.300689 0.953722 0
    outer loop
      vertex 3.54723 -1.50351 0
      vertex 3.41411 -1.54548 4
      vertex 3.54723 -1.50351 4
    endloop
  endfacet
  facet normal -0.300689 0.953722 0
    outer loop
      vertex 3.41411 -1.54548 4
      vertex 3.54723 -1.50351 0
      vertex 3.41411 -1.54548 0
    endloop
  endfacet
  facet normal -0.382702 -0.923872 0
    outer loop
      vertex 3.54723 1.50351 0
      vertex 3.67619 1.45009 4
      vertex 3.54723 1.50351 4
    endloop
  endfacet
  facet normal -0.382702 -0.923872 -0
    outer loop
      vertex 3.67619 1.45009 4
      vertex 3.54723 1.50351 0
      vertex 3.67619 1.45009 0
    endloop
  endfacet
  facet normal -0.976298 0.216433 0
    outer loop
      vertex 4.54548 -0.41411 0
      vertex 4.57569 -0.277837 4
      vertex 4.57569 -0.277837 0
    endloop
  endfacet
  facet normal -0.976298 0.216433 0
    outer loop
      vertex 4.57569 -0.277837 4
      vertex 4.54548 -0.41411 0
      vertex 4.54548 -0.41411 4
    endloop
  endfacet
  facet normal 0.461741 0.887015 -0
    outer loop
      vertex 2.32381 -1.45009 0
      vertex 2.2 -1.38564 4
      vertex 2.32381 -1.45009 4
    endloop
  endfacet
  facet normal 0.461741 0.887015 0
    outer loop
      vertex 2.2 -1.38564 4
      vertex 2.32381 -1.45009 0
      vertex 2.2 -1.38564 0
    endloop
  endfacet
  facet normal -0.843384 -0.537311 0
    outer loop
      vertex 4.38564 0.799999 0
      vertex 4.31064 0.917722 4
      vertex 4.31064 0.917722 0
    endloop
  endfacet
  facet normal -0.843384 -0.537311 0
    outer loop
      vertex 4.31064 0.917722 4
      vertex 4.38564 0.799999 0
      vertex 4.38564 0.799999 4
    endloop
  endfacet
  facet normal -0.04363 0.999048 0
    outer loop
      vertex 3.13945 -1.59391 0
      vertex 3 -1.6 4
      vertex 3.13945 -1.59391 4
    endloop
  endfacet
  facet normal -0.04363 0.999048 0
    outer loop
      vertex 3 -1.6 4
      vertex 3.13945 -1.59391 0
      vertex 3 -1.6 0
    endloop
  endfacet
  facet normal -0.53732 0.843378 0
    outer loop
      vertex 3.91772 -1.31064 0
      vertex 3.8 -1.38564 4
      vertex 3.91772 -1.31064 4
    endloop
  endfacet
  facet normal -0.53732 0.843378 0
    outer loop
      vertex 3.8 -1.38564 4
      vertex 3.91772 -1.31064 0
      vertex 3.8 -1.38564 0
    endloop
  endfacet
  facet normal 0.675592 0.737276 -0
    outer loop
      vertex 1.97154 -1.22567 0
      vertex 1.86863 -1.13137 4
      vertex 1.97154 -1.22567 4
    endloop
  endfacet
  facet normal 0.675592 0.737276 0
    outer loop
      vertex 1.86863 -1.13137 4
      vertex 1.97154 -1.22567 0
      vertex 1.86863 -1.13137 0
    endloop
  endfacet
  facet normal 0.976298 0.216433 0
    outer loop
      vertex 1.45452 -0.41411 4
      vertex 1.42431 -0.277837 0
      vertex 1.42431 -0.277837 4
    endloop
  endfacet
  facet normal 0.976298 0.216433 0
    outer loop
      vertex 1.42431 -0.277837 0
      vertex 1.45452 -0.41411 4
      vertex 1.45452 -0.41411 0
    endloop
  endfacet
  facet normal -0.13053 0.991444 0
    outer loop
      vertex 3.27784 -1.57569 0
      vertex 3.13945 -1.59391 4
      vertex 3.27784 -1.57569 4
    endloop
  endfacet
  facet normal -0.13053 0.991444 0
    outer loop
      vertex 3.13945 -1.59391 4
      vertex 3.27784 -1.57569 0
      vertex 3.13945 -1.59391 0
    endloop
  endfacet
  facet normal 0.675592 -0.737276 0
    outer loop
      vertex 1.86863 1.13137 0
      vertex 1.97154 1.22567 4
      vertex 1.86863 1.13137 4
    endloop
  endfacet
  facet normal 0.675592 -0.737276 0
    outer loop
      vertex 1.97154 1.22567 4
      vertex 1.86863 1.13137 0
      vertex 1.97154 1.22567 0
    endloop
  endfacet
  facet normal 0.923868 0.382712 0
    outer loop
      vertex 1.54991 -0.676188 4
      vertex 1.49649 -0.547232 0
      vertex 1.49649 -0.547232 4
    endloop
  endfacet
  facet normal 0.923868 0.382712 0
    outer loop
      vertex 1.49649 -0.547232 0
      vertex 1.54991 -0.676188 4
      vertex 1.54991 -0.676188 0
    endloop
  endfacet
  facet normal -0.991444 0.130532 0
    outer loop
      vertex 4.57569 -0.277837 0
      vertex 4.59391 -0.139449 4
      vertex 4.59391 -0.139449 0
    endloop
  endfacet
  facet normal -0.991444 0.130532 0
    outer loop
      vertex 4.59391 -0.139449 4
      vertex 4.57569 -0.277837 0
      vertex 4.57569 -0.277837 4
    endloop
  endfacet
  facet normal -0.999048 0.0436303 0
    outer loop
      vertex 4.59391 -0.139449 0
      vertex 4.6 0 4
      vertex 4.6 0 0
    endloop
  endfacet
  facet normal -0.999048 0.0436303 0
    outer loop
      vertex 4.6 0 4
      vertex 4.59391 -0.139449 0
      vertex 4.59391 -0.139449 4
    endloop
  endfacet
  facet normal -0.953724 -0.300685 0
    outer loop
      vertex 4.54548 0.41411 0
      vertex 4.50351 0.547232 4
      vertex 4.50351 0.547232 0
    endloop
  endfacet
  facet normal -0.953724 -0.300685 0
    outer loop
      vertex 4.50351 0.547232 4
      vertex 4.54548 0.41411 0
      vertex 4.54548 0.41411 4
    endloop
  endfacet
  facet normal -0.793361 0.608751 0
    outer loop
      vertex 4.22567 -1.02846 0
      vertex 4.31064 -0.917722 4
      vertex 4.31064 -0.917722 0
    endloop
  endfacet
  facet normal -0.793361 0.608751 0
    outer loop
      vertex 4.31064 -0.917722 4
      vertex 4.22567 -1.02846 0
      vertex 4.22567 -1.02846 4
    endloop
  endfacet
  facet normal -0.216437 -0.976297 0
    outer loop
      vertex 3.27784 1.57569 0
      vertex 3.41411 1.54548 4
      vertex 3.27784 1.57569 4
    endloop
  endfacet
  facet normal -0.216437 -0.976297 -0
    outer loop
      vertex 3.41411 1.54548 4
      vertex 3.27784 1.57569 0
      vertex 3.41411 1.54548 0
    endloop
  endfacet
  facet normal 0.991444 0.130532 0
    outer loop
      vertex 1.42431 -0.277837 4
      vertex 1.40609 -0.139449 0
      vertex 1.40609 -0.139449 4
    endloop
  endfacet
  facet normal 0.991444 0.130532 0
    outer loop
      vertex 1.40609 -0.139449 0
      vertex 1.42431 -0.277837 4
      vertex 1.42431 -0.277837 0
    endloop
  endfacet
  facet normal -0.300689 -0.953722 0
    outer loop
      vertex 3.41411 1.54548 0
      vertex 3.54723 1.50351 4
      vertex 3.41411 1.54548 4
    endloop
  endfacet
  facet normal -0.300689 -0.953722 -0
    outer loop
      vertex 3.54723 1.50351 4
      vertex 3.41411 1.54548 0
      vertex 3.54723 1.50351 0
    endloop
  endfacet
  facet normal -0.216437 0.976297 0
    outer loop
      vertex 3.41411 -1.54548 0
      vertex 3.27784 -1.57569 4
      vertex 3.41411 -1.54548 4
    endloop
  endfacet
  facet normal -0.216437 0.976297 0
    outer loop
      vertex 3.27784 -1.57569 4
      vertex 3.41411 -1.54548 0
      vertex 3.27784 -1.57569 0
    endloop
  endfacet
  facet normal -0.04363 -0.999048 0
    outer loop
      vertex 3 1.6 0
      vertex 3.13945 1.59391 4
      vertex 3 1.6 4
    endloop
  endfacet
  facet normal -0.04363 -0.999048 -0
    outer loop
      vertex 3.13945 1.59391 4
      vertex 3 1.6 0
      vertex 3.13945 1.59391 0
    endloop
  endfacet
  facet normal -0.887016 -0.461738 0
    outer loop
      vertex 4.45009 0.676188 0
      vertex 4.38564 0.799999 4
      vertex 4.38564 0.799999 0
    endloop
  endfacet
  facet normal -0.887016 -0.461738 0
    outer loop
      vertex 4.38564 0.799999 4
      vertex 4.45009 0.676188 0
      vertex 4.45009 0.676188 4
    endloop
  endfacet
  facet normal 0.843384 -0.537311 0
    outer loop
      vertex 1.61436 0.799999 4
      vertex 1.68936 0.917722 0
      vertex 1.68936 0.917722 4
    endloop
  endfacet
  facet normal 0.843384 -0.537311 0
    outer loop
      vertex 1.68936 0.917722 0
      vertex 1.61436 0.799999 4
      vertex 1.61436 0.799999 0
    endloop
  endfacet
  facet normal 0.887016 -0.461738 0
    outer loop
      vertex 1.54991 0.676188 4
      vertex 1.61436 0.799999 0
      vertex 1.61436 0.799999 4
    endloop
  endfacet
  facet normal 0.887016 -0.461738 0
    outer loop
      vertex 1.61436 0.799999 0
      vertex 1.54991 0.676188 4
      vertex 1.54991 0.676188 0
    endloop
  endfacet
  facet normal -0.461741 0.887015 0
    outer loop
      vertex 3.8 -1.38564 0
      vertex 3.67619 -1.45009 4
      vertex 3.8 -1.38564 4
    endloop
  endfacet
  facet normal -0.461741 0.887015 0
    outer loop
      vertex 3.67619 -1.45009 4
      vertex 3.8 -1.38564 0
      vertex 3.67619 -1.45009 0
    endloop
  endfacet
  facet normal 0.216437 -0.976297 0
    outer loop
      vertex 2.58589 1.54548 0
      vertex 2.72216 1.57569 4
      vertex 2.58589 1.54548 4
    endloop
  endfacet
  facet normal 0.216437 -0.976297 0
    outer loop
      vertex 2.72216 1.57569 4
      vertex 2.58589 1.54548 0
      vertex 2.72216 1.57569 0
    endloop
  endfacet
  facet normal 0.13053 -0.991444 0
    outer loop
      vertex 2.72216 1.57569 0
      vertex 2.86055 1.59391 4
      vertex 2.72216 1.57569 4
    endloop
  endfacet
  facet normal 0.13053 -0.991444 0
    outer loop
      vertex 2.86055 1.59391 4
      vertex 2.72216 1.57569 0
      vertex 2.86055 1.59391 0
    endloop
  endfacet
  facet normal -0.675592 -0.737276 0
    outer loop
      vertex 4.02846 1.22567 0
      vertex 4.13137 1.13137 4
      vertex 4.02846 1.22567 4
    endloop
  endfacet
  facet normal -0.675592 -0.737276 -0
    outer loop
      vertex 4.13137 1.13137 4
      vertex 4.02846 1.22567 0
      vertex 4.13137 1.13137 0
    endloop
  endfacet
  facet normal 0.300689 -0.953722 0
    outer loop
      vertex 2.45277 1.50351 0
      vertex 2.58589 1.54548 4
      vertex 2.45277 1.50351 4
    endloop
  endfacet
  facet normal 0.300689 -0.953722 0
    outer loop
      vertex 2.58589 1.54548 4
      vertex 2.45277 1.50351 0
      vertex 2.58589 1.54548 0
    endloop
  endfacet
  facet normal 0.843384 0.537311 0
    outer loop
      vertex 1.68936 -0.917722 4
      vertex 1.61436 -0.799999 0
      vertex 1.61436 -0.799999 4
    endloop
  endfacet
  facet normal 0.843384 0.537311 0
    outer loop
      vertex 1.61436 -0.799999 0
      vertex 1.68936 -0.917722 4
      vertex 1.68936 -0.917722 0
    endloop
  endfacet
  facet normal -0.675592 0.737276 0
    outer loop
      vertex 4.13137 -1.13137 0
      vertex 4.02846 -1.22567 4
      vertex 4.13137 -1.13137 4
    endloop
  endfacet
  facet normal -0.675592 0.737276 0
    outer loop
      vertex 4.02846 -1.22567 4
      vertex 4.13137 -1.13137 0
      vertex 4.02846 -1.22567 0
    endloop
  endfacet
  facet normal 0.737276 0.675592 0
    outer loop
      vertex 1.86863 -1.13137 4
      vertex 1.77433 -1.02846 0
      vertex 1.77433 -1.02846 4
    endloop
  endfacet
  facet normal 0.737276 0.675592 0
    outer loop
      vertex 1.77433 -1.02846 0
      vertex 1.86863 -1.13137 4
      vertex 1.86863 -1.13137 0
    endloop
  endfacet
  facet normal 0.793361 0.608751 0
    outer loop
      vertex 1.77433 -1.02846 4
      vertex 1.68936 -0.917722 0
      vertex 1.68936 -0.917722 4
    endloop
  endfacet
  facet normal 0.793361 0.608751 0
    outer loop
      vertex 1.68936 -0.917722 0
      vertex 1.77433 -1.02846 4
      vertex 1.77433 -1.02846 0
    endloop
  endfacet
  facet normal 0.300689 0.953722 -0
    outer loop
      vertex 2.58589 -1.54548 0
      vertex 2.45277 -1.50351 4
      vertex 2.58589 -1.54548 4
    endloop
  endfacet
  facet normal 0.300689 0.953722 0
    outer loop
      vertex 2.45277 -1.50351 4
      vertex 2.58589 -1.54548 0
      vertex 2.45277 -1.50351 0
    endloop
  endfacet
  facet normal -0.382702 0.923872 0
    outer loop
      vertex 3.67619 -1.45009 0
      vertex 3.54723 -1.50351 4
      vertex 3.67619 -1.45009 4
    endloop
  endfacet
  facet normal -0.382702 0.923872 0
    outer loop
      vertex 3.54723 -1.50351 4
      vertex 3.67619 -1.45009 0
      vertex 3.54723 -1.50351 0
    endloop
  endfacet
  facet normal -0.843384 0.537311 0
    outer loop
      vertex 4.31064 -0.917722 0
      vertex 4.38564 -0.799999 4
      vertex 4.38564 -0.799999 0
    endloop
  endfacet
  facet normal -0.843384 0.537311 0
    outer loop
      vertex 4.38564 -0.799999 4
      vertex 4.31064 -0.917722 0
      vertex 4.31064 -0.917722 4
    endloop
  endfacet
  facet normal -0.887016 0.461738 0
    outer loop
      vertex 4.38564 -0.799999 0
      vertex 4.45009 -0.676188 4
      vertex 4.45009 -0.676188 0
    endloop
  endfacet
  facet normal -0.887016 0.461738 0
    outer loop
      vertex 4.45009 -0.676188 4
      vertex 4.38564 -0.799999 0
      vertex 4.38564 -0.799999 4
    endloop
  endfacet
  facet normal -0.953724 0.300685 0
    outer loop
      vertex 4.50351 -0.547232 0
      vertex 4.54548 -0.41411 4
      vertex 4.54548 -0.41411 0
    endloop
  endfacet
  facet normal -0.953724 0.300685 0
    outer loop
      vertex 4.54548 -0.41411 4
      vertex 4.50351 -0.547232 0
      vertex 4.50351 -0.547232 4
    endloop
  endfacet
  facet normal 0.04363 -0.999048 0
    outer loop
      vertex 2.86055 1.59391 0
      vertex 3 1.6 4
      vertex 2.86055 1.59391 4
    endloop
  endfacet
  facet normal 0.04363 -0.999048 0
    outer loop
      vertex 3 1.6 4
      vertex 2.86055 1.59391 0
      vertex 3 1.6 0
    endloop
  endfacet
  facet normal 0.04363 0.999048 -0
    outer loop
      vertex 3 -1.6 0
      vertex 2.86055 -1.59391 4
      vertex 3 -1.6 4
    endloop
  endfacet
  facet normal 0.04363 0.999048 0
    outer loop
      vertex 2.86055 -1.59391 4
      vertex 3 -1.6 0
      vertex 2.86055 -1.59391 0
    endloop
  endfacet
  facet normal 0.923868 -0.382712 0
    outer loop
      vertex 1.49649 0.547232 4
      vertex 1.54991 0.676188 0
      vertex 1.54991 0.676188 4
    endloop
  endfacet
  facet normal 0.923868 -0.382712 0
    outer loop
      vertex 1.54991 0.676188 0
      vertex 1.49649 0.547232 4
      vertex 1.49649 0.547232 0
    endloop
  endfacet
  facet normal 0.953724 -0.300685 0
    outer loop
      vertex 1.45452 0.41411 4
      vertex 1.49649 0.547232 0
      vertex 1.49649 0.547232 4
    endloop
  endfacet
  facet normal 0.953724 -0.300685 0
    outer loop
      vertex 1.49649 0.547232 0
      vertex 1.45452 0.41411 4
      vertex 1.45452 0.41411 0
    endloop
  endfacet
  facet normal -0.608744 0.793366 0
    outer loop
      vertex 4.02846 -1.22567 0
      vertex 3.91772 -1.31064 4
      vertex 4.02846 -1.22567 4
    endloop
  endfacet
  facet normal -0.608744 0.793366 0
    outer loop
      vertex 3.91772 -1.31064 4
      vertex 4.02846 -1.22567 0
      vertex 3.91772 -1.31064 0
    endloop
  endfacet
  facet normal -0.737276 -0.675592 0
    outer loop
      vertex 4.22567 1.02846 0
      vertex 4.13137 1.13137 4
      vertex 4.13137 1.13137 0
    endloop
  endfacet
  facet normal -0.737276 -0.675592 0
    outer loop
      vertex 4.13137 1.13137 4
      vertex 4.22567 1.02846 0
      vertex 4.22567 1.02846 4
    endloop
  endfacet
  facet normal 0.999048 -0.0436303 0
    outer loop
      vertex 1.4 0 4
      vertex 1.40609 0.139449 0
      vertex 1.40609 0.139449 4
    endloop
  endfacet
  facet normal 0.999048 -0.0436303 0
    outer loop
      vertex 1.40609 0.139449 0
      vertex 1.4 0 4
      vertex 1.4 0 0
    endloop
  endfacet
  facet normal 0.608744 0.793366 -0
    outer loop
      vertex 2.08228 -1.31064 0
      vertex 1.97154 -1.22567 4
      vertex 2.08228 -1.31064 4
    endloop
  endfacet
  facet normal 0.608744 0.793366 0
    outer loop
      vertex 1.97154 -1.22567 4
      vertex 2.08228 -1.31064 0
      vertex 1.97154 -1.22567 0
    endloop
  endfacet
  facet normal 0.737276 -0.675592 0
    outer loop
      vertex 1.77433 1.02846 4
      vertex 1.86863 1.13137 0
      vertex 1.86863 1.13137 4
    endloop
  endfacet
  facet normal 0.737276 -0.675592 0
    outer loop
      vertex 1.86863 1.13137 0
      vertex 1.77433 1.02846 4
      vertex 1.77433 1.02846 0
    endloop
  endfacet
  facet normal 0.953724 0.300685 0
    outer loop
      vertex 1.49649 -0.547232 4
      vertex 1.45452 -0.41411 0
      vertex 1.45452 -0.41411 4
    endloop
  endfacet
  facet normal 0.953724 0.300685 0
    outer loop
      vertex 1.45452 -0.41411 0
      vertex 1.49649 -0.547232 4
      vertex 1.49649 -0.547232 0
    endloop
  endfacet
  facet normal -0.13053 -0.991444 0
    outer loop
      vertex 3.13945 1.59391 0
      vertex 3.27784 1.57569 4
      vertex 3.13945 1.59391 4
    endloop
  endfacet
  facet normal -0.13053 -0.991444 -0
    outer loop
      vertex 3.27784 1.57569 4
      vertex 3.13945 1.59391 0
      vertex 3.27784 1.57569 0
    endloop
  endfacet
  facet normal 0.53732 0.843378 -0
    outer loop
      vertex 2.2 -1.38564 0
      vertex 2.08228 -1.31064 4
      vertex 2.2 -1.38564 4
    endloop
  endfacet
  facet normal 0.53732 0.843378 0
    outer loop
      vertex 2.08228 -1.31064 4
      vertex 2.2 -1.38564 0
      vertex 2.08228 -1.31064 0
    endloop
  endfacet
  facet normal 0.382702 0.923872 -0
    outer loop
      vertex 2.45277 -1.50351 0
      vertex 2.32381 -1.45009 4
      vertex 2.45277 -1.50351 4
    endloop
  endfacet
  facet normal 0.382702 0.923872 0
    outer loop
      vertex 2.32381 -1.45009 4
      vertex 2.45277 -1.50351 0
      vertex 2.32381 -1.45009 0
    endloop
  endfacet
  facet normal 0.13053 0.991444 -0
    outer loop
      vertex 2.86055 -1.59391 0
      vertex 2.72216 -1.57569 4
      vertex 2.86055 -1.59391 4
    endloop
  endfacet
  facet normal 0.13053 0.991444 0
    outer loop
      vertex 2.72216 -1.57569 4
      vertex 2.86055 -1.59391 0
      vertex 2.72216 -1.57569 0
    endloop
  endfacet
  facet normal 0.216437 0.976297 -0
    outer loop
      vertex 2.72216 -1.57569 0
      vertex 2.58589 -1.54548 4
      vertex 2.72216 -1.57569 4
    endloop
  endfacet
  facet normal 0.216437 0.976297 0
    outer loop
      vertex 2.58589 -1.54548 4
      vertex 2.72216 -1.57569 0
      vertex 2.58589 -1.54548 0
    endloop
  endfacet
  facet normal -0.793361 -0.608751 0
    outer loop
      vertex 4.31064 0.917722 0
      vertex 4.22567 1.02846 4
      vertex 4.22567 1.02846 0
    endloop
  endfacet
  facet normal -0.793361 -0.608751 0
    outer loop
      vertex 4.22567 1.02846 4
      vertex 4.31064 0.917722 0
      vertex 4.31064 0.917722 4
    endloop
  endfacet
  facet normal -0.991463 -0.130392 0
    outer loop
      vertex 10.5939 0.139449 0
      vertex 10.5757 0.277837 4
      vertex 10.5757 0.277837 0
    endloop
  endfacet
  facet normal -0.991463 -0.130392 0
    outer loop
      vertex 10.5757 0.277837 4
      vertex 10.5939 0.139449 0
      vertex 10.5939 0.139449 4
    endloop
  endfacet
  facet normal -0.999045 -0.0437018 0
    outer loop
      vertex 10.6 0 0
      vertex 10.5939 0.139449 4
      vertex 10.5939 0.139449 0
    endloop
  endfacet
  facet normal -0.999045 -0.0437018 0
    outer loop
      vertex 10.5939 0.139449 4
      vertex 10.6 0 0
      vertex 10.6 0 4
    endloop
  endfacet
  facet normal -0.976313 -0.216365 0
    outer loop
      vertex 10.5757 0.277837 0
      vertex 10.5455 0.41411 4
      vertex 10.5455 0.41411 0
    endloop
  endfacet
  facet normal -0.976313 -0.216365 0
    outer loop
      vertex 10.5455 0.41411 4
      vertex 10.5757 0.277837 0
      vertex 10.5757 0.277837 4
    endloop
  endfacet
  facet normal -0.608606 -0.793473 0
    outer loop
      vertex 9.91772 1.31064 0
      vertex 10.0285 1.22567 4
      vertex 9.91772 1.31064 4
    endloop
  endfacet
  facet normal -0.608606 -0.793473 -0
    outer loop
      vertex 10.0285 1.22567 4
      vertex 9.91772 1.31064 0
      vertex 10.0285 1.22567 0
    endloop
  endfacet
  facet normal -0.737276 0.675592 0
    outer loop
      vertex 10.1314 -1.13137 0
      vertex 10.2257 -1.02846 4
      vertex 10.2257 -1.02846 0
    endloop
  endfacet
  facet normal -0.737276 0.675592 0
    outer loop
      vertex 10.2257 -1.02846 4
      vertex 10.1314 -1.13137 0
      vertex 10.1314 -1.13137 4
    endloop
  endfacet
  facet normal 0.608744 -0.793366 0
    outer loop
      vertex 7.97154 1.22567 0
      vertex 8.08228 1.31064 4
      vertex 7.97154 1.22567 4
    endloop
  endfacet
  facet normal 0.608744 -0.793366 0
    outer loop
      vertex 8.08228 1.31064 4
      vertex 7.97154 1.22567 0
      vertex 8.08228 1.31064 0
    endloop
  endfacet
  facet normal 0.53732 -0.843378 0
    outer loop
      vertex 8.08228 1.31064 0
      vertex 8.2 1.38564 4
      vertex 8.08228 1.31064 4
    endloop
  endfacet
  facet normal 0.53732 -0.843378 0
    outer loop
      vertex 8.2 1.38564 4
      vertex 8.08228 1.31064 0
      vertex 8.2 1.38564 0
    endloop
  endfacet
  facet normal -0.461741 -0.887015 0
    outer loop
      vertex 9.67619 1.45009 0
      vertex 9.8 1.38564 4
      vertex 9.67619 1.45009 4
    endloop
  endfacet
  facet normal -0.461741 -0.887015 -0
    outer loop
      vertex 9.8 1.38564 4
      vertex 9.67619 1.45009 0
      vertex 9.8 1.38564 0
    endloop
  endfacet
  facet normal 0.461741 -0.887015 0
    outer loop
      vertex 8.2 1.38564 0
      vertex 8.32381 1.45009 4
      vertex 8.2 1.38564 4
    endloop
  endfacet
  facet normal 0.461741 -0.887015 0
    outer loop
      vertex 8.32381 1.45009 4
      vertex 8.2 1.38564 0
      vertex 8.32381 1.45009 0
    endloop
  endfacet
  facet normal 0.382702 -0.923872 0
    outer loop
      vertex 8.32381 1.45009 0
      vertex 8.45277 1.50351 4
      vertex 8.32381 1.45009 4
    endloop
  endfacet
  facet normal 0.382702 -0.923872 0
    outer loop
      vertex 8.45277 1.50351 4
      vertex 8.32381 1.45009 0
      vertex 8.45277 1.50351 0
    endloop
  endfacet
  facet normal 0.793361 -0.608751 0
    outer loop
      vertex 7.68936 0.917722 4
      vertex 7.77433 1.02846 0
      vertex 7.77433 1.02846 4
    endloop
  endfacet
  facet normal 0.793361 -0.608751 0
    outer loop
      vertex 7.77433 1.02846 0
      vertex 7.68936 0.917722 4
      vertex 7.68936 0.917722 0
    endloop
  endfacet
  facet normal 0.608744 0.793366 -0
    outer loop
      vertex 8.08228 -1.31064 0
      vertex 7.97154 -1.22567 4
      vertex 8.08228 -1.31064 4
    endloop
  endfacet
  facet normal 0.608744 0.793366 0
    outer loop
      vertex 7.97154 -1.22567 4
      vertex 8.08228 -1.31064 0
      vertex 7.97154 -1.22567 0
    endloop
  endfacet
  facet normal -0.923918 0.38259 0
    outer loop
      vertex 10.4501 -0.676188 0
      vertex 10.5035 -0.547232 4
      vertex 10.5035 -0.547232 0
    endloop
  endfacet
  facet normal -0.923918 0.38259 0
    outer loop
      vertex 10.5035 -0.547232 4
      vertex 10.4501 -0.676188 0
      vertex 10.4501 -0.676188 4
    endloop
  endfacet
  facet normal -0.923918 -0.38259 0
    outer loop
      vertex 10.5035 0.547232 0
      vertex 10.4501 0.676188 4
      vertex 10.4501 0.676188 0
    endloop
  endfacet
  facet normal -0.923918 -0.38259 0
    outer loop
      vertex 10.4501 0.676188 4
      vertex 10.5035 0.547232 0
      vertex 10.5035 0.547232 4
    endloop
  endfacet
  facet normal -0.53732 -0.843378 0
    outer loop
      vertex 9.8 1.38564 0
      vertex 9.91772 1.31064 4
      vertex 9.8 1.38564 4
    endloop
  endfacet
  facet normal -0.53732 -0.843378 -0
    outer loop
      vertex 9.91772 1.31064 4
      vertex 9.8 1.38564 0
      vertex 9.91772 1.31064 0
    endloop
  endfacet
  facet normal 0.999048 0.0436303 0
    outer loop
      vertex 7.40609 -0.139449 4
      vertex 7.4 0 0
      vertex 7.4 0 4
    endloop
  endfacet
  facet normal 0.999048 0.0436303 0
    outer loop
      vertex 7.4 0 0
      vertex 7.40609 -0.139449 4
      vertex 7.40609 -0.139449 0
    endloop
  endfacet
  facet normal 0.887016 0.461738 0
    outer loop
      vertex 7.61436 -0.799999 4
      vertex 7.54991 -0.676188 0
      vertex 7.54991 -0.676188 4
    endloop
  endfacet
  facet normal 0.887016 0.461738 0
    outer loop
      vertex 7.54991 -0.676188 0
      vertex 7.61436 -0.799999 4
      vertex 7.61436 -0.799999 0
    endloop
  endfacet
  facet normal 0.976298 -0.216433 0
    outer loop
      vertex 7.42431 0.277837 4
      vertex 7.45452 0.41411 0
      vertex 7.45452 0.41411 4
    endloop
  endfacet
  facet normal 0.976298 -0.216433 0
    outer loop
      vertex 7.45452 0.41411 0
      vertex 7.42431 0.277837 4
      vertex 7.42431 0.277837 0
    endloop
  endfacet
  facet normal 0.991444 -0.130532 0
    outer loop
      vertex 7.40609 0.139449 4
      vertex 7.42431 0.277837 0
      vertex 7.42431 0.277837 4
    endloop
  endfacet
  facet normal 0.991444 -0.130532 0
    outer loop
      vertex 7.42431 0.277837 0
      vertex 7.40609 0.139449 4
      vertex 7.40609 0.139449 0
    endloop
  endfacet
  facet normal -0.300689 0.953722 0
    outer loop
      vertex 9.54723 -1.50351 0
      vertex 9.41411 -1.54548 4
      vertex 9.54723 -1.50351 4
    endloop
  endfacet
  facet normal -0.300689 0.953722 0
    outer loop
      vertex 9.41411 -1.54548 4
      vertex 9.54723 -1.50351 0
      vertex 9.41411 -1.54548 0
    endloop
  endfacet
  facet normal 0.300689 -0.953722 0
    outer loop
      vertex 8.45277 1.50351 0
      vertex 8.58589 1.54548 4
      vertex 8.45277 1.50351 4
    endloop
  endfacet
  facet normal 0.300689 -0.953722 0
    outer loop
      vertex 8.58589 1.54548 4
      vertex 8.45277 1.50351 0
      vertex 8.58589 1.54548 0
    endloop
  endfacet
  facet normal -0.382702 -0.923872 0
    outer loop
      vertex 9.54723 1.50351 0
      vertex 9.67619 1.45009 4
      vertex 9.54723 1.50351 4
    endloop
  endfacet
  facet normal -0.382702 -0.923872 -0
    outer loop
      vertex 9.67619 1.45009 4
      vertex 9.54723 1.50351 0
      vertex 9.67619 1.45009 0
    endloop
  endfacet
  facet normal -0.976313 0.216365 0
    outer loop
      vertex 10.5455 -0.41411 0
      vertex 10.5757 -0.277837 4
      vertex 10.5757 -0.277837 0
    endloop
  endfacet
  facet normal -0.976313 0.216365 0
    outer loop
      vertex 10.5757 -0.277837 4
      vertex 10.5455 -0.41411 0
      vertex 10.5455 -0.41411 4
    endloop
  endfacet
  facet normal 0.461741 0.887015 -0
    outer loop
      vertex 8.32381 -1.45009 0
      vertex 8.2 -1.38564 4
      vertex 8.32381 -1.45009 4
    endloop
  endfacet
  facet normal 0.461741 0.887015 0
    outer loop
      vertex 8.2 -1.38564 4
      vertex 8.32381 -1.45009 0
      vertex 8.2 -1.38564 0
    endloop
  endfacet
  facet normal -0.843384 -0.537311 0
    outer loop
      vertex 10.3856 0.799999 0
      vertex 10.3106 0.917722 4
      vertex 10.3106 0.917722 0
    endloop
  endfacet
  facet normal -0.843384 -0.537311 0
    outer loop
      vertex 10.3106 0.917722 4
      vertex 10.3856 0.799999 0
      vertex 10.3856 0.799999 4
    endloop
  endfacet
  facet normal -0.04363 0.999048 0
    outer loop
      vertex 9.13945 -1.59391 0
      vertex 9 -1.6 4
      vertex 9.13945 -1.59391 4
    endloop
  endfacet
  facet normal -0.04363 0.999048 0
    outer loop
      vertex 9 -1.6 4
      vertex 9.13945 -1.59391 0
      vertex 9 -1.6 0
    endloop
  endfacet
  facet normal -0.53732 0.843378 0
    outer loop
      vertex 9.91772 -1.31064 0
      vertex 9.8 -1.38564 4
      vertex 9.91772 -1.31064 4
    endloop
  endfacet
  facet normal -0.53732 0.843378 0
    outer loop
      vertex 9.8 -1.38564 4
      vertex 9.91772 -1.31064 0
      vertex 9.8 -1.38564 0
    endloop
  endfacet
  facet normal 0.675592 0.737276 -0
    outer loop
      vertex 7.97154 -1.22567 0
      vertex 7.86863 -1.13137 4
      vertex 7.97154 -1.22567 4
    endloop
  endfacet
  facet normal 0.675592 0.737276 0
    outer loop
      vertex 7.86863 -1.13137 4
      vertex 7.97154 -1.22567 0
      vertex 7.86863 -1.13137 0
    endloop
  endfacet
  facet normal 0.976298 0.216433 0
    outer loop
      vertex 7.45452 -0.41411 4
      vertex 7.42431 -0.277837 0
      vertex 7.42431 -0.277837 4
    endloop
  endfacet
  facet normal 0.976298 0.216433 0
    outer loop
      vertex 7.42431 -0.277837 0
      vertex 7.45452 -0.41411 4
      vertex 7.45452 -0.41411 0
    endloop
  endfacet
  facet normal -0.13053 0.991444 0
    outer loop
      vertex 9.27784 -1.57569 0
      vertex 9.13945 -1.59391 4
      vertex 9.27784 -1.57569 4
    endloop
  endfacet
  facet normal -0.13053 0.991444 0
    outer loop
      vertex 9.13945 -1.59391 4
      vertex 9.27784 -1.57569 0
      vertex 9.13945 -1.59391 0
    endloop
  endfacet
  facet normal 0.675592 -0.737276 0
    outer loop
      vertex 7.86863 1.13137 0
      vertex 7.97154 1.22567 4
      vertex 7.86863 1.13137 4
    endloop
  endfacet
  facet normal 0.675592 -0.737276 0
    outer loop
      vertex 7.97154 1.22567 4
      vertex 7.86863 1.13137 0
      vertex 7.97154 1.22567 0
    endloop
  endfacet
  facet normal 0.923868 0.382712 0
    outer loop
      vertex 7.54991 -0.676188 4
      vertex 7.49649 -0.547232 0
      vertex 7.49649 -0.547232 4
    endloop
  endfacet
  facet normal 0.923868 0.382712 0
    outer loop
      vertex 7.49649 -0.547232 0
      vertex 7.54991 -0.676188 4
      vertex 7.54991 -0.676188 0
    endloop
  endfacet
  facet normal -0.991463 0.130392 0
    outer loop
      vertex 10.5757 -0.277837 0
      vertex 10.5939 -0.139449 4
      vertex 10.5939 -0.139449 0
    endloop
  endfacet
  facet normal -0.991463 0.130392 0
    outer loop
      vertex 10.5939 -0.139449 4
      vertex 10.5757 -0.277837 0
      vertex 10.5757 -0.277837 4
    endloop
  endfacet
  facet normal -0.999045 0.0437018 0
    outer loop
      vertex 10.5939 -0.139449 0
      vertex 10.6 0 4
      vertex 10.6 0 0
    endloop
  endfacet
  facet normal -0.999045 0.0437018 0
    outer loop
      vertex 10.6 0 4
      vertex 10.5939 -0.139449 0
      vertex 10.5939 -0.139449 4
    endloop
  endfacet
  facet normal -0.953662 -0.30088 0
    outer loop
      vertex 10.5455 0.41411 0
      vertex 10.5035 0.547232 4
      vertex 10.5035 0.547232 0
    endloop
  endfacet
  facet normal -0.953662 -0.30088 0
    outer loop
      vertex 10.5035 0.547232 4
      vertex 10.5455 0.41411 0
      vertex 10.5455 0.41411 4
    endloop
  endfacet
  facet normal -0.793603 0.608435 0
    outer loop
      vertex 10.2257 -1.02846 0
      vertex 10.3106 -0.917722 4
      vertex 10.3106 -0.917722 0
    endloop
  endfacet
  facet normal -0.793603 0.608435 0
    outer loop
      vertex 10.3106 -0.917722 4
      vertex 10.2257 -1.02846 0
      vertex 10.2257 -1.02846 4
    endloop
  endfacet
  facet normal -0.216437 -0.976297 0
    outer loop
      vertex 9.27784 1.57569 0
      vertex 9.41411 1.54548 4
      vertex 9.27784 1.57569 4
    endloop
  endfacet
  facet normal -0.216437 -0.976297 -0
    outer loop
      vertex 9.41411 1.54548 4
      vertex 9.27784 1.57569 0
      vertex 9.41411 1.54548 0
    endloop
  endfacet
  facet normal 0.991444 0.130532 0
    outer loop
      vertex 7.42431 -0.277837 4
      vertex 7.40609 -0.139449 0
      vertex 7.40609 -0.139449 4
    endloop
  endfacet
  facet normal 0.991444 0.130532 0
    outer loop
      vertex 7.40609 -0.139449 0
      vertex 7.42431 -0.277837 4
      vertex 7.42431 -0.277837 0
    endloop
  endfacet
  facet normal -0.300689 -0.953722 0
    outer loop
      vertex 9.41411 1.54548 0
      vertex 9.54723 1.50351 4
      vertex 9.41411 1.54548 4
    endloop
  endfacet
  facet normal -0.300689 -0.953722 -0
    outer loop
      vertex 9.54723 1.50351 4
      vertex 9.41411 1.54548 0
      vertex 9.54723 1.50351 0
    endloop
  endfacet
  facet normal -0.216437 0.976297 0
    outer loop
      vertex 9.41411 -1.54548 0
      vertex 9.27784 -1.57569 4
      vertex 9.41411 -1.54548 4
    endloop
  endfacet
  facet normal -0.216437 0.976297 0
    outer loop
      vertex 9.27784 -1.57569 4
      vertex 9.41411 -1.54548 0
      vertex 9.27784 -1.57569 0
    endloop
  endfacet
  facet normal -0.04363 -0.999048 0
    outer loop
      vertex 9 1.6 0
      vertex 9.13945 1.59391 4
      vertex 9 1.6 4
    endloop
  endfacet
  facet normal -0.04363 -0.999048 -0
    outer loop
      vertex 9.13945 1.59391 4
      vertex 9 1.6 0
      vertex 9.13945 1.59391 0
    endloop
  endfacet
  facet normal -0.88687 -0.46202 0
    outer loop
      vertex 10.4501 0.676188 0
      vertex 10.3856 0.799999 4
      vertex 10.3856 0.799999 0
    endloop
  endfacet
  facet normal -0.88687 -0.46202 0
    outer loop
      vertex 10.3856 0.799999 4
      vertex 10.4501 0.676188 0
      vertex 10.4501 0.676188 4
    endloop
  endfacet
  facet normal 0.843384 -0.537311 0
    outer loop
      vertex 7.61436 0.799999 4
      vertex 7.68936 0.917722 0
      vertex 7.68936 0.917722 4
    endloop
  endfacet
  facet normal 0.843384 -0.537311 0
    outer loop
      vertex 7.68936 0.917722 0
      vertex 7.61436 0.799999 4
      vertex 7.61436 0.799999 0
    endloop
  endfacet
  facet normal 0.887016 -0.461738 0
    outer loop
      vertex 7.54991 0.676188 4
      vertex 7.61436 0.799999 0
      vertex 7.61436 0.799999 4
    endloop
  endfacet
  facet normal 0.887016 -0.461738 0
    outer loop
      vertex 7.61436 0.799999 0
      vertex 7.54991 0.676188 4
      vertex 7.54991 0.676188 0
    endloop
  endfacet
  facet normal -0.461741 0.887015 0
    outer loop
      vertex 9.8 -1.38564 0
      vertex 9.67619 -1.45009 4
      vertex 9.8 -1.38564 4
    endloop
  endfacet
  facet normal -0.461741 0.887015 0
    outer loop
      vertex 9.67619 -1.45009 4
      vertex 9.8 -1.38564 0
      vertex 9.67619 -1.45009 0
    endloop
  endfacet
  facet normal 0.216437 -0.976297 0
    outer loop
      vertex 8.58589 1.54548 0
      vertex 8.72216 1.57569 4
      vertex 8.58589 1.54548 4
    endloop
  endfacet
  facet normal 0.216437 -0.976297 0
    outer loop
      vertex 8.72216 1.57569 4
      vertex 8.58589 1.54548 0
      vertex 8.72216 1.57569 0
    endloop
  endfacet
  facet normal 0.13053 -0.991444 0
    outer loop
      vertex 8.72216 1.57569 0
      vertex 8.86055 1.59391 4
      vertex 8.72216 1.57569 4
    endloop
  endfacet
  facet normal 0.13053 -0.991444 0
    outer loop
      vertex 8.86055 1.59391 4
      vertex 8.72216 1.57569 0
      vertex 8.86055 1.59391 0
    endloop
  endfacet
  facet normal -0.675627 -0.737243 0
    outer loop
      vertex 10.0285 1.22567 0
      vertex 10.1314 1.13137 4
      vertex 10.0285 1.22567 4
    endloop
  endfacet
  facet normal -0.675627 -0.737243 -0
    outer loop
      vertex 10.1314 1.13137 4
      vertex 10.0285 1.22567 0
      vertex 10.1314 1.13137 0
    endloop
  endfacet
  facet normal 0.843384 0.537311 0
    outer loop
      vertex 7.68936 -0.917722 4
      vertex 7.61436 -0.799999 0
      vertex 7.61436 -0.799999 4
    endloop
  endfacet
  facet normal 0.843384 0.537311 0
    outer loop
      vertex 7.61436 -0.799999 0
      vertex 7.68936 -0.917722 4
      vertex 7.68936 -0.917722 0
    endloop
  endfacet
  facet normal -0.675627 0.737243 0
    outer loop
      vertex 10.1314 -1.13137 0
      vertex 10.0285 -1.22567 4
      vertex 10.1314 -1.13137 4
    endloop
  endfacet
  facet normal -0.675627 0.737243 0
    outer loop
      vertex 10.0285 -1.22567 4
      vertex 10.1314 -1.13137 0
      vertex 10.0285 -1.22567 0
    endloop
  endfacet
  facet normal 0.737276 0.675592 0
    outer loop
      vertex 7.86863 -1.13137 4
      vertex 7.77433 -1.02846 0
      vertex 7.77433 -1.02846 4
    endloop
  endfacet
  facet normal 0.737276 0.675592 0
    outer loop
      vertex 7.77433 -1.02846 0
      vertex 7.86863 -1.13137 4
      vertex 7.86863 -1.13137 0
    endloop
  endfacet
  facet normal 0.793361 0.608751 0
    outer loop
      vertex 7.77433 -1.02846 4
      vertex 7.68936 -0.917722 0
      vertex 7.68936 -0.917722 4
    endloop
  endfacet
  facet normal 0.793361 0.608751 0
    outer loop
      vertex 7.68936 -0.917722 0
      vertex 7.77433 -1.02846 4
      vertex 7.77433 -1.02846 0
    endloop
  endfacet
  facet normal 0.300689 0.953722 -0
    outer loop
      vertex 8.58589 -1.54548 0
      vertex 8.45277 -1.50351 4
      vertex 8.58589 -1.54548 4
    endloop
  endfacet
  facet normal 0.300689 0.953722 0
    outer loop
      vertex 8.45277 -1.50351 4
      vertex 8.58589 -1.54548 0
      vertex 8.45277 -1.50351 0
    endloop
  endfacet
  facet normal -0.382702 0.923872 0
    outer loop
      vertex 9.67619 -1.45009 0
      vertex 9.54723 -1.50351 4
      vertex 9.67619 -1.45009 4
    endloop
  endfacet
  facet normal -0.382702 0.923872 0
    outer loop
      vertex 9.54723 -1.50351 4
      vertex 9.67619 -1.45009 0
      vertex 9.54723 -1.50351 0
    endloop
  endfacet
  facet normal -0.843384 0.537311 0
    outer loop
      vertex 10.3106 -0.917722 0
      vertex 10.3856 -0.799999 4
      vertex 10.3856 -0.799999 0
    endloop
  endfacet
  facet normal -0.843384 0.537311 0
    outer loop
      vertex 10.3856 -0.799999 4
      vertex 10.3106 -0.917722 0
      vertex 10.3106 -0.917722 4
    endloop
  endfacet
  facet normal -0.88687 0.46202 0
    outer loop
      vertex 10.3856 -0.799999 0
      vertex 10.4501 -0.676188 4
      vertex 10.4501 -0.676188 0
    endloop
  endfacet
  facet normal -0.88687 0.46202 0
    outer loop
      vertex 10.4501 -0.676188 4
      vertex 10.3856 -0.799999 0
      vertex 10.3856 -0.799999 4
    endloop
  endfacet
  facet normal -0.953662 0.30088 0
    outer loop
      vertex 10.5035 -0.547232 0
      vertex 10.5455 -0.41411 4
      vertex 10.5455 -0.41411 0
    endloop
  endfacet
  facet normal -0.953662 0.30088 0
    outer loop
      vertex 10.5455 -0.41411 4
      vertex 10.5035 -0.547232 0
      vertex 10.5035 -0.547232 4
    endloop
  endfacet
  facet normal 0.04363 -0.999048 0
    outer loop
      vertex 8.86055 1.59391 0
      vertex 9 1.6 4
      vertex 8.86055 1.59391 4
    endloop
  endfacet
  facet normal 0.04363 -0.999048 0
    outer loop
      vertex 9 1.6 4
      vertex 8.86055 1.59391 0
      vertex 9 1.6 0
    endloop
  endfacet
  facet normal 0.04363 0.999048 -0
    outer loop
      vertex 9 -1.6 0
      vertex 8.86055 -1.59391 4
      vertex 9 -1.6 4
    endloop
  endfacet
  facet normal 0.04363 0.999048 0
    outer loop
      vertex 8.86055 -1.59391 4
      vertex 9 -1.6 0
      vertex 8.86055 -1.59391 0
    endloop
  endfacet
  facet normal 0.923868 -0.382712 0
    outer loop
      vertex 7.49649 0.547232 4
      vertex 7.54991 0.676188 0
      vertex 7.54991 0.676188 4
    endloop
  endfacet
  facet normal 0.923868 -0.382712 0
    outer loop
      vertex 7.54991 0.676188 0
      vertex 7.49649 0.547232 4
      vertex 7.49649 0.547232 0
    endloop
  endfacet
  facet normal 0.953724 -0.300685 0
    outer loop
      vertex 7.45452 0.41411 4
      vertex 7.49649 0.547232 0
      vertex 7.49649 0.547232 4
    endloop
  endfacet
  facet normal 0.953724 -0.300685 0
    outer loop
      vertex 7.49649 0.547232 0
      vertex 7.45452 0.41411 4
      vertex 7.45452 0.41411 0
    endloop
  endfacet
  facet normal -0.608606 0.793473 0
    outer loop
      vertex 10.0285 -1.22567 0
      vertex 9.91772 -1.31064 4
      vertex 10.0285 -1.22567 4
    endloop
  endfacet
  facet normal -0.608606 0.793473 0
    outer loop
      vertex 9.91772 -1.31064 4
      vertex 10.0285 -1.22567 0
      vertex 9.91772 -1.31064 0
    endloop
  endfacet
  facet normal -0.737276 -0.675592 0
    outer loop
      vertex 10.2257 1.02846 0
      vertex 10.1314 1.13137 4
      vertex 10.1314 1.13137 0
    endloop
  endfacet
  facet normal -0.737276 -0.675592 0
    outer loop
      vertex 10.1314 1.13137 4
      vertex 10.2257 1.02846 0
      vertex 10.2257 1.02846 4
    endloop
  endfacet
  facet normal 0.999048 -0.0436303 0
    outer loop
      vertex 7.4 0 4
      vertex 7.40609 0.139449 0
      vertex 7.40609 0.139449 4
    endloop
  endfacet
  facet normal 0.999048 -0.0436303 0
    outer loop
      vertex 7.40609 0.139449 0
      vertex 7.4 0 4
      vertex 7.4 0 0
    endloop
  endfacet
  facet normal 0.737276 -0.675592 0
    outer loop
      vertex 7.77433 1.02846 4
      vertex 7.86863 1.13137 0
      vertex 7.86863 1.13137 4
    endloop
  endfacet
  facet normal 0.737276 -0.675592 0
    outer loop
      vertex 7.86863 1.13137 0
      vertex 7.77433 1.02846 4
      vertex 7.77433 1.02846 0
    endloop
  endfacet
  facet normal 0.953724 0.300685 0
    outer loop
      vertex 7.49649 -0.547232 4
      vertex 7.45452 -0.41411 0
      vertex 7.45452 -0.41411 4
    endloop
  endfacet
  facet normal 0.953724 0.300685 0
    outer loop
      vertex 7.45452 -0.41411 0
      vertex 7.49649 -0.547232 4
      vertex 7.49649 -0.547232 0
    endloop
  endfacet
  facet normal -0.13053 -0.991444 0
    outer loop
      vertex 9.13945 1.59391 0
      vertex 9.27784 1.57569 4
      vertex 9.13945 1.59391 4
    endloop
  endfacet
  facet normal -0.13053 -0.991444 -0
    outer loop
      vertex 9.27784 1.57569 4
      vertex 9.13945 1.59391 0
      vertex 9.27784 1.57569 0
    endloop
  endfacet
  facet normal 0.53732 0.843378 -0
    outer loop
      vertex 8.2 -1.38564 0
      vertex 8.08228 -1.31064 4
      vertex 8.2 -1.38564 4
    endloop
  endfacet
  facet normal 0.53732 0.843378 0
    outer loop
      vertex 8.08228 -1.31064 4
      vertex 8.2 -1.38564 0
      vertex 8.08228 -1.31064 0
    endloop
  endfacet
  facet normal 0.382702 0.923872 -0
    outer loop
      vertex 8.45277 -1.50351 0
      vertex 8.32381 -1.45009 4
      vertex 8.45277 -1.50351 4
    endloop
  endfacet
  facet normal 0.382702 0.923872 0
    outer loop
      vertex 8.32381 -1.45009 4
      vertex 8.45277 -1.50351 0
      vertex 8.32381 -1.45009 0
    endloop
  endfacet
  facet normal 0.13053 0.991444 -0
    outer loop
      vertex 8.86055 -1.59391 0
      vertex 8.72216 -1.57569 4
      vertex 8.86055 -1.59391 4
    endloop
  endfacet
  facet normal 0.13053 0.991444 0
    outer loop
      vertex 8.72216 -1.57569 4
      vertex 8.86055 -1.59391 0
      vertex 8.72216 -1.57569 0
    endloop
  endfacet
  facet normal 0.216437 0.976297 -0
    outer loop
      vertex 8.72216 -1.57569 0
      vertex 8.58589 -1.54548 4
      vertex 8.72216 -1.57569 4
    endloop
  endfacet
  facet normal 0.216437 0.976297 0
    outer loop
      vertex 8.58589 -1.54548 4
      vertex 8.72216 -1.57569 0
      vertex 8.58589 -1.54548 0
    endloop
  endfacet
  facet normal -0.793603 -0.608435 0
    outer loop
      vertex 10.3106 0.917722 0
      vertex 10.2257 1.02846 4
      vertex 10.2257 1.02846 0
    endloop
  endfacet
  facet normal -0.793603 -0.608435 0
    outer loop
      vertex 10.2257 1.02846 4
      vertex 10.3106 0.917722 0
      vertex 10.3106 0.917722 4
    endloop
  endfacet
  facet normal 0 0 -1
    outer loop
      vertex 1.51941 6.7886 4.01
      vertex 2.18832 6.68933 4.01
      vertex 2.08522 6.41476 4.01
    endloop
  endfacet
  facet normal 0 0 -1
    outer loop
      vertex 1.42607 6.5645 4.01
      vertex 2.08522 6.41476 4.01
      vertex 1.96437 6.16656 4.01
    endloop
  endfacet
  facet normal 0 0 -1
    outer loop
      vertex 1.31825 6.36674 4.01
      vertex 1.96437 6.16656 4.01
      vertex 1.82579 5.94473 4.01
    endloop
  endfacet
  facet normal 0 0 -1
    outer loop
      vertex 1.19595 6.19537 4.01
      vertex 1.82579 5.94473 4.01
      vertex 1.66948 5.74927 4.01
    endloop
  endfacet
  facet normal 0 0 -1
    outer loop
      vertex 2.08522 6.41476 4.01
      vertex 1.42607 6.5645 4.01
      vertex 1.51941 6.7886 4.01
    endloop
  endfacet
  facet normal 0 0 -1
    outer loop
      vertex 2.27368 6.99025 4.01
      vertex 1.62097 7.12694 4.01
      vertex 1.62268 7.13672 4.01
    endloop
  endfacet
  facet normal 0 0 -1
    outer loop
      vertex 2.27368 6.99025 4.01
      vertex 1.61911 7.11717 4.01
      vertex 1.62097 7.12694 4.01
    endloop
  endfacet
  facet normal 0 0 -1
    outer loop
      vertex 2.27368 6.99025 4.01
      vertex 1.61708 7.10741 4.01
      vertex 1.61911 7.11717 4.01
    endloop
  endfacet
  facet normal 0 0 -1
    outer loop
      vertex 2.27368 6.99025 4.01
      vertex 1.61488 7.09766 4.01
      vertex 1.61708 7.10741 4.01
    endloop
  endfacet
  facet normal 0 0 -1
    outer loop
      vertex 2.27368 6.99025 4.01
      vertex 1.61252 7.08789 4.01
      vertex 1.61488 7.09766 4.01
    endloop
  endfacet
  facet normal 0 0 -1
    outer loop
      vertex 2.27368 6.99025 4.01
      vertex 1.61 7.07812 4.01
      vertex 1.61252 7.08789 4.01
    endloop
  endfacet
  facet normal 0 0 -1
    outer loop
      vertex 2.27368 6.99025 4.01
      vertex 1.60732 7.06836 4.01
      vertex 1.61 7.07812 4.01
    endloop
  endfacet
  facet normal 0 0 -1
    outer loop
      vertex 2.27368 6.99025 4.01
      vertex 1.60446 7.05861 4.01
      vertex 1.60732 7.06836 4.01
    endloop
  endfacet
  facet normal 0 0 -1
    outer loop
      vertex 2.27368 6.99025 4.01
      vertex 1.60144 7.04884 4.01
      vertex 1.60446 7.05861 4.01
    endloop
  endfacet
  facet normal 0 0 -1
    outer loop
      vertex 2.27368 6.99025 4.01
      vertex 1.59825 7.03909 4.01
      vertex 1.60144 7.04884 4.01
    endloop
  endfacet
  facet normal 0 0 -1
    outer loop
      vertex 2.18832 6.68933 4.01
      vertex 1.59825 7.03909 4.01
      vertex 2.27368 6.99025 4.01
    endloop
  endfacet
  facet normal 0 0 -1
    outer loop
      vertex 1.05917 6.05035 4.01
      vertex 1.66948 5.74927 4.01
      vertex 1.49541 5.58017 4.01
    endloop
  endfacet
  facet normal 0 -0 -1
    outer loop
      vertex 1.59825 7.03909 4.01
      vertex 2.18832 6.68933 4.01
      vertex 1.51941 6.7886 4.01
    endloop
  endfacet
  facet normal 0 0 -1
    outer loop
      vertex 1.96437 6.16656 4.01
      vertex 1.31825 6.36674 4.01
      vertex 1.42607 6.5645 4.01
    endloop
  endfacet
  facet normal 0 0 -1
    outer loop
      vertex 1.05917 6.05035 4.01
      vertex 1.49541 5.58017 4.01
      vertex 1.3036 5.43744 4.01
    endloop
  endfacet
  facet normal 0 0 -1
    outer loop
      vertex 1.82579 5.94473 4.01
      vertex 1.19595 6.19537 4.01
      vertex 1.31825 6.36674 4.01
    endloop
  endfacet
  facet normal 0 0 -1
    outer loop
      vertex 0.907898 5.9317 4.01
      vertex 1.3036 5.43744 4.01
      vertex 1.09407 5.32108 4.01
    endloop
  endfacet
  facet normal 0 0 -1
    outer loop
      vertex 1.66948 5.74927 4.01
      vertex 1.05917 6.05035 4.01
      vertex 1.19595 6.19537 4.01
    endloop
  endfacet
  facet normal 0 0 -1
    outer loop
      vertex 1.3036 5.43744 4.01
      vertex 0.907898 5.9317 4.01
      vertex 1.05917 6.05035 4.01
    endloop
  endfacet
  facet normal 0 0 -1
    outer loop
      vertex 0.742142 5.83942 4.01
      vertex 1.09407 5.32108 4.01
      vertex 0.866776 5.23108 4.01
    endloop
  endfacet
  facet normal 0 0 -1
    outer loop
      vertex 1.09407 5.32108 4.01
      vertex 0.742142 5.83942 4.01
      vertex 0.907898 5.9317 4.01
    endloop
  endfacet
  facet normal 0 0 -1
    outer loop
      vertex 0.56189 5.7735 4.01
      vertex 0.866776 5.23108 4.01
      vertex 0.62175 5.16745 4.01
    endloop
  endfacet
  facet normal 0 0 -1
    outer loop
      vertex 0.56189 5.7735 4.01
      vertex 0.62175 5.16745 4.01
      vertex 0.576111 5.15973 4.01
    endloop
  endfacet
  facet normal 0 0 -1
    outer loop
      vertex 0.866776 5.23108 4.01
      vertex 0.56189 5.7735 4.01
      vertex 0.742142 5.83942 4.01
    endloop
  endfacet
  facet normal 0 0 -1
    outer loop
      vertex 0.367172 5.73396 4.01
      vertex 0.576111 5.15973 4.01
      vertex 0.530304 5.1528 4.01
    endloop
  endfacet
  facet normal 0 0 -1
    outer loop
      vertex 0.367172 5.73396 4.01
      vertex 0.530304 5.1528 4.01
      vertex 0.484329 5.14671 4.01
    endloop
  endfacet
  facet normal 0 0 -1
    outer loop
      vertex 0.367172 5.73396 4.01
      vertex 0.484329 5.14671 4.01
      vertex 0.438187 5.14142 4.01
    endloop
  endfacet
  facet normal 0 0 -1
    outer loop
      vertex 0.367172 5.73396 4.01
      vertex 0.438187 5.14142 4.01
      vertex 0.391891 5.13695 4.01
    endloop
  endfacet
  facet normal 0 0 -1
    outer loop
      vertex 0.576111 5.15973 4.01
      vertex 0.367172 5.73396 4.01
      vertex 0.56189 5.7735 4.01
    endloop
  endfacet
  facet normal 0 0 -1
    outer loop
      vertex 0.345428 5.13329 4.01
      vertex 0.367172 5.73396 4.01
      vertex 0.391891 5.13695 4.01
    endloop
  endfacet
  facet normal 0 0 -1
    outer loop
      vertex 0.298813 5.13043 4.01
      vertex 0.367172 5.73396 4.01
      vertex 0.345428 5.13329 4.01
    endloop
  endfacet
  facet normal 0 0 -1
    outer loop
      vertex 0.157959 5.72078 4.01
      vertex 0.298813 5.13043 4.01
      vertex 0.252014 5.1284 4.01
    endloop
  endfacet
  facet normal 0 0 -1
    outer loop
      vertex 0.157959 5.72078 4.01
      vertex 0.252014 5.1284 4.01
      vertex 0.205063 5.12718 4.01
    endloop
  endfacet
  facet normal 0 0 -1
    outer loop
      vertex 0.157959 5.72078 4.01
      vertex 0.205063 5.12718 4.01
      vertex 0.157959 5.12677 4.01
    endloop
  endfacet
  facet normal 0 0 -1
    outer loop
      vertex 0.298813 5.13043 4.01
      vertex 0.157959 5.72078 4.01
      vertex 0.367172 5.73396 4.01
    endloop
  endfacet
  facet normal 0 0 -1
    outer loop
      vertex 0.157959 5.12677 4.01
      vertex 0.0270996 5.72655 4.01
      vertex 0.157959 5.72078 4.01
    endloop
  endfacet
  facet normal 0 0 -1
    outer loop
      vertex -0.0911102 5.13857 4.01
      vertex 0.0270996 5.72655 4.01
      vertex 0.157959 5.12677 4.01
    endloop
  endfacet
  facet normal 0 0 -1
    outer loop
      vertex -0.0911102 5.13857 4.01
      vertex -0.0985413 5.74388 4.01
      vertex 0.0270996 5.72655 4.01
    endloop
  endfacet
  facet normal 0 0 -1
    outer loop
      vertex -0.327347 5.17397 4.01
      vertex -0.0985413 5.74388 4.01
      vertex -0.0911102 5.13857 4.01
    endloop
  endfacet
  facet normal -0 0 -1
    outer loop
      vertex -0.0985413 5.74388 4.01
      vertex -0.327347 5.17397 4.01
      vertex -0.218979 5.77278 4.01
    endloop
  endfacet
  facet normal 0 0 -1
    outer loop
      vertex -0.55072 5.23297 4.01
      vertex -0.218979 5.77278 4.01
      vertex -0.327347 5.17397 4.01
    endloop
  endfacet
  facet normal -0 0 -1
    outer loop
      vertex -0.218979 5.77278 4.01
      vertex -0.55072 5.23297 4.01
      vertex -0.334213 5.81322 4.01
    endloop
  endfacet
  facet normal -0 0 -1
    outer loop
      vertex -0.334213 5.81322 4.01
      vertex -0.55072 5.23297 4.01
      vertex -0.444229 5.86522 4.01
    endloop
  endfacet
  facet normal 0 0 -1
    outer loop
      vertex -0.761246 5.31555 4.01
      vertex -0.444229 5.86522 4.01
      vertex -0.55072 5.23297 4.01
    endloop
  endfacet
  facet normal -0 0 -1
    outer loop
      vertex -0.444229 5.86522 4.01
      vertex -0.761246 5.31555 4.01
      vertex -0.549042 5.92879 4.01
    endloop
  endfacet
  facet normal 0 0 -1
    outer loop
      vertex -0.958893 5.42175 4.01
      vertex -0.549042 5.92879 4.01
      vertex -0.761246 5.31555 4.01
    endloop
  endfacet
  facet normal -0 0 -1
    outer loop
      vertex -0.549042 5.92879 4.01
      vertex -0.958893 5.42175 4.01
      vertex -0.648651 6.00389 4.01
    endloop
  endfacet
  facet normal 0 0 -1
    outer loop
      vertex -1.14371 5.55154 4.01
      vertex -0.648651 6.00389 4.01
      vertex -0.958893 5.42175 4.01
    endloop
  endfacet
  facet normal -0 0 -1
    outer loop
      vertex -0.648651 6.00389 4.01
      vertex -1.14371 5.55154 4.01
      vertex -0.743042 6.09056 4.01
    endloop
  endfacet
  facet normal 0 0 -1
    outer loop
      vertex -1.31564 5.70493 4.01
      vertex -0.743042 6.09056 4.01
      vertex -1.14371 5.55154 4.01
    endloop
  endfacet
  facet normal -0 0 -1
    outer loop
      vertex -0.743042 6.09056 4.01
      vertex -1.31564 5.70493 4.01
      vertex -0.83223 6.1888 4.01
    endloop
  endfacet
  facet normal 0 0 -1
    outer loop
      vertex -1.47475 5.88191 4.01
      vertex -0.83223 6.1888 4.01
      vertex -1.31564 5.70493 4.01
    endloop
  endfacet
  facet normal -0 0 -1
    outer loop
      vertex -0.83223 6.1888 4.01
      vertex -1.47475 5.88191 4.01
      vertex -0.916214 6.29857 4.01
    endloop
  endfacet
  facet normal -0 0 -1
    outer loop
      vertex -0.916214 6.29857 4.01
      vertex -1.47475 5.88191 4.01
      vertex -1.00587 6.43634 4.01
    endloop
  endfacet
  facet normal 0 0 -1
    outer loop
      vertex -1.62097 6.08249 4.01
      vertex -1.00587 6.43634 4.01
      vertex -1.47475 5.88191 4.01
    endloop
  endfacet
  facet normal -0 0 -1
    outer loop
      vertex -1.00587 6.43634 4.01
      vertex -1.62097 6.08249 4.01
      vertex -1.08612 6.58273 4.01
    endloop
  endfacet
  facet normal 0 0 -1
    outer loop
      vertex -1.75435 6.30667 4.01
      vertex -1.08612 6.58273 4.01
      vertex -1.62097 6.08249 4.01
    endloop
  endfacet
  facet normal -0 0 -1
    outer loop
      vertex -1.08612 6.58273 4.01
      vertex -1.75435 6.30667 4.01
      vertex -1.15691 6.73775 4.01
    endloop
  endfacet
  facet normal 0 0 -1
    outer loop
      vertex -1.83321 6.46544 4.01
      vertex -1.15691 6.73775 4.01
      vertex -1.75435 6.30667 4.01
    endloop
  endfacet
  facet normal -0 0 -1
    outer loop
      vertex -1.15691 6.73775 4.01
      vertex -1.83321 6.46544 4.01
      vertex -1.21826 6.90138 4.01
    endloop
  endfacet
  facet normal 0 0 -1
    outer loop
      vertex -1.90376 6.62924 4.01
      vertex -1.21826 6.90138 4.01
      vertex -1.83321 6.46544 4.01
    endloop
  endfacet
  facet normal 0 0 -1
    outer loop
      vertex -2.16522 7.91719 4.01
      vertex -1.38817 8.06436 4.01
      vertex -1.38345 7.84898 4.01
    endloop
  endfacet
  facet normal 0 0 -1
    outer loop
      vertex -1.966 6.7981 4.01
      vertex -1.21826 6.90138 4.01
      vertex -1.90376 6.62924 4.01
    endloop
  endfacet
  facet normal -0 0 -1
    outer loop
      vertex -1.21826 6.90138 4.01
      vertex -1.966 6.7981 4.01
      vertex -1.27017 7.07365 4.01
    endloop
  endfacet
  facet normal -0 0 -1
    outer loop
      vertex -1.38817 8.06436 4.01
      vertex -2.16522 7.91719 4.01
      vertex -2.16937 8.12135 4.01
    endloop
  endfacet
  facet normal 0 0 -1
    outer loop
      vertex -2.01996 6.972 4.01
      vertex -1.27017 7.07365 4.01
      vertex -1.966 6.7981 4.01
    endloop
  endfacet
  facet normal -0 0 -1
    outer loop
      vertex -1.38345 7.84898 4.01
      vertex -2.15277 7.71806 4.01
      vertex -2.16522 7.91719 4.01
    endloop
  endfacet
  facet normal -0 0 -1
    outer loop
      vertex -1.27017 7.07365 4.01
      vertex -2.01996 6.972 4.01
      vertex -1.31265 7.25455 4.01
    endloop
  endfacet
  facet normal 0 0 -1
    outer loop
      vertex -2.06561 7.15096 4.01
      vertex -1.31265 7.25455 4.01
      vertex -2.01996 6.972 4.01
    endloop
  endfacet
  facet normal -0 0 -1
    outer loop
      vertex -1.31265 7.25455 4.01
      vertex -2.06561 7.15096 4.01
      vertex -1.34569 7.44406 4.01
    endloop
  endfacet
  facet normal 0 0 -1
    outer loop
      vertex -2.10297 7.33495 4.01
      vertex -1.34569 7.44406 4.01
      vertex -2.06561 7.15096 4.01
    endloop
  endfacet
  facet normal 0 0 -1
    outer loop
      vertex -2.13202 7.52399 4.01
      vertex -1.34569 7.44406 4.01
      vertex -2.10297 7.33495 4.01
    endloop
  endfacet
  facet normal 0 0 -1
    outer loop
      vertex -1.34569 7.44406 4.01
      vertex -2.13202 7.52399 4.01
      vertex -1.36929 7.64221 4.01
    endloop
  endfacet
  facet normal 0 0 -1
    outer loop
      vertex -2.15277 7.71806 4.01
      vertex -1.36929 7.64221 4.01
      vertex -2.13202 7.52399 4.01
    endloop
  endfacet
  facet normal 0 0 -1
    outer loop
      vertex -1.36929 7.64221 4.01
      vertex -2.15277 7.71806 4.01
      vertex -1.38345 7.84898 4.01
    endloop
  endfacet
  facet normal 0 0 -1
    outer loop
      vertex -1.38817 8.06436 4.01
      vertex -2.16937 8.12135 4.01
      vertex -2.1622 8.3907 4.01
    endloop
  endfacet
  facet normal 0 0 -1
    outer loop
      vertex -1.38817 8.06436 4.01
      vertex -2.1622 8.3907 4.01
      vertex -2.14073 8.64865 4.01
    endloop
  endfacet
  facet normal 0 0 -1
    outer loop
      vertex -1.38817 8.06436 4.01
      vertex -2.14073 8.64865 4.01
      vertex -2.10492 8.89522 4.01
    endloop
  endfacet
  facet normal 0 0 -1
    outer loop
      vertex -1.38817 8.06436 4.01
      vertex -2.10492 8.89522 4.01
      vertex -2.05479 9.13039 4.01
    endloop
  endfacet
  facet normal 0 0 -1
    outer loop
      vertex -1.38817 8.06436 4.01
      vertex -2.05479 9.13039 4.01
      vertex -1.99034 9.35416 4.01
    endloop
  endfacet
  facet normal 0 0 -1
    outer loop
      vertex -1.38817 8.06436 4.01
      vertex -1.99034 9.35416 4.01
      vertex -1.91158 9.56654 4.01
    endloop
  endfacet
  facet normal 0 0 -1
    outer loop
      vertex -1.38817 8.06436 4.01
      vertex -1.81848 9.76755 4.01
      vertex -1.71106 9.95715 4.01
    endloop
  endfacet
  facet normal 0 0 -1
    outer loop
      vertex -1.38817 8.06436 4.01
      vertex -1.91158 9.56654 4.01
      vertex -1.81848 9.76755 4.01
    endloop
  endfacet
  facet normal 0 0 -1
    outer loop
      vertex -1.38817 8.06436 4.01
      vertex -1.58932 10.1354 4.01
      vertex -1.45326 10.3022 4.01
    endloop
  endfacet
  facet normal 0 0 -1
    outer loop
      vertex -1.38817 8.06436 4.01
      vertex -1.71106 9.95715 4.01
      vertex -1.58932 10.1354 4.01
    endloop
  endfacet
  facet normal 0 0 -1
    outer loop
      vertex 1.59825 9.05717 4.01
      vertex 2.25479 9.26305 4.01
      vertex 2.27368 9.17921 4.01
    endloop
  endfacet
  facet normal -0 0 -1
    outer loop
      vertex 2.25479 9.26305 4.01
      vertex 1.59825 9.05717 4.01
      vertex 2.23396 9.34523 4.01
    endloop
  endfacet
  facet normal 0 0 -1
    outer loop
      vertex 1.52625 9.29022 4.01
      vertex 2.23396 9.34523 4.01
      vertex 1.59825 9.05717 4.01
    endloop
  endfacet
  facet normal -0 0 -1
    outer loop
      vertex 2.23396 9.34523 4.01
      vertex 1.52625 9.29022 4.01
      vertex 2.21118 9.4258 4.01
    endloop
  endfacet
  facet normal -0 0 -1
    outer loop
      vertex 2.18645 9.50473 4.01
      vertex 1.52625 9.29022 4.01
      vertex 2.15974 9.58205 4.01
    endloop
  endfacet
  facet normal -0 0 -1
    outer loop
      vertex 2.15974 9.58205 4.01
      vertex 1.52625 9.29022 4.01
      vertex 2.1311 9.65771 4.01
    endloop
  endfacet
  facet normal 0 0 -1
    outer loop
      vertex 1.44365 9.50114 4.01
      vertex 2.1311 9.65771 4.01
      vertex 1.52625 9.29022 4.01
    endloop
  endfacet
  facet normal -0 0 -1
    outer loop
      vertex 2.1311 9.65771 4.01
      vertex 1.44365 9.50114 4.01
      vertex 2.10051 9.73178 4.01
    endloop
  endfacet
  facet normal -0 0 -1
    outer loop
      vertex 2.10051 9.73178 4.01
      vertex 1.44365 9.50114 4.01
      vertex 2.06796 9.8042 4.01
    endloop
  endfacet
  facet normal -0 0 -1
    outer loop
      vertex 2.06796 9.8042 4.01
      vertex 1.44365 9.50114 4.01
      vertex 2.03346 9.87498 4.01
    endloop
  endfacet
  facet normal 0 0 -1
    outer loop
      vertex 1.35048 9.68993 4.01
      vertex 1.99701 9.94415 4.01
      vertex 1.44365 9.50114 4.01
    endloop
  endfacet
  facet normal -0 0 -1
    outer loop
      vertex 2.21118 9.4258 4.01
      vertex 1.52625 9.29022 4.01
      vertex 2.18645 9.50473 4.01
    endloop
  endfacet
  facet normal -0 0 -1
    outer loop
      vertex 2.03346 9.87498 4.01
      vertex 1.44365 9.50114 4.01
      vertex 1.99701 9.94415 4.01
    endloop
  endfacet
  facet normal -0 0 -1
    outer loop
      vertex 1.99701 9.94415 4.01
      vertex 1.35048 9.68993 4.01
      vertex 1.87666 10.1467 4.01
    endloop
  endfacet
  facet normal 0 0 -1
    outer loop
      vertex 1.24673 9.85658 4.01
      vertex 1.87666 10.1467 4.01
      vertex 1.35048 9.68993 4.01
    endloop
  endfacet
  facet normal -0 0 -1
    outer loop
      vertex 1.87666 10.1467 4.01
      vertex 1.24673 9.85658 4.01
      vertex 1.74344 10.3279 4.01
    endloop
  endfacet
  facet normal 0 0 -1
    outer loop
      vertex 1.1324 10.0011 4.01
      vertex 1.74344 10.3279 4.01
      vertex 1.24673 9.85658 4.01
    endloop
  endfacet
  facet normal -0 0 -1
    outer loop
      vertex 1.74344 10.3279 4.01
      vertex 1.1324 10.0011 4.01
      vertex 1.59738 10.4878 4.01
    endloop
  endfacet
  facet normal 0 0 -1
    outer loop
      vertex 1.00749 10.1235 4.01
      vertex 1.59738 10.4878 4.01
      vertex 1.1324 10.0011 4.01
    endloop
  endfacet
  facet normal -0 0 -1
    outer loop
      vertex 1.59738 10.4878 4.01
      vertex 1.00749 10.1235 4.01
      vertex 1.43845 10.6264 4.01
    endloop
  endfacet
  facet normal -0 0 -1
    outer loop
      vertex 1.43845 10.6264 4.01
      vertex 1.00749 10.1235 4.01
      vertex 1.26666 10.7437 4.01
    endloop
  endfacet
  facet normal 0 0 -1
    outer loop
      vertex 0.871994 10.2237 4.01
      vertex 1.26666 10.7437 4.01
      vertex 1.00749 10.1235 4.01
    endloop
  endfacet
  facet normal -0 0 -1
    outer loop
      vertex 1.26666 10.7437 4.01
      vertex 0.871994 10.2237 4.01
      vertex 1.08203 10.8396 4.01
    endloop
  endfacet
  facet normal 0 0 -1
    outer loop
      vertex 0.725922 10.3018 4.01
      vertex 1.08203 10.8396 4.01
      vertex 0.871994 10.2237 4.01
    endloop
  endfacet
  facet normal -0 0 -1
    outer loop
      vertex 1.08203 10.8396 4.01
      vertex 0.725922 10.3018 4.01
      vertex 0.884521 10.9142 4.01
    endloop
  endfacet
  facet normal 0 0 -1
    outer loop
      vertex 0.569275 10.3578 4.01
      vertex 0.884521 10.9142 4.01
      vertex 0.725922 10.3018 4.01
    endloop
  endfacet
  facet normal -0 0 -1
    outer loop
      vertex 0.884521 10.9142 4.01
      vertex 0.569275 10.3578 4.01
      vertex 0.674179 10.9675 4.01
    endloop
  endfacet
  facet normal 0 0 -1
    outer loop
      vertex 0.402039 10.3917 4.01
      vertex 0.674179 10.9675 4.01
      vertex 0.569275 10.3578 4.01
    endloop
  endfacet
  facet normal -0 0 -1
    outer loop
      vertex 0.674179 10.9675 4.01
      vertex 0.402039 10.3917 4.01
      vertex 0.450958 10.9995 4.01
    endloop
  endfacet
  facet normal 0 0 -1
    outer loop
      vertex 0.380875 10.3948 4.01
      vertex 0.450958 10.9995 4.01
      vertex 0.402039 10.3917 4.01
    endloop
  endfacet
  facet normal 0 0 -1
    outer loop
      vertex 0.359726 10.3976 4.01
      vertex 0.450958 10.9995 4.01
      vertex 0.380875 10.3948 4.01
    endloop
  endfacet
  facet normal 0 0 -1
    outer loop
      vertex 0.338562 10.4 4.01
      vertex 0.450958 10.9995 4.01
      vertex 0.359726 10.3976 4.01
    endloop
  endfacet
  facet normal 0 0 -1
    outer loop
      vertex 0.317413 10.4021 4.01
      vertex 0.450958 10.9995 4.01
      vertex 0.338562 10.4 4.01
    endloop
  endfacet
  facet normal 0 0 -1
    outer loop
      vertex 0.296249 10.4039 4.01
      vertex 0.450958 10.9995 4.01
      vertex 0.317413 10.4021 4.01
    endloop
  endfacet
  facet normal 0 0 -1
    outer loop
      vertex 0.21489 11.0102 4.01
      vertex 0.296249 10.4039 4.01
      vertex 0.275101 10.4053 4.01
    endloop
  endfacet
  facet normal 0 0 -1
    outer loop
      vertex 0.21489 11.0102 4.01
      vertex 0.275101 10.4053 4.01
      vertex 0.253937 10.4065 4.01
    endloop
  endfacet
  facet normal 0 0 -1
    outer loop
      vertex 0.21489 11.0102 4.01
      vertex 0.253937 10.4065 4.01
      vertex 0.232788 10.4073 4.01
    endloop
  endfacet
  facet normal 0 0 -1
    outer loop
      vertex 0.296249 10.4039 4.01
      vertex 0.21489 11.0102 4.01
      vertex 0.450958 10.9995 4.01
    endloop
  endfacet
  facet normal 0 0 -1
    outer loop
      vertex 0.211624 10.4078 4.01
      vertex 0.21489 11.0102 4.01
      vertex 0.232788 10.4073 4.01
    endloop
  endfacet
  facet normal 0 0 -1
    outer loop
      vertex 0.190475 10.408 4.01
      vertex 0.21489 11.0102 4.01
      vertex 0.211624 10.4078 4.01
    endloop
  endfacet
  facet normal 0 0 -1
    outer loop
      vertex 0.190475 10.408 4.01
      vertex 0.0121918 11.0031 4.01
      vertex 0.21489 11.0102 4.01
    endloop
  endfacet
  facet normal 0 0 -1
    outer loop
      vertex -0.0111542 10.396 4.01
      vertex 0.0121918 11.0031 4.01
      vertex 0.190475 10.408 4.01
    endloop
  endfacet
  facet normal 0 0 -1
    outer loop
      vertex -0.0111542 10.396 4.01
      vertex -0.18251 10.9819 4.01
      vertex 0.0121918 11.0031 4.01
    endloop
  endfacet
  facet normal 0 0 -1
    outer loop
      vertex -0.199463 10.3601 4.01
      vertex -0.18251 10.9819 4.01
      vertex -0.0111542 10.396 4.01
    endloop
  endfacet
  facet normal 0 0 -1
    outer loop
      vertex -0.199463 10.3601 4.01
      vertex -0.369263 10.9465 4.01
      vertex -0.18251 10.9819 4.01
    endloop
  endfacet
  facet normal 0 0 -1
    outer loop
      vertex -0.54805 10.8969 4.01
      vertex -0.199463 10.3601 4.01
      vertex -0.37442 10.3003 4.01
    endloop
  endfacet
  facet normal 0 0 -1
    outer loop
      vertex -0.718857 10.8332 4.01
      vertex -0.37442 10.3003 4.01
      vertex -0.536026 10.2166 4.01
    endloop
  endfacet
  facet normal 0 0 -1
    outer loop
      vertex -0.199463 10.3601 4.01
      vertex -0.54805 10.8969 4.01
      vertex -0.369263 10.9465 4.01
    endloop
  endfacet
  facet normal 0 0 -1
    outer loop
      vertex -1.03654 10.6633 4.01
      vertex -0.536026 10.2166 4.01
      vertex -0.684296 10.1089 4.01
    endloop
  endfacet
  facet normal 0 0 -1
    outer loop
      vertex -0.37442 10.3003 4.01
      vertex -0.718857 10.8332 4.01
      vertex -0.54805 10.8969 4.01
    endloop
  endfacet
  facet normal 0 0 -1
    outer loop
      vertex -1.18343 10.5571 4.01
      vertex -0.684296 10.1089 4.01
      vertex -0.819214 9.97734 4.01
    endloop
  endfacet
  facet normal 0 0 -1
    outer loop
      vertex -0.536026 10.2166 4.01
      vertex -0.881683 10.7553 4.01
      vertex -0.718857 10.8332 4.01
    endloop
  endfacet
  facet normal 0 0 -1
    outer loop
      vertex -1.45326 10.3022 4.01
      vertex -0.819214 9.97734 4.01
      vertex -0.940796 9.82184 4.01
    endloop
  endfacet
  facet normal 0 0 -1
    outer loop
      vertex -0.536026 10.2166 4.01
      vertex -1.03654 10.6633 4.01
      vertex -0.881683 10.7553 4.01
    endloop
  endfacet
  facet normal 0 0 -1
    outer loop
      vertex -1.45326 10.3022 4.01
      vertex -0.940796 9.82184 4.01
      vertex -1.04903 9.64241 4.01
    endloop
  endfacet
  facet normal 0 0 -1
    outer loop
      vertex -1.45326 10.3022 4.01
      vertex -1.04903 9.64241 4.01
      vertex -1.14391 9.43907 4.01
    endloop
  endfacet
  facet normal 0 0 -1
    outer loop
      vertex -0.684296 10.1089 4.01
      vertex -1.18343 10.5571 4.01
      vertex -1.03654 10.6633 4.01
    endloop
  endfacet
  facet normal 0 0 -1
    outer loop
      vertex -1.45326 10.3022 4.01
      vertex -1.14391 9.43907 4.01
      vertex -1.22545 9.21179 4.01
    endloop
  endfacet
  facet normal 0 0 -1
    outer loop
      vertex -1.45326 10.3022 4.01
      vertex -1.22545 9.21179 4.01
      vertex -1.25636 9.10658 4.01
    endloop
  endfacet
  facet normal 0 0 -1
    outer loop
      vertex -1.45326 10.3022 4.01
      vertex -1.25636 9.10658 4.01
      vertex -1.28403 8.99924 4.01
    endloop
  endfacet
  facet normal 0 0 -1
    outer loop
      vertex -1.45326 10.3022 4.01
      vertex -1.28403 8.99924 4.01
      vertex -1.30844 8.88979 4.01
    endloop
  endfacet
  facet normal 0 0 -1
    outer loop
      vertex -0.819214 9.97734 4.01
      vertex -1.32233 10.4367 4.01
      vertex -1.18343 10.5571 4.01
    endloop
  endfacet
  facet normal 0 0 -1
    outer loop
      vertex -1.45326 10.3022 4.01
      vertex -1.30844 8.88979 4.01
      vertex -1.32959 8.77823 4.01
    endloop
  endfacet
  facet normal 0 0 -1
    outer loop
      vertex -1.45326 10.3022 4.01
      vertex -1.32959 8.77823 4.01
      vertex -1.34749 8.66454 4.01
    endloop
  endfacet
  facet normal 0 0 -1
    outer loop
      vertex -1.45326 10.3022 4.01
      vertex -1.34749 8.66454 4.01
      vertex -1.36214 8.54874 4.01
    endloop
  endfacet
  facet normal 0 0 -1
    outer loop
      vertex -1.45326 10.3022 4.01
      vertex -1.36214 8.54874 4.01
      vertex -1.37352 8.43082 4.01
    endloop
  endfacet
  facet normal 0 0 -1
    outer loop
      vertex -1.45326 10.3022 4.01
      vertex -1.37352 8.43082 4.01
      vertex -1.38165 8.31078 4.01
    endloop
  endfacet
  facet normal 0 0 -1
    outer loop
      vertex -1.45326 10.3022 4.01
      vertex -1.38165 8.31078 4.01
      vertex -1.38654 8.18863 4.01
    endloop
  endfacet
  facet normal 0 0 -1
    outer loop
      vertex -0.819214 9.97734 4.01
      vertex -1.45326 10.3022 4.01
      vertex -1.32233 10.4367 4.01
    endloop
  endfacet
  facet normal 0 0 -1
    outer loop
      vertex -1.45326 10.3022 4.01
      vertex -1.38654 8.18863 4.01
      vertex -1.38817 8.06436 4.01
    endloop
  endfacet
  facet normal 0 0 1
    outer loop
      vertex 1.59825 9.05717 4.71
      vertex 2.25479 9.26305 4.71
      vertex 2.23396 9.34523 4.71
    endloop
  endfacet
  facet normal 0 0 1
    outer loop
      vertex 1.52625 9.29022 4.71
      vertex 2.23396 9.34523 4.71
      vertex 2.21118 9.4258 4.71
    endloop
  endfacet
  facet normal 0 0 1
    outer loop
      vertex 1.52625 9.29022 4.71
      vertex 2.21118 9.4258 4.71
      vertex 2.18645 9.50473 4.71
    endloop
  endfacet
  facet normal 0 0 1
    outer loop
      vertex 1.52625 9.29022 4.71
      vertex 2.18645 9.50473 4.71
      vertex 2.15974 9.58205 4.71
    endloop
  endfacet
  facet normal 0 0 1
    outer loop
      vertex 1.52625 9.29022 4.71
      vertex 2.15974 9.58205 4.71
      vertex 2.1311 9.65771 4.71
    endloop
  endfacet
  facet normal 0 0 1
    outer loop
      vertex 1.44365 9.50114 4.71
      vertex 2.1311 9.65771 4.71
      vertex 2.10051 9.73178 4.71
    endloop
  endfacet
  facet normal 0 0 1
    outer loop
      vertex 1.44365 9.50114 4.71
      vertex 2.10051 9.73178 4.71
      vertex 2.06796 9.8042 4.71
    endloop
  endfacet
  facet normal 0 0 1
    outer loop
      vertex 1.44365 9.50114 4.71
      vertex 2.06796 9.8042 4.71
      vertex 2.03346 9.87498 4.71
    endloop
  endfacet
  facet normal 0 0 1
    outer loop
      vertex 1.44365 9.50114 4.71
      vertex 2.03346 9.87498 4.71
      vertex 1.99701 9.94415 4.71
    endloop
  endfacet
  facet normal 0 0 1
    outer loop
      vertex 1.35048 9.68993 4.71
      vertex 1.99701 9.94415 4.71
      vertex 1.87666 10.1467 4.71
    endloop
  endfacet
  facet normal 0 0 1
    outer loop
      vertex 1.24673 9.85658 4.71
      vertex 1.87666 10.1467 4.71
      vertex 1.74344 10.3279 4.71
    endloop
  endfacet
  facet normal 0 0 1
    outer loop
      vertex 2.1311 9.65771 4.71
      vertex 1.44365 9.50114 4.71
      vertex 1.52625 9.29022 4.71
    endloop
  endfacet
  facet normal 0 0 1
    outer loop
      vertex 1.1324 10.0011 4.71
      vertex 1.74344 10.3279 4.71
      vertex 1.59738 10.4878 4.71
    endloop
  endfacet
  facet normal 0 0 1
    outer loop
      vertex 2.25479 9.26305 4.71
      vertex 1.59825 9.05717 4.71
      vertex 2.27368 9.17921 4.71
    endloop
  endfacet
  facet normal 0 0 1
    outer loop
      vertex 2.23396 9.34523 4.71
      vertex 1.52625 9.29022 4.71
      vertex 1.59825 9.05717 4.71
    endloop
  endfacet
  facet normal 0 0 1
    outer loop
      vertex 1.00749 10.1235 4.71
      vertex 1.59738 10.4878 4.71
      vertex 1.43845 10.6264 4.71
    endloop
  endfacet
  facet normal 0 0 1
    outer loop
      vertex 1.99701 9.94415 4.71
      vertex 1.35048 9.68993 4.71
      vertex 1.44365 9.50114 4.71
    endloop
  endfacet
  facet normal 0 0 1
    outer loop
      vertex 1.00749 10.1235 4.71
      vertex 1.43845 10.6264 4.71
      vertex 1.26666 10.7437 4.71
    endloop
  endfacet
  facet normal 0 0 1
    outer loop
      vertex 1.87666 10.1467 4.71
      vertex 1.24673 9.85658 4.71
      vertex 1.35048 9.68993 4.71
    endloop
  endfacet
  facet normal 0 0 1
    outer loop
      vertex 1.74344 10.3279 4.71
      vertex 1.1324 10.0011 4.71
      vertex 1.24673 9.85658 4.71
    endloop
  endfacet
  facet normal 0 0 1
    outer loop
      vertex 0.871994 10.2237 4.71
      vertex 1.26666 10.7437 4.71
      vertex 1.08203 10.8396 4.71
    endloop
  endfacet
  facet normal 0 0 1
    outer loop
      vertex 1.59738 10.4878 4.71
      vertex 1.00749 10.1235 4.71
      vertex 1.1324 10.0011 4.71
    endloop
  endfacet
  facet normal 0 0 1
    outer loop
      vertex 0.725922 10.3018 4.71
      vertex 1.08203 10.8396 4.71
      vertex 0.884521 10.9142 4.71
    endloop
  endfacet
  facet normal 0 0 1
    outer loop
      vertex 1.26666 10.7437 4.71
      vertex 0.871994 10.2237 4.71
      vertex 1.00749 10.1235 4.71
    endloop
  endfacet
  facet normal 0 0 1
    outer loop
      vertex 1.08203 10.8396 4.71
      vertex 0.725922 10.3018 4.71
      vertex 0.871994 10.2237 4.71
    endloop
  endfacet
  facet normal 0 0 1
    outer loop
      vertex 0.569275 10.3578 4.71
      vertex 0.884521 10.9142 4.71
      vertex 0.674179 10.9675 4.71
    endloop
  endfacet
  facet normal 0 0 1
    outer loop
      vertex 0.884521 10.9142 4.71
      vertex 0.569275 10.3578 4.71
      vertex 0.725922 10.3018 4.71
    endloop
  endfacet
  facet normal 0 0 1
    outer loop
      vertex 0.402039 10.3917 4.71
      vertex 0.674179 10.9675 4.71
      vertex 0.450958 10.9995 4.71
    endloop
  endfacet
  facet normal 0 0 1
    outer loop
      vertex 0.674179 10.9675 4.71
      vertex 0.402039 10.3917 4.71
      vertex 0.569275 10.3578 4.71
    endloop
  endfacet
  facet normal 0 0 1
    outer loop
      vertex 0.450958 10.9995 4.71
      vertex 0.380875 10.3948 4.71
      vertex 0.402039 10.3917 4.71
    endloop
  endfacet
  facet normal 0 0 1
    outer loop
      vertex 0.450958 10.9995 4.71
      vertex 0.359726 10.3976 4.71
      vertex 0.380875 10.3948 4.71
    endloop
  endfacet
  facet normal 0 0 1
    outer loop
      vertex 0.450958 10.9995 4.71
      vertex 0.338562 10.4 4.71
      vertex 0.359726 10.3976 4.71
    endloop
  endfacet
  facet normal 0 0 1
    outer loop
      vertex 0.450958 10.9995 4.71
      vertex 0.317413 10.4021 4.71
      vertex 0.338562 10.4 4.71
    endloop
  endfacet
  facet normal 0 0 1
    outer loop
      vertex 0.450958 10.9995 4.71
      vertex 0.296249 10.4039 4.71
      vertex 0.317413 10.4021 4.71
    endloop
  endfacet
  facet normal 0 0 1
    outer loop
      vertex 0.21489 11.0102 4.71
      vertex 0.296249 10.4039 4.71
      vertex 0.450958 10.9995 4.71
    endloop
  endfacet
  facet normal 0 0 1
    outer loop
      vertex 0.296249 10.4039 4.71
      vertex 0.21489 11.0102 4.71
      vertex 0.275101 10.4053 4.71
    endloop
  endfacet
  facet normal 0 0 1
    outer loop
      vertex 0.275101 10.4053 4.71
      vertex 0.21489 11.0102 4.71
      vertex 0.253937 10.4065 4.71
    endloop
  endfacet
  facet normal 0 0 1
    outer loop
      vertex 0.253937 10.4065 4.71
      vertex 0.21489 11.0102 4.71
      vertex 0.232788 10.4073 4.71
    endloop
  endfacet
  facet normal 0 0 1
    outer loop
      vertex 0.21489 11.0102 4.71
      vertex 0.211624 10.4078 4.71
      vertex 0.232788 10.4073 4.71
    endloop
  endfacet
  facet normal 0 0 1
    outer loop
      vertex 0.21489 11.0102 4.71
      vertex 0.190475 10.408 4.71
      vertex 0.211624 10.4078 4.71
    endloop
  endfacet
  facet normal -0 0 1
    outer loop
      vertex 0.0121918 11.0031 4.71
      vertex 0.190475 10.408 4.71
      vertex 0.21489 11.0102 4.71
    endloop
  endfacet
  facet normal 0 0 1
    outer loop
      vertex 0.0121918 11.0031 4.71
      vertex -0.0111542 10.396 4.71
      vertex 0.190475 10.408 4.71
    endloop
  endfacet
  facet normal -0 0 1
    outer loop
      vertex -0.18251 10.9819 4.71
      vertex -0.0111542 10.396 4.71
      vertex 0.0121918 11.0031 4.71
    endloop
  endfacet
  facet normal 0 0 1
    outer loop
      vertex -0.18251 10.9819 4.71
      vertex -0.199463 10.3601 4.71
      vertex -0.0111542 10.396 4.71
    endloop
  endfacet
  facet normal -0 0 1
    outer loop
      vertex -0.369263 10.9465 4.71
      vertex -0.199463 10.3601 4.71
      vertex -0.18251 10.9819 4.71
    endloop
  endfacet
  facet normal -0 0 1
    outer loop
      vertex -0.54805 10.8969 4.71
      vertex -0.199463 10.3601 4.71
      vertex -0.369263 10.9465 4.71
    endloop
  endfacet
  facet normal 0 0 1
    outer loop
      vertex -0.199463 10.3601 4.71
      vertex -0.54805 10.8969 4.71
      vertex -0.37442 10.3003 4.71
    endloop
  endfacet
  facet normal -0 0 1
    outer loop
      vertex -0.718857 10.8332 4.71
      vertex -0.37442 10.3003 4.71
      vertex -0.54805 10.8969 4.71
    endloop
  endfacet
  facet normal 0 0 1
    outer loop
      vertex -0.37442 10.3003 4.71
      vertex -0.718857 10.8332 4.71
      vertex -0.536026 10.2166 4.71
    endloop
  endfacet
  facet normal -0 0 1
    outer loop
      vertex -0.881683 10.7553 4.71
      vertex -0.536026 10.2166 4.71
      vertex -0.718857 10.8332 4.71
    endloop
  endfacet
  facet normal -0 0 1
    outer loop
      vertex -1.03654 10.6633 4.71
      vertex -0.536026 10.2166 4.71
      vertex -0.881683 10.7553 4.71
    endloop
  endfacet
  facet normal 0 0 1
    outer loop
      vertex -0.536026 10.2166 4.71
      vertex -1.03654 10.6633 4.71
      vertex -0.684296 10.1089 4.71
    endloop
  endfacet
  facet normal -0 0 1
    outer loop
      vertex -1.18343 10.5571 4.71
      vertex -0.684296 10.1089 4.71
      vertex -1.03654 10.6633 4.71
    endloop
  endfacet
  facet normal 0 0 1
    outer loop
      vertex -0.684296 10.1089 4.71
      vertex -1.18343 10.5571 4.71
      vertex -0.819214 9.97734 4.71
    endloop
  endfacet
  facet normal -0 0 1
    outer loop
      vertex -1.32233 10.4367 4.71
      vertex -0.819214 9.97734 4.71
      vertex -1.18343 10.5571 4.71
    endloop
  endfacet
  facet normal -0 0 1
    outer loop
      vertex -1.45326 10.3022 4.71
      vertex -0.819214 9.97734 4.71
      vertex -1.32233 10.4367 4.71
    endloop
  endfacet
  facet normal 0 0 1
    outer loop
      vertex -0.819214 9.97734 4.71
      vertex -1.45326 10.3022 4.71
      vertex -0.940796 9.82184 4.71
    endloop
  endfacet
  facet normal -0 0 1
    outer loop
      vertex -1.58932 10.1354 4.71
      vertex -0.940796 9.82184 4.71
      vertex -1.45326 10.3022 4.71
    endloop
  endfacet
  facet normal 0 0 1
    outer loop
      vertex -0.940796 9.82184 4.71
      vertex -1.58932 10.1354 4.71
      vertex -1.04903 9.64241 4.71
    endloop
  endfacet
  facet normal -0 0 1
    outer loop
      vertex -1.71106 9.95715 4.71
      vertex -1.04903 9.64241 4.71
      vertex -1.58932 10.1354 4.71
    endloop
  endfacet
  facet normal 0 0 1
    outer loop
      vertex -1.04903 9.64241 4.71
      vertex -1.71106 9.95715 4.71
      vertex -1.14391 9.43907 4.71
    endloop
  endfacet
  facet normal -0 0 1
    outer loop
      vertex -1.81848 9.76755 4.71
      vertex -1.14391 9.43907 4.71
      vertex -1.71106 9.95715 4.71
    endloop
  endfacet
  facet normal -0 0 1
    outer loop
      vertex -1.91158 9.56654 4.71
      vertex -1.14391 9.43907 4.71
      vertex -1.81848 9.76755 4.71
    endloop
  endfacet
  facet normal 0 0 1
    outer loop
      vertex -1.14391 9.43907 4.71
      vertex -1.91158 9.56654 4.71
      vertex -1.22545 9.21179 4.71
    endloop
  endfacet
  facet normal -0 0 1
    outer loop
      vertex -1.99034 9.35416 4.71
      vertex -1.22545 9.21179 4.71
      vertex -1.91158 9.56654 4.71
    endloop
  endfacet
  facet normal 0 0 1
    outer loop
      vertex -1.22545 9.21179 4.71
      vertex -1.99034 9.35416 4.71
      vertex -1.25636 9.10658 4.71
    endloop
  endfacet
  facet normal 0 0 1
    outer loop
      vertex -1.25636 9.10658 4.71
      vertex -1.99034 9.35416 4.71
      vertex -1.28403 8.99924 4.71
    endloop
  endfacet
  facet normal -0 0 1
    outer loop
      vertex -2.05479 9.13039 4.71
      vertex -1.28403 8.99924 4.71
      vertex -1.99034 9.35416 4.71
    endloop
  endfacet
  facet normal -0 0 1
    outer loop
      vertex -2.10492 8.89522 4.71
      vertex -1.30844 8.88979 4.71
      vertex -2.05479 9.13039 4.71
    endloop
  endfacet
  facet normal 0 0 1
    outer loop
      vertex -1.28403 8.99924 4.71
      vertex -2.05479 9.13039 4.71
      vertex -1.30844 8.88979 4.71
    endloop
  endfacet
  facet normal 0 0 1
    outer loop
      vertex 1.59825 7.03909 4.71
      vertex 2.18832 6.68933 4.71
      vertex 2.27368 6.99025 4.71
    endloop
  endfacet
  facet normal 0 0 1
    outer loop
      vertex 2.18832 6.68933 4.71
      vertex 1.51941 6.7886 4.71
      vertex 2.08522 6.41476 4.71
    endloop
  endfacet
  facet normal -0 0 1
    outer loop
      vertex 1.42607 6.5645 4.71
      vertex 2.08522 6.41476 4.71
      vertex 1.51941 6.7886 4.71
    endloop
  endfacet
  facet normal 0 0 1
    outer loop
      vertex 2.08522 6.41476 4.71
      vertex 1.42607 6.5645 4.71
      vertex 1.96437 6.16656 4.71
    endloop
  endfacet
  facet normal -0 0 1
    outer loop
      vertex 1.62097 7.12694 4.71
      vertex 2.27368 6.99025 4.71
      vertex 1.62268 7.13672 4.71
    endloop
  endfacet
  facet normal -0 0 1
    outer loop
      vertex 1.61911 7.11717 4.71
      vertex 2.27368 6.99025 4.71
      vertex 1.62097 7.12694 4.71
    endloop
  endfacet
  facet normal -0 0 1
    outer loop
      vertex 1.61708 7.10741 4.71
      vertex 2.27368 6.99025 4.71
      vertex 1.61911 7.11717 4.71
    endloop
  endfacet
  facet normal -0 0 1
    outer loop
      vertex 1.61488 7.09766 4.71
      vertex 2.27368 6.99025 4.71
      vertex 1.61708 7.10741 4.71
    endloop
  endfacet
  facet normal -0 0 1
    outer loop
      vertex 1.61252 7.08789 4.71
      vertex 2.27368 6.99025 4.71
      vertex 1.61488 7.09766 4.71
    endloop
  endfacet
  facet normal -0 0 1
    outer loop
      vertex 1.61 7.07812 4.71
      vertex 2.27368 6.99025 4.71
      vertex 1.61252 7.08789 4.71
    endloop
  endfacet
  facet normal -0 0 1
    outer loop
      vertex 1.60732 7.06836 4.71
      vertex 2.27368 6.99025 4.71
      vertex 1.61 7.07812 4.71
    endloop
  endfacet
  facet normal -0 0 1
    outer loop
      vertex 1.60446 7.05861 4.71
      vertex 2.27368 6.99025 4.71
      vertex 1.60732 7.06836 4.71
    endloop
  endfacet
  facet normal -0 0 1
    outer loop
      vertex 1.60144 7.04884 4.71
      vertex 2.27368 6.99025 4.71
      vertex 1.60446 7.05861 4.71
    endloop
  endfacet
  facet normal -0 0 1
    outer loop
      vertex 1.59825 7.03909 4.71
      vertex 2.27368 6.99025 4.71
      vertex 1.60144 7.04884 4.71
    endloop
  endfacet
  facet normal 0 0 1
    outer loop
      vertex 2.18832 6.68933 4.71
      vertex 1.59825 7.03909 4.71
      vertex 1.51941 6.7886 4.71
    endloop
  endfacet
  facet normal -0 0 1
    outer loop
      vertex 1.31825 6.36674 4.71
      vertex 1.96437 6.16656 4.71
      vertex 1.42607 6.5645 4.71
    endloop
  endfacet
  facet normal 0 0 1
    outer loop
      vertex 1.96437 6.16656 4.71
      vertex 1.31825 6.36674 4.71
      vertex 1.82579 5.94473 4.71
    endloop
  endfacet
  facet normal -0 0 1
    outer loop
      vertex 1.19595 6.19537 4.71
      vertex 1.82579 5.94473 4.71
      vertex 1.31825 6.36674 4.71
    endloop
  endfacet
  facet normal 0 0 1
    outer loop
      vertex 1.82579 5.94473 4.71
      vertex 1.19595 6.19537 4.71
      vertex 1.66948 5.74927 4.71
    endloop
  endfacet
  facet normal -0 0 1
    outer loop
      vertex 1.05917 6.05035 4.71
      vertex 1.66948 5.74927 4.71
      vertex 1.19595 6.19537 4.71
    endloop
  endfacet
  facet normal 0 0 1
    outer loop
      vertex 1.66948 5.74927 4.71
      vertex 1.05917 6.05035 4.71
      vertex 1.49541 5.58017 4.71
    endloop
  endfacet
  facet normal 0 0 1
    outer loop
      vertex 1.49541 5.58017 4.71
      vertex 1.05917 6.05035 4.71
      vertex 1.3036 5.43744 4.71
    endloop
  endfacet
  facet normal -0 0 1
    outer loop
      vertex 0.907898 5.9317 4.71
      vertex 1.3036 5.43744 4.71
      vertex 1.05917 6.05035 4.71
    endloop
  endfacet
  facet normal 0 0 1
    outer loop
      vertex 1.3036 5.43744 4.71
      vertex 0.907898 5.9317 4.71
      vertex 1.09407 5.32108 4.71
    endloop
  endfacet
  facet normal -0 0 1
    outer loop
      vertex 0.742142 5.83942 4.71
      vertex 1.09407 5.32108 4.71
      vertex 0.907898 5.9317 4.71
    endloop
  endfacet
  facet normal 0 0 1
    outer loop
      vertex 1.09407 5.32108 4.71
      vertex 0.742142 5.83942 4.71
      vertex 0.866776 5.23108 4.71
    endloop
  endfacet
  facet normal -0 0 1
    outer loop
      vertex 0.56189 5.7735 4.71
      vertex 0.866776 5.23108 4.71
      vertex 0.742142 5.83942 4.71
    endloop
  endfacet
  facet normal 0 0 1
    outer loop
      vertex 0.866776 5.23108 4.71
      vertex 0.56189 5.7735 4.71
      vertex 0.62175 5.16745 4.71
    endloop
  endfacet
  facet normal 0 0 1
    outer loop
      vertex 0.62175 5.16745 4.71
      vertex 0.56189 5.7735 4.71
      vertex 0.576111 5.15973 4.71
    endloop
  endfacet
  facet normal -0 0 1
    outer loop
      vertex 0.367172 5.73396 4.71
      vertex 0.576111 5.15973 4.71
      vertex 0.56189 5.7735 4.71
    endloop
  endfacet
  facet normal 0 0 1
    outer loop
      vertex 0.576111 5.15973 4.71
      vertex 0.367172 5.73396 4.71
      vertex 0.530304 5.1528 4.71
    endloop
  endfacet
  facet normal 0 0 1
    outer loop
      vertex 0.530304 5.1528 4.71
      vertex 0.367172 5.73396 4.71
      vertex 0.484329 5.14671 4.71
    endloop
  endfacet
  facet normal 0 0 1
    outer loop
      vertex 0.484329 5.14671 4.71
      vertex 0.367172 5.73396 4.71
      vertex 0.438187 5.14142 4.71
    endloop
  endfacet
  facet normal 0 0 1
    outer loop
      vertex 0.438187 5.14142 4.71
      vertex 0.367172 5.73396 4.71
      vertex 0.391891 5.13695 4.71
    endloop
  endfacet
  facet normal 0 0 1
    outer loop
      vertex 0.367172 5.73396 4.71
      vertex 0.345428 5.13329 4.71
      vertex 0.391891 5.13695 4.71
    endloop
  endfacet
  facet normal 0 0 1
    outer loop
      vertex 0.367172 5.73396 4.71
      vertex 0.298813 5.13043 4.71
      vertex 0.345428 5.13329 4.71
    endloop
  endfacet
  facet normal -0 0 1
    outer loop
      vertex 0.157959 5.72078 4.71
      vertex 0.298813 5.13043 4.71
      vertex 0.367172 5.73396 4.71
    endloop
  endfacet
  facet normal 0 0 1
    outer loop
      vertex 0.298813 5.13043 4.71
      vertex 0.157959 5.72078 4.71
      vertex 0.252014 5.1284 4.71
    endloop
  endfacet
  facet normal 0 0 1
    outer loop
      vertex 0.252014 5.1284 4.71
      vertex 0.157959 5.72078 4.71
      vertex 0.205063 5.12718 4.71
    endloop
  endfacet
  facet normal 0 0 1
    outer loop
      vertex 0.157959 5.72078 4.71
      vertex 0.157959 5.12677 4.71
      vertex 0.205063 5.12718 4.71
    endloop
  endfacet
  facet normal 0 0 1
    outer loop
      vertex 0.0270996 5.72655 4.71
      vertex 0.157959 5.12677 4.71
      vertex 0.157959 5.72078 4.71
    endloop
  endfacet
  facet normal 0 0 1
    outer loop
      vertex 0.0270996 5.72655 4.71
      vertex -0.0911102 5.13857 4.71
      vertex 0.157959 5.12677 4.71
    endloop
  endfacet
  facet normal 0 0 1
    outer loop
      vertex -0.0985413 5.74388 4.71
      vertex -0.0911102 5.13857 4.71
      vertex 0.0270996 5.72655 4.71
    endloop
  endfacet
  facet normal 0 0 1
    outer loop
      vertex -0.327347 5.17397 4.71
      vertex -0.0985413 5.74388 4.71
      vertex -0.218979 5.77278 4.71
    endloop
  endfacet
  facet normal 0 0 1
    outer loop
      vertex -0.0985413 5.74388 4.71
      vertex -0.327347 5.17397 4.71
      vertex -0.0911102 5.13857 4.71
    endloop
  endfacet
  facet normal 0 0 1
    outer loop
      vertex -0.55072 5.23297 4.71
      vertex -0.218979 5.77278 4.71
      vertex -0.334213 5.81322 4.71
    endloop
  endfacet
  facet normal 0 0 1
    outer loop
      vertex -0.55072 5.23297 4.71
      vertex -0.334213 5.81322 4.71
      vertex -0.444229 5.86522 4.71
    endloop
  endfacet
  facet normal 0 0 1
    outer loop
      vertex -0.761246 5.31555 4.71
      vertex -0.444229 5.86522 4.71
      vertex -0.549042 5.92879 4.71
    endloop
  endfacet
  facet normal 0 0 1
    outer loop
      vertex -0.218979 5.77278 4.71
      vertex -0.55072 5.23297 4.71
      vertex -0.327347 5.17397 4.71
    endloop
  endfacet
  facet normal 0 0 1
    outer loop
      vertex -0.958893 5.42175 4.71
      vertex -0.549042 5.92879 4.71
      vertex -0.648651 6.00389 4.71
    endloop
  endfacet
  facet normal 0 0 1
    outer loop
      vertex -1.14371 5.55154 4.71
      vertex -0.648651 6.00389 4.71
      vertex -0.743042 6.09056 4.71
    endloop
  endfacet
  facet normal 0 0 1
    outer loop
      vertex -0.444229 5.86522 4.71
      vertex -0.761246 5.31555 4.71
      vertex -0.55072 5.23297 4.71
    endloop
  endfacet
  facet normal 0 0 1
    outer loop
      vertex -1.31564 5.70493 4.71
      vertex -0.743042 6.09056 4.71
      vertex -0.83223 6.1888 4.71
    endloop
  endfacet
  facet normal 0 0 1
    outer loop
      vertex -1.47475 5.88191 4.71
      vertex -0.83223 6.1888 4.71
      vertex -0.916214 6.29857 4.71
    endloop
  endfacet
  facet normal 0 0 1
    outer loop
      vertex -0.549042 5.92879 4.71
      vertex -0.958893 5.42175 4.71
      vertex -0.761246 5.31555 4.71
    endloop
  endfacet
  facet normal 0 0 1
    outer loop
      vertex -1.47475 5.88191 4.71
      vertex -0.916214 6.29857 4.71
      vertex -1.00587 6.43634 4.71
    endloop
  endfacet
  facet normal 0 0 1
    outer loop
      vertex -1.62097 6.08249 4.71
      vertex -1.00587 6.43634 4.71
      vertex -1.08612 6.58273 4.71
    endloop
  endfacet
  facet normal 0 0 1
    outer loop
      vertex -0.648651 6.00389 4.71
      vertex -1.14371 5.55154 4.71
      vertex -0.958893 5.42175 4.71
    endloop
  endfacet
  facet normal 0 0 1
    outer loop
      vertex -1.75435 6.30667 4.71
      vertex -1.08612 6.58273 4.71
      vertex -1.15691 6.73775 4.71
    endloop
  endfacet
  facet normal 0 0 1
    outer loop
      vertex -1.83321 6.46544 4.71
      vertex -1.15691 6.73775 4.71
      vertex -1.21826 6.90138 4.71
    endloop
  endfacet
  facet normal 0 0 1
    outer loop
      vertex -1.966 6.7981 4.71
      vertex -1.21826 6.90138 4.71
      vertex -1.27017 7.07365 4.71
    endloop
  endfacet
  facet normal 0 0 1
    outer loop
      vertex -2.01996 6.972 4.71
      vertex -1.27017 7.07365 4.71
      vertex -1.31265 7.25455 4.71
    endloop
  endfacet
  facet normal 0 0 1
    outer loop
      vertex -0.743042 6.09056 4.71
      vertex -1.31564 5.70493 4.71
      vertex -1.14371 5.55154 4.71
    endloop
  endfacet
  facet normal 0 0 1
    outer loop
      vertex -2.06561 7.15096 4.71
      vertex -1.31265 7.25455 4.71
      vertex -1.34569 7.44406 4.71
    endloop
  endfacet
  facet normal -0 0 1
    outer loop
      vertex -2.13202 7.52399 4.71
      vertex -1.34569 7.44406 4.71
      vertex -1.36929 7.64221 4.71
    endloop
  endfacet
  facet normal -0 0 1
    outer loop
      vertex -2.15277 7.71806 4.71
      vertex -1.36929 7.64221 4.71
      vertex -1.38345 7.84898 4.71
    endloop
  endfacet
  facet normal 0 0 1
    outer loop
      vertex -1.30844 8.88979 4.71
      vertex -2.10492 8.89522 4.71
      vertex -1.32959 8.77823 4.71
    endloop
  endfacet
  facet normal 0 0 1
    outer loop
      vertex -0.83223 6.1888 4.71
      vertex -1.47475 5.88191 4.71
      vertex -1.31564 5.70493 4.71
    endloop
  endfacet
  facet normal 0 0 1
    outer loop
      vertex -1.32959 8.77823 4.71
      vertex -2.10492 8.89522 4.71
      vertex -1.34749 8.66454 4.71
    endloop
  endfacet
  facet normal 0 0 1
    outer loop
      vertex -2.14073 8.64865 4.71
      vertex -1.34749 8.66454 4.71
      vertex -2.10492 8.89522 4.71
    endloop
  endfacet
  facet normal 0 -0 1
    outer loop
      vertex -2.15277 7.71806 4.71
      vertex -1.38345 7.84898 4.71
      vertex -2.16522 7.91719 4.71
    endloop
  endfacet
  facet normal 0 0 1
    outer loop
      vertex -1.34749 8.66454 4.71
      vertex -2.14073 8.64865 4.71
      vertex -1.36214 8.54874 4.71
    endloop
  endfacet
  facet normal 0 0 1
    outer loop
      vertex -1.34569 7.44406 4.71
      vertex -2.13202 7.52399 4.71
      vertex -2.10297 7.33495 4.71
    endloop
  endfacet
  facet normal 0 0 1
    outer loop
      vertex -1.36214 8.54874 4.71
      vertex -2.14073 8.64865 4.71
      vertex -1.37352 8.43082 4.71
    endloop
  endfacet
  facet normal 0 0 1
    outer loop
      vertex -1.08612 6.58273 4.71
      vertex -1.75435 6.30667 4.71
      vertex -1.62097 6.08249 4.71
    endloop
  endfacet
  facet normal 0 0 1
    outer loop
      vertex -1.15691 6.73775 4.71
      vertex -1.83321 6.46544 4.71
      vertex -1.75435 6.30667 4.71
    endloop
  endfacet
  facet normal 0 0 1
    outer loop
      vertex -2.1622 8.3907 4.71
      vertex -1.37352 8.43082 4.71
      vertex -2.14073 8.64865 4.71
    endloop
  endfacet
  facet normal 0 0 1
    outer loop
      vertex -1.00587 6.43634 4.71
      vertex -1.62097 6.08249 4.71
      vertex -1.47475 5.88191 4.71
    endloop
  endfacet
  facet normal 0 0 1
    outer loop
      vertex -1.37352 8.43082 4.71
      vertex -2.1622 8.3907 4.71
      vertex -1.38165 8.31078 4.71
    endloop
  endfacet
  facet normal 0 0 1
    outer loop
      vertex -1.21826 6.90138 4.71
      vertex -1.90376 6.62924 4.71
      vertex -1.83321 6.46544 4.71
    endloop
  endfacet
  facet normal 0 0 1
    outer loop
      vertex -1.38165 8.31078 4.71
      vertex -2.1622 8.3907 4.71
      vertex -1.38654 8.18863 4.71
    endloop
  endfacet
  facet normal 0 0 1
    outer loop
      vertex -1.21826 6.90138 4.71
      vertex -1.966 6.7981 4.71
      vertex -1.90376 6.62924 4.71
    endloop
  endfacet
  facet normal 0 0 1
    outer loop
      vertex -1.27017 7.07365 4.71
      vertex -2.01996 6.972 4.71
      vertex -1.966 6.7981 4.71
    endloop
  endfacet
  facet normal 0 0 1
    outer loop
      vertex -2.16937 8.12135 4.71
      vertex -1.38654 8.18863 4.71
      vertex -2.1622 8.3907 4.71
    endloop
  endfacet
  facet normal 0 0 1
    outer loop
      vertex -1.31265 7.25455 4.71
      vertex -2.06561 7.15096 4.71
      vertex -2.01996 6.972 4.71
    endloop
  endfacet
  facet normal 0 0 1
    outer loop
      vertex -1.38654 8.18863 4.71
      vertex -2.16937 8.12135 4.71
      vertex -1.38817 8.06436 4.71
    endloop
  endfacet
  facet normal 0 0 1
    outer loop
      vertex -1.34569 7.44406 4.71
      vertex -2.10297 7.33495 4.71
      vertex -2.06561 7.15096 4.71
    endloop
  endfacet
  facet normal 0 -0 1
    outer loop
      vertex -2.16522 7.91719 4.71
      vertex -1.38817 8.06436 4.71
      vertex -2.16937 8.12135 4.71
    endloop
  endfacet
  facet normal 0 0 1
    outer loop
      vertex -1.36929 7.64221 4.71
      vertex -2.15277 7.71806 4.71
      vertex -2.13202 7.52399 4.71
    endloop
  endfacet
  facet normal 0 0 1
    outer loop
      vertex -1.38817 8.06436 4.71
      vertex -2.16522 7.91719 4.71
      vertex -1.38345 7.84898 4.71
    endloop
  endfacet
  facet normal 0.0259758 -0.999663 0
    outer loop
      vertex 0.205063 5.12718 4.01
      vertex 0.252014 5.1284 4.71
      vertex 0.205063 5.12718 4.71
    endloop
  endfacet
  facet normal 0.0259758 -0.999663 0
    outer loop
      vertex 0.252014 5.1284 4.71
      vertex 0.205063 5.12718 4.01
      vertex 0.252014 5.1284 4.01
    endloop
  endfacet
  facet normal 0.0433362 -0.999061 0
    outer loop
      vertex 0.252014 5.1284 4.01
      vertex 0.298813 5.13043 4.71
      vertex 0.252014 5.1284 4.71
    endloop
  endfacet
  facet normal 0.0433362 -0.999061 0
    outer loop
      vertex 0.298813 5.13043 4.71
      vertex 0.252014 5.1284 4.01
      vertex 0.298813 5.13043 4.01
    endloop
  endfacet
  facet normal 0.0612385 -0.998123 0
    outer loop
      vertex 0.298813 5.13043 4.01
      vertex 0.345428 5.13329 4.71
      vertex 0.298813 5.13043 4.71
    endloop
  endfacet
  facet normal 0.0612385 -0.998123 0
    outer loop
      vertex 0.345428 5.13329 4.71
      vertex 0.298813 5.13043 4.01
      vertex 0.345428 5.13329 4.01
    endloop
  endfacet
  facet normal 0.0785291 -0.996912 0
    outer loop
      vertex 0.345428 5.13329 4.01
      vertex 0.391891 5.13695 4.71
      vertex 0.345428 5.13329 4.71
    endloop
  endfacet
  facet normal 0.0785291 -0.996912 0
    outer loop
      vertex 0.391891 5.13695 4.71
      vertex 0.345428 5.13329 4.01
      vertex 0.391891 5.13695 4.01
    endloop
  endfacet
  facet normal 0.0961057 -0.995371 0
    outer loop
      vertex 0.391891 5.13695 4.01
      vertex 0.438187 5.14142 4.71
      vertex 0.391891 5.13695 4.71
    endloop
  endfacet
  facet normal 0.0961057 -0.995371 0
    outer loop
      vertex 0.438187 5.14142 4.71
      vertex 0.391891 5.13695 4.01
      vertex 0.438187 5.14142 4.01
    endloop
  endfacet
  facet normal 0.1139 -0.993492 0
    outer loop
      vertex 0.438187 5.14142 4.01
      vertex 0.484329 5.14671 4.71
      vertex 0.438187 5.14142 4.71
    endloop
  endfacet
  facet normal 0.1139 -0.993492 0
    outer loop
      vertex 0.484329 5.14671 4.71
      vertex 0.438187 5.14142 4.01
      vertex 0.484329 5.14671 4.01
    endloop
  endfacet
  facet normal 0.131316 -0.991341 0
    outer loop
      vertex 0.484329 5.14671 4.01
      vertex 0.530304 5.1528 4.71
      vertex 0.484329 5.14671 4.71
    endloop
  endfacet
  facet normal 0.131316 -0.991341 0
    outer loop
      vertex 0.530304 5.1528 4.71
      vertex 0.484329 5.14671 4.01
      vertex 0.530304 5.1528 4.01
    endloop
  endfacet
  facet normal 0.149585 -0.988749 0
    outer loop
      vertex 0.530304 5.1528 4.01
      vertex 0.576111 5.15973 4.71
      vertex 0.530304 5.1528 4.71
    endloop
  endfacet
  facet normal 0.149585 -0.988749 0
    outer loop
      vertex 0.576111 5.15973 4.71
      vertex 0.530304 5.1528 4.01
      vertex 0.576111 5.15973 4.01
    endloop
  endfacet
  facet normal 0.166784 -0.985993 0
    outer loop
      vertex 0.576111 5.15973 4.01
      vertex 0.62175 5.16745 4.71
      vertex 0.576111 5.15973 4.71
    endloop
  endfacet
  facet normal 0.166784 -0.985993 0
    outer loop
      vertex 0.62175 5.16745 4.71
      vertex 0.576111 5.15973 4.01
      vertex 0.62175 5.16745 4.01
    endloop
  endfacet
  facet normal 0.25135 -0.967896 0
    outer loop
      vertex 0.62175 5.16745 4.01
      vertex 0.866776 5.23108 4.71
      vertex 0.62175 5.16745 4.71
    endloop
  endfacet
  facet normal 0.25135 -0.967896 0
    outer loop
      vertex 0.866776 5.23108 4.71
      vertex 0.62175 5.16745 4.01
      vertex 0.866776 5.23108 4.01
    endloop
  endfacet
  facet normal 0.368153 -0.929765 0
    outer loop
      vertex 0.866776 5.23108 4.01
      vertex 1.09407 5.32108 4.71
      vertex 0.866776 5.23108 4.71
    endloop
  endfacet
  facet normal 0.368153 -0.929765 0
    outer loop
      vertex 1.09407 5.32108 4.71
      vertex 0.866776 5.23108 4.01
      vertex 1.09407 5.32108 4.01
    endloop
  endfacet
  facet normal 0.485498 -0.874238 0
    outer loop
      vertex 1.09407 5.32108 4.01
      vertex 1.3036 5.43744 4.71
      vertex 1.09407 5.32108 4.71
    endloop
  endfacet
  facet normal 0.485498 -0.874238 0
    outer loop
      vertex 1.3036 5.43744 4.71
      vertex 1.09407 5.32108 4.01
      vertex 1.3036 5.43744 4.01
    endloop
  endfacet
  facet normal 0.596978 -0.802258 0
    outer loop
      vertex 1.3036 5.43744 4.01
      vertex 1.49541 5.58017 4.71
      vertex 1.3036 5.43744 4.71
    endloop
  endfacet
  facet normal 0.596978 -0.802258 0
    outer loop
      vertex 1.49541 5.58017 4.71
      vertex 1.3036 5.43744 4.01
      vertex 1.49541 5.58017 4.01
    endloop
  endfacet
  facet normal 0.696793 -0.717272 0
    outer loop
      vertex 1.49541 5.58017 4.01
      vertex 1.66948 5.74927 4.71
      vertex 1.49541 5.58017 4.71
    endloop
  endfacet
  facet normal 0.696793 -0.717272 0
    outer loop
      vertex 1.66948 5.74927 4.71
      vertex 1.49541 5.58017 4.01
      vertex 1.66948 5.74927 4.01
    endloop
  endfacet
  facet normal 0.780982 -0.624554 0
    outer loop
      vertex 1.66948 5.74927 4.71
      vertex 1.82579 5.94473 4.01
      vertex 1.82579 5.94473 4.71
    endloop
  endfacet
  facet normal 0.780982 -0.624554 0
    outer loop
      vertex 1.82579 5.94473 4.01
      vertex 1.66948 5.74927 4.71
      vertex 1.66948 5.74927 4.01
    endloop
  endfacet
  facet normal 0.848108 -0.529824 0
    outer loop
      vertex 1.82579 5.94473 4.71
      vertex 1.96437 6.16656 4.01
      vertex 1.96437 6.16656 4.71
    endloop
  endfacet
  facet normal 0.848108 -0.529824 0
    outer loop
      vertex 1.96437 6.16656 4.01
      vertex 1.82579 5.94473 4.71
      vertex 1.82579 5.94473 4.01
    endloop
  endfacet
  facet normal 0.899087 -0.43777 0
    outer loop
      vertex 1.96437 6.16656 4.71
      vertex 2.08522 6.41476 4.01
      vertex 2.08522 6.41476 4.71
    endloop
  endfacet
  facet normal 0.899087 -0.43777 0
    outer loop
      vertex 2.08522 6.41476 4.01
      vertex 1.96437 6.16656 4.71
      vertex 1.96437 6.16656 4.01
    endloop
  endfacet
  facet normal 0.936176 -0.351531 0
    outer loop
      vertex 2.08522 6.41476 4.71
      vertex 2.18832 6.68933 4.01
      vertex 2.18832 6.68933 4.71
    endloop
  endfacet
  facet normal 0.936176 -0.351531 0
    outer loop
      vertex 2.18832 6.68933 4.01
      vertex 2.08522 6.41476 4.71
      vertex 2.08522 6.41476 4.01
    endloop
  endfacet
  facet normal 0.962043 -0.272897 0
    outer loop
      vertex 2.18832 6.68933 4.71
      vertex 2.27368 6.99025 4.01
      vertex 2.27368 6.99025 4.71
    endloop
  endfacet
  facet normal 0.962043 -0.272897 0
    outer loop
      vertex 2.27368 6.99025 4.01
      vertex 2.18832 6.68933 4.71
      vertex 2.18832 6.68933 4.01
    endloop
  endfacet
  facet normal 0.219505 0.975611 -0
    outer loop
      vertex 2.27368 6.99025 4.01
      vertex 1.62268 7.13672 4.71
      vertex 2.27368 6.99025 4.71
    endloop
  endfacet
  facet normal 0.219505 0.975611 0
    outer loop
      vertex 1.62268 7.13672 4.71
      vertex 2.27368 6.99025 4.01
      vertex 1.62268 7.13672 4.01
    endloop
  endfacet
  facet normal -0.985056 0.172234 0
    outer loop
      vertex 1.62097 7.12694 4.01
      vertex 1.62268 7.13672 4.71
      vertex 1.62268 7.13672 4.01
    endloop
  endfacet
  facet normal -0.985056 0.172234 0
    outer loop
      vertex 1.62268 7.13672 4.71
      vertex 1.62097 7.12694 4.01
      vertex 1.62097 7.12694 4.71
    endloop
  endfacet
  facet normal -0.982356 0.18702 0
    outer loop
      vertex 1.61911 7.11717 4.01
      vertex 1.62097 7.12694 4.71
      vertex 1.62097 7.12694 4.01
    endloop
  endfacet
  facet normal -0.982356 0.18702 0
    outer loop
      vertex 1.62097 7.12694 4.71
      vertex 1.61911 7.11717 4.01
      vertex 1.61911 7.11717 4.71
    endloop
  endfacet
  facet normal -0.979047 0.203634 0
    outer loop
      vertex 1.61708 7.10741 4.01
      vertex 1.61911 7.11717 4.71
      vertex 1.61911 7.11717 4.01
    endloop
  endfacet
  facet normal -0.979047 0.203634 0
    outer loop
      vertex 1.61911 7.11717 4.71
      vertex 1.61708 7.10741 4.01
      vertex 1.61708 7.10741 4.71
    endloop
  endfacet
  facet normal -0.975476 0.220107 0
    outer loop
      vertex 1.61488 7.09766 4.01
      vertex 1.61708 7.10741 4.71
      vertex 1.61708 7.10741 4.01
    endloop
  endfacet
  facet normal -0.975476 0.220107 0
    outer loop
      vertex 1.61708 7.10741 4.71
      vertex 1.61488 7.09766 4.01
      vertex 1.61488 7.09766 4.71
    endloop
  endfacet
  facet normal -0.972043 0.234803 0
    outer loop
      vertex 1.61252 7.08789 4.01
      vertex 1.61488 7.09766 4.71
      vertex 1.61488 7.09766 4.01
    endloop
  endfacet
  facet normal -0.972043 0.234803 0
    outer loop
      vertex 1.61488 7.09766 4.71
      vertex 1.61252 7.08789 4.01
      vertex 1.61252 7.08789 4.71
    endloop
  endfacet
  facet normal -0.968308 0.249758 0
    outer loop
      vertex 1.61 7.07812 4.01
      vertex 1.61252 7.08789 4.71
      vertex 1.61252 7.08789 4.01
    endloop
  endfacet
  facet normal -0.968308 0.249758 0
    outer loop
      vertex 1.61252 7.08789 4.71
      vertex 1.61 7.07812 4.01
      vertex 1.61 7.07812 4.71
    endloop
  endfacet
  facet normal -0.964306 0.264789 0
    outer loop
      vertex 1.60732 7.06836 4.01
      vertex 1.61 7.07812 4.71
      vertex 1.61 7.07812 4.01
    endloop
  endfacet
  facet normal -0.964306 0.264789 0
    outer loop
      vertex 1.61 7.07812 4.71
      vertex 1.60732 7.06836 4.01
      vertex 1.60732 7.06836 4.71
    endloop
  endfacet
  facet normal -0.959569 0.281474 0
    outer loop
      vertex 1.60446 7.05861 4.01
      vertex 1.60732 7.06836 4.71
      vertex 1.60732 7.06836 4.01
    endloop
  endfacet
  facet normal -0.959569 0.281474 0
    outer loop
      vertex 1.60732 7.06836 4.71
      vertex 1.60446 7.05861 4.01
      vertex 1.60446 7.05861 4.71
    endloop
  endfacet
  facet normal -0.955398 0.295323 0
    outer loop
      vertex 1.60144 7.04884 4.01
      vertex 1.60446 7.05861 4.71
      vertex 1.60446 7.05861 4.01
    endloop
  endfacet
  facet normal -0.955398 0.295323 0
    outer loop
      vertex 1.60446 7.05861 4.71
      vertex 1.60144 7.04884 4.01
      vertex 1.60144 7.04884 4.71
    endloop
  endfacet
  facet normal -0.950423 0.310959 0
    outer loop
      vertex 1.59825 7.03909 4.01
      vertex 1.60144 7.04884 4.71
      vertex 1.60144 7.04884 4.01
    endloop
  endfacet
  facet normal -0.950423 0.310959 0
    outer loop
      vertex 1.60144 7.04884 4.71
      vertex 1.59825 7.03909 4.01
      vertex 1.59825 7.03909 4.71
    endloop
  endfacet
  facet normal -0.953869 0.300224 0
    outer loop
      vertex 1.51941 6.7886 4.01
      vertex 1.59825 7.03909 4.71
      vertex 1.59825 7.03909 4.01
    endloop
  endfacet
  facet normal -0.953869 0.300224 0
    outer loop
      vertex 1.59825 7.03909 4.71
      vertex 1.51941 6.7886 4.01
      vertex 1.51941 6.7886 4.71
    endloop
  endfacet
  facet normal -0.923128 0.384493 0
    outer loop
      vertex 1.42607 6.5645 4.01
      vertex 1.51941 6.7886 4.71
      vertex 1.51941 6.7886 4.01
    endloop
  endfacet
  facet normal -0.923128 0.384493 0
    outer loop
      vertex 1.51941 6.7886 4.71
      vertex 1.42607 6.5645 4.01
      vertex 1.42607 6.5645 4.71
    endloop
  endfacet
  facet normal -0.877987 0.478684 0
    outer loop
      vertex 1.31825 6.36674 4.01
      vertex 1.42607 6.5645 4.71
      vertex 1.42607 6.5645 4.01
    endloop
  endfacet
  facet normal -0.877987 0.478684 0
    outer loop
      vertex 1.42607 6.5645 4.71
      vertex 1.31825 6.36674 4.01
      vertex 1.31825 6.36674 4.71
    endloop
  endfacet
  facet normal -0.813974 0.580901 0
    outer loop
      vertex 1.19595 6.19537 4.01
      vertex 1.31825 6.36674 4.71
      vertex 1.31825 6.36674 4.01
    endloop
  endfacet
  facet normal -0.813974 0.580901 0
    outer loop
      vertex 1.31825 6.36674 4.71
      vertex 1.19595 6.19537 4.01
      vertex 1.19595 6.19537 4.71
    endloop
  endfacet
  facet normal -0.727472 0.686137 0
    outer loop
      vertex 1.05917 6.05035 4.01
      vertex 1.19595 6.19537 4.71
      vertex 1.19595 6.19537 4.01
    endloop
  endfacet
  facet normal -0.727472 0.686137 0
    outer loop
      vertex 1.19595 6.19537 4.71
      vertex 1.05917 6.05035 4.01
      vertex 1.05917 6.05035 4.71
    endloop
  endfacet
  facet normal -0.617157 0.78684 0
    outer loop
      vertex 1.05917 6.05035 4.01
      vertex 0.907898 5.9317 4.71
      vertex 1.05917 6.05035 4.71
    endloop
  endfacet
  facet normal -0.617157 0.78684 0
    outer loop
      vertex 0.907898 5.9317 4.71
      vertex 1.05917 6.05035 4.01
      vertex 0.907898 5.9317 4.01
    endloop
  endfacet
  facet normal -0.486421 0.873724 0
    outer loop
      vertex 0.907898 5.9317 4.01
      vertex 0.742142 5.83942 4.71
      vertex 0.907898 5.9317 4.71
    endloop
  endfacet
  facet normal -0.486421 0.873724 0
    outer loop
      vertex 0.742142 5.83942 4.71
      vertex 0.907898 5.9317 4.01
      vertex 0.742142 5.83942 4.01
    endloop
  endfacet
  facet normal -0.343463 0.939166 0
    outer loop
      vertex 0.742142 5.83942 4.01
      vertex 0.56189 5.7735 4.71
      vertex 0.742142 5.83942 4.71
    endloop
  endfacet
  facet normal -0.343463 0.939166 0
    outer loop
      vertex 0.56189 5.7735 4.71
      vertex 0.742142 5.83942 4.01
      vertex 0.56189 5.7735 4.01
    endloop
  endfacet
  facet normal -0.199001 0.979999 0
    outer loop
      vertex 0.56189 5.7735 4.01
      vertex 0.367172 5.73396 4.71
      vertex 0.56189 5.7735 4.71
    endloop
  endfacet
  facet normal -0.199001 0.979999 0
    outer loop
      vertex 0.367172 5.73396 4.71
      vertex 0.56189 5.7735 4.01
      vertex 0.367172 5.73396 4.01
    endloop
  endfacet
  facet normal -0.0628734 0.998022 0
    outer loop
      vertex 0.367172 5.73396 4.01
      vertex 0.157959 5.72078 4.71
      vertex 0.367172 5.73396 4.71
    endloop
  endfacet
  facet normal -0.0628734 0.998022 0
    outer loop
      vertex 0.157959 5.72078 4.71
      vertex 0.367172 5.73396 4.01
      vertex 0.157959 5.72078 4.01
    endloop
  endfacet
  facet normal 0.0440503 0.999029 -0
    outer loop
      vertex 0.157959 5.72078 4.01
      vertex 0.0270996 5.72655 4.71
      vertex 0.157959 5.72078 4.71
    endloop
  endfacet
  facet normal 0.0440503 0.999029 0
    outer loop
      vertex 0.0270996 5.72655 4.71
      vertex 0.157959 5.72078 4.01
      vertex 0.0270996 5.72655 4.01
    endloop
  endfacet
  facet normal 0.136639 0.990621 -0
    outer loop
      vertex 0.0270996 5.72655 4.01
      vertex -0.0985413 5.74388 4.71
      vertex 0.0270996 5.72655 4.71
    endloop
  endfacet
  facet normal 0.136639 0.990621 0
    outer loop
      vertex -0.0985413 5.74388 4.71
      vertex 0.0270996 5.72655 4.01
      vertex -0.0985413 5.74388 4.01
    endloop
  endfacet
  facet normal 0.233334 0.972397 -0
    outer loop
      vertex -0.0985413 5.74388 4.01
      vertex -0.218979 5.77278 4.71
      vertex -0.0985413 5.74388 4.71
    endloop
  endfacet
  facet normal 0.233334 0.972397 0
    outer loop
      vertex -0.218979 5.77278 4.71
      vertex -0.0985413 5.74388 4.01
      vertex -0.218979 5.77278 4.01
    endloop
  endfacet
  facet normal 0.331139 0.943582 -0
    outer loop
      vertex -0.218979 5.77278 4.01
      vertex -0.334213 5.81322 4.71
      vertex -0.218979 5.77278 4.71
    endloop
  endfacet
  facet normal 0.331139 0.943582 0
    outer loop
      vertex -0.334213 5.81322 4.71
      vertex -0.218979 5.77278 4.01
      vertex -0.334213 5.81322 4.01
    endloop
  endfacet
  facet normal 0.427329 0.904096 -0
    outer loop
      vertex -0.334213 5.81322 4.01
      vertex -0.444229 5.86522 4.71
      vertex -0.334213 5.81322 4.71
    endloop
  endfacet
  facet normal 0.427329 0.904096 0
    outer loop
      vertex -0.444229 5.86522 4.71
      vertex -0.334213 5.81322 4.01
      vertex -0.444229 5.86522 4.01
    endloop
  endfacet
  facet normal 0.518582 0.855028 -0
    outer loop
      vertex -0.444229 5.86522 4.01
      vertex -0.549042 5.92879 4.71
      vertex -0.444229 5.86522 4.71
    endloop
  endfacet
  facet normal 0.518582 0.855028 0
    outer loop
      vertex -0.549042 5.92879 4.71
      vertex -0.444229 5.86522 4.01
      vertex -0.549042 5.92879 4.01
    endloop
  endfacet
  facet normal 0.602016 0.798484 -0
    outer loop
      vertex -0.549042 5.92879 4.01
      vertex -0.648651 6.00389 4.71
      vertex -0.549042 5.92879 4.71
    endloop
  endfacet
  facet normal 0.602016 0.798484 0
    outer loop
      vertex -0.648651 6.00389 4.71
      vertex -0.549042 5.92879 4.01
      vertex -0.648651 6.00389 4.01
    endloop
  endfacet
  facet normal 0.676339 0.736591 -0
    outer loop
      vertex -0.648651 6.00389 4.01
      vertex -0.743042 6.09056 4.71
      vertex -0.648651 6.00389 4.71
    endloop
  endfacet
  facet normal 0.676339 0.736591 0
    outer loop
      vertex -0.743042 6.09056 4.71
      vertex -0.648651 6.00389 4.01
      vertex -0.743042 6.09056 4.01
    endloop
  endfacet
  facet normal 0.740394 0.672173 0
    outer loop
      vertex -0.743042 6.09056 4.71
      vertex -0.83223 6.1888 4.01
      vertex -0.83223 6.1888 4.71
    endloop
  endfacet
  facet normal 0.740394 0.672173 0
    outer loop
      vertex -0.83223 6.1888 4.01
      vertex -0.743042 6.09056 4.71
      vertex -0.743042 6.09056 4.01
    endloop
  endfacet
  facet normal 0.79421 0.607643 0
    outer loop
      vertex -0.83223 6.1888 4.71
      vertex -0.916214 6.29857 4.01
      vertex -0.916214 6.29857 4.71
    endloop
  endfacet
  facet normal 0.79421 0.607643 0
    outer loop
      vertex -0.916214 6.29857 4.01
      vertex -0.83223 6.1888 4.71
      vertex -0.83223 6.1888 4.01
    endloop
  endfacet
  facet normal 0.83815 0.545439 0
    outer loop
      vertex -0.916214 6.29857 4.71
      vertex -1.00587 6.43634 4.01
      vertex -1.00587 6.43634 4.71
    endloop
  endfacet
  facet normal 0.83815 0.545439 0
    outer loop
      vertex -1.00587 6.43634 4.01
      vertex -0.916214 6.29857 4.71
      vertex -0.916214 6.29857 4.01
    endloop
  endfacet
  facet normal 0.876884 0.480702 0
    outer loop
      vertex -1.00587 6.43634 4.71
      vertex -1.08612 6.58273 4.01
      vertex -1.08612 6.58273 4.71
    endloop
  endfacet
  facet normal 0.876884 0.480702 0
    outer loop
      vertex -1.08612 6.58273 4.01
      vertex -1.00587 6.43634 4.71
      vertex -1.00587 6.43634 4.01
    endloop
  endfacet
  facet normal 0.909644 0.415389 0
    outer loop
      vertex -1.08612 6.58273 4.71
      vertex -1.15691 6.73775 4.01
      vertex -1.15691 6.73775 4.71
    endloop
  endfacet
  facet normal 0.909644 0.415389 0
    outer loop
      vertex -1.15691 6.73775 4.01
      vertex -1.08612 6.58273 4.71
      vertex -1.08612 6.58273 4.01
    endloop
  endfacet
  facet normal 0.93635 0.351067 0
    outer loop
      vertex -1.15691 6.73775 4.71
      vertex -1.21826 6.90138 4.01
      vertex -1.21826 6.90138 4.71
    endloop
  endfacet
  facet normal 0.93635 0.351067 0
    outer loop
      vertex -1.21826 6.90138 4.01
      vertex -1.15691 6.73775 4.71
      vertex -1.15691 6.73775 4.01
    endloop
  endfacet
  facet normal 0.957475 0.288515 0
    outer loop
      vertex -1.21826 6.90138 4.71
      vertex -1.27017 7.07365 4.01
      vertex -1.27017 7.07365 4.71
    endloop
  endfacet
  facet normal 0.957475 0.288515 0
    outer loop
      vertex -1.27017 7.07365 4.01
      vertex -1.21826 6.90138 4.71
      vertex -1.21826 6.90138 4.01
    endloop
  endfacet
  facet normal 0.973519 0.228607 0
    outer loop
      vertex -1.27017 7.07365 4.71
      vertex -1.31265 7.25455 4.01
      vertex -1.31265 7.25455 4.71
    endloop
  endfacet
  facet normal 0.973519 0.228607 0
    outer loop
      vertex -1.31265 7.25455 4.01
      vertex -1.27017 7.07365 4.71
      vertex -1.27017 7.07365 4.01
    endloop
  endfacet
  facet normal 0.98514 0.171754 0
    outer loop
      vertex -1.31265 7.25455 4.71
      vertex -1.34569 7.44406 4.01
      vertex -1.34569 7.44406 4.71
    endloop
  endfacet
  facet normal 0.98514 0.171754 0
    outer loop
      vertex -1.34569 7.44406 4.01
      vertex -1.31265 7.25455 4.71
      vertex -1.31265 7.25455 4.01
    endloop
  endfacet
  facet normal 0.992982 0.118266 0
    outer loop
      vertex -1.34569 7.44406 4.71
      vertex -1.36929 7.64221 4.01
      vertex -1.36929 7.64221 4.71
    endloop
  endfacet
  facet normal 0.992982 0.118266 0
    outer loop
      vertex -1.36929 7.64221 4.01
      vertex -1.34569 7.44406 4.71
      vertex -1.34569 7.44406 4.01
    endloop
  endfacet
  facet normal 0.997663 0.0683219 0
    outer loop
      vertex -1.36929 7.64221 4.71
      vertex -1.38345 7.84898 4.01
      vertex -1.38345 7.84898 4.71
    endloop
  endfacet
  facet normal 0.997663 0.0683219 0
    outer loop
      vertex -1.38345 7.84898 4.01
      vertex -1.36929 7.64221 4.71
      vertex -1.36929 7.64221 4.01
    endloop
  endfacet
  facet normal 0.99976 0.0219095 0
    outer loop
      vertex -1.38345 7.84898 4.71
      vertex -1.38817 8.06436 4.01
      vertex -1.38817 8.06436 4.71
    endloop
  endfacet
  facet normal 0.99976 0.0219095 0
    outer loop
      vertex -1.38817 8.06436 4.01
      vertex -1.38345 7.84898 4.71
      vertex -1.38345 7.84898 4.01
    endloop
  endfacet
  facet normal 0.999914 -0.0131155 0
    outer loop
      vertex -1.38817 8.06436 4.71
      vertex -1.38654 8.18863 4.01
      vertex -1.38654 8.18863 4.71
    endloop
  endfacet
  facet normal 0.999914 -0.0131155 0
    outer loop
      vertex -1.38654 8.18863 4.01
      vertex -1.38817 8.06436 4.71
      vertex -1.38817 8.06436 4.01
    endloop
  endfacet
  facet normal 0.9992 -0.0400007 0
    outer loop
      vertex -1.38654 8.18863 4.71
      vertex -1.38165 8.31078 4.01
      vertex -1.38165 8.31078 4.71
    endloop
  endfacet
  facet normal 0.9992 -0.0400007 0
    outer loop
      vertex -1.38165 8.31078 4.01
      vertex -1.38654 8.18863 4.71
      vertex -1.38654 8.18863 4.01
    endloop
  endfacet
  facet normal 0.997714 -0.0675726 0
    outer loop
      vertex -1.38165 8.31078 4.71
      vertex -1.37352 8.43082 4.01
      vertex -1.37352 8.43082 4.71
    endloop
  endfacet
  facet normal 0.997714 -0.0675726 0
    outer loop
      vertex -1.37352 8.43082 4.01
      vertex -1.38165 8.31078 4.71
      vertex -1.38165 8.31078 4.01
    endloop
  endfacet
  facet normal 0.995376 -0.0960598 0
    outer loop
      vertex -1.37352 8.43082 4.71
      vertex -1.36214 8.54874 4.01
      vertex -1.36214 8.54874 4.71
    endloop
  endfacet
  facet normal 0.995376 -0.0960598 0
    outer loop
      vertex -1.36214 8.54874 4.01
      vertex -1.37352 8.43082 4.71
      vertex -1.37352 8.43082 4.01
    endloop
  endfacet
  facet normal 0.992092 -0.125511 0
    outer loop
      vertex -1.36214 8.54874 4.71
      vertex -1.34749 8.66454 4.01
      vertex -1.34749 8.66454 4.71
    endloop
  endfacet
  facet normal 0.992092 -0.125511 0
    outer loop
      vertex -1.34749 8.66454 4.01
      vertex -1.36214 8.54874 4.71
      vertex -1.36214 8.54874 4.01
    endloop
  endfacet
  facet normal 0.987831 -0.15553 0
    outer loop
      vertex -1.34749 8.66454 4.71
      vertex -1.32959 8.77823 4.01
      vertex -1.32959 8.77823 4.71
    endloop
  endfacet
  facet normal 0.987831 -0.15553 0
    outer loop
      vertex -1.32959 8.77823 4.01
      vertex -1.34749 8.66454 4.71
      vertex -1.34749 8.66454 4.01
    endloop
  endfacet
  facet normal 0.982499 -0.186266 0
    outer loop
      vertex -1.32959 8.77823 4.71
      vertex -1.30844 8.88979 4.01
      vertex -1.30844 8.88979 4.71
    endloop
  endfacet
  facet normal 0.982499 -0.186266 0
    outer loop
      vertex -1.30844 8.88979 4.01
      vertex -1.32959 8.77823 4.71
      vertex -1.32959 8.77823 4.01
    endloop
  endfacet
  facet normal 0.976021 -0.217676 0
    outer loop
      vertex -1.30844 8.88979 4.71
      vertex -1.28403 8.99924 4.01
      vertex -1.28403 8.99924 4.71
    endloop
  endfacet
  facet normal 0.976021 -0.217676 0
    outer loop
      vertex -1.28403 8.99924 4.01
      vertex -1.30844 8.88979 4.71
      vertex -1.30844 8.88979 4.01
    endloop
  endfacet
  facet normal 0.968344 -0.249619 0
    outer loop
      vertex -1.28403 8.99924 4.71
      vertex -1.25636 9.10658 4.01
      vertex -1.25636 9.10658 4.71
    endloop
  endfacet
  facet normal 0.968344 -0.249619 0
    outer loop
      vertex -1.25636 9.10658 4.01
      vertex -1.28403 8.99924 4.71
      vertex -1.28403 8.99924 4.01
    endloop
  endfacet
  facet normal 0.95945 -0.28188 0
    outer loop
      vertex -1.25636 9.10658 4.71
      vertex -1.22545 9.21179 4.01
      vertex -1.22545 9.21179 4.71
    endloop
  endfacet
  facet normal 0.95945 -0.28188 0
    outer loop
      vertex -1.22545 9.21179 4.01
      vertex -1.25636 9.10658 4.71
      vertex -1.25636 9.10658 4.01
    endloop
  endfacet
  facet normal 0.941257 -0.33769 0
    outer loop
      vertex -1.22545 9.21179 4.71
      vertex -1.14391 9.43907 4.01
      vertex -1.14391 9.43907 4.71
    endloop
  endfacet
  facet normal 0.941257 -0.33769 0
    outer loop
      vertex -1.14391 9.43907 4.01
      vertex -1.22545 9.21179 4.71
      vertex -1.22545 9.21179 4.01
    endloop
  endfacet
  facet normal 0.906204 -0.422842 0
    outer loop
      vertex -1.14391 9.43907 4.71
      vertex -1.04903 9.64241 4.01
      vertex -1.04903 9.64241 4.71
    endloop
  endfacet
  facet normal 0.906204 -0.422842 0
    outer loop
      vertex -1.04903 9.64241 4.01
      vertex -1.14391 9.43907 4.71
      vertex -1.14391 9.43907 4.01
    endloop
  endfacet
  facet normal 0.856278 -0.516515 0
    outer loop
      vertex -1.04903 9.64241 4.71
      vertex -0.940796 9.82184 4.01
      vertex -0.940796 9.82184 4.71
    endloop
  endfacet
  facet normal 0.856278 -0.516515 0
    outer loop
      vertex -0.940796 9.82184 4.01
      vertex -1.04903 9.64241 4.71
      vertex -1.04903 9.64241 4.01
    endloop
  endfacet
  facet normal 0.787784 -0.615951 0
    outer loop
      vertex -0.940796 9.82184 4.71
      vertex -0.819214 9.97734 4.01
      vertex -0.819214 9.97734 4.71
    endloop
  endfacet
  facet normal 0.787784 -0.615951 0
    outer loop
      vertex -0.819214 9.97734 4.01
      vertex -0.940796 9.82184 4.71
      vertex -0.940796 9.82184 4.01
    endloop
  endfacet
  facet normal 0.698141 -0.71596 0
    outer loop
      vertex -0.819214 9.97734 4.01
      vertex -0.684296 10.1089 4.71
      vertex -0.819214 9.97734 4.71
    endloop
  endfacet
  facet normal 0.698141 -0.71596 0
    outer loop
      vertex -0.684296 10.1089 4.71
      vertex -0.819214 9.97734 4.01
      vertex -0.684296 10.1089 4.01
    endloop
  endfacet
  facet normal 0.587698 -0.80908 0
    outer loop
      vertex -0.684296 10.1089 4.01
      vertex -0.536026 10.2166 4.71
      vertex -0.684296 10.1089 4.71
    endloop
  endfacet
  facet normal 0.587698 -0.80908 0
    outer loop
      vertex -0.536026 10.2166 4.71
      vertex -0.684296 10.1089 4.01
      vertex -0.536026 10.2166 4.01
    endloop
  endfacet
  facet normal 0.459903 -0.887969 0
    outer loop
      vertex -0.536026 10.2166 4.01
      vertex -0.37442 10.3003 4.71
      vertex -0.536026 10.2166 4.71
    endloop
  endfacet
  facet normal 0.459903 -0.887969 0
    outer loop
      vertex -0.37442 10.3003 4.71
      vertex -0.536026 10.2166 4.01
      vertex -0.37442 10.3003 4.01
    endloop
  endfacet
  facet normal 0.323428 -0.946253 0
    outer loop
      vertex -0.37442 10.3003 4.01
      vertex -0.199463 10.3601 4.71
      vertex -0.37442 10.3003 4.71
    endloop
  endfacet
  facet normal 0.323428 -0.946253 0
    outer loop
      vertex -0.199463 10.3601 4.71
      vertex -0.37442 10.3003 4.01
      vertex -0.199463 10.3601 4.01
    endloop
  endfacet
  facet normal 0.187271 -0.982308 0
    outer loop
      vertex -0.199463 10.3601 4.01
      vertex -0.0111542 10.396 4.71
      vertex -0.199463 10.3601 4.71
    endloop
  endfacet
  facet normal 0.187271 -0.982308 0
    outer loop
      vertex -0.0111542 10.396 4.71
      vertex -0.199463 10.3601 4.01
      vertex -0.0111542 10.396 4.01
    endloop
  endfacet
  facet normal 0.0594101 -0.998234 0
    outer loop
      vertex -0.0111542 10.396 4.01
      vertex 0.190475 10.408 4.71
      vertex -0.0111542 10.396 4.71
    endloop
  endfacet
  facet normal 0.0594101 -0.998234 0
    outer loop
      vertex 0.190475 10.408 4.71
      vertex -0.0111542 10.396 4.01
      vertex 0.190475 10.408 4.01
    endloop
  endfacet
  facet normal -0.00945629 -0.999955 0
    outer loop
      vertex 0.190475 10.408 4.01
      vertex 0.211624 10.4078 4.71
      vertex 0.190475 10.408 4.71
    endloop
  endfacet
  facet normal -0.00945629 -0.999955 -0
    outer loop
      vertex 0.211624 10.4078 4.71
      vertex 0.190475 10.408 4.01
      vertex 0.211624 10.4078 4.01
    endloop
  endfacet
  facet normal -0.0236184 -0.999721 0
    outer loop
      vertex 0.211624 10.4078 4.01
      vertex 0.232788 10.4073 4.71
      vertex 0.211624 10.4078 4.71
    endloop
  endfacet
  facet normal -0.0236184 -0.999721 -0
    outer loop
      vertex 0.232788 10.4073 4.71
      vertex 0.211624 10.4078 4.01
      vertex 0.232788 10.4073 4.01
    endloop
  endfacet
  facet normal -0.0377998 -0.999285 0
    outer loop
      vertex 0.232788 10.4073 4.01
      vertex 0.253937 10.4065 4.71
      vertex 0.232788 10.4073 4.71
    endloop
  endfacet
  facet normal -0.0377998 -0.999285 -0
    outer loop
      vertex 0.253937 10.4065 4.71
      vertex 0.232788 10.4073 4.01
      vertex 0.253937 10.4065 4.01
    endloop
  endfacet
  facet normal -0.0566091 -0.998396 0
    outer loop
      vertex 0.253937 10.4065 4.01
      vertex 0.275101 10.4053 4.71
      vertex 0.253937 10.4065 4.71
    endloop
  endfacet
  facet normal -0.0566091 -0.998396 -0
    outer loop
      vertex 0.275101 10.4053 4.71
      vertex 0.253937 10.4065 4.01
      vertex 0.275101 10.4053 4.01
    endloop
  endfacet
  facet normal -0.0660555 -0.997816 0
    outer loop
      vertex 0.275101 10.4053 4.01
      vertex 0.296249 10.4039 4.71
      vertex 0.275101 10.4053 4.71
    endloop
  endfacet
  facet normal -0.0660555 -0.997816 -0
    outer loop
      vertex 0.296249 10.4039 4.71
      vertex 0.275101 10.4053 4.01
      vertex 0.296249 10.4039 4.01
    endloop
  endfacet
  facet normal -0.0847441 -0.996403 0
    outer loop
      vertex 0.296249 10.4039 4.01
      vertex 0.317413 10.4021 4.71
      vertex 0.296249 10.4039 4.71
    endloop
  endfacet
  facet normal -0.0847441 -0.996403 -0
    outer loop
      vertex 0.317413 10.4021 4.71
      vertex 0.296249 10.4039 4.01
      vertex 0.317413 10.4021 4.01
    endloop
  endfacet
  facet normal -0.0988096 -0.995106 0
    outer loop
      vertex 0.317413 10.4021 4.01
      vertex 0.338562 10.4 4.71
      vertex 0.317413 10.4021 4.71
    endloop
  endfacet
  facet normal -0.0988096 -0.995106 -0
    outer loop
      vertex 0.338562 10.4 4.71
      vertex 0.317413 10.4021 4.01
      vertex 0.338562 10.4 4.01
    endloop
  endfacet
  facet normal -0.112678 -0.993632 0
    outer loop
      vertex 0.338562 10.4 4.01
      vertex 0.359726 10.3976 4.71
      vertex 0.338562 10.4 4.71
    endloop
  endfacet
  facet normal -0.112678 -0.993632 -0
    outer loop
      vertex 0.359726 10.3976 4.71
      vertex 0.338562 10.4 4.01
      vertex 0.359726 10.3976 4.01
    endloop
  endfacet
  facet normal -0.131249 -0.991349 0
    outer loop
      vertex 0.359726 10.3976 4.01
      vertex 0.380875 10.3948 4.71
      vertex 0.359726 10.3976 4.71
    endloop
  endfacet
  facet normal -0.131249 -0.991349 -0
    outer loop
      vertex 0.380875 10.3948 4.71
      vertex 0.359726 10.3976 4.01
      vertex 0.380875 10.3948 4.01
    endloop
  endfacet
  facet normal -0.144929 -0.989442 0
    outer loop
      vertex 0.380875 10.3948 4.01
      vertex 0.402039 10.3917 4.71
      vertex 0.380875 10.3948 4.71
    endloop
  endfacet
  facet normal -0.144929 -0.989442 -0
    outer loop
      vertex 0.402039 10.3917 4.71
      vertex 0.380875 10.3948 4.01
      vertex 0.402039 10.3917 4.01
    endloop
  endfacet
  facet normal -0.198667 -0.980067 0
    outer loop
      vertex 0.402039 10.3917 4.01
      vertex 0.569275 10.3578 4.71
      vertex 0.402039 10.3917 4.71
    endloop
  endfacet
  facet normal -0.198667 -0.980067 -0
    outer loop
      vertex 0.569275 10.3578 4.71
      vertex 0.402039 10.3917 4.01
      vertex 0.569275 10.3578 4.01
    endloop
  endfacet
  facet normal -0.336628 -0.941638 0
    outer loop
      vertex 0.569275 10.3578 4.01
      vertex 0.725922 10.3018 4.71
      vertex 0.569275 10.3578 4.71
    endloop
  endfacet
  facet normal -0.336628 -0.941638 -0
    outer loop
      vertex 0.725922 10.3018 4.71
      vertex 0.569275 10.3578 4.01
      vertex 0.725922 10.3018 4.01
    endloop
  endfacet
  facet normal -0.471504 -0.881864 0
    outer loop
      vertex 0.725922 10.3018 4.01
      vertex 0.871994 10.2237 4.71
      vertex 0.725922 10.3018 4.71
    endloop
  endfacet
  facet normal -0.471504 -0.881864 -0
    outer loop
      vertex 0.871994 10.2237 4.71
      vertex 0.725922 10.3018 4.01
      vertex 0.871994 10.2237 4.01
    endloop
  endfacet
  facet normal -0.594586 -0.804032 0
    outer loop
      vertex 0.871994 10.2237 4.01
      vertex 1.00749 10.1235 4.71
      vertex 0.871994 10.2237 4.71
    endloop
  endfacet
  facet normal -0.594586 -0.804032 -0
    outer loop
      vertex 1.00749 10.1235 4.71
      vertex 0.871994 10.2237 4.01
      vertex 1.00749 10.1235 4.01
    endloop
  endfacet
  facet normal -0.699894 -0.714247 0
    outer loop
      vertex 1.00749 10.1235 4.01
      vertex 1.1324 10.0011 4.71
      vertex 1.00749 10.1235 4.71
    endloop
  endfacet
  facet normal -0.699894 -0.714247 -0
    outer loop
      vertex 1.1324 10.0011 4.71
      vertex 1.00749 10.1235 4.01
      vertex 1.1324 10.0011 4.01
    endloop
  endfacet
  facet normal -0.784261 -0.62043 0
    outer loop
      vertex 1.24673 9.85658 4.01
      vertex 1.1324 10.0011 4.71
      vertex 1.1324 10.0011 4.01
    endloop
  endfacet
  facet normal -0.784261 -0.62043 0
    outer loop
      vertex 1.1324 10.0011 4.71
      vertex 1.24673 9.85658 4.01
      vertex 1.24673 9.85658 4.71
    endloop
  endfacet
  facet normal -0.848927 -0.52851 0
    outer loop
      vertex 1.35048 9.68993 4.01
      vertex 1.24673 9.85658 4.71
      vertex 1.24673 9.85658 4.01
    endloop
  endfacet
  facet normal -0.848927 -0.52851 0
    outer loop
      vertex 1.24673 9.85658 4.71
      vertex 1.35048 9.68993 4.01
      vertex 1.35048 9.68993 4.71
    endloop
  endfacet
  facet normal -0.896743 -0.442553 0
    outer loop
      vertex 1.44365 9.50114 4.01
      vertex 1.35048 9.68993 4.71
      vertex 1.35048 9.68993 4.01
    endloop
  endfacet
  facet normal -0.896743 -0.442553 0
    outer loop
      vertex 1.35048 9.68993 4.71
      vertex 1.44365 9.50114 4.01
      vertex 1.44365 9.50114 4.71
    endloop
  endfacet
  facet normal -0.931144 -0.364652 0
    outer loop
      vertex 1.52625 9.29022 4.01
      vertex 1.44365 9.50114 4.71
      vertex 1.44365 9.50114 4.01
    endloop
  endfacet
  facet normal -0.931144 -0.364652 0
    outer loop
      vertex 1.44365 9.50114 4.71
      vertex 1.52625 9.29022 4.01
      vertex 1.52625 9.29022 4.71
    endloop
  endfacet
  facet normal -0.955442 -0.29518 0
    outer loop
      vertex 1.59825 9.05717 4.01
      vertex 1.52625 9.29022 4.71
      vertex 1.52625 9.29022 4.01
    endloop
  endfacet
  facet normal -0.955442 -0.29518 0
    outer loop
      vertex 1.52625 9.29022 4.71
      vertex 1.59825 9.05717 4.01
      vertex 1.59825 9.05717 4.71
    endloop
  endfacet
  facet normal 0.177806 -0.984066 0
    outer loop
      vertex 1.59825 9.05717 4.01
      vertex 2.27368 9.17921 4.71
      vertex 1.59825 9.05717 4.71
    endloop
  endfacet
  facet normal 0.177806 -0.984066 0
    outer loop
      vertex 2.27368 9.17921 4.71
      vertex 1.59825 9.05717 4.01
      vertex 2.27368 9.17921 4.01
    endloop
  endfacet
  facet normal 0.975545 0.2198 0
    outer loop
      vertex 2.27368 9.17921 4.71
      vertex 2.25479 9.26305 4.01
      vertex 2.25479 9.26305 4.71
    endloop
  endfacet
  facet normal 0.975545 0.2198 0
    outer loop
      vertex 2.25479 9.26305 4.01
      vertex 2.27368 9.17921 4.71
      vertex 2.27368 9.17921 4.01
    endloop
  endfacet
  facet normal 0.969346 0.245698 0
    outer loop
      vertex 2.25479 9.26305 4.71
      vertex 2.23396 9.34523 4.01
      vertex 2.23396 9.34523 4.71
    endloop
  endfacet
  facet normal 0.969346 0.245698 0
    outer loop
      vertex 2.23396 9.34523 4.01
      vertex 2.25479 9.26305 4.71
      vertex 2.25479 9.26305 4.01
    endloop
  endfacet
  facet normal 0.962277 0.27207 0
    outer loop
      vertex 2.23396 9.34523 4.71
      vertex 2.21118 9.4258 4.01
      vertex 2.21118 9.4258 4.71
    endloop
  endfacet
  facet normal 0.962277 0.27207 0
    outer loop
      vertex 2.21118 9.4258 4.01
      vertex 2.23396 9.34523 4.71
      vertex 2.23396 9.34523 4.01
    endloop
  endfacet
  facet normal 0.954258 0.298984 0
    outer loop
      vertex 2.21118 9.4258 4.71
      vertex 2.18645 9.50473 4.01
      vertex 2.18645 9.50473 4.71
    endloop
  endfacet
  facet normal 0.954258 0.298984 0
    outer loop
      vertex 2.18645 9.50473 4.01
      vertex 2.21118 9.4258 4.71
      vertex 2.21118 9.4258 4.01
    endloop
  endfacet
  facet normal 0.945192 0.326514 0
    outer loop
      vertex 2.18645 9.50473 4.71
      vertex 2.15974 9.58205 4.01
      vertex 2.15974 9.58205 4.71
    endloop
  endfacet
  facet normal 0.945192 0.326514 0
    outer loop
      vertex 2.15974 9.58205 4.01
      vertex 2.18645 9.50473 4.71
      vertex 2.18645 9.50473 4.01
    endloop
  endfacet
  facet normal 0.935238 0.354021 0
    outer loop
      vertex 2.15974 9.58205 4.71
      vertex 2.1311 9.65771 4.01
      vertex 2.1311 9.65771 4.71
    endloop
  endfacet
  facet normal 0.935238 0.354021 0
    outer loop
      vertex 2.1311 9.65771 4.01
      vertex 2.15974 9.58205 4.71
      vertex 2.15974 9.58205 4.01
    endloop
  endfacet
  facet normal 0.92428 0.381716 0
    outer loop
      vertex 2.1311 9.65771 4.71
      vertex 2.10051 9.73178 4.01
      vertex 2.10051 9.73178 4.71
    endloop
  endfacet
  facet normal 0.92428 0.381716 0
    outer loop
      vertex 2.10051 9.73178 4.01
      vertex 2.1311 9.65771 4.71
      vertex 2.1311 9.65771 4.01
    endloop
  endfacet
  facet normal 0.912105 0.409956 0
    outer loop
      vertex 2.10051 9.73178 4.71
      vertex 2.06796 9.8042 4.01
      vertex 2.06796 9.8042 4.71
    endloop
  endfacet
  facet normal 0.912105 0.409956 0
    outer loop
      vertex 2.06796 9.8042 4.01
      vertex 2.10051 9.73178 4.71
      vertex 2.10051 9.73178 4.01
    endloop
  endfacet
  facet normal 0.898903 0.438148 0
    outer loop
      vertex 2.06796 9.8042 4.71
      vertex 2.03346 9.87498 4.01
      vertex 2.03346 9.87498 4.71
    endloop
  endfacet
  facet normal 0.898903 0.438148 0
    outer loop
      vertex 2.03346 9.87498 4.01
      vertex 2.06796 9.8042 4.71
      vertex 2.06796 9.8042 4.01
    endloop
  endfacet
  facet normal 0.884682 0.466194 0
    outer loop
      vertex 2.03346 9.87498 4.71
      vertex 1.99701 9.94415 4.01
      vertex 1.99701 9.94415 4.71
    endloop
  endfacet
  facet normal 0.884682 0.466194 0
    outer loop
      vertex 1.99701 9.94415 4.01
      vertex 2.03346 9.87498 4.71
      vertex 2.03346 9.87498 4.01
    endloop
  endfacet
  facet normal 0.859695 0.510808 0
    outer loop
      vertex 1.99701 9.94415 4.71
      vertex 1.87666 10.1467 4.01
      vertex 1.87666 10.1467 4.71
    endloop
  endfacet
  facet normal 0.859695 0.510808 0
    outer loop
      vertex 1.87666 10.1467 4.01
      vertex 1.99701 9.94415 4.71
      vertex 1.99701 9.94415 4.01
    endloop
  endfacet
  facet normal 0.805683 0.592346 0
    outer loop
      vertex 1.87666 10.1467 4.71
      vertex 1.74344 10.3279 4.01
      vertex 1.74344 10.3279 4.71
    endloop
  endfacet
  facet normal 0.805683 0.592346 0
    outer loop
      vertex 1.74344 10.3279 4.01
      vertex 1.87666 10.1467 4.71
      vertex 1.87666 10.1467 4.01
    endloop
  endfacet
  facet normal 0.738338 0.674431 0
    outer loop
      vertex 1.74344 10.3279 4.71
      vertex 1.59738 10.4878 4.01
      vertex 1.59738 10.4878 4.71
    endloop
  endfacet
  facet normal 0.738338 0.674431 0
    outer loop
      vertex 1.59738 10.4878 4.01
      vertex 1.74344 10.3279 4.71
      vertex 1.74344 10.3279 4.01
    endloop
  endfacet
  facet normal 0.657258 0.753666 -0
    outer loop
      vertex 1.59738 10.4878 4.01
      vertex 1.43845 10.6264 4.71
      vertex 1.59738 10.4878 4.71
    endloop
  endfacet
  facet normal 0.657258 0.753666 0
    outer loop
      vertex 1.43845 10.6264 4.71
      vertex 1.59738 10.4878 4.01
      vertex 1.43845 10.6264 4.01
    endloop
  endfacet
  facet normal 0.563896 0.825846 -0
    outer loop
      vertex 1.43845 10.6264 4.01
      vertex 1.26666 10.7437 4.71
      vertex 1.43845 10.6264 4.71
    endloop
  endfacet
  facet normal 0.563896 0.825846 0
    outer loop
      vertex 1.26666 10.7437 4.71
      vertex 1.43845 10.6264 4.01
      vertex 1.26666 10.7437 4.01
    endloop
  endfacet
  facet normal 0.460946 0.887428 -0
    outer loop
      vertex 1.26666 10.7437 4.01
      vertex 1.08203 10.8396 4.71
      vertex 1.26666 10.7437 4.71
    endloop
  endfacet
  facet normal 0.460946 0.887428 0
    outer loop
      vertex 1.08203 10.8396 4.71
      vertex 1.26666 10.7437 4.01
      vertex 1.08203 10.8396 4.01
    endloop
  endfacet
  facet normal 0.35334 0.935495 -0
    outer loop
      vertex 1.08203 10.8396 4.01
      vertex 0.884521 10.9142 4.71
      vertex 1.08203 10.8396 4.71
    endloop
  endfacet
  facet normal 0.35334 0.935495 0
    outer loop
      vertex 0.884521 10.9142 4.71
      vertex 1.08203 10.8396 4.01
      vertex 0.884521 10.9142 4.01
    endloop
  endfacet
  facet normal 0.245633 0.969363 -0
    outer loop
      vertex 0.884521 10.9142 4.01
      vertex 0.674179 10.9675 4.71
      vertex 0.884521 10.9142 4.71
    endloop
  endfacet
  facet normal 0.245633 0.969363 0
    outer loop
      vertex 0.674179 10.9675 4.71
      vertex 0.884521 10.9142 4.01
      vertex 0.674179 10.9675 4.01
    endloop
  endfacet
  facet normal 0.141905 0.98988 -0
    outer loop
      vertex 0.674179 10.9675 4.01
      vertex 0.450958 10.9995 4.71
      vertex 0.674179 10.9675 4.71
    endloop
  endfacet
  facet normal 0.141905 0.98988 0
    outer loop
      vertex 0.450958 10.9995 4.71
      vertex 0.674179 10.9675 4.01
      vertex 0.450958 10.9995 4.01
    endloop
  endfacet
  facet normal 0.0452794 0.998974 -0
    outer loop
      vertex 0.450958 10.9995 4.01
      vertex 0.21489 11.0102 4.71
      vertex 0.450958 10.9995 4.71
    endloop
  endfacet
  facet normal 0.0452794 0.998974 0
    outer loop
      vertex 0.21489 11.0102 4.71
      vertex 0.450958 10.9995 4.01
      vertex 0.21489 11.0102 4.01
    endloop
  endfacet
  facet normal -0.035006 0.999387 0
    outer loop
      vertex 0.21489 11.0102 4.01
      vertex 0.0121918 11.0031 4.71
      vertex 0.21489 11.0102 4.71
    endloop
  endfacet
  facet normal -0.035006 0.999387 0
    outer loop
      vertex 0.0121918 11.0031 4.71
      vertex 0.21489 11.0102 4.01
      vertex 0.0121918 11.0031 4.01
    endloop
  endfacet
  facet normal -0.108245 0.994124 0
    outer loop
      vertex 0.0121918 11.0031 4.01
      vertex -0.18251 10.9819 4.71
      vertex 0.0121918 11.0031 4.71
    endloop
  endfacet
  facet normal -0.108245 0.994124 0
    outer loop
      vertex -0.18251 10.9819 4.71
      vertex 0.0121918 11.0031 4.01
      vertex -0.18251 10.9819 4.01
    endloop
  endfacet
  facet normal -0.186239 0.982505 0
    outer loop
      vertex -0.18251 10.9819 4.01
      vertex -0.369263 10.9465 4.71
      vertex -0.18251 10.9819 4.71
    endloop
  endfacet
  facet normal -0.186239 0.982505 0
    outer loop
      vertex -0.369263 10.9465 4.71
      vertex -0.18251 10.9819 4.01
      vertex -0.369263 10.9465 4.01
    endloop
  endfacet
  facet normal -0.267328 0.963605 0
    outer loop
      vertex -0.369263 10.9465 4.01
      vertex -0.54805 10.8969 4.71
      vertex -0.369263 10.9465 4.71
    endloop
  endfacet
  facet normal -0.267328 0.963605 0
    outer loop
      vertex -0.54805 10.8969 4.71
      vertex -0.369263 10.9465 4.01
      vertex -0.54805 10.8969 4.01
    endloop
  endfacet
  facet normal -0.349427 0.936964 0
    outer loop
      vertex -0.54805 10.8969 4.01
      vertex -0.718857 10.8332 4.71
      vertex -0.54805 10.8969 4.71
    endloop
  endfacet
  facet normal -0.349427 0.936964 0
    outer loop
      vertex -0.718857 10.8332 4.71
      vertex -0.54805 10.8969 4.01
      vertex -0.718857 10.8332 4.01
    endloop
  endfacet
  facet normal -0.431576 0.902077 0
    outer loop
      vertex -0.718857 10.8332 4.01
      vertex -0.881683 10.7553 4.71
      vertex -0.718857 10.8332 4.71
    endloop
  endfacet
  facet normal -0.431576 0.902077 0
    outer loop
      vertex -0.881683 10.7553 4.71
      vertex -0.718857 10.8332 4.01
      vertex -0.881683 10.7553 4.01
    endloop
  endfacet
  facet normal -0.510759 0.859724 0
    outer loop
      vertex -0.881683 10.7553 4.01
      vertex -1.03654 10.6633 4.71
      vertex -0.881683 10.7553 4.71
    endloop
  endfacet
  facet normal -0.510759 0.859724 0
    outer loop
      vertex -1.03654 10.6633 4.71
      vertex -0.881683 10.7553 4.01
      vertex -1.03654 10.6633 4.01
    endloop
  endfacet
  facet normal -0.585899 0.810384 0
    outer loop
      vertex -1.03654 10.6633 4.01
      vertex -1.18343 10.5571 4.71
      vertex -1.03654 10.6633 4.71
    endloop
  endfacet
  facet normal -0.585899 0.810384 0
    outer loop
      vertex -1.18343 10.5571 4.71
      vertex -1.03654 10.6633 4.01
      vertex -1.18343 10.5571 4.01
    endloop
  endfacet
  facet normal -0.654993 0.755635 0
    outer loop
      vertex -1.18343 10.5571 4.01
      vertex -1.32233 10.4367 4.71
      vertex -1.18343 10.5571 4.71
    endloop
  endfacet
  facet normal -0.654993 0.755635 0
    outer loop
      vertex -1.32233 10.4367 4.71
      vertex -1.18343 10.5571 4.01
      vertex -1.32233 10.4367 4.01
    endloop
  endfacet
  facet normal -0.716552 0.697533 0
    outer loop
      vertex -1.45326 10.3022 4.01
      vertex -1.32233 10.4367 4.71
      vertex -1.32233 10.4367 4.01
    endloop
  endfacet
  facet normal -0.716552 0.697533 0
    outer loop
      vertex -1.32233 10.4367 4.71
      vertex -1.45326 10.3022 4.01
      vertex -1.45326 10.3022 4.71
    endloop
  endfacet
  facet normal -0.774896 0.632089 0
    outer loop
      vertex -1.58932 10.1354 4.01
      vertex -1.45326 10.3022 4.71
      vertex -1.45326 10.3022 4.01
    endloop
  endfacet
  facet normal -0.774896 0.632089 0
    outer loop
      vertex -1.45326 10.3022 4.71
      vertex -1.58932 10.1354 4.01
      vertex -1.58932 10.1354 4.71
    endloop
  endfacet
  facet normal -0.825783 0.563988 0
    outer loop
      vertex -1.71106 9.95715 4.01
      vertex -1.58932 10.1354 4.71
      vertex -1.58932 10.1354 4.01
    endloop
  endfacet
  facet normal -0.825783 0.563988 0
    outer loop
      vertex -1.58932 10.1354 4.71
      vertex -1.71106 9.95715 4.01
      vertex -1.71106 9.95715 4.71
    endloop
  endfacet
  facet normal -0.870062 0.492943 0
    outer loop
      vertex -1.81848 9.76755 4.01
      vertex -1.71106 9.95715 4.71
      vertex -1.71106 9.95715 4.01
    endloop
  endfacet
  facet normal -0.870062 0.492943 0
    outer loop
      vertex -1.71106 9.95715 4.71
      vertex -1.81848 9.76755 4.01
      vertex -1.81848 9.76755 4.71
    endloop
  endfacet
  facet normal -0.907398 0.420272 0
    outer loop
      vertex -1.91158 9.56654 4.01
      vertex -1.81848 9.76755 4.71
      vertex -1.81848 9.76755 4.01
    endloop
  endfacet
  facet normal -0.907398 0.420272 0
    outer loop
      vertex -1.81848 9.76755 4.71
      vertex -1.91158 9.56654 4.01
      vertex -1.91158 9.56654 4.71
    endloop
  endfacet
  facet normal -0.937604 0.347705 0
    outer loop
      vertex -1.99034 9.35416 4.01
      vertex -1.91158 9.56654 4.71
      vertex -1.91158 9.56654 4.01
    endloop
  endfacet
  facet normal -0.937604 0.347705 0
    outer loop
      vertex -1.91158 9.56654 4.71
      vertex -1.99034 9.35416 4.01
      vertex -1.99034 9.35416 4.71
    endloop
  endfacet
  facet normal -0.960937 0.276768 0
    outer loop
      vertex -2.05479 9.13039 4.01
      vertex -1.99034 9.35416 4.71
      vertex -1.99034 9.35416 4.01
    endloop
  endfacet
  facet normal -0.960937 0.276768 0
    outer loop
      vertex -1.99034 9.35416 4.71
      vertex -2.05479 9.13039 4.01
      vertex -2.05479 9.13039 4.71
    endloop
  endfacet
  facet normal -0.978026 0.208481 0
    outer loop
      vertex -2.10492 8.89522 4.01
      vertex -2.05479 9.13039 4.71
      vertex -2.05479 9.13039 4.01
    endloop
  endfacet
  facet normal -0.978026 0.208481 0
    outer loop
      vertex -2.05479 9.13039 4.71
      vertex -2.10492 8.89522 4.01
      vertex -2.10492 8.89522 4.71
    endloop
  endfacet
  facet normal -0.989618 0.143725 0
    outer loop
      vertex -2.14073 8.64865 4.01
      vertex -2.10492 8.89522 4.71
      vertex -2.10492 8.89522 4.01
    endloop
  endfacet
  facet normal -0.989618 0.143725 0
    outer loop
      vertex -2.10492 8.89522 4.71
      vertex -2.14073 8.64865 4.01
      vertex -2.14073 8.64865 4.71
    endloop
  endfacet
  facet normal -0.996554 0.0829464 0
    outer loop
      vertex -2.1622 8.3907 4.01
      vertex -2.14073 8.64865 4.71
      vertex -2.14073 8.64865 4.01
    endloop
  endfacet
  facet normal -0.996554 0.0829464 0
    outer loop
      vertex -2.14073 8.64865 4.71
      vertex -2.1622 8.3907 4.01
      vertex -2.1622 8.3907 4.71
    endloop
  endfacet
  facet normal -0.999646 0.0266102 0
    outer loop
      vertex -2.16937 8.12135 4.01
      vertex -2.1622 8.3907 4.71
      vertex -2.1622 8.3907 4.01
    endloop
  endfacet
  facet normal -0.999646 0.0266102 0
    outer loop
      vertex -2.1622 8.3907 4.71
      vertex -2.16937 8.12135 4.01
      vertex -2.16937 8.12135 4.71
    endloop
  endfacet
  facet normal -0.999793 -0.020323 0
    outer loop
      vertex -2.16522 7.91719 4.01
      vertex -2.16937 8.12135 4.71
      vertex -2.16937 8.12135 4.01
    endloop
  endfacet
  facet normal -0.999793 -0.020323 0
    outer loop
      vertex -2.16937 8.12135 4.71
      vertex -2.16522 7.91719 4.01
      vertex -2.16522 7.91719 4.71
    endloop
  endfacet
  facet normal -0.998051 -0.0624001 0
    outer loop
      vertex -2.15277 7.71806 4.01
      vertex -2.16522 7.91719 4.71
      vertex -2.16522 7.91719 4.01
    endloop
  endfacet
  facet normal -0.998051 -0.0624001 0
    outer loop
      vertex -2.16522 7.91719 4.71
      vertex -2.15277 7.71806 4.01
      vertex -2.15277 7.71806 4.71
    endloop
  endfacet
  facet normal -0.994333 -0.106314 0
    outer loop
      vertex -2.13202 7.52399 4.01
      vertex -2.15277 7.71806 4.71
      vertex -2.15277 7.71806 4.01
    endloop
  endfacet
  facet normal -0.994333 -0.106314 0
    outer loop
      vertex -2.15277 7.71806 4.71
      vertex -2.13202 7.52399 4.01
      vertex -2.13202 7.52399 4.71
    endloop
  endfacet
  facet normal -0.988398 -0.151888 0
    outer loop
      vertex -2.10297 7.33495 4.01
      vertex -2.13202 7.52399 4.71
      vertex -2.13202 7.52399 4.01
    endloop
  endfacet
  facet normal -0.988398 -0.151888 0
    outer loop
      vertex -2.13202 7.52399 4.71
      vertex -2.10297 7.33495 4.01
      vertex -2.10297 7.33495 4.71
    endloop
  endfacet
  facet normal -0.980001 -0.198994 0
    outer loop
      vertex -2.06561 7.15096 4.01
      vertex -2.10297 7.33495 4.71
      vertex -2.10297 7.33495 4.01
    endloop
  endfacet
  facet normal -0.980001 -0.198994 0
    outer loop
      vertex -2.10297 7.33495 4.71
      vertex -2.06561 7.15096 4.01
      vertex -2.06561 7.15096 4.71
    endloop
  endfacet
  facet normal -0.968972 -0.24717 0
    outer loop
      vertex -2.01996 6.972 4.01
      vertex -2.06561 7.15096 4.71
      vertex -2.06561 7.15096 4.01
    endloop
  endfacet
  facet normal -0.968972 -0.24717 0
    outer loop
      vertex -2.06561 7.15096 4.71
      vertex -2.01996 6.972 4.01
      vertex -2.01996 6.972 4.71
    endloop
  endfacet
  facet normal -0.955078 -0.296354 0
    outer loop
      vertex -1.966 6.7981 4.01
      vertex -2.01996 6.972 4.71
      vertex -2.01996 6.972 4.01
    endloop
  endfacet
  facet normal -0.955078 -0.296354 0
    outer loop
      vertex -2.01996 6.972 4.71
      vertex -1.966 6.7981 4.01
      vertex -1.966 6.7981 4.71
    endloop
  endfacet
  facet normal -0.938292 -0.345844 0
    outer loop
      vertex -1.90376 6.62924 4.01
      vertex -1.966 6.7981 4.71
      vertex -1.966 6.7981 4.01
    endloop
  endfacet
  facet normal -0.938292 -0.345844 0
    outer loop
      vertex -1.966 6.7981 4.71
      vertex -1.90376 6.62924 4.01
      vertex -1.90376 6.62924 4.71
    endloop
  endfacet
  facet normal -0.918433 -0.395577 0
    outer loop
      vertex -1.83321 6.46544 4.01
      vertex -1.90376 6.62924 4.71
      vertex -1.90376 6.62924 4.01
    endloop
  endfacet
  facet normal -0.918433 -0.395577 0
    outer loop
      vertex -1.90376 6.62924 4.71
      vertex -1.83321 6.46544 4.01
      vertex -1.83321 6.46544 4.71
    endloop
  endfacet
  facet normal -0.895609 -0.444843 0
    outer loop
      vertex -1.75435 6.30667 4.01
      vertex -1.83321 6.46544 4.71
      vertex -1.83321 6.46544 4.01
    endloop
  endfacet
  facet normal -0.895609 -0.444843 0
    outer loop
      vertex -1.83321 6.46544 4.71
      vertex -1.75435 6.30667 4.01
      vertex -1.75435 6.30667 4.71
    endloop
  endfacet
  facet normal -0.859395 -0.511313 0
    outer loop
      vertex -1.62097 6.08249 4.01
      vertex -1.75435 6.30667 4.71
      vertex -1.75435 6.30667 4.01
    endloop
  endfacet
  facet normal -0.859395 -0.511313 0
    outer loop
      vertex -1.75435 6.30667 4.71
      vertex -1.62097 6.08249 4.01
      vertex -1.62097 6.08249 4.71
    endloop
  endfacet
  facet normal -0.808077 -0.589077 0
    outer loop
      vertex -1.47475 5.88191 4.01
      vertex -1.62097 6.08249 4.71
      vertex -1.62097 6.08249 4.01
    endloop
  endfacet
  facet normal -0.808077 -0.589077 0
    outer loop
      vertex -1.62097 6.08249 4.71
      vertex -1.47475 5.88191 4.01
      vertex -1.47475 5.88191 4.71
    endloop
  endfacet
  facet normal -0.743653 -0.668565 0
    outer loop
      vertex -1.31564 5.70493 4.01
      vertex -1.47475 5.88191 4.71
      vertex -1.47475 5.88191 4.01
    endloop
  endfacet
  facet normal -0.743653 -0.668565 0
    outer loop
      vertex -1.47475 5.88191 4.71
      vertex -1.31564 5.70493 4.01
      vertex -1.31564 5.70493 4.71
    endloop
  endfacet
  facet normal -0.665729 -0.746194 0
    outer loop
      vertex -1.31564 5.70493 4.01
      vertex -1.14371 5.55154 4.71
      vertex -1.31564 5.70493 4.71
    endloop
  endfacet
  facet normal -0.665729 -0.746194 -0
    outer loop
      vertex -1.14371 5.55154 4.71
      vertex -1.31564 5.70493 4.01
      vertex -1.14371 5.55154 4.01
    endloop
  endfacet
  facet normal -0.574704 -0.818361 0
    outer loop
      vertex -1.14371 5.55154 4.01
      vertex -0.958893 5.42175 4.71
      vertex -1.14371 5.55154 4.71
    endloop
  endfacet
  facet normal -0.574704 -0.818361 -0
    outer loop
      vertex -0.958893 5.42175 4.71
      vertex -1.14371 5.55154 4.01
      vertex -0.958893 5.42175 4.01
    endloop
  endfacet
  facet normal -0.473321 -0.88089 0
    outer loop
      vertex -0.958893 5.42175 4.01
      vertex -0.761246 5.31555 4.71
      vertex -0.958893 5.42175 4.71
    endloop
  endfacet
  facet normal -0.473321 -0.88089 -0
    outer loop
      vertex -0.761246 5.31555 4.71
      vertex -0.958893 5.42175 4.01
      vertex -0.761246 5.31555 4.01
    endloop
  endfacet
  facet normal -0.365167 -0.930942 0
    outer loop
      vertex -0.761246 5.31555 4.01
      vertex -0.55072 5.23297 4.71
      vertex -0.761246 5.31555 4.71
    endloop
  endfacet
  facet normal -0.365167 -0.930942 -0
    outer loop
      vertex -0.55072 5.23297 4.71
      vertex -0.761246 5.31555 4.01
      vertex -0.55072 5.23297 4.01
    endloop
  endfacet
  facet normal -0.255374 -0.966842 0
    outer loop
      vertex -0.55072 5.23297 4.01
      vertex -0.327347 5.17397 4.71
      vertex -0.55072 5.23297 4.71
    endloop
  endfacet
  facet normal -0.255374 -0.966842 -0
    outer loop
      vertex -0.327347 5.17397 4.71
      vertex -0.55072 5.23297 4.01
      vertex -0.327347 5.17397 4.01
    endloop
  endfacet
  facet normal -0.148195 -0.988958 0
    outer loop
      vertex -0.327347 5.17397 4.01
      vertex -0.0911102 5.13857 4.71
      vertex -0.327347 5.17397 4.71
    endloop
  endfacet
  facet normal -0.148195 -0.988958 -0
    outer loop
      vertex -0.0911102 5.13857 4.71
      vertex -0.327347 5.17397 4.01
      vertex -0.0911102 5.13857 4.01
    endloop
  endfacet
  facet normal -0.0473233 -0.99888 0
    outer loop
      vertex -0.0911102 5.13857 4.01
      vertex 0.157959 5.12677 4.71
      vertex -0.0911102 5.13857 4.71
    endloop
  endfacet
  facet normal -0.0473233 -0.99888 -0
    outer loop
      vertex 0.157959 5.12677 4.71
      vertex -0.0911102 5.13857 4.01
      vertex 0.157959 5.12677 4.01
    endloop
  endfacet
  facet normal 0.00870381 -0.999962 0
    outer loop
      vertex 0.157959 5.12677 4.01
      vertex 0.205063 5.12718 4.71
      vertex 0.157959 5.12677 4.71
    endloop
  endfacet
  facet normal 0.00870381 -0.999962 0
    outer loop
      vertex 0.205063 5.12718 4.71
      vertex 0.157959 5.12677 4.01
      vertex 0.205063 5.12718 4.01
    endloop
  endfacet
endsolid OpenSCAD_Model
