solid OpenSCAD_Model
  facet normal -0.0438175 -0.99904 -0
    outer loop
      vertex -2.65825 -30.3839 30.815
      vertex -2.65825 -30.3839 0
      vertex -2.37781 -30.3962 30.815
    endloop
  endfacet
  facet normal -0.0436351 -0.999048 2.19571e-05
    outer loop
      vertex -2.37781 -30.3962 30.815
      vertex 0 -30.5 33.3173
      vertex -1.621 -30.4292 33.3173
    endloop
  endfacet
  facet normal -0.0436338 -0.999048 -1.67566e-06
    outer loop
      vertex 0 -30.5 0
      vertex -2.37781 -30.3962 30.815
      vertex -2.65825 -30.3839 0
    endloop
  endfacet
  facet normal -0.0436121 -0.999049 0
    outer loop
      vertex -2.37781 -30.3962 30.815
      vertex 0 -30.5 0
      vertex 0 -30.5 33.3173
    endloop
  endfacet
  facet normal -0.0436338 -0.999048 1.75189e-06
    outer loop
      vertex -2.65825 -30.3839 70
      vertex -0.498077 -30.4783 39.3838
      vertex 0 -30.5 70
    endloop
  endfacet
  facet normal -0.0436585 -0.999047 0
    outer loop
      vertex -0.498077 -30.4783 39.3838
      vertex -2.65825 -30.3839 70
      vertex -2.65825 -30.3839 32.7326
    endloop
  endfacet
  facet normal -0.0435263 -0.999052 -0
    outer loop
      vertex 0 -30.5 70
      vertex -0.498077 -30.4783 39.3838
      vertex 0 -30.5 39.3838
    endloop
  endfacet
  facet normal -0.0435819 -0.99905 -0
    outer loop
      vertex 0 -30.5 38.1911
      vertex -1.31581 -30.4426 34.1229
      vertex 0 -30.5 34.1229
    endloop
  endfacet
  facet normal 0.991445 0.130525 0
    outer loop
      vertex 30.3839 2.65825 70
      vertex 30.0366 5.29627 0
      vertex 30.0366 5.29627 70
    endloop
  endfacet
  facet normal 0.991445 0.130525 0
    outer loop
      vertex 30.0366 5.29627 0
      vertex 30.3839 2.65825 70
      vertex 30.3839 2.65825 0
    endloop
  endfacet
  facet normal 0.999048 0.0436338 0
    outer loop
      vertex 30.5 0 70
      vertex 30.3839 2.65825 0
      vertex 30.3839 2.65825 70
    endloop
  endfacet
  facet normal 0.999048 0.0436338 0
    outer loop
      vertex 30.3839 2.65825 0
      vertex 30.5 0 70
      vertex 30.5 0 0
    endloop
  endfacet
  facet normal -0.843383 0.537313 0
    outer loop
      vertex -26.4138 15.25 0
      vertex -24.9841 17.4941 70
      vertex -24.9841 17.4941 0
    endloop
  endfacet
  facet normal -0.843383 0.537313 0
    outer loop
      vertex -24.9841 17.4941 70
      vertex -26.4138 15.25 0
      vertex -26.4138 15.25 70
    endloop
  endfacet
  facet normal 0.382664 -0.923888 0
    outer loop
      vertex 10.4316 -28.6606 0
      vertex 12.8899 -27.6424 70
      vertex 10.4316 -28.6606 70
    endloop
  endfacet
  facet normal 0.382664 -0.923888 0
    outer loop
      vertex 12.8899 -27.6424 70
      vertex 10.4316 -28.6606 0
      vertex 12.8899 -27.6424 0
    endloop
  endfacet
  facet normal 0.737288 0.675578 0
    outer loop
      vertex 23.3644 19.605 70
      vertex 21.5668 21.5668 0
      vertex 21.5668 21.5668 70
    endloop
  endfacet
  facet normal 0.737288 0.675578 0
    outer loop
      vertex 21.5668 21.5668 0
      vertex 23.3644 19.605 70
      vertex 23.3644 19.605 0
    endloop
  endfacet
  facet normal -0.608749 -0.793363 0
    outer loop
      vertex -19.605 -23.3644 0
      vertex -17.4941 -24.9841 70
      vertex -19.605 -23.3644 70
    endloop
  endfacet
  facet normal -0.608749 -0.793363 -0
    outer loop
      vertex -17.4941 -24.9841 70
      vertex -19.605 -23.3644 0
      vertex -17.4941 -24.9841 0
    endloop
  endfacet
  facet normal -0.843383 -0.537313 0
    outer loop
      vertex -24.9841 -17.4941 0
      vertex -26.4138 -15.25 70
      vertex -26.4138 -15.25 0
    endloop
  endfacet
  facet normal -0.843383 -0.537313 0
    outer loop
      vertex -26.4138 -15.25 70
      vertex -24.9841 -17.4941 0
      vertex -24.9841 -17.4941 70
    endloop
  endfacet
  facet normal 0.300703 0.953718 -0
    outer loop
      vertex 10.4316 28.6606 0
      vertex 7.89398 29.4607 24
      vertex 10.4316 28.6606 24
    endloop
  endfacet
  facet normal 0.300703 0.953718 0
    outer loop
      vertex 7.89398 29.4607 24
      vertex 10.4316 28.6606 0
      vertex 7.89398 29.4607 0
    endloop
  endfacet
  facet normal 0.300703 0.953718 -0
    outer loop
      vertex 10.4316 28.6606 46
      vertex 7.89398 29.4607 70
      vertex 10.4316 28.6606 70
    endloop
  endfacet
  facet normal 0.300703 0.953718 0
    outer loop
      vertex 7.89398 29.4607 70
      vertex 10.4316 28.6606 46
      vertex 7.89398 29.4607 46
    endloop
  endfacet
  facet normal -0.537313 0.843383 0
    outer loop
      vertex -15.25 26.4138 0
      vertex -17.4941 24.9841 70
      vertex -15.25 26.4138 70
    endloop
  endfacet
  facet normal -0.537313 0.843383 0
    outer loop
      vertex -17.4941 24.9841 70
      vertex -15.25 26.4138 0
      vertex -17.4941 24.9841 0
    endloop
  endfacet
  facet normal -0.923888 0.382664 0
    outer loop
      vertex -28.6606 10.4316 0
      vertex -27.6424 12.8899 70
      vertex -27.6424 12.8899 0
    endloop
  endfacet
  facet normal -0.923888 0.382664 0
    outer loop
      vertex -27.6424 12.8899 70
      vertex -28.6606 10.4316 0
      vertex -28.6606 10.4316 70
    endloop
  endfacet
  facet normal 0.130455 -0.991454 0
    outer loop
      vertex 2.65825 -30.3839 30.815
      vertex 2.65825 -30.3839 0
      vertex 3.51781 -30.2708 30.815
    endloop
  endfacet
  facet normal 0.130525 -0.991445 0
    outer loop
      vertex 2.65825 -30.3839 33.4616
      vertex 5.29627 -30.0366 70
      vertex 2.65825 -30.3839 70
    endloop
  endfacet
  facet normal 0.130467 -0.991453 4.26465e-06
    outer loop
      vertex 3.51781 -30.2708 30.815
      vertex 5.29627 -30.0366 70
      vertex 2.65825 -30.3839 33.4616
    endloop
  endfacet
  facet normal 0.130525 -0.991445 -2.01393e-06
    outer loop
      vertex 5.29627 -30.0366 0
      vertex 3.51781 -30.2708 30.815
      vertex 2.65825 -30.3839 0
    endloop
  endfacet
  facet normal 0.13056 -0.99144 0
    outer loop
      vertex 3.51781 -30.2708 30.815
      vertex 5.29627 -30.0366 0
      vertex 5.29627 -30.0366 70
    endloop
  endfacet
  facet normal -0.737288 0.675578 0
    outer loop
      vertex -23.3644 19.605 0
      vertex -21.5668 21.5668 70
      vertex -21.5668 21.5668 0
    endloop
  endfacet
  facet normal -0.737288 0.675578 0
    outer loop
      vertex -21.5668 21.5668 70
      vertex -23.3644 19.605 0
      vertex -23.3644 19.605 70
    endloop
  endfacet
  facet normal 0.953718 0.300703 0
    outer loop
      vertex 29.4607 7.89398 70
      vertex 28.6606 10.4316 0
      vertex 28.6606 10.4316 70
    endloop
  endfacet
  facet normal 0.953718 0.300703 0
    outer loop
      vertex 28.6606 10.4316 0
      vertex 29.4607 7.89398 70
      vertex 29.4607 7.89398 0
    endloop
  endfacet
  facet normal 0.608749 0.793363 -0
    outer loop
      vertex 19.605 23.3644 0
      vertex 17.4941 24.9841 70
      vertex 19.605 23.3644 70
    endloop
  endfacet
  facet normal 0.608749 0.793363 0
    outer loop
      vertex 17.4941 24.9841 70
      vertex 19.605 23.3644 0
      vertex 17.4941 24.9841 0
    endloop
  endfacet
  facet normal 0.21644 0.976296 -0
    outer loop
      vertex 7.89398 29.4607 0
      vertex 5.29627 30.0366 24
      vertex 7.89398 29.4607 24
    endloop
  endfacet
  facet normal 0.21644 0.976296 0
    outer loop
      vertex 5.29627 30.0366 24
      vertex 7.89398 29.4607 0
      vertex 5.29627 30.0366 0
    endloop
  endfacet
  facet normal 0.21644 0.976296 -0
    outer loop
      vertex 7.89398 29.4607 46
      vertex 5.29627 30.0366 70
      vertex 7.89398 29.4607 70
    endloop
  endfacet
  facet normal 0.21644 0.976296 0
    outer loop
      vertex 5.29627 30.0366 70
      vertex 7.89398 29.4607 46
      vertex 5.29627 30.0366 46
    endloop
  endfacet
  facet normal -0.923888 -0.382664 0
    outer loop
      vertex -27.6424 -12.8899 0
      vertex -28.6606 -10.4316 70
      vertex -28.6606 -10.4316 0
    endloop
  endfacet
  facet normal -0.923888 -0.382664 0
    outer loop
      vertex -28.6606 -10.4316 70
      vertex -27.6424 -12.8899 0
      vertex -27.6424 -12.8899 70
    endloop
  endfacet
  facet normal 0.793363 -0.608749 0
    outer loop
      vertex 23.3644 -19.605 70
      vertex 24.9841 -17.4941 0
      vertex 24.9841 -17.4941 70
    endloop
  endfacet
  facet normal 0.793363 -0.608749 0
    outer loop
      vertex 24.9841 -17.4941 0
      vertex 23.3644 -19.605 70
      vertex 23.3644 -19.605 0
    endloop
  endfacet
  facet normal 0.793363 0.608749 0
    outer loop
      vertex 24.9841 17.4941 70
      vertex 23.3644 19.605 0
      vertex 23.3644 19.605 70
    endloop
  endfacet
  facet normal 0.793363 0.608749 0
    outer loop
      vertex 23.3644 19.605 0
      vertex 24.9841 17.4941 70
      vertex 24.9841 17.4941 0
    endloop
  endfacet
  facet normal -0.953718 -0.300703 0
    outer loop
      vertex -28.6606 -10.4316 0
      vertex -29.4607 -7.89398 70
      vertex -29.4607 -7.89398 0
    endloop
  endfacet
  facet normal -0.953718 -0.300703 0
    outer loop
      vertex -29.4607 -7.89398 70
      vertex -28.6606 -10.4316 0
      vertex -28.6606 -10.4316 70
    endloop
  endfacet
  facet normal 0 0 -1
    outer loop
      vertex -14.6099 15.9099 0
      vertex -12.1099 15.9099 0
      vertex -12.1244 15.5787 0
    endloop
  endfacet
  facet normal 0 0 -1
    outer loop
      vertex -14.6099 15.9099 0
      vertex -12.1244 15.5787 0
      vertex -12.1676 15.25 0
    endloop
  endfacet
  facet normal 0 0 -1
    outer loop
      vertex -12.1099 15.9099 0
      vertex -14.6099 15.9099 0
      vertex -12.1244 16.2411 0
    endloop
  endfacet
  facet normal 0 0 -1
    outer loop
      vertex -14.6099 15.9099 0
      vertex -12.1676 15.25 0
      vertex -12.2394 14.9264 0
    endloop
  endfacet
  facet normal 0 0 -1
    outer loop
      vertex -14.6148 16.0232 0
      vertex -12.1244 16.2411 0
      vertex -14.6099 15.9099 0
    endloop
  endfacet
  facet normal 0 0 -1
    outer loop
      vertex -14.6099 15.9099 0
      vertex -12.2394 14.9264 0
      vertex -12.3391 14.6102 0
    endloop
  endfacet
  facet normal -0 0 -1
    outer loop
      vertex -12.1244 16.2411 0
      vertex -14.6148 16.0232 0
      vertex -12.1676 16.5698 0
    endloop
  endfacet
  facet normal 0 0 -1
    outer loop
      vertex -14.6099 15.9099 0
      vertex -12.3391 14.6102 0
      vertex -12.4659 14.304 0
    endloop
  endfacet
  facet normal 0 0 -1
    outer loop
      vertex -14.6297 16.1356 0
      vertex -12.1676 16.5698 0
      vertex -14.6148 16.0232 0
    endloop
  endfacet
  facet normal 0 0 -1
    outer loop
      vertex -14.6099 15.9099 0
      vertex -12.4659 14.304 0
      vertex -12.619 14.0099 0
    endloop
  endfacet
  facet normal -0 0 -1
    outer loop
      vertex -12.1676 16.5698 0
      vertex -14.6297 16.1356 0
      vertex -12.2394 16.8934 0
    endloop
  endfacet
  facet normal 0 0 -1
    outer loop
      vertex -14.6099 15.9099 0
      vertex -12.619 14.0099 0
      vertex -12.7971 13.7303 0
    endloop
  endfacet
  facet normal 0 0 -1
    outer loop
      vertex -14.6542 16.2464 0
      vertex -12.2394 16.8934 0
      vertex -14.6297 16.1356 0
    endloop
  endfacet
  facet normal 0 0 -1
    outer loop
      vertex -14.6099 15.9099 0
      vertex -12.7971 13.7303 0
      vertex -12.9989 13.4673 0
    endloop
  endfacet
  facet normal -0 0 -1
    outer loop
      vertex -12.2394 16.8934 0
      vertex -14.6542 16.2464 0
      vertex -12.3391 17.2096 0
    endloop
  endfacet
  facet normal 0 0 -1
    outer loop
      vertex -14.6099 15.9099 0
      vertex -12.9989 13.4673 0
      vertex -13.2229 13.2229 0
    endloop
  endfacet
  facet normal 0 0 -1
    outer loop
      vertex -14.6883 16.3545 0
      vertex -12.3391 17.2096 0
      vertex -14.6542 16.2464 0
    endloop
  endfacet
  facet normal 0 0 -1
    outer loop
      vertex -14.6099 15.9099 0
      vertex -13.2229 13.2229 0
      vertex -13.4673 12.9989 0
    endloop
  endfacet
  facet normal -0 0 -1
    outer loop
      vertex -12.3391 17.2096 0
      vertex -14.6883 16.3545 0
      vertex -12.4659 17.5159 0
    endloop
  endfacet
  facet normal 0 0 -1
    outer loop
      vertex -14.6099 15.9099 0
      vertex -13.4673 12.9989 0
      vertex -13.7303 12.7971 0
    endloop
  endfacet
  facet normal 0 0 -1
    outer loop
      vertex -14.7317 16.4593 0
      vertex -12.4659 17.5159 0
      vertex -14.6883 16.3545 0
    endloop
  endfacet
  facet normal -0 0 -1
    outer loop
      vertex -12.4659 17.5159 0
      vertex -14.7317 16.4593 0
      vertex -12.619 17.8099 0
    endloop
  endfacet
  facet normal 0 0 -1
    outer loop
      vertex -14.6099 15.9099 0
      vertex -13.7303 12.7971 0
      vertex -14.0099 12.619 0
    endloop
  endfacet
  facet normal 0 0 -1
    outer loop
      vertex 12.4659 14.304 0
      vertex 14.7317 15.3605 0
      vertex 12.619 14.0099 0
    endloop
  endfacet
  facet normal -0 0 -1
    outer loop
      vertex 14.7317 15.3605 0
      vertex 12.4659 14.304 0
      vertex 14.6883 15.4653 0
    endloop
  endfacet
  facet normal 0 -0 -1
    outer loop
      vertex 13.7303 19.0227 0
      vertex 14.6099 15.9099 0
      vertex 13.4673 18.8209 0
    endloop
  endfacet
  facet normal 0 0 -1
    outer loop
      vertex 14.6099 15.9099 0
      vertex 13.7303 19.0227 0
      vertex 13.7549 19.0384 0
    endloop
  endfacet
  facet normal 0 0 -1
    outer loop
      vertex 12.3391 14.6102 0
      vertex 14.6883 15.4653 0
      vertex 12.4659 14.304 0
    endloop
  endfacet
  facet normal 0 0 -1
    outer loop
      vertex 14.6099 15.9099 0
      vertex 13.2229 18.5969 0
      vertex 13.4673 18.8209 0
    endloop
  endfacet
  facet normal -0 0 -1
    outer loop
      vertex 14.6883 15.4653 0
      vertex 12.3391 14.6102 0
      vertex 14.6542 15.5734 0
    endloop
  endfacet
  facet normal 0 0 -1
    outer loop
      vertex 14.6099 15.9099 0
      vertex 12.9989 18.3525 0
      vertex 13.2229 18.5969 0
    endloop
  endfacet
  facet normal 0 0 -1
    outer loop
      vertex 12.2394 14.9264 0
      vertex 14.6542 15.5734 0
      vertex 12.3391 14.6102 0
    endloop
  endfacet
  facet normal 0 0 -1
    outer loop
      vertex 14.6099 15.9099 0
      vertex 12.7971 18.0895 0
      vertex 12.9989 18.3525 0
    endloop
  endfacet
  facet normal -0 0 -1
    outer loop
      vertex 14.6542 15.5734 0
      vertex 12.2394 14.9264 0
      vertex 14.6297 15.6842 0
    endloop
  endfacet
  facet normal 0 0 -1
    outer loop
      vertex 14.6099 15.9099 0
      vertex 12.619 17.8099 0
      vertex 12.7971 18.0895 0
    endloop
  endfacet
  facet normal 0 0 -1
    outer loop
      vertex 12.1676 15.25 0
      vertex 14.6297 15.6842 0
      vertex 12.2394 14.9264 0
    endloop
  endfacet
  facet normal 0 0 -1
    outer loop
      vertex 14.6099 15.9099 0
      vertex 12.4659 17.5159 0
      vertex 12.619 17.8099 0
    endloop
  endfacet
  facet normal -0 0 -1
    outer loop
      vertex 14.6297 15.6842 0
      vertex 12.1676 15.25 0
      vertex 14.6148 15.7966 0
    endloop
  endfacet
  facet normal 0 0 -1
    outer loop
      vertex 14.6099 15.9099 0
      vertex 12.3391 17.2096 0
      vertex 12.4659 17.5159 0
    endloop
  endfacet
  facet normal 0 0 -1
    outer loop
      vertex 12.1244 15.5787 0
      vertex 14.6148 15.7966 0
      vertex 12.1676 15.25 0
    endloop
  endfacet
  facet normal 0 0 -1
    outer loop
      vertex 14.6099 15.9099 0
      vertex 12.2394 16.8934 0
      vertex 12.3391 17.2096 0
    endloop
  endfacet
  facet normal -0 0 -1
    outer loop
      vertex 14.6148 15.7966 0
      vertex 12.1244 15.5787 0
      vertex 14.6099 15.9099 0
    endloop
  endfacet
  facet normal 0 0 -1
    outer loop
      vertex 14.6099 15.9099 0
      vertex 12.1676 16.5698 0
      vertex 12.2394 16.8934 0
    endloop
  endfacet
  facet normal 0 0 -1
    outer loop
      vertex 12.1099 15.9099 0
      vertex 14.6099 15.9099 0
      vertex 12.1244 15.5787 0
    endloop
  endfacet
  facet normal 0 0 -1
    outer loop
      vertex 14.6099 15.9099 0
      vertex 12.1244 16.2411 0
      vertex 12.1676 16.5698 0
    endloop
  endfacet
  facet normal 0 0 -1
    outer loop
      vertex 14.6099 15.9099 0
      vertex 12.1099 15.9099 0
      vertex 12.1244 16.2411 0
    endloop
  endfacet
  facet normal 0 0 -1
    outer loop
      vertex 12.4659 -17.5159 0
      vertex 14.7317 -16.4593 0
      vertex 12.619 -17.8099 0
    endloop
  endfacet
  facet normal 0 0 -1
    outer loop
      vertex 14.6099 -15.9099 0
      vertex 13.7303 -12.7971 0
      vertex 14.0099 -12.619 0
    endloop
  endfacet
  facet normal -0 0 -1
    outer loop
      vertex 14.7317 -16.4593 0
      vertex 12.4659 -17.5159 0
      vertex 14.6883 -16.3545 0
    endloop
  endfacet
  facet normal 0 0 -1
    outer loop
      vertex 14.6099 -15.9099 0
      vertex 13.4673 -12.9989 0
      vertex 13.7303 -12.7971 0
    endloop
  endfacet
  facet normal 0 0 -1
    outer loop
      vertex 12.3391 -17.2096 0
      vertex 14.6883 -16.3545 0
      vertex 12.4659 -17.5159 0
    endloop
  endfacet
  facet normal 0 0 -1
    outer loop
      vertex 14.6099 -15.9099 0
      vertex 13.2229 -13.2229 0
      vertex 13.4673 -12.9989 0
    endloop
  endfacet
  facet normal -0 0 -1
    outer loop
      vertex 14.6883 -16.3545 0
      vertex 12.3391 -17.2096 0
      vertex 14.6542 -16.2464 0
    endloop
  endfacet
  facet normal 0 0 -1
    outer loop
      vertex 14.6099 -15.9099 0
      vertex 12.9989 -13.4673 0
      vertex 13.2229 -13.2229 0
    endloop
  endfacet
  facet normal 0 0 -1
    outer loop
      vertex 12.2394 -16.8934 0
      vertex 14.6542 -16.2464 0
      vertex 12.3391 -17.2096 0
    endloop
  endfacet
  facet normal 0 0 -1
    outer loop
      vertex 14.6099 -15.9099 0
      vertex 12.7971 -13.7303 0
      vertex 12.9989 -13.4673 0
    endloop
  endfacet
  facet normal -0 0 -1
    outer loop
      vertex 14.6542 -16.2464 0
      vertex 12.2394 -16.8934 0
      vertex 14.6297 -16.1356 0
    endloop
  endfacet
  facet normal 0 0 -1
    outer loop
      vertex 14.6099 -15.9099 0
      vertex 12.619 -14.0099 0
      vertex 12.7971 -13.7303 0
    endloop
  endfacet
  facet normal 0 0 -1
    outer loop
      vertex 12.1676 -16.5698 0
      vertex 14.6297 -16.1356 0
      vertex 12.2394 -16.8934 0
    endloop
  endfacet
  facet normal 0 0 -1
    outer loop
      vertex 14.6099 -15.9099 0
      vertex 12.4659 -14.304 0
      vertex 12.619 -14.0099 0
    endloop
  endfacet
  facet normal -0 0 -1
    outer loop
      vertex 14.6297 -16.1356 0
      vertex 12.1676 -16.5698 0
      vertex 14.6148 -16.0232 0
    endloop
  endfacet
  facet normal 0 0 -1
    outer loop
      vertex 14.6099 -15.9099 0
      vertex 12.3391 -14.6102 0
      vertex 12.4659 -14.304 0
    endloop
  endfacet
  facet normal 0 0 -1
    outer loop
      vertex 12.1244 -16.2411 0
      vertex 14.6148 -16.0232 0
      vertex 12.1676 -16.5698 0
    endloop
  endfacet
  facet normal 0 0 -1
    outer loop
      vertex 14.6099 -15.9099 0
      vertex 12.2394 -14.9264 0
      vertex 12.3391 -14.6102 0
    endloop
  endfacet
  facet normal -0 0 -1
    outer loop
      vertex 14.6148 -16.0232 0
      vertex 12.1244 -16.2411 0
      vertex 14.6099 -15.9099 0
    endloop
  endfacet
  facet normal 0 0 -1
    outer loop
      vertex 14.6099 -15.9099 0
      vertex 12.1676 -15.25 0
      vertex 12.2394 -14.9264 0
    endloop
  endfacet
  facet normal 0 0 -1
    outer loop
      vertex 12.1099 -15.9099 0
      vertex 14.6099 -15.9099 0
      vertex 12.1244 -16.2411 0
    endloop
  endfacet
  facet normal 0 0 -1
    outer loop
      vertex 14.6099 -15.9099 0
      vertex 12.1244 -15.5787 0
      vertex 12.1676 -15.25 0
    endloop
  endfacet
  facet normal 0 0 -1
    outer loop
      vertex 14.6099 -15.9099 0
      vertex 12.1099 -15.9099 0
      vertex 12.1244 -15.5787 0
    endloop
  endfacet
  facet normal 0 0 -1
    outer loop
      vertex -14.6099 -15.9099 0
      vertex -12.1099 -15.9099 0
      vertex -12.1244 -16.2411 0
    endloop
  endfacet
  facet normal 0 0 -1
    outer loop
      vertex -14.6148 -16.0232 0
      vertex -12.1244 -16.2411 0
      vertex -12.1676 -16.5698 0
    endloop
  endfacet
  facet normal 0 0 -1
    outer loop
      vertex -12.1099 -15.9099 0
      vertex -14.6099 -15.9099 0
      vertex -12.1244 -15.5787 0
    endloop
  endfacet
  facet normal 0 0 -1
    outer loop
      vertex -14.6297 -16.1356 0
      vertex -12.1676 -16.5698 0
      vertex -12.2394 -16.8934 0
    endloop
  endfacet
  facet normal 0 0 -1
    outer loop
      vertex -14.6148 -15.7966 0
      vertex -12.1244 -15.5787 0
      vertex -14.6099 -15.9099 0
    endloop
  endfacet
  facet normal 0 0 -1
    outer loop
      vertex -14.6542 -16.2464 0
      vertex -12.2394 -16.8934 0
      vertex -12.3391 -17.2096 0
    endloop
  endfacet
  facet normal -0 0 -1
    outer loop
      vertex -12.1244 -15.5787 0
      vertex -14.6148 -15.7966 0
      vertex -12.1676 -15.25 0
    endloop
  endfacet
  facet normal 0 0 -1
    outer loop
      vertex -14.6883 -16.3545 0
      vertex -12.3391 -17.2096 0
      vertex -12.4659 -17.5159 0
    endloop
  endfacet
  facet normal 0 0 -1
    outer loop
      vertex -14.6297 -15.6842 0
      vertex -12.1676 -15.25 0
      vertex -14.6148 -15.7966 0
    endloop
  endfacet
  facet normal 0 0 -1
    outer loop
      vertex -14.7317 -16.4593 0
      vertex -12.4659 -17.5159 0
      vertex -12.619 -17.8099 0
    endloop
  endfacet
  facet normal -0 0 -1
    outer loop
      vertex -12.1676 -15.25 0
      vertex -14.6297 -15.6842 0
      vertex -12.2394 -14.9264 0
    endloop
  endfacet
  facet normal 0 0 -1
    outer loop
      vertex -14.7841 -16.5599 0
      vertex -12.619 -17.8099 0
      vertex -12.7971 -18.0895 0
    endloop
  endfacet
  facet normal 0 0 -1
    outer loop
      vertex -14.6542 -15.5734 0
      vertex -12.2394 -14.9264 0
      vertex -14.6297 -15.6842 0
    endloop
  endfacet
  facet normal 0 0 -1
    outer loop
      vertex -14.845 -16.6556 0
      vertex -12.7971 -18.0895 0
      vertex -12.9989 -18.3525 0
    endloop
  endfacet
  facet normal -0 0 -1
    outer loop
      vertex -12.2394 -14.9264 0
      vertex -14.6542 -15.5734 0
      vertex -12.3391 -14.6102 0
    endloop
  endfacet
  facet normal 0 0 -1
    outer loop
      vertex -14.914 -16.7455 0
      vertex -12.9989 -18.3525 0
      vertex -13.2229 -18.5969 0
    endloop
  endfacet
  facet normal 0 0 -1
    outer loop
      vertex -14.6883 -15.4653 0
      vertex -12.3391 -14.6102 0
      vertex -14.6542 -15.5734 0
    endloop
  endfacet
  facet normal 0 0 -1
    outer loop
      vertex -14.9907 -16.8291 0
      vertex -13.2229 -18.5969 0
      vertex -13.4673 -18.8209 0
    endloop
  endfacet
  facet normal -0 0 -1
    outer loop
      vertex -12.3391 -14.6102 0
      vertex -14.6883 -15.4653 0
      vertex -12.4659 -14.304 0
    endloop
  endfacet
  facet normal 0 0 -1
    outer loop
      vertex -15.0743 -16.9058 0
      vertex -13.4673 -18.8209 0
      vertex -13.7303 -19.0227 0
    endloop
  endfacet
  facet normal 0 0 -1
    outer loop
      vertex -14.7317 -15.3605 0
      vertex -12.4659 -14.304 0
      vertex -14.6883 -15.4653 0
    endloop
  endfacet
  facet normal 0 0 -1
    outer loop
      vertex -15.1643 -16.9748 0
      vertex -13.7303 -19.0227 0
      vertex -13.7549 -19.0384 0
    endloop
  endfacet
  facet normal -0 0 -1
    outer loop
      vertex -12.4659 -14.304 0
      vertex -14.7317 -15.3605 0
      vertex -12.619 -14.0099 0
    endloop
  endfacet
  facet normal 0 0 -1
    outer loop
      vertex -15.3605 14.7317 0
      vertex -14.304 12.4659 0
      vertex -14.6102 12.3391 0
    endloop
  endfacet
  facet normal 0 0 -1
    outer loop
      vertex -14.304 12.4659 0
      vertex -14.6148 15.7966 0
      vertex -14.6099 15.9099 0
    endloop
  endfacet
  facet normal 0 0 -1
    outer loop
      vertex -14.304 12.4659 0
      vertex -14.6297 15.6842 0
      vertex -14.6148 15.7966 0
    endloop
  endfacet
  facet normal 0 0 -1
    outer loop
      vertex -14.304 12.4659 0
      vertex -14.6542 15.5734 0
      vertex -14.6297 15.6842 0
    endloop
  endfacet
  facet normal 0 0 -1
    outer loop
      vertex -14.304 12.4659 0
      vertex -14.6883 15.4653 0
      vertex -14.6542 15.5734 0
    endloop
  endfacet
  facet normal 0 0 -1
    outer loop
      vertex -14.304 12.4659 0
      vertex -14.7317 15.3605 0
      vertex -14.6883 15.4653 0
    endloop
  endfacet
  facet normal 0 0 -1
    outer loop
      vertex -14.304 12.4659 0
      vertex -14.7841 15.2599 0
      vertex -14.7317 15.3605 0
    endloop
  endfacet
  facet normal 0 0 -1
    outer loop
      vertex -14.304 12.4659 0
      vertex -14.845 15.1643 0
      vertex -14.7841 15.2599 0
    endloop
  endfacet
  facet normal 0 0 -1
    outer loop
      vertex -14.304 12.4659 0
      vertex -14.914 15.0743 0
      vertex -14.845 15.1643 0
    endloop
  endfacet
  facet normal 0 0 -1
    outer loop
      vertex -15.4653 14.6883 0
      vertex -14.6102 12.3391 0
      vertex -14.9264 12.2394 0
    endloop
  endfacet
  facet normal 0 0 -1
    outer loop
      vertex -14.304 12.4659 0
      vertex -14.9907 14.9907 0
      vertex -14.914 15.0743 0
    endloop
  endfacet
  facet normal 0 0 -1
    outer loop
      vertex -14.304 12.4659 0
      vertex -15.0743 14.914 0
      vertex -14.9907 14.9907 0
    endloop
  endfacet
  facet normal 0 0 -1
    outer loop
      vertex -14.304 12.4659 0
      vertex -15.1643 14.845 0
      vertex -15.0743 14.914 0
    endloop
  endfacet
  facet normal 0 0 -1
    outer loop
      vertex -15.5734 14.6542 0
      vertex -14.9264 12.2394 0
      vertex -15.25 12.1676 0
    endloop
  endfacet
  facet normal 0 0 -1
    outer loop
      vertex -14.304 12.4659 0
      vertex -15.2599 14.7841 0
      vertex -15.1643 14.845 0
    endloop
  endfacet
  facet normal 0 0 -1
    outer loop
      vertex -14.304 12.4659 0
      vertex -15.3605 14.7317 0
      vertex -15.2599 14.7841 0
    endloop
  endfacet
  facet normal 0 0 -1
    outer loop
      vertex -14.6102 12.3391 0
      vertex -15.4653 14.6883 0
      vertex -15.3605 14.7317 0
    endloop
  endfacet
  facet normal 0 0 -1
    outer loop
      vertex -14.9264 12.2394 0
      vertex -15.5734 14.6542 0
      vertex -15.4653 14.6883 0
    endloop
  endfacet
  facet normal 0 0 -1
    outer loop
      vertex -15.6842 14.6297 0
      vertex -15.25 12.1676 0
      vertex -15.5787 12.1244 0
    endloop
  endfacet
  facet normal 0 0 -1
    outer loop
      vertex -15.25 12.1676 0
      vertex -15.6842 14.6297 0
      vertex -15.5734 14.6542 0
    endloop
  endfacet
  facet normal 0 0 -1
    outer loop
      vertex -15.5787 12.1244 0
      vertex -15.7966 14.6148 0
      vertex -15.6842 14.6297 0
    endloop
  endfacet
  facet normal 0 0 -1
    outer loop
      vertex -15.9099 12.1099 0
      vertex -15.7966 14.6148 0
      vertex -15.5787 12.1244 0
    endloop
  endfacet
  facet normal 0 0 -1
    outer loop
      vertex -15.9099 12.1099 0
      vertex -15.9099 14.6099 0
      vertex -15.7966 14.6148 0
    endloop
  endfacet
  facet normal 0 0 -1
    outer loop
      vertex -15.9099 12.1099 0
      vertex -16.0232 14.6148 0
      vertex -15.9099 14.6099 0
    endloop
  endfacet
  facet normal 0 0 -1
    outer loop
      vertex -16.2411 12.1244 0
      vertex -16.0232 14.6148 0
      vertex -15.9099 12.1099 0
    endloop
  endfacet
  facet normal -0 0 -1
    outer loop
      vertex -16.0232 14.6148 0
      vertex -16.2411 12.1244 0
      vertex -16.1356 14.6297 0
    endloop
  endfacet
  facet normal 0 0 -1
    outer loop
      vertex -16.5698 12.1676 0
      vertex -16.1356 14.6297 0
      vertex -16.2411 12.1244 0
    endloop
  endfacet
  facet normal -0 0 -1
    outer loop
      vertex -16.1356 14.6297 0
      vertex -16.5698 12.1676 0
      vertex -16.2464 14.6542 0
    endloop
  endfacet
  facet normal 0 0 -1
    outer loop
      vertex -16.8934 12.2394 0
      vertex -16.2464 14.6542 0
      vertex -16.5698 12.1676 0
    endloop
  endfacet
  facet normal -0 0 -1
    outer loop
      vertex -16.2464 14.6542 0
      vertex -16.8934 12.2394 0
      vertex -16.3545 14.6883 0
    endloop
  endfacet
  facet normal 0 0 -1
    outer loop
      vertex -17.2096 12.3391 0
      vertex -16.3545 14.6883 0
      vertex -16.8934 12.2394 0
    endloop
  endfacet
  facet normal -0 0 -1
    outer loop
      vertex -16.3545 14.6883 0
      vertex -17.2096 12.3391 0
      vertex -16.4593 14.7317 0
    endloop
  endfacet
  facet normal 0 0 -1
    outer loop
      vertex -17.5159 12.4659 0
      vertex -16.4593 14.7317 0
      vertex -17.2096 12.3391 0
    endloop
  endfacet
  facet normal -0 0 -1
    outer loop
      vertex -16.4593 14.7317 0
      vertex -17.5159 12.4659 0
      vertex -16.5599 14.7841 0
    endloop
  endfacet
  facet normal 0 0 -1
    outer loop
      vertex -17.8099 12.619 0
      vertex -16.5599 14.7841 0
      vertex -17.5159 12.4659 0
    endloop
  endfacet
  facet normal -0 0 -1
    outer loop
      vertex -16.5599 14.7841 0
      vertex -17.8099 12.619 0
      vertex -16.6556 14.845 0
    endloop
  endfacet
  facet normal 0 0 -1
    outer loop
      vertex -18.0895 12.7971 0
      vertex -16.6556 14.845 0
      vertex -17.8099 12.619 0
    endloop
  endfacet
  facet normal -0 0 -1
    outer loop
      vertex -16.6556 14.845 0
      vertex -18.0895 12.7971 0
      vertex -16.7455 14.914 0
    endloop
  endfacet
  facet normal 0 0 -1
    outer loop
      vertex -18.3525 12.9989 0
      vertex -16.7455 14.914 0
      vertex -18.0895 12.7971 0
    endloop
  endfacet
  facet normal -0 0 -1
    outer loop
      vertex -16.7455 14.914 0
      vertex -18.3525 12.9989 0
      vertex -16.8291 14.9907 0
    endloop
  endfacet
  facet normal 0 0 -1
    outer loop
      vertex -18.5969 13.2229 0
      vertex -16.8291 14.9907 0
      vertex -18.3525 12.9989 0
    endloop
  endfacet
  facet normal -0 0 -1
    outer loop
      vertex -16.8291 14.9907 0
      vertex -18.5969 13.2229 0
      vertex -16.9058 15.0743 0
    endloop
  endfacet
  facet normal 0 0 -1
    outer loop
      vertex -18.8209 13.4673 0
      vertex -16.9058 15.0743 0
      vertex -18.5969 13.2229 0
    endloop
  endfacet
  facet normal -0 0 -1
    outer loop
      vertex -16.9058 15.0743 0
      vertex -18.8209 13.4673 0
      vertex -16.9748 15.1643 0
    endloop
  endfacet
  facet normal 0 0 -1
    outer loop
      vertex -19.0227 13.7303 0
      vertex -16.9748 15.1643 0
      vertex -18.8209 13.4673 0
    endloop
  endfacet
  facet normal 0 0 -1
    outer loop
      vertex -19.0384 13.7549 0
      vertex -16.9748 15.1643 0
      vertex -19.0227 13.7303 0
    endloop
  endfacet
  facet normal -0 0 -1
    outer loop
      vertex -16.9748 15.1643 0
      vertex -19.0384 13.7549 0
      vertex -17.0357 15.2599 0
    endloop
  endfacet
  facet normal -0 0 -1
    outer loop
      vertex -17.0357 15.2599 0
      vertex -19.0384 13.7549 0
      vertex -17.0881 15.3605 0
    endloop
  endfacet
  facet normal -0 0 -1
    outer loop
      vertex -17.0881 15.3605 0
      vertex -19.0384 13.7549 0
      vertex -17.1315 15.4653 0
    endloop
  endfacet
  facet normal -0 0 -1
    outer loop
      vertex -17.1315 15.4653 0
      vertex -19.0384 13.7549 0
      vertex -17.1656 15.5734 0
    endloop
  endfacet
  facet normal -0 0 -1
    outer loop
      vertex -17.1656 15.5734 0
      vertex -19.0384 13.7549 0
      vertex -17.1902 15.6842 0
    endloop
  endfacet
  facet normal -0 0 -1
    outer loop
      vertex -17.1902 15.6842 0
      vertex -19.0384 13.7549 0
      vertex -17.205 15.7966 0
    endloop
  endfacet
  facet normal -0 0 -1
    outer loop
      vertex -17.205 15.7966 0
      vertex -19.0384 13.7549 0
      vertex -17.2099 15.9099 0
    endloop
  endfacet
  facet normal 0 0 -1
    outer loop
      vertex -23.3644 19.605 0
      vertex -17.2099 15.9099 0
      vertex -19.0384 13.7549 0
    endloop
  endfacet
  facet normal 0 0 -1
    outer loop
      vertex -24.9841 17.4941 0
      vertex -19.0384 13.7549 0
      vertex -19.2501 13.479 0
    endloop
  endfacet
  facet normal 0 0 -1
    outer loop
      vertex -17.2099 15.9099 0
      vertex -19.605 23.3644 0
      vertex -17.4941 24.9841 0
    endloop
  endfacet
  facet normal 0 0 -1
    outer loop
      vertex -24.9841 17.4941 0
      vertex -19.2501 13.479 0
      vertex -20.3516 11.75 0
    endloop
  endfacet
  facet normal 0 0 -1
    outer loop
      vertex -26.4138 15.25 0
      vertex -20.3516 11.75 0
      vertex -21.2982 9.93153 0
    endloop
  endfacet
  facet normal 0 0 -1
    outer loop
      vertex -17.2099 15.9099 0
      vertex -21.5668 21.5668 0
      vertex -19.605 23.3644 0
    endloop
  endfacet
  facet normal 0 0 -1
    outer loop
      vertex -27.6424 12.8899 0
      vertex -21.2982 9.93153 0
      vertex -22.0828 8.03747 0
    endloop
  endfacet
  facet normal 0 0 -1
    outer loop
      vertex -28.6606 10.4316 0
      vertex -22.0828 8.03747 0
      vertex -22.6993 6.08225 0
    endloop
  endfacet
  facet normal 0 0 -1
    outer loop
      vertex -29.4607 7.89398 0
      vertex -22.6993 6.08225 0
      vertex -23.143 4.08073 0
    endloop
  endfacet
  facet normal 0 0 -1
    outer loop
      vertex -17.2099 15.9099 0
      vertex -23.3644 19.605 0
      vertex -21.5668 21.5668 0
    endloop
  endfacet
  facet normal 0 0 -1
    outer loop
      vertex -30.0366 5.29627 0
      vertex -23.143 4.08073 0
      vertex -23.4106 2.04816 0
    endloop
  endfacet
  facet normal 0 0 -1
    outer loop
      vertex -30.3839 2.65825 0
      vertex -23.4106 2.04816 0
      vertex -23.5 0 0
    endloop
  endfacet
  facet normal 0 0 -1
    outer loop
      vertex -29.4607 -7.89398 0
      vertex -22.6993 -6.08225 0
      vertex -28.6606 -10.4316 0
    endloop
  endfacet
  facet normal 0 0 -1
    outer loop
      vertex -19.0384 13.7549 0
      vertex -24.9841 17.4941 0
      vertex -23.3644 19.605 0
    endloop
  endfacet
  facet normal -0 0 -1
    outer loop
      vertex -22.6993 -6.08225 0
      vertex -29.4607 -7.89398 0
      vertex -23.143 -4.08073 0
    endloop
  endfacet
  facet normal 0 0 -1
    outer loop
      vertex -20.3516 11.75 0
      vertex -26.4138 15.25 0
      vertex -24.9841 17.4941 0
    endloop
  endfacet
  facet normal 0 0 -1
    outer loop
      vertex -30.0366 -5.29627 0
      vertex -23.143 -4.08073 0
      vertex -29.4607 -7.89398 0
    endloop
  endfacet
  facet normal 0 0 -1
    outer loop
      vertex -21.2982 9.93153 0
      vertex -27.6424 12.8899 0
      vertex -26.4138 15.25 0
    endloop
  endfacet
  facet normal -0 0 -1
    outer loop
      vertex -23.143 -4.08073 0
      vertex -30.0366 -5.29627 0
      vertex -23.4106 -2.04816 0
    endloop
  endfacet
  facet normal 0 0 -1
    outer loop
      vertex -22.0828 8.03747 0
      vertex -28.6606 10.4316 0
      vertex -27.6424 12.8899 0
    endloop
  endfacet
  facet normal 0 0 -1
    outer loop
      vertex -30.3839 -2.65825 0
      vertex -23.4106 -2.04816 0
      vertex -30.0366 -5.29627 0
    endloop
  endfacet
  facet normal 0 0 -1
    outer loop
      vertex -22.6993 6.08225 0
      vertex -29.4607 7.89398 0
      vertex -28.6606 10.4316 0
    endloop
  endfacet
  facet normal -0 0 -1
    outer loop
      vertex -23.4106 -2.04816 0
      vertex -30.3839 -2.65825 0
      vertex -23.5 0 0
    endloop
  endfacet
  facet normal 0 0 -1
    outer loop
      vertex -23.143 4.08073 0
      vertex -30.0366 5.29627 0
      vertex -29.4607 7.89398 0
    endloop
  endfacet
  facet normal 0 0 -1
    outer loop
      vertex -30.5 0 0
      vertex -23.5 0 0
      vertex -30.3839 -2.65825 0
    endloop
  endfacet
  facet normal 0 0 -1
    outer loop
      vertex -23.4106 2.04816 0
      vertex -30.3839 2.65825 0
      vertex -30.0366 5.29627 0
    endloop
  endfacet
  facet normal 0 0 -1
    outer loop
      vertex -23.5 0 0
      vertex -30.5 0 0
      vertex -30.3839 2.65825 0
    endloop
  endfacet
  facet normal 0 0 -1
    outer loop
      vertex -14.845 -15.1643 0
      vertex -12.7971 -13.7303 0
      vertex -14.7841 -15.2599 0
    endloop
  endfacet
  facet normal -0 0 -1
    outer loop
      vertex -12.7971 -13.7303 0
      vertex -14.845 -15.1643 0
      vertex -12.9989 -13.4673 0
    endloop
  endfacet
  facet normal 0 0 -1
    outer loop
      vertex -14.914 -15.0743 0
      vertex -12.9989 -13.4673 0
      vertex -14.845 -15.1643 0
    endloop
  endfacet
  facet normal -0 0 -1
    outer loop
      vertex -12.9989 -13.4673 0
      vertex -14.914 -15.0743 0
      vertex -13.2229 -13.2229 0
    endloop
  endfacet
  facet normal 0 0 -1
    outer loop
      vertex -14.9907 -14.9907 0
      vertex -13.2229 -13.2229 0
      vertex -14.914 -15.0743 0
    endloop
  endfacet
  facet normal -0 0 -1
    outer loop
      vertex -13.2229 -13.2229 0
      vertex -14.9907 -14.9907 0
      vertex -13.4673 -12.9989 0
    endloop
  endfacet
  facet normal 0 0 -1
    outer loop
      vertex -15.0743 -14.914 0
      vertex -13.4673 -12.9989 0
      vertex -14.9907 -14.9907 0
    endloop
  endfacet
  facet normal -0 0 -1
    outer loop
      vertex -13.4673 -12.9989 0
      vertex -15.0743 -14.914 0
      vertex -13.7303 -12.7971 0
    endloop
  endfacet
  facet normal 0 0 -1
    outer loop
      vertex -15.1643 -14.845 0
      vertex -13.7303 -12.7971 0
      vertex -15.0743 -14.914 0
    endloop
  endfacet
  facet normal -0 0 -1
    outer loop
      vertex -13.7303 -12.7971 0
      vertex -15.1643 -14.845 0
      vertex -14.0099 -12.619 0
    endloop
  endfacet
  facet normal 0 0 -1
    outer loop
      vertex -15.2599 -14.7841 0
      vertex -14.0099 -12.619 0
      vertex -15.1643 -14.845 0
    endloop
  endfacet
  facet normal -0 0 -1
    outer loop
      vertex -14.0099 -12.619 0
      vertex -15.2599 -14.7841 0
      vertex -14.304 -12.4659 0
    endloop
  endfacet
  facet normal 0 0 -1
    outer loop
      vertex -15.3605 -14.7317 0
      vertex -14.304 -12.4659 0
      vertex -15.2599 -14.7841 0
    endloop
  endfacet
  facet normal -0 0 -1
    outer loop
      vertex -14.304 -12.4659 0
      vertex -15.3605 -14.7317 0
      vertex -14.6102 -12.3391 0
    endloop
  endfacet
  facet normal 0 0 -1
    outer loop
      vertex -15.4653 -14.6883 0
      vertex -14.6102 -12.3391 0
      vertex -15.3605 -14.7317 0
    endloop
  endfacet
  facet normal -0 0 -1
    outer loop
      vertex -14.6102 -12.3391 0
      vertex -15.4653 -14.6883 0
      vertex -14.9264 -12.2394 0
    endloop
  endfacet
  facet normal 0 0 -1
    outer loop
      vertex -15.5734 -14.6542 0
      vertex -14.9264 -12.2394 0
      vertex -15.4653 -14.6883 0
    endloop
  endfacet
  facet normal -0 0 -1
    outer loop
      vertex -14.9264 -12.2394 0
      vertex -15.5734 -14.6542 0
      vertex -15.25 -12.1676 0
    endloop
  endfacet
  facet normal 0 0 -1
    outer loop
      vertex -15.6842 -14.6297 0
      vertex -15.25 -12.1676 0
      vertex -15.5734 -14.6542 0
    endloop
  endfacet
  facet normal -0 0 -1
    outer loop
      vertex -15.25 -12.1676 0
      vertex -15.6842 -14.6297 0
      vertex -15.5787 -12.1244 0
    endloop
  endfacet
  facet normal 0 0 -1
    outer loop
      vertex -15.7966 -14.6148 0
      vertex -15.5787 -12.1244 0
      vertex -15.6842 -14.6297 0
    endloop
  endfacet
  facet normal 0 0 -1
    outer loop
      vertex -15.9099 -14.6099 0
      vertex -15.5787 -12.1244 0
      vertex -15.7966 -14.6148 0
    endloop
  endfacet
  facet normal 0 0 -1
    outer loop
      vertex -15.9099 -14.6099 0
      vertex -15.9099 -12.1099 0
      vertex -15.5787 -12.1244 0
    endloop
  endfacet
  facet normal 0 0 -1
    outer loop
      vertex -16.0232 -14.6148 0
      vertex -15.9099 -12.1099 0
      vertex -15.9099 -14.6099 0
    endloop
  endfacet
  facet normal 0 0 -1
    outer loop
      vertex -16.2411 -12.1244 0
      vertex -16.0232 -14.6148 0
      vertex -16.1356 -14.6297 0
    endloop
  endfacet
  facet normal 0 0 -1
    outer loop
      vertex -16.0232 -14.6148 0
      vertex -16.2411 -12.1244 0
      vertex -15.9099 -12.1099 0
    endloop
  endfacet
  facet normal 0 0 -1
    outer loop
      vertex -16.5698 -12.1676 0
      vertex -16.1356 -14.6297 0
      vertex -16.2464 -14.6542 0
    endloop
  endfacet
  facet normal 0 0 -1
    outer loop
      vertex -16.8934 -12.2394 0
      vertex -16.2464 -14.6542 0
      vertex -16.3545 -14.6883 0
    endloop
  endfacet
  facet normal 0 0 -1
    outer loop
      vertex -17.2096 -12.3391 0
      vertex -16.3545 -14.6883 0
      vertex -16.4593 -14.7317 0
    endloop
  endfacet
  facet normal 0 0 -1
    outer loop
      vertex -17.5159 -12.4659 0
      vertex -16.4593 -14.7317 0
      vertex -16.5599 -14.7841 0
    endloop
  endfacet
  facet normal 0 0 -1
    outer loop
      vertex -16.1356 -14.6297 0
      vertex -16.5698 -12.1676 0
      vertex -16.2411 -12.1244 0
    endloop
  endfacet
  facet normal 0 0 -1
    outer loop
      vertex -17.8099 -12.619 0
      vertex -16.5599 -14.7841 0
      vertex -16.6556 -14.845 0
    endloop
  endfacet
  facet normal 0 0 -1
    outer loop
      vertex -18.0895 -12.7971 0
      vertex -16.6556 -14.845 0
      vertex -16.7455 -14.914 0
    endloop
  endfacet
  facet normal 0 0 -1
    outer loop
      vertex -18.3525 -12.9989 0
      vertex -16.7455 -14.914 0
      vertex -16.8291 -14.9907 0
    endloop
  endfacet
  facet normal 0 0 -1
    outer loop
      vertex -16.2464 -14.6542 0
      vertex -16.8934 -12.2394 0
      vertex -16.5698 -12.1676 0
    endloop
  endfacet
  facet normal 0 0 -1
    outer loop
      vertex -18.5969 -13.2229 0
      vertex -16.8291 -14.9907 0
      vertex -16.9058 -15.0743 0
    endloop
  endfacet
  facet normal 0 0 -1
    outer loop
      vertex -18.8209 -13.4673 0
      vertex -16.9058 -15.0743 0
      vertex -16.9748 -15.1643 0
    endloop
  endfacet
  facet normal 0 0 -1
    outer loop
      vertex -19.0384 -13.7549 0
      vertex -16.9748 -15.1643 0
      vertex -17.0357 -15.2599 0
    endloop
  endfacet
  facet normal 0 0 -1
    outer loop
      vertex -19.0384 -13.7549 0
      vertex -17.0357 -15.2599 0
      vertex -17.0881 -15.3605 0
    endloop
  endfacet
  facet normal 0 0 -1
    outer loop
      vertex -19.0384 -13.7549 0
      vertex -17.0881 -15.3605 0
      vertex -17.1315 -15.4653 0
    endloop
  endfacet
  facet normal 0 0 -1
    outer loop
      vertex -19.0384 -13.7549 0
      vertex -17.1315 -15.4653 0
      vertex -17.1656 -15.5734 0
    endloop
  endfacet
  facet normal 0 0 -1
    outer loop
      vertex -19.0384 -13.7549 0
      vertex -17.1656 -15.5734 0
      vertex -17.1902 -15.6842 0
    endloop
  endfacet
  facet normal 0 0 -1
    outer loop
      vertex -19.0384 -13.7549 0
      vertex -17.1902 -15.6842 0
      vertex -17.205 -15.7966 0
    endloop
  endfacet
  facet normal 0 0 -1
    outer loop
      vertex -16.3545 -14.6883 0
      vertex -17.2096 -12.3391 0
      vertex -16.8934 -12.2394 0
    endloop
  endfacet
  facet normal 0 0 -1
    outer loop
      vertex -19.0384 -13.7549 0
      vertex -17.205 -15.7966 0
      vertex -17.2099 -15.9099 0
    endloop
  endfacet
  facet normal -0 0 -1
    outer loop
      vertex -17.1656 -16.2464 0
      vertex -23.3644 -19.605 0
      vertex -17.1902 -16.1356 0
    endloop
  endfacet
  facet normal 0 0 -1
    outer loop
      vertex -16.9748 -15.1643 0
      vertex -19.0384 -13.7549 0
      vertex -19.0227 -13.7303 0
    endloop
  endfacet
  facet normal 0 0 -1
    outer loop
      vertex -16.4593 -14.7317 0
      vertex -17.5159 -12.4659 0
      vertex -17.2096 -12.3391 0
    endloop
  endfacet
  facet normal 0 0 -1
    outer loop
      vertex -16.5599 -14.7841 0
      vertex -17.8099 -12.619 0
      vertex -17.5159 -12.4659 0
    endloop
  endfacet
  facet normal 0 0 -1
    outer loop
      vertex -16.6556 -14.845 0
      vertex -18.0895 -12.7971 0
      vertex -17.8099 -12.619 0
    endloop
  endfacet
  facet normal 0 0 -1
    outer loop
      vertex -16.7455 -14.914 0
      vertex -18.3525 -12.9989 0
      vertex -18.0895 -12.7971 0
    endloop
  endfacet
  facet normal 0 0 -1
    outer loop
      vertex -16.8291 -14.9907 0
      vertex -18.5969 -13.2229 0
      vertex -18.3525 -12.9989 0
    endloop
  endfacet
  facet normal 0 0 -1
    outer loop
      vertex -16.9058 -15.0743 0
      vertex -18.8209 -13.4673 0
      vertex -18.5969 -13.2229 0
    endloop
  endfacet
  facet normal 0 0 -1
    outer loop
      vertex -16.9748 -15.1643 0
      vertex -19.0227 -13.7303 0
      vertex -18.8209 -13.4673 0
    endloop
  endfacet
  facet normal 0 -0 -1
    outer loop
      vertex -19.0384 -13.7549 0
      vertex -17.1902 -16.1356 0
      vertex -23.3644 -19.605 0
    endloop
  endfacet
  facet normal 0 0 -1
    outer loop
      vertex -17.1902 -16.1356 0
      vertex -19.0384 -13.7549 0
      vertex -17.205 -16.0232 0
    endloop
  endfacet
  facet normal 0 0 -1
    outer loop
      vertex -17.205 -16.0232 0
      vertex -19.0384 -13.7549 0
      vertex -17.2099 -15.9099 0
    endloop
  endfacet
  facet normal 0 0 -1
    outer loop
      vertex -24.9841 -17.4941 0
      vertex -19.0384 -13.7549 0
      vertex -23.3644 -19.605 0
    endloop
  endfacet
  facet normal -0 0 -1
    outer loop
      vertex -19.0384 -13.7549 0
      vertex -24.9841 -17.4941 0
      vertex -19.2501 -13.479 0
    endloop
  endfacet
  facet normal -0 0 -1
    outer loop
      vertex -19.2501 -13.479 0
      vertex -24.9841 -17.4941 0
      vertex -20.3516 -11.75 0
    endloop
  endfacet
  facet normal 0 0 -1
    outer loop
      vertex -26.4138 -15.25 0
      vertex -20.3516 -11.75 0
      vertex -24.9841 -17.4941 0
    endloop
  endfacet
  facet normal -0 0 -1
    outer loop
      vertex -20.3516 -11.75 0
      vertex -26.4138 -15.25 0
      vertex -21.2982 -9.93153 0
    endloop
  endfacet
  facet normal 0 0 -1
    outer loop
      vertex -27.6424 -12.8899 0
      vertex -21.2982 -9.93153 0
      vertex -26.4138 -15.25 0
    endloop
  endfacet
  facet normal -0 0 -1
    outer loop
      vertex -21.2982 -9.93153 0
      vertex -27.6424 -12.8899 0
      vertex -22.0828 -8.03747 0
    endloop
  endfacet
  facet normal 0 0 -1
    outer loop
      vertex -28.6606 -10.4316 0
      vertex -22.0828 -8.03747 0
      vertex -27.6424 -12.8899 0
    endloop
  endfacet
  facet normal -0 0 -1
    outer loop
      vertex -22.0828 -8.03747 0
      vertex -28.6606 -10.4316 0
      vertex -22.6993 -6.08225 0
    endloop
  endfacet
  facet normal 0 0 -1
    outer loop
      vertex 19.0384 -13.7549 0
      vertex 17.205 -16.0232 0
      vertex 17.2099 -15.9099 0
    endloop
  endfacet
  facet normal 0 0 -1
    outer loop
      vertex 19.605 -23.3644 0
      vertex 17.1902 -16.1356 0
      vertex 17.205 -16.0232 0
    endloop
  endfacet
  facet normal 0 0 -1
    outer loop
      vertex 19.605 -23.3644 0
      vertex 17.1656 -16.2464 0
      vertex 17.1902 -16.1356 0
    endloop
  endfacet
  facet normal 0 0 -1
    outer loop
      vertex 19.605 -23.3644 0
      vertex 17.1315 -16.3545 0
      vertex 17.1656 -16.2464 0
    endloop
  endfacet
  facet normal 0 0 -1
    outer loop
      vertex 19.605 -23.3644 0
      vertex 17.0881 -16.4593 0
      vertex 17.1315 -16.3545 0
    endloop
  endfacet
  facet normal 0 0 -1
    outer loop
      vertex 19.605 -23.3644 0
      vertex 17.0357 -16.5599 0
      vertex 17.0881 -16.4593 0
    endloop
  endfacet
  facet normal 0 0 -1
    outer loop
      vertex 19.605 -23.3644 0
      vertex 16.9748 -16.6556 0
      vertex 17.0357 -16.5599 0
    endloop
  endfacet
  facet normal 0 0 -1
    outer loop
      vertex 19.605 -23.3644 0
      vertex 16.9058 -16.7455 0
      vertex 16.9748 -16.6556 0
    endloop
  endfacet
  facet normal 0 0 -1
    outer loop
      vertex 19.605 -23.3644 0
      vertex 16.8291 -16.8291 0
      vertex 16.9058 -16.7455 0
    endloop
  endfacet
  facet normal 0 0 -1
    outer loop
      vertex 19.605 -23.3644 0
      vertex 16.7455 -16.9058 0
      vertex 16.8291 -16.8291 0
    endloop
  endfacet
  facet normal 0 0 -1
    outer loop
      vertex 19.605 -23.3644 0
      vertex 16.6556 -16.9748 0
      vertex 16.7455 -16.9058 0
    endloop
  endfacet
  facet normal 0 0 -1
    outer loop
      vertex 19.605 -23.3644 0
      vertex 16.5599 -17.0357 0
      vertex 16.6556 -16.9748 0
    endloop
  endfacet
  facet normal 0 0 -1
    outer loop
      vertex 19.605 -23.3644 0
      vertex 16.4593 -17.0881 0
      vertex 16.5599 -17.0357 0
    endloop
  endfacet
  facet normal 0 0 -1
    outer loop
      vertex 19.605 -23.3644 0
      vertex 16.3545 -17.1315 0
      vertex 16.4593 -17.0881 0
    endloop
  endfacet
  facet normal 0 0 -1
    outer loop
      vertex 19.605 -23.3644 0
      vertex 16.2464 -17.1656 0
      vertex 16.3545 -17.1315 0
    endloop
  endfacet
  facet normal 0 0 -1
    outer loop
      vertex 19.605 -23.3644 0
      vertex 13.7549 -19.0384 0
      vertex 16.2464 -17.1656 0
    endloop
  endfacet
  facet normal 0 0 -1
    outer loop
      vertex 16.2464 -17.1656 0
      vertex 13.7549 -19.0384 0
      vertex 16.1356 -17.1902 0
    endloop
  endfacet
  facet normal 0 0 -1
    outer loop
      vertex 16.1356 -17.1902 0
      vertex 13.7549 -19.0384 0
      vertex 16.0232 -17.205 0
    endloop
  endfacet
  facet normal 0 0 -1
    outer loop
      vertex 16.0232 -17.205 0
      vertex 13.7549 -19.0384 0
      vertex 15.9099 -17.2099 0
    endloop
  endfacet
  facet normal -0 0 -1
    outer loop
      vertex 15.9099 -17.2099 0
      vertex 13.7549 -19.0384 0
      vertex 15.7966 -17.205 0
    endloop
  endfacet
  facet normal -0 0 -1
    outer loop
      vertex 15.7966 -17.205 0
      vertex 13.7549 -19.0384 0
      vertex 15.6842 -17.1902 0
    endloop
  endfacet
  facet normal -0 0 -1
    outer loop
      vertex 15.6842 -17.1902 0
      vertex 13.7549 -19.0384 0
      vertex 15.5734 -17.1656 0
    endloop
  endfacet
  facet normal -0 0 -1
    outer loop
      vertex 15.5734 -17.1656 0
      vertex 13.7549 -19.0384 0
      vertex 15.4653 -17.1315 0
    endloop
  endfacet
  facet normal -0 0 -1
    outer loop
      vertex 15.4653 -17.1315 0
      vertex 13.7549 -19.0384 0
      vertex 15.3605 -17.0881 0
    endloop
  endfacet
  facet normal 0 0 -1
    outer loop
      vertex 13.479 -19.2501 0
      vertex 17.4941 -24.9841 0
      vertex 15.25 -26.4138 0
    endloop
  endfacet
  facet normal -0 0 -1
    outer loop
      vertex 15.3605 -17.0881 0
      vertex 13.7549 -19.0384 0
      vertex 15.2599 -17.0357 0
    endloop
  endfacet
  facet normal -0 0 -1
    outer loop
      vertex 15.2599 -17.0357 0
      vertex 13.7549 -19.0384 0
      vertex 15.1643 -16.9748 0
    endloop
  endfacet
  facet normal 0 0 -1
    outer loop
      vertex 13.7303 -19.0227 0
      vertex 15.1643 -16.9748 0
      vertex 13.7549 -19.0384 0
    endloop
  endfacet
  facet normal -0 0 -1
    outer loop
      vertex 15.1643 -16.9748 0
      vertex 13.7303 -19.0227 0
      vertex 15.0743 -16.9058 0
    endloop
  endfacet
  facet normal 0 0 -1
    outer loop
      vertex 13.4673 -18.8209 0
      vertex 15.0743 -16.9058 0
      vertex 13.7303 -19.0227 0
    endloop
  endfacet
  facet normal -0 0 -1
    outer loop
      vertex 15.0743 -16.9058 0
      vertex 13.4673 -18.8209 0
      vertex 14.9907 -16.8291 0
    endloop
  endfacet
  facet normal 0 0 -1
    outer loop
      vertex 13.2229 -18.5969 0
      vertex 14.9907 -16.8291 0
      vertex 13.4673 -18.8209 0
    endloop
  endfacet
  facet normal -0 0 -1
    outer loop
      vertex 14.9907 -16.8291 0
      vertex 13.2229 -18.5969 0
      vertex 14.914 -16.7455 0
    endloop
  endfacet
  facet normal 0 0 -1
    outer loop
      vertex 12.9989 -18.3525 0
      vertex 14.914 -16.7455 0
      vertex 13.2229 -18.5969 0
    endloop
  endfacet
  facet normal -0 0 -1
    outer loop
      vertex 14.914 -16.7455 0
      vertex 12.9989 -18.3525 0
      vertex 14.845 -16.6556 0
    endloop
  endfacet
  facet normal 0 0 -1
    outer loop
      vertex 12.7971 -18.0895 0
      vertex 14.845 -16.6556 0
      vertex 12.9989 -18.3525 0
    endloop
  endfacet
  facet normal 0 0 -1
    outer loop
      vertex 12.619 -17.8099 0
      vertex 14.7841 -16.5599 0
      vertex 12.7971 -18.0895 0
    endloop
  endfacet
  facet normal -0 0 -1
    outer loop
      vertex 14.845 -16.6556 0
      vertex 12.7971 -18.0895 0
      vertex 14.7841 -16.5599 0
    endloop
  endfacet
  facet normal -0 0 -1
    outer loop
      vertex 14.7841 -16.5599 0
      vertex 12.619 -17.8099 0
      vertex 14.7317 -16.4593 0
    endloop
  endfacet
  facet normal 0 0 -1
    outer loop
      vertex 14.6099 -15.9099 0
      vertex 14.0099 -12.619 0
      vertex 14.304 -12.4659 0
    endloop
  endfacet
  facet normal 0 0 -1
    outer loop
      vertex 17.4941 -24.9841 0
      vertex 13.479 -19.2501 0
      vertex 13.7549 -19.0384 0
    endloop
  endfacet
  facet normal 0 0 -1
    outer loop
      vertex 11.75 -20.3516 0
      vertex 15.25 -26.4138 0
      vertex 12.8899 -27.6424 0
    endloop
  endfacet
  facet normal 0 0 -1
    outer loop
      vertex 15.25 -26.4138 0
      vertex 11.75 -20.3516 0
      vertex 13.479 -19.2501 0
    endloop
  endfacet
  facet normal 0 0 -1
    outer loop
      vertex 9.93153 -21.2982 0
      vertex 12.8899 -27.6424 0
      vertex 10.4316 -28.6606 0
    endloop
  endfacet
  facet normal 0 0 -1
    outer loop
      vertex 12.8899 -27.6424 0
      vertex 9.93153 -21.2982 0
      vertex 11.75 -20.3516 0
    endloop
  endfacet
  facet normal 0 0 -1
    outer loop
      vertex 10.4316 -28.6606 0
      vertex 8.03747 -22.0828 0
      vertex 9.93153 -21.2982 0
    endloop
  endfacet
  facet normal 0 0 -1
    outer loop
      vertex 7.89398 -29.4607 0
      vertex 8.03747 -22.0828 0
      vertex 10.4316 -28.6606 0
    endloop
  endfacet
  facet normal 0 0 -1
    outer loop
      vertex 7.89398 -29.4607 0
      vertex 6.08225 -22.6993 0
      vertex 8.03747 -22.0828 0
    endloop
  endfacet
  facet normal 0 0 -1
    outer loop
      vertex 5.29627 -30.0366 0
      vertex 6.08225 -22.6993 0
      vertex 7.89398 -29.4607 0
    endloop
  endfacet
  facet normal 0 0 -1
    outer loop
      vertex 5.29627 -30.0366 0
      vertex 4.08073 -23.143 0
      vertex 6.08225 -22.6993 0
    endloop
  endfacet
  facet normal 0 0 -1
    outer loop
      vertex 2.65825 -30.3839 0
      vertex 4.08073 -23.143 0
      vertex 5.29627 -30.0366 0
    endloop
  endfacet
  facet normal 0 0 -1
    outer loop
      vertex 2.65825 -30.3839 0
      vertex 2.04816 -23.4106 0
      vertex 4.08073 -23.143 0
    endloop
  endfacet
  facet normal 0 0 -1
    outer loop
      vertex 0 -30.5 0
      vertex 2.04816 -23.4106 0
      vertex 2.65825 -30.3839 0
    endloop
  endfacet
  facet normal 0 0 -1
    outer loop
      vertex 0 -30.5 0
      vertex 0 -23.5 0
      vertex 2.04816 -23.4106 0
    endloop
  endfacet
  facet normal 0 0 -1
    outer loop
      vertex 0 -30.5 0
      vertex -2.04816 -23.4106 0
      vertex 0 -23.5 0
    endloop
  endfacet
  facet normal 0 0 -1
    outer loop
      vertex -2.65825 -30.3839 0
      vertex -2.04816 -23.4106 0
      vertex 0 -30.5 0
    endloop
  endfacet
  facet normal 0 0 -1
    outer loop
      vertex -2.65825 -30.3839 0
      vertex -4.08073 -23.143 0
      vertex -2.04816 -23.4106 0
    endloop
  endfacet
  facet normal 0 0 -1
    outer loop
      vertex -5.29627 -30.0366 0
      vertex -4.08073 -23.143 0
      vertex -2.65825 -30.3839 0
    endloop
  endfacet
  facet normal 0 0 -1
    outer loop
      vertex -5.29627 -30.0366 0
      vertex -6.08225 -22.6993 0
      vertex -4.08073 -23.143 0
    endloop
  endfacet
  facet normal 0 0 -1
    outer loop
      vertex -7.89398 -29.4607 0
      vertex -6.08225 -22.6993 0
      vertex -5.29627 -30.0366 0
    endloop
  endfacet
  facet normal 0 0 -1
    outer loop
      vertex -7.89398 -29.4607 0
      vertex -8.03747 -22.0828 0
      vertex -6.08225 -22.6993 0
    endloop
  endfacet
  facet normal 0 0 -1
    outer loop
      vertex -10.4316 -28.6606 0
      vertex -8.03747 -22.0828 0
      vertex -7.89398 -29.4607 0
    endloop
  endfacet
  facet normal -0 0 -1
    outer loop
      vertex -8.03747 -22.0828 0
      vertex -10.4316 -28.6606 0
      vertex -9.93153 -21.2982 0
    endloop
  endfacet
  facet normal 0 0 -1
    outer loop
      vertex -12.8899 -27.6424 0
      vertex -9.93153 -21.2982 0
      vertex -10.4316 -28.6606 0
    endloop
  endfacet
  facet normal -0 0 -1
    outer loop
      vertex -9.93153 -21.2982 0
      vertex -12.8899 -27.6424 0
      vertex -11.75 -20.3516 0
    endloop
  endfacet
  facet normal 0 0 -1
    outer loop
      vertex -15.25 -26.4138 0
      vertex -11.75 -20.3516 0
      vertex -12.8899 -27.6424 0
    endloop
  endfacet
  facet normal -0 0 -1
    outer loop
      vertex -11.75 -20.3516 0
      vertex -15.25 -26.4138 0
      vertex -13.479 -19.2501 0
    endloop
  endfacet
  facet normal 0 0 -1
    outer loop
      vertex -14.7841 -15.2599 0
      vertex -12.619 -14.0099 0
      vertex -14.7317 -15.3605 0
    endloop
  endfacet
  facet normal -0 0 -1
    outer loop
      vertex -12.619 -14.0099 0
      vertex -14.7841 -15.2599 0
      vertex -12.7971 -13.7303 0
    endloop
  endfacet
  facet normal 0 0 -1
    outer loop
      vertex -17.4941 -24.9841 0
      vertex -13.479 -19.2501 0
      vertex -15.25 -26.4138 0
    endloop
  endfacet
  facet normal 0 0 -1
    outer loop
      vertex -12.1244 -16.2411 0
      vertex -14.6148 -16.0232 0
      vertex -14.6099 -15.9099 0
    endloop
  endfacet
  facet normal 0 0 -1
    outer loop
      vertex -12.1676 -16.5698 0
      vertex -14.6297 -16.1356 0
      vertex -14.6148 -16.0232 0
    endloop
  endfacet
  facet normal 0 0 -1
    outer loop
      vertex -12.2394 -16.8934 0
      vertex -14.6542 -16.2464 0
      vertex -14.6297 -16.1356 0
    endloop
  endfacet
  facet normal 0 0 -1
    outer loop
      vertex -12.3391 -17.2096 0
      vertex -14.6883 -16.3545 0
      vertex -14.6542 -16.2464 0
    endloop
  endfacet
  facet normal 0 0 -1
    outer loop
      vertex -12.4659 -17.5159 0
      vertex -14.7317 -16.4593 0
      vertex -14.6883 -16.3545 0
    endloop
  endfacet
  facet normal 0 0 -1
    outer loop
      vertex -12.619 -17.8099 0
      vertex -14.7841 -16.5599 0
      vertex -14.7317 -16.4593 0
    endloop
  endfacet
  facet normal 0 0 -1
    outer loop
      vertex -12.7971 -18.0895 0
      vertex -14.845 -16.6556 0
      vertex -14.7841 -16.5599 0
    endloop
  endfacet
  facet normal 0 0 -1
    outer loop
      vertex -12.9989 -18.3525 0
      vertex -14.914 -16.7455 0
      vertex -14.845 -16.6556 0
    endloop
  endfacet
  facet normal 0 0 -1
    outer loop
      vertex -13.2229 -18.5969 0
      vertex -14.9907 -16.8291 0
      vertex -14.914 -16.7455 0
    endloop
  endfacet
  facet normal 0 0 -1
    outer loop
      vertex -13.4673 -18.8209 0
      vertex -15.0743 -16.9058 0
      vertex -14.9907 -16.8291 0
    endloop
  endfacet
  facet normal -0 0 -1
    outer loop
      vertex -13.479 -19.2501 0
      vertex -17.4941 -24.9841 0
      vertex -13.7549 -19.0384 0
    endloop
  endfacet
  facet normal 0 0 -1
    outer loop
      vertex -13.7303 -19.0227 0
      vertex -15.1643 -16.9748 0
      vertex -15.0743 -16.9058 0
    endloop
  endfacet
  facet normal 0 0 -1
    outer loop
      vertex -13.7549 -19.0384 0
      vertex -15.2599 -17.0357 0
      vertex -15.1643 -16.9748 0
    endloop
  endfacet
  facet normal 0 0 -1
    outer loop
      vertex -13.7549 -19.0384 0
      vertex -15.3605 -17.0881 0
      vertex -15.2599 -17.0357 0
    endloop
  endfacet
  facet normal 0 0 -1
    outer loop
      vertex -13.7549 -19.0384 0
      vertex -15.4653 -17.1315 0
      vertex -15.3605 -17.0881 0
    endloop
  endfacet
  facet normal 0 0 -1
    outer loop
      vertex -19.605 -23.3644 0
      vertex -13.7549 -19.0384 0
      vertex -17.4941 -24.9841 0
    endloop
  endfacet
  facet normal 0 0 -1
    outer loop
      vertex -13.7549 -19.0384 0
      vertex -15.5734 -17.1656 0
      vertex -15.4653 -17.1315 0
    endloop
  endfacet
  facet normal 0 0 -1
    outer loop
      vertex -13.7549 -19.0384 0
      vertex -15.6842 -17.1902 0
      vertex -15.5734 -17.1656 0
    endloop
  endfacet
  facet normal 0 0 -1
    outer loop
      vertex -13.7549 -19.0384 0
      vertex -15.7966 -17.205 0
      vertex -15.6842 -17.1902 0
    endloop
  endfacet
  facet normal 0 0 -1
    outer loop
      vertex -13.7549 -19.0384 0
      vertex -15.9099 -17.2099 0
      vertex -15.7966 -17.205 0
    endloop
  endfacet
  facet normal 0 0 -1
    outer loop
      vertex -13.7549 -19.0384 0
      vertex -16.0232 -17.205 0
      vertex -15.9099 -17.2099 0
    endloop
  endfacet
  facet normal 0 0 -1
    outer loop
      vertex -13.7549 -19.0384 0
      vertex -16.1356 -17.1902 0
      vertex -16.0232 -17.205 0
    endloop
  endfacet
  facet normal 0 0 -1
    outer loop
      vertex -13.7549 -19.0384 0
      vertex -16.2464 -17.1656 0
      vertex -16.1356 -17.1902 0
    endloop
  endfacet
  facet normal -0 0 -1
    outer loop
      vertex -13.7549 -19.0384 0
      vertex -19.605 -23.3644 0
      vertex -16.2464 -17.1656 0
    endloop
  endfacet
  facet normal -0 0 -1
    outer loop
      vertex -16.2464 -17.1656 0
      vertex -19.605 -23.3644 0
      vertex -16.3545 -17.1315 0
    endloop
  endfacet
  facet normal -0 0 -1
    outer loop
      vertex -16.3545 -17.1315 0
      vertex -19.605 -23.3644 0
      vertex -16.4593 -17.0881 0
    endloop
  endfacet
  facet normal -0 0 -1
    outer loop
      vertex -16.4593 -17.0881 0
      vertex -19.605 -23.3644 0
      vertex -16.5599 -17.0357 0
    endloop
  endfacet
  facet normal 0 0 -1
    outer loop
      vertex -21.5668 -21.5668 0
      vertex -16.5599 -17.0357 0
      vertex -19.605 -23.3644 0
    endloop
  endfacet
  facet normal -0 0 -1
    outer loop
      vertex -16.5599 -17.0357 0
      vertex -21.5668 -21.5668 0
      vertex -16.6556 -16.9748 0
    endloop
  endfacet
  facet normal -0 0 -1
    outer loop
      vertex -16.6556 -16.9748 0
      vertex -21.5668 -21.5668 0
      vertex -16.7455 -16.9058 0
    endloop
  endfacet
  facet normal -0 0 -1
    outer loop
      vertex -16.7455 -16.9058 0
      vertex -21.5668 -21.5668 0
      vertex -16.8291 -16.8291 0
    endloop
  endfacet
  facet normal -0 0 -1
    outer loop
      vertex -16.8291 -16.8291 0
      vertex -21.5668 -21.5668 0
      vertex -16.9058 -16.7455 0
    endloop
  endfacet
  facet normal -0 0 -1
    outer loop
      vertex -16.9058 -16.7455 0
      vertex -21.5668 -21.5668 0
      vertex -16.9748 -16.6556 0
    endloop
  endfacet
  facet normal -0 0 -1
    outer loop
      vertex -16.9748 -16.6556 0
      vertex -21.5668 -21.5668 0
      vertex -17.0357 -16.5599 0
    endloop
  endfacet
  facet normal 0 0 -1
    outer loop
      vertex -23.3644 -19.605 0
      vertex -17.0357 -16.5599 0
      vertex -21.5668 -21.5668 0
    endloop
  endfacet
  facet normal -0 0 -1
    outer loop
      vertex -17.1315 -16.3545 0
      vertex -23.3644 -19.605 0
      vertex -17.1656 -16.2464 0
    endloop
  endfacet
  facet normal -0 0 -1
    outer loop
      vertex -17.0881 -16.4593 0
      vertex -23.3644 -19.605 0
      vertex -17.1315 -16.3545 0
    endloop
  endfacet
  facet normal -0 0 -1
    outer loop
      vertex -17.0357 -16.5599 0
      vertex -23.3644 -19.605 0
      vertex -17.0881 -16.4593 0
    endloop
  endfacet
  facet normal 0 0 -1
    outer loop
      vertex 23.5 0 0
      vertex 30.5 0 0
      vertex 30.3839 -2.65825 0
    endloop
  endfacet
  facet normal 0 0 -1
    outer loop
      vertex 23.4106 -2.04816 0
      vertex 30.3839 -2.65825 0
      vertex 30.0366 -5.29627 0
    endloop
  endfacet
  facet normal 0 0 -1
    outer loop
      vertex 30.5 0 0
      vertex 23.5 0 0
      vertex 30.3839 2.65825 0
    endloop
  endfacet
  facet normal 0 0 -1
    outer loop
      vertex 23.143 -4.08073 0
      vertex 30.0366 -5.29627 0
      vertex 29.4607 -7.89398 0
    endloop
  endfacet
  facet normal 0 0 -1
    outer loop
      vertex 23.4106 2.04816 0
      vertex 30.3839 2.65825 0
      vertex 23.5 0 0
    endloop
  endfacet
  facet normal 0 0 -1
    outer loop
      vertex 22.6993 -6.08225 0
      vertex 29.4607 -7.89398 0
      vertex 28.6606 -10.4316 0
    endloop
  endfacet
  facet normal -0 0 -1
    outer loop
      vertex 30.3839 2.65825 0
      vertex 23.4106 2.04816 0
      vertex 30.0366 5.29627 0
    endloop
  endfacet
  facet normal 0 0 -1
    outer loop
      vertex 22.0828 -8.03747 0
      vertex 28.6606 -10.4316 0
      vertex 27.6424 -12.8899 0
    endloop
  endfacet
  facet normal 0 0 -1
    outer loop
      vertex 23.143 4.08073 0
      vertex 30.0366 5.29627 0
      vertex 23.4106 2.04816 0
    endloop
  endfacet
  facet normal 0 0 -1
    outer loop
      vertex 21.2982 -9.93153 0
      vertex 27.6424 -12.8899 0
      vertex 26.4138 -15.25 0
    endloop
  endfacet
  facet normal -0 0 -1
    outer loop
      vertex 30.0366 5.29627 0
      vertex 23.143 4.08073 0
      vertex 29.4607 7.89398 0
    endloop
  endfacet
  facet normal 0 0 -1
    outer loop
      vertex 20.3516 -11.75 0
      vertex 26.4138 -15.25 0
      vertex 24.9841 -17.4941 0
    endloop
  endfacet
  facet normal 0 0 -1
    outer loop
      vertex 22.6993 6.08225 0
      vertex 29.4607 7.89398 0
      vertex 23.143 4.08073 0
    endloop
  endfacet
  facet normal -0 0 -1
    outer loop
      vertex 29.4607 7.89398 0
      vertex 22.6993 6.08225 0
      vertex 28.6606 10.4316 0
    endloop
  endfacet
  facet normal 0 0 -1
    outer loop
      vertex 30.3839 -2.65825 0
      vertex 23.4106 -2.04816 0
      vertex 23.5 0 0
    endloop
  endfacet
  facet normal 0 0 -1
    outer loop
      vertex 19.0384 -13.7549 0
      vertex 24.9841 -17.4941 0
      vertex 23.3644 -19.605 0
    endloop
  endfacet
  facet normal 0 0 -1
    outer loop
      vertex 30.0366 -5.29627 0
      vertex 23.143 -4.08073 0
      vertex 23.4106 -2.04816 0
    endloop
  endfacet
  facet normal 0 0 -1
    outer loop
      vertex 29.4607 -7.89398 0
      vertex 22.6993 -6.08225 0
      vertex 23.143 -4.08073 0
    endloop
  endfacet
  facet normal 0 0 -1
    outer loop
      vertex 28.6606 -10.4316 0
      vertex 22.0828 -8.03747 0
      vertex 22.6993 -6.08225 0
    endloop
  endfacet
  facet normal 0 0 -1
    outer loop
      vertex 17.205 -16.0232 0
      vertex 23.3644 -19.605 0
      vertex 21.5668 -21.5668 0
    endloop
  endfacet
  facet normal 0 0 -1
    outer loop
      vertex 27.6424 -12.8899 0
      vertex 21.2982 -9.93153 0
      vertex 22.0828 -8.03747 0
    endloop
  endfacet
  facet normal 0 0 -1
    outer loop
      vertex 26.4138 -15.25 0
      vertex 20.3516 -11.75 0
      vertex 21.2982 -9.93153 0
    endloop
  endfacet
  facet normal 0 0 -1
    outer loop
      vertex 17.205 -16.0232 0
      vertex 21.5668 -21.5668 0
      vertex 19.605 -23.3644 0
    endloop
  endfacet
  facet normal 0 0 -1
    outer loop
      vertex 24.9841 -17.4941 0
      vertex 19.2501 -13.479 0
      vertex 20.3516 -11.75 0
    endloop
  endfacet
  facet normal 0 0 -1
    outer loop
      vertex 24.9841 -17.4941 0
      vertex 19.0384 -13.7549 0
      vertex 19.2501 -13.479 0
    endloop
  endfacet
  facet normal 0 0 -1
    outer loop
      vertex 17.205 -16.0232 0
      vertex 19.0384 -13.7549 0
      vertex 23.3644 -19.605 0
    endloop
  endfacet
  facet normal 0 0 -1
    outer loop
      vertex 17.205 -15.7966 0
      vertex 19.0384 -13.7549 0
      vertex 17.2099 -15.9099 0
    endloop
  endfacet
  facet normal 0 0 -1
    outer loop
      vertex 17.1902 -15.6842 0
      vertex 19.0384 -13.7549 0
      vertex 17.205 -15.7966 0
    endloop
  endfacet
  facet normal 0 0 -1
    outer loop
      vertex 17.1656 -15.5734 0
      vertex 19.0384 -13.7549 0
      vertex 17.1902 -15.6842 0
    endloop
  endfacet
  facet normal 0 0 -1
    outer loop
      vertex 17.1315 -15.4653 0
      vertex 19.0384 -13.7549 0
      vertex 17.1656 -15.5734 0
    endloop
  endfacet
  facet normal 0 0 -1
    outer loop
      vertex 17.0881 -15.3605 0
      vertex 19.0384 -13.7549 0
      vertex 17.1315 -15.4653 0
    endloop
  endfacet
  facet normal 0 0 -1
    outer loop
      vertex 17.0357 -15.2599 0
      vertex 19.0384 -13.7549 0
      vertex 17.0881 -15.3605 0
    endloop
  endfacet
  facet normal 0 0 -1
    outer loop
      vertex 13.7549 -19.0384 0
      vertex 19.605 -23.3644 0
      vertex 17.4941 -24.9841 0
    endloop
  endfacet
  facet normal 0 0 -1
    outer loop
      vertex 16.9748 -15.1643 0
      vertex 19.0384 -13.7549 0
      vertex 17.0357 -15.2599 0
    endloop
  endfacet
  facet normal -0 0 -1
    outer loop
      vertex 19.0384 -13.7549 0
      vertex 16.9748 -15.1643 0
      vertex 19.0227 -13.7303 0
    endloop
  endfacet
  facet normal -0 0 -1
    outer loop
      vertex 19.0227 -13.7303 0
      vertex 16.9748 -15.1643 0
      vertex 18.8209 -13.4673 0
    endloop
  endfacet
  facet normal 0 0 -1
    outer loop
      vertex 16.9058 -15.0743 0
      vertex 18.8209 -13.4673 0
      vertex 16.9748 -15.1643 0
    endloop
  endfacet
  facet normal -0 0 -1
    outer loop
      vertex 18.8209 -13.4673 0
      vertex 16.9058 -15.0743 0
      vertex 18.5969 -13.2229 0
    endloop
  endfacet
  facet normal 0 0 -1
    outer loop
      vertex 16.8291 -14.9907 0
      vertex 18.5969 -13.2229 0
      vertex 16.9058 -15.0743 0
    endloop
  endfacet
  facet normal -0 0 -1
    outer loop
      vertex 18.5969 -13.2229 0
      vertex 16.8291 -14.9907 0
      vertex 18.3525 -12.9989 0
    endloop
  endfacet
  facet normal 0 0 -1
    outer loop
      vertex 16.7455 -14.914 0
      vertex 18.3525 -12.9989 0
      vertex 16.8291 -14.9907 0
    endloop
  endfacet
  facet normal -0 0 -1
    outer loop
      vertex 18.3525 -12.9989 0
      vertex 16.7455 -14.914 0
      vertex 18.0895 -12.7971 0
    endloop
  endfacet
  facet normal 0 0 -1
    outer loop
      vertex 16.6556 -14.845 0
      vertex 18.0895 -12.7971 0
      vertex 16.7455 -14.914 0
    endloop
  endfacet
  facet normal -0 0 -1
    outer loop
      vertex 18.0895 -12.7971 0
      vertex 16.6556 -14.845 0
      vertex 17.8099 -12.619 0
    endloop
  endfacet
  facet normal 0 0 -1
    outer loop
      vertex 16.5599 -14.7841 0
      vertex 17.8099 -12.619 0
      vertex 16.6556 -14.845 0
    endloop
  endfacet
  facet normal -0 0 -1
    outer loop
      vertex 17.8099 -12.619 0
      vertex 16.5599 -14.7841 0
      vertex 17.5159 -12.4659 0
    endloop
  endfacet
  facet normal 0 0 -1
    outer loop
      vertex 16.4593 -14.7317 0
      vertex 17.5159 -12.4659 0
      vertex 16.5599 -14.7841 0
    endloop
  endfacet
  facet normal -0 0 -1
    outer loop
      vertex 17.5159 -12.4659 0
      vertex 16.4593 -14.7317 0
      vertex 17.2096 -12.3391 0
    endloop
  endfacet
  facet normal 0 0 -1
    outer loop
      vertex 16.3545 -14.6883 0
      vertex 17.2096 -12.3391 0
      vertex 16.4593 -14.7317 0
    endloop
  endfacet
  facet normal -0 0 -1
    outer loop
      vertex 17.2096 -12.3391 0
      vertex 16.3545 -14.6883 0
      vertex 16.8934 -12.2394 0
    endloop
  endfacet
  facet normal 0 0 -1
    outer loop
      vertex 16.2464 -14.6542 0
      vertex 16.8934 -12.2394 0
      vertex 16.3545 -14.6883 0
    endloop
  endfacet
  facet normal -0 0 -1
    outer loop
      vertex 16.8934 -12.2394 0
      vertex 16.2464 -14.6542 0
      vertex 16.5698 -12.1676 0
    endloop
  endfacet
  facet normal 0 0 -1
    outer loop
      vertex 16.1356 -14.6297 0
      vertex 16.5698 -12.1676 0
      vertex 16.2464 -14.6542 0
    endloop
  endfacet
  facet normal -0 0 -1
    outer loop
      vertex 16.5698 -12.1676 0
      vertex 16.1356 -14.6297 0
      vertex 16.2411 -12.1244 0
    endloop
  endfacet
  facet normal 0 0 -1
    outer loop
      vertex 16.0232 -14.6148 0
      vertex 16.2411 -12.1244 0
      vertex 16.1356 -14.6297 0
    endloop
  endfacet
  facet normal 0 0 -1
    outer loop
      vertex 15.9099 -14.6099 0
      vertex 16.2411 -12.1244 0
      vertex 16.0232 -14.6148 0
    endloop
  endfacet
  facet normal 0 0 -1
    outer loop
      vertex 15.9099 -14.6099 0
      vertex 15.9099 -12.1099 0
      vertex 16.2411 -12.1244 0
    endloop
  endfacet
  facet normal 0 0 -1
    outer loop
      vertex 15.7966 -14.6148 0
      vertex 15.9099 -12.1099 0
      vertex 15.9099 -14.6099 0
    endloop
  endfacet
  facet normal 0 0 -1
    outer loop
      vertex 15.5787 -12.1244 0
      vertex 15.7966 -14.6148 0
      vertex 15.6842 -14.6297 0
    endloop
  endfacet
  facet normal 0 0 -1
    outer loop
      vertex 15.7966 -14.6148 0
      vertex 15.5787 -12.1244 0
      vertex 15.9099 -12.1099 0
    endloop
  endfacet
  facet normal 0 0 -1
    outer loop
      vertex 15.25 -12.1676 0
      vertex 15.6842 -14.6297 0
      vertex 15.5734 -14.6542 0
    endloop
  endfacet
  facet normal 0 0 -1
    outer loop
      vertex 14.9264 -12.2394 0
      vertex 15.5734 -14.6542 0
      vertex 15.4653 -14.6883 0
    endloop
  endfacet
  facet normal 0 0 -1
    outer loop
      vertex 14.6102 -12.3391 0
      vertex 15.4653 -14.6883 0
      vertex 15.3605 -14.7317 0
    endloop
  endfacet
  facet normal 0 0 -1
    outer loop
      vertex 14.304 -12.4659 0
      vertex 15.3605 -14.7317 0
      vertex 15.2599 -14.7841 0
    endloop
  endfacet
  facet normal 0 0 -1
    outer loop
      vertex 15.6842 -14.6297 0
      vertex 15.25 -12.1676 0
      vertex 15.5787 -12.1244 0
    endloop
  endfacet
  facet normal 0 0 -1
    outer loop
      vertex 14.304 -12.4659 0
      vertex 15.2599 -14.7841 0
      vertex 15.1643 -14.845 0
    endloop
  endfacet
  facet normal 0 0 -1
    outer loop
      vertex 14.304 -12.4659 0
      vertex 15.1643 -14.845 0
      vertex 15.0743 -14.914 0
    endloop
  endfacet
  facet normal 0 0 -1
    outer loop
      vertex 14.304 -12.4659 0
      vertex 15.0743 -14.914 0
      vertex 14.9907 -14.9907 0
    endloop
  endfacet
  facet normal 0 0 -1
    outer loop
      vertex 15.5734 -14.6542 0
      vertex 14.9264 -12.2394 0
      vertex 15.25 -12.1676 0
    endloop
  endfacet
  facet normal 0 0 -1
    outer loop
      vertex 14.304 -12.4659 0
      vertex 14.9907 -14.9907 0
      vertex 14.914 -15.0743 0
    endloop
  endfacet
  facet normal 0 0 -1
    outer loop
      vertex 14.304 -12.4659 0
      vertex 14.914 -15.0743 0
      vertex 14.845 -15.1643 0
    endloop
  endfacet
  facet normal 0 0 -1
    outer loop
      vertex 14.304 -12.4659 0
      vertex 14.845 -15.1643 0
      vertex 14.7841 -15.2599 0
    endloop
  endfacet
  facet normal 0 0 -1
    outer loop
      vertex 14.304 -12.4659 0
      vertex 14.7841 -15.2599 0
      vertex 14.7317 -15.3605 0
    endloop
  endfacet
  facet normal 0 0 -1
    outer loop
      vertex 14.304 -12.4659 0
      vertex 14.7317 -15.3605 0
      vertex 14.6883 -15.4653 0
    endloop
  endfacet
  facet normal 0 0 -1
    outer loop
      vertex 14.304 -12.4659 0
      vertex 14.6883 -15.4653 0
      vertex 14.6542 -15.5734 0
    endloop
  endfacet
  facet normal 0 0 -1
    outer loop
      vertex 14.304 -12.4659 0
      vertex 14.6542 -15.5734 0
      vertex 14.6297 -15.6842 0
    endloop
  endfacet
  facet normal 0 0 -1
    outer loop
      vertex 14.304 -12.4659 0
      vertex 14.6297 -15.6842 0
      vertex 14.6148 -15.7966 0
    endloop
  endfacet
  facet normal 0 0 -1
    outer loop
      vertex 15.4653 -14.6883 0
      vertex 14.6102 -12.3391 0
      vertex 14.9264 -12.2394 0
    endloop
  endfacet
  facet normal 0 0 -1
    outer loop
      vertex 14.304 -12.4659 0
      vertex 14.6148 -15.7966 0
      vertex 14.6099 -15.9099 0
    endloop
  endfacet
  facet normal 0 0 -1
    outer loop
      vertex 15.3605 -14.7317 0
      vertex 14.304 -12.4659 0
      vertex 14.6102 -12.3391 0
    endloop
  endfacet
  facet normal 0 0 -1
    outer loop
      vertex 22.0828 8.03747 0
      vertex 28.6606 10.4316 0
      vertex 22.6993 6.08225 0
    endloop
  endfacet
  facet normal -0 0 -1
    outer loop
      vertex 28.6606 10.4316 0
      vertex 22.0828 8.03747 0
      vertex 27.6424 12.8899 0
    endloop
  endfacet
  facet normal 0 0 -1
    outer loop
      vertex 21.2982 9.93153 0
      vertex 27.6424 12.8899 0
      vertex 22.0828 8.03747 0
    endloop
  endfacet
  facet normal -0 0 -1
    outer loop
      vertex 27.6424 12.8899 0
      vertex 21.2982 9.93153 0
      vertex 26.4138 15.25 0
    endloop
  endfacet
  facet normal 0 0 -1
    outer loop
      vertex 20.3516 11.75 0
      vertex 26.4138 15.25 0
      vertex 21.2982 9.93153 0
    endloop
  endfacet
  facet normal -0 0 -1
    outer loop
      vertex 26.4138 15.25 0
      vertex 20.3516 11.75 0
      vertex 24.9841 17.4941 0
    endloop
  endfacet
  facet normal 0 0 -1
    outer loop
      vertex 19.2501 13.479 0
      vertex 24.9841 17.4941 0
      vertex 20.3516 11.75 0
    endloop
  endfacet
  facet normal 0 0 -1
    outer loop
      vertex 19.0384 13.7549 0
      vertex 24.9841 17.4941 0
      vertex 19.2501 13.479 0
    endloop
  endfacet
  facet normal -0 0 -1
    outer loop
      vertex 24.9841 17.4941 0
      vertex 19.0384 13.7549 0
      vertex 23.3644 19.605 0
    endloop
  endfacet
  facet normal 0 0 -1
    outer loop
      vertex 17.1656 16.2464 0
      vertex 23.3644 19.605 0
      vertex 19.0384 13.7549 0
    endloop
  endfacet
  facet normal 0 0 -1
    outer loop
      vertex 17.1315 16.3545 0
      vertex 23.3644 19.605 0
      vertex 17.1656 16.2464 0
    endloop
  endfacet
  facet normal 0 0 -1
    outer loop
      vertex 16.9748 15.1643 0
      vertex 19.0384 13.7549 0
      vertex 19.0227 13.7303 0
    endloop
  endfacet
  facet normal 0 0 -1
    outer loop
      vertex 16.9748 15.1643 0
      vertex 19.0227 13.7303 0
      vertex 18.8209 13.4673 0
    endloop
  endfacet
  facet normal 0 0 -1
    outer loop
      vertex 16.9058 15.0743 0
      vertex 18.8209 13.4673 0
      vertex 18.5969 13.2229 0
    endloop
  endfacet
  facet normal 0 0 -1
    outer loop
      vertex 16.8291 14.9907 0
      vertex 18.5969 13.2229 0
      vertex 18.3525 12.9989 0
    endloop
  endfacet
  facet normal 0 0 -1
    outer loop
      vertex 16.7455 14.914 0
      vertex 18.3525 12.9989 0
      vertex 18.0895 12.7971 0
    endloop
  endfacet
  facet normal 0 0 -1
    outer loop
      vertex 16.6556 14.845 0
      vertex 18.0895 12.7971 0
      vertex 17.8099 12.619 0
    endloop
  endfacet
  facet normal 0 0 -1
    outer loop
      vertex 16.5599 14.7841 0
      vertex 17.8099 12.619 0
      vertex 17.5159 12.4659 0
    endloop
  endfacet
  facet normal 0 0 -1
    outer loop
      vertex 19.0384 13.7549 0
      vertex 17.2099 15.9099 0
      vertex 17.205 16.0232 0
    endloop
  endfacet
  facet normal 0 0 -1
    outer loop
      vertex 19.0384 13.7549 0
      vertex 17.205 16.0232 0
      vertex 17.1902 16.1356 0
    endloop
  endfacet
  facet normal 0 0 -1
    outer loop
      vertex 16.4593 14.7317 0
      vertex 17.5159 12.4659 0
      vertex 17.2096 12.3391 0
    endloop
  endfacet
  facet normal 0 0 -1
    outer loop
      vertex 19.0384 13.7549 0
      vertex 17.205 15.7966 0
      vertex 17.2099 15.9099 0
    endloop
  endfacet
  facet normal 0 0 -1
    outer loop
      vertex 19.0384 13.7549 0
      vertex 17.1902 15.6842 0
      vertex 17.205 15.7966 0
    endloop
  endfacet
  facet normal 0 0 -1
    outer loop
      vertex 19.0384 13.7549 0
      vertex 17.1656 15.5734 0
      vertex 17.1902 15.6842 0
    endloop
  endfacet
  facet normal 0 0 -1
    outer loop
      vertex 19.0384 13.7549 0
      vertex 17.1315 15.4653 0
      vertex 17.1656 15.5734 0
    endloop
  endfacet
  facet normal 0 0 -1
    outer loop
      vertex 19.0384 13.7549 0
      vertex 17.0881 15.3605 0
      vertex 17.1315 15.4653 0
    endloop
  endfacet
  facet normal 0 0 -1
    outer loop
      vertex 19.0384 13.7549 0
      vertex 17.0357 15.2599 0
      vertex 17.0881 15.3605 0
    endloop
  endfacet
  facet normal 0 0 -1
    outer loop
      vertex 19.0384 13.7549 0
      vertex 16.9748 15.1643 0
      vertex 17.0357 15.2599 0
    endloop
  endfacet
  facet normal 0 0 -1
    outer loop
      vertex 18.8209 13.4673 0
      vertex 16.9058 15.0743 0
      vertex 16.9748 15.1643 0
    endloop
  endfacet
  facet normal 0 0 -1
    outer loop
      vertex 16.3545 14.6883 0
      vertex 17.2096 12.3391 0
      vertex 16.8934 12.2394 0
    endloop
  endfacet
  facet normal 0 0 -1
    outer loop
      vertex 18.5969 13.2229 0
      vertex 16.8291 14.9907 0
      vertex 16.9058 15.0743 0
    endloop
  endfacet
  facet normal 0 0 -1
    outer loop
      vertex 18.3525 12.9989 0
      vertex 16.7455 14.914 0
      vertex 16.8291 14.9907 0
    endloop
  endfacet
  facet normal 0 0 -1
    outer loop
      vertex 18.0895 12.7971 0
      vertex 16.6556 14.845 0
      vertex 16.7455 14.914 0
    endloop
  endfacet
  facet normal 0 0 -1
    outer loop
      vertex 16.2464 14.6542 0
      vertex 16.8934 12.2394 0
      vertex 16.5698 12.1676 0
    endloop
  endfacet
  facet normal 0 0 -1
    outer loop
      vertex 17.8099 12.619 0
      vertex 16.5599 14.7841 0
      vertex 16.6556 14.845 0
    endloop
  endfacet
  facet normal 0 0 -1
    outer loop
      vertex 17.5159 12.4659 0
      vertex 16.4593 14.7317 0
      vertex 16.5599 14.7841 0
    endloop
  endfacet
  facet normal 0 0 -1
    outer loop
      vertex 17.2096 12.3391 0
      vertex 16.3545 14.6883 0
      vertex 16.4593 14.7317 0
    endloop
  endfacet
  facet normal 0 0 -1
    outer loop
      vertex 16.8934 12.2394 0
      vertex 16.2464 14.6542 0
      vertex 16.3545 14.6883 0
    endloop
  endfacet
  facet normal 0 0 -1
    outer loop
      vertex 16.1356 14.6297 0
      vertex 16.5698 12.1676 0
      vertex 16.2411 12.1244 0
    endloop
  endfacet
  facet normal 0 0 -1
    outer loop
      vertex 16.5698 12.1676 0
      vertex 16.1356 14.6297 0
      vertex 16.2464 14.6542 0
    endloop
  endfacet
  facet normal 0 0 -1
    outer loop
      vertex 16.2411 12.1244 0
      vertex 16.0232 14.6148 0
      vertex 16.1356 14.6297 0
    endloop
  endfacet
  facet normal 0 0 -1
    outer loop
      vertex 15.9099 12.1099 0
      vertex 16.0232 14.6148 0
      vertex 16.2411 12.1244 0
    endloop
  endfacet
  facet normal 0 0 -1
    outer loop
      vertex 15.9099 12.1099 0
      vertex 15.9099 14.6099 0
      vertex 16.0232 14.6148 0
    endloop
  endfacet
  facet normal 0 0 -1
    outer loop
      vertex 15.9099 12.1099 0
      vertex 15.7966 14.6148 0
      vertex 15.9099 14.6099 0
    endloop
  endfacet
  facet normal 0 0 -1
    outer loop
      vertex 15.5787 12.1244 0
      vertex 15.7966 14.6148 0
      vertex 15.9099 12.1099 0
    endloop
  endfacet
  facet normal -0 0 -1
    outer loop
      vertex 15.7966 14.6148 0
      vertex 15.5787 12.1244 0
      vertex 15.6842 14.6297 0
    endloop
  endfacet
  facet normal 0 0 -1
    outer loop
      vertex 15.25 12.1676 0
      vertex 15.6842 14.6297 0
      vertex 15.5787 12.1244 0
    endloop
  endfacet
  facet normal -0 0 -1
    outer loop
      vertex 15.6842 14.6297 0
      vertex 15.25 12.1676 0
      vertex 15.5734 14.6542 0
    endloop
  endfacet
  facet normal 0 0 -1
    outer loop
      vertex 14.9264 12.2394 0
      vertex 15.5734 14.6542 0
      vertex 15.25 12.1676 0
    endloop
  endfacet
  facet normal -0 0 -1
    outer loop
      vertex 15.5734 14.6542 0
      vertex 14.9264 12.2394 0
      vertex 15.4653 14.6883 0
    endloop
  endfacet
  facet normal 0 0 -1
    outer loop
      vertex 14.6102 12.3391 0
      vertex 15.4653 14.6883 0
      vertex 14.9264 12.2394 0
    endloop
  endfacet
  facet normal -0 0 -1
    outer loop
      vertex 15.4653 14.6883 0
      vertex 14.6102 12.3391 0
      vertex 15.3605 14.7317 0
    endloop
  endfacet
  facet normal 0 0 -1
    outer loop
      vertex 14.304 12.4659 0
      vertex 15.3605 14.7317 0
      vertex 14.6102 12.3391 0
    endloop
  endfacet
  facet normal -0 0 -1
    outer loop
      vertex 15.3605 14.7317 0
      vertex 14.304 12.4659 0
      vertex 15.2599 14.7841 0
    endloop
  endfacet
  facet normal 0 0 -1
    outer loop
      vertex 14.0099 12.619 0
      vertex 15.2599 14.7841 0
      vertex 14.304 12.4659 0
    endloop
  endfacet
  facet normal -0 0 -1
    outer loop
      vertex 15.2599 14.7841 0
      vertex 14.0099 12.619 0
      vertex 15.1643 14.845 0
    endloop
  endfacet
  facet normal 0 0 -1
    outer loop
      vertex 13.7303 12.7971 0
      vertex 15.1643 14.845 0
      vertex 14.0099 12.619 0
    endloop
  endfacet
  facet normal -0 0 -1
    outer loop
      vertex 15.1643 14.845 0
      vertex 13.7303 12.7971 0
      vertex 15.0743 14.914 0
    endloop
  endfacet
  facet normal 0 0 -1
    outer loop
      vertex 13.4673 12.9989 0
      vertex 15.0743 14.914 0
      vertex 13.7303 12.7971 0
    endloop
  endfacet
  facet normal -0 0 -1
    outer loop
      vertex 15.0743 14.914 0
      vertex 13.4673 12.9989 0
      vertex 14.9907 14.9907 0
    endloop
  endfacet
  facet normal 0 0 -1
    outer loop
      vertex 13.2229 13.2229 0
      vertex 14.9907 14.9907 0
      vertex 13.4673 12.9989 0
    endloop
  endfacet
  facet normal -0 0 -1
    outer loop
      vertex 14.9907 14.9907 0
      vertex 13.2229 13.2229 0
      vertex 14.914 15.0743 0
    endloop
  endfacet
  facet normal 0 0 -1
    outer loop
      vertex 12.9989 13.4673 0
      vertex 14.914 15.0743 0
      vertex 13.2229 13.2229 0
    endloop
  endfacet
  facet normal -0 0 -1
    outer loop
      vertex 14.914 15.0743 0
      vertex 12.9989 13.4673 0
      vertex 14.845 15.1643 0
    endloop
  endfacet
  facet normal 0 0 -1
    outer loop
      vertex 12.7971 13.7303 0
      vertex 14.845 15.1643 0
      vertex 12.9989 13.4673 0
    endloop
  endfacet
  facet normal -0 0 -1
    outer loop
      vertex 14.845 15.1643 0
      vertex 12.7971 13.7303 0
      vertex 14.7841 15.2599 0
    endloop
  endfacet
  facet normal 0 0 -1
    outer loop
      vertex 19.0384 13.7549 0
      vertex 17.1902 16.1356 0
      vertex 17.1656 16.2464 0
    endloop
  endfacet
  facet normal 0 0 -1
    outer loop
      vertex 17.0881 16.4593 0
      vertex 23.3644 19.605 0
      vertex 17.1315 16.3545 0
    endloop
  endfacet
  facet normal 0 0 -1
    outer loop
      vertex 17.0357 16.5599 0
      vertex 23.3644 19.605 0
      vertex 17.0881 16.4593 0
    endloop
  endfacet
  facet normal -0 0 -1
    outer loop
      vertex 23.3644 19.605 0
      vertex 17.0357 16.5599 0
      vertex 21.5668 21.5668 0
    endloop
  endfacet
  facet normal 0 0 -1
    outer loop
      vertex 16.9748 16.6556 0
      vertex 21.5668 21.5668 0
      vertex 17.0357 16.5599 0
    endloop
  endfacet
  facet normal 0 0 -1
    outer loop
      vertex 16.9058 16.7455 0
      vertex 21.5668 21.5668 0
      vertex 16.9748 16.6556 0
    endloop
  endfacet
  facet normal 0 0 -1
    outer loop
      vertex 16.8291 16.8291 0
      vertex 21.5668 21.5668 0
      vertex 16.9058 16.7455 0
    endloop
  endfacet
  facet normal 0 0 -1
    outer loop
      vertex 16.7455 16.9058 0
      vertex 21.5668 21.5668 0
      vertex 16.8291 16.8291 0
    endloop
  endfacet
  facet normal 0 0 -1
    outer loop
      vertex 16.6556 16.9748 0
      vertex 21.5668 21.5668 0
      vertex 16.7455 16.9058 0
    endloop
  endfacet
  facet normal 0 0 -1
    outer loop
      vertex 16.5599 17.0357 0
      vertex 21.5668 21.5668 0
      vertex 16.6556 16.9748 0
    endloop
  endfacet
  facet normal -0 0 -1
    outer loop
      vertex 21.5668 21.5668 0
      vertex 16.5599 17.0357 0
      vertex 19.605 23.3644 0
    endloop
  endfacet
  facet normal 0 0 -1
    outer loop
      vertex 16.4593 17.0881 0
      vertex 19.605 23.3644 0
      vertex 16.5599 17.0357 0
    endloop
  endfacet
  facet normal 0 0 -1
    outer loop
      vertex 16.3545 17.1315 0
      vertex 19.605 23.3644 0
      vertex 16.4593 17.0881 0
    endloop
  endfacet
  facet normal 0 0 -1
    outer loop
      vertex 16.2464 17.1656 0
      vertex 19.605 23.3644 0
      vertex 16.3545 17.1315 0
    endloop
  endfacet
  facet normal 0 0 -1
    outer loop
      vertex 13.7549 19.0384 0
      vertex 19.605 23.3644 0
      vertex 16.2464 17.1656 0
    endloop
  endfacet
  facet normal 0 0 -1
    outer loop
      vertex 13.7549 19.0384 0
      vertex 16.2464 17.1656 0
      vertex 16.1356 17.1902 0
    endloop
  endfacet
  facet normal 0 0 -1
    outer loop
      vertex 13.7549 19.0384 0
      vertex 16.1356 17.1902 0
      vertex 16.0232 17.205 0
    endloop
  endfacet
  facet normal 0 0 -1
    outer loop
      vertex 13.7549 19.0384 0
      vertex 16.0232 17.205 0
      vertex 15.9099 17.2099 0
    endloop
  endfacet
  facet normal 0 0 -1
    outer loop
      vertex 13.7549 19.0384 0
      vertex 15.9099 17.2099 0
      vertex 15.7966 17.205 0
    endloop
  endfacet
  facet normal 0 0 -1
    outer loop
      vertex 13.7549 19.0384 0
      vertex 15.7966 17.205 0
      vertex 15.6842 17.1902 0
    endloop
  endfacet
  facet normal 0 0 -1
    outer loop
      vertex 13.7549 19.0384 0
      vertex 15.6842 17.1902 0
      vertex 15.5734 17.1656 0
    endloop
  endfacet
  facet normal 0 0 -1
    outer loop
      vertex 13.7549 19.0384 0
      vertex 15.5734 17.1656 0
      vertex 15.4653 17.1315 0
    endloop
  endfacet
  facet normal 0 0 -1
    outer loop
      vertex 13.7549 19.0384 0
      vertex 15.4653 17.1315 0
      vertex 15.3605 17.0881 0
    endloop
  endfacet
  facet normal 0 0 -1
    outer loop
      vertex 13.7549 19.0384 0
      vertex 15.3605 17.0881 0
      vertex 15.2599 17.0357 0
    endloop
  endfacet
  facet normal -0 0 -1
    outer loop
      vertex 19.605 23.3644 0
      vertex 13.7549 19.0384 0
      vertex 17.4941 24.9841 0
    endloop
  endfacet
  facet normal 0 0 -1
    outer loop
      vertex 13.7549 19.0384 0
      vertex 15.2599 17.0357 0
      vertex 15.1643 16.9748 0
    endloop
  endfacet
  facet normal 0 0 -1
    outer loop
      vertex 13.7549 19.0384 0
      vertex 15.1643 16.9748 0
      vertex 15.0743 16.9058 0
    endloop
  endfacet
  facet normal 0 0 -1
    outer loop
      vertex 13.7549 19.0384 0
      vertex 15.0743 16.9058 0
      vertex 14.9907 16.8291 0
    endloop
  endfacet
  facet normal 0 0 -1
    outer loop
      vertex 13.7549 19.0384 0
      vertex 14.9907 16.8291 0
      vertex 14.914 16.7455 0
    endloop
  endfacet
  facet normal 0 0 -1
    outer loop
      vertex 13.7549 19.0384 0
      vertex 14.914 16.7455 0
      vertex 14.845 16.6556 0
    endloop
  endfacet
  facet normal 0 0 -1
    outer loop
      vertex 13.7549 19.0384 0
      vertex 14.845 16.6556 0
      vertex 14.7841 16.5599 0
    endloop
  endfacet
  facet normal 0 0 -1
    outer loop
      vertex 13.7549 19.0384 0
      vertex 14.7841 16.5599 0
      vertex 14.7317 16.4593 0
    endloop
  endfacet
  facet normal 0 0 -1
    outer loop
      vertex 13.7549 19.0384 0
      vertex 14.7317 16.4593 0
      vertex 14.6883 16.3545 0
    endloop
  endfacet
  facet normal 0 0 -1
    outer loop
      vertex 13.7549 19.0384 0
      vertex 14.6883 16.3545 0
      vertex 14.6542 16.2464 0
    endloop
  endfacet
  facet normal 0 0 -1
    outer loop
      vertex 13.7549 19.0384 0
      vertex 14.6542 16.2464 0
      vertex 14.6297 16.1356 0
    endloop
  endfacet
  facet normal 0 0 -1
    outer loop
      vertex 13.7549 19.0384 0
      vertex 14.6297 16.1356 0
      vertex 14.6148 16.0232 0
    endloop
  endfacet
  facet normal 0 0 -1
    outer loop
      vertex 12.619 14.0099 0
      vertex 14.7841 15.2599 0
      vertex 12.7971 13.7303 0
    endloop
  endfacet
  facet normal -0 0 -1
    outer loop
      vertex 14.7841 15.2599 0
      vertex 12.619 14.0099 0
      vertex 14.7317 15.3605 0
    endloop
  endfacet
  facet normal 0 0 -1
    outer loop
      vertex 14.6099 15.9099 0
      vertex 13.7549 19.0384 0
      vertex 14.6148 16.0232 0
    endloop
  endfacet
  facet normal 0 0 -1
    outer loop
      vertex 13.479 19.2501 0
      vertex 17.4941 24.9841 0
      vertex 13.7549 19.0384 0
    endloop
  endfacet
  facet normal -0 0 -1
    outer loop
      vertex 17.4941 24.9841 0
      vertex 13.479 19.2501 0
      vertex 15.25 26.4138 0
    endloop
  endfacet
  facet normal 0 0 -1
    outer loop
      vertex 11.75 20.3516 0
      vertex 15.25 26.4138 0
      vertex 13.479 19.2501 0
    endloop
  endfacet
  facet normal -0 0 -1
    outer loop
      vertex 15.25 26.4138 0
      vertex 11.75 20.3516 0
      vertex 12.8899 27.6424 0
    endloop
  endfacet
  facet normal 0 0 -1
    outer loop
      vertex 9.93153 21.2982 0
      vertex 12.8899 27.6424 0
      vertex 11.75 20.3516 0
    endloop
  endfacet
  facet normal -0 0 -1
    outer loop
      vertex 12.8899 27.6424 0
      vertex 9.93153 21.2982 0
      vertex 10.4316 28.6606 0
    endloop
  endfacet
  facet normal 0 0 -1
    outer loop
      vertex 8.03747 22.0828 0
      vertex 10.4316 28.6606 0
      vertex 9.93153 21.2982 0
    endloop
  endfacet
  facet normal 0 0 -1
    outer loop
      vertex 8.03747 22.0828 0
      vertex 7.89398 29.4607 0
      vertex 10.4316 28.6606 0
    endloop
  endfacet
  facet normal 0 0 -1
    outer loop
      vertex 6.08225 22.6993 0
      vertex 7.89398 29.4607 0
      vertex 8.03747 22.0828 0
    endloop
  endfacet
  facet normal 0 0 -1
    outer loop
      vertex 6.08225 22.6993 0
      vertex 5.29627 30.0366 0
      vertex 7.89398 29.4607 0
    endloop
  endfacet
  facet normal 0 0 -1
    outer loop
      vertex 4.08073 23.143 0
      vertex 5.29627 30.0366 0
      vertex 6.08225 22.6993 0
    endloop
  endfacet
  facet normal 0 0 -1
    outer loop
      vertex 4.08073 23.143 0
      vertex 2.65825 30.3839 0
      vertex 5.29627 30.0366 0
    endloop
  endfacet
  facet normal 0 0 -1
    outer loop
      vertex 2.04816 23.4106 0
      vertex 2.65825 30.3839 0
      vertex 4.08073 23.143 0
    endloop
  endfacet
  facet normal 0 0 -1
    outer loop
      vertex 0 23.5 0
      vertex 2.65825 30.3839 0
      vertex 2.04816 23.4106 0
    endloop
  endfacet
  facet normal 0 0 -1
    outer loop
      vertex 0 23.5 0
      vertex 0 30.5 0
      vertex 2.65825 30.3839 0
    endloop
  endfacet
  facet normal 0 0 -1
    outer loop
      vertex -2.04816 23.4106 0
      vertex 0 30.5 0
      vertex 0 23.5 0
    endloop
  endfacet
  facet normal 0 0 -1
    outer loop
      vertex -2.04816 23.4106 0
      vertex -2.65825 30.3839 0
      vertex 0 30.5 0
    endloop
  endfacet
  facet normal 0 0 -1
    outer loop
      vertex -4.08073 23.143 0
      vertex -2.65825 30.3839 0
      vertex -2.04816 23.4106 0
    endloop
  endfacet
  facet normal 0 0 -1
    outer loop
      vertex -4.08073 23.143 0
      vertex -5.29627 30.0366 0
      vertex -2.65825 30.3839 0
    endloop
  endfacet
  facet normal 0 0 -1
    outer loop
      vertex -6.08225 22.6993 0
      vertex -5.29627 30.0366 0
      vertex -4.08073 23.143 0
    endloop
  endfacet
  facet normal 0 0 -1
    outer loop
      vertex -6.08225 22.6993 0
      vertex -7.89398 29.4607 0
      vertex -5.29627 30.0366 0
    endloop
  endfacet
  facet normal 0 0 -1
    outer loop
      vertex -8.03747 22.0828 0
      vertex -7.89398 29.4607 0
      vertex -6.08225 22.6993 0
    endloop
  endfacet
  facet normal 0 0 -1
    outer loop
      vertex -10.4316 28.6606 0
      vertex -8.03747 22.0828 0
      vertex -9.93153 21.2982 0
    endloop
  endfacet
  facet normal 0 0 -1
    outer loop
      vertex -8.03747 22.0828 0
      vertex -10.4316 28.6606 0
      vertex -7.89398 29.4607 0
    endloop
  endfacet
  facet normal 0 0 -1
    outer loop
      vertex -12.8899 27.6424 0
      vertex -9.93153 21.2982 0
      vertex -11.75 20.3516 0
    endloop
  endfacet
  facet normal 0 0 -1
    outer loop
      vertex -9.93153 21.2982 0
      vertex -12.8899 27.6424 0
      vertex -10.4316 28.6606 0
    endloop
  endfacet
  facet normal 0 0 -1
    outer loop
      vertex -15.25 26.4138 0
      vertex -11.75 20.3516 0
      vertex -13.479 19.2501 0
    endloop
  endfacet
  facet normal 0 0 -1
    outer loop
      vertex -17.4941 24.9841 0
      vertex -13.479 19.2501 0
      vertex -13.7549 19.0384 0
    endloop
  endfacet
  facet normal 0 0 -1
    outer loop
      vertex -14.6099 15.9099 0
      vertex -14.0099 12.619 0
      vertex -14.304 12.4659 0
    endloop
  endfacet
  facet normal 0 0 -1
    outer loop
      vertex -14.7841 16.5599 0
      vertex -12.619 17.8099 0
      vertex -14.7317 16.4593 0
    endloop
  endfacet
  facet normal -0 0 -1
    outer loop
      vertex -12.619 17.8099 0
      vertex -14.7841 16.5599 0
      vertex -12.7971 18.0895 0
    endloop
  endfacet
  facet normal 0 0 -1
    outer loop
      vertex -14.845 16.6556 0
      vertex -12.7971 18.0895 0
      vertex -14.7841 16.5599 0
    endloop
  endfacet
  facet normal -0 0 -1
    outer loop
      vertex -12.7971 18.0895 0
      vertex -14.845 16.6556 0
      vertex -12.9989 18.3525 0
    endloop
  endfacet
  facet normal 0 0 -1
    outer loop
      vertex -14.914 16.7455 0
      vertex -12.9989 18.3525 0
      vertex -14.845 16.6556 0
    endloop
  endfacet
  facet normal -0 0 -1
    outer loop
      vertex -12.9989 18.3525 0
      vertex -14.914 16.7455 0
      vertex -13.2229 18.5969 0
    endloop
  endfacet
  facet normal 0 0 -1
    outer loop
      vertex -14.9907 16.8291 0
      vertex -13.2229 18.5969 0
      vertex -14.914 16.7455 0
    endloop
  endfacet
  facet normal -0 0 -1
    outer loop
      vertex -13.2229 18.5969 0
      vertex -14.9907 16.8291 0
      vertex -13.4673 18.8209 0
    endloop
  endfacet
  facet normal 0 0 -1
    outer loop
      vertex -15.0743 16.9058 0
      vertex -13.4673 18.8209 0
      vertex -14.9907 16.8291 0
    endloop
  endfacet
  facet normal -0 0 -1
    outer loop
      vertex -13.4673 18.8209 0
      vertex -15.0743 16.9058 0
      vertex -13.7303 19.0227 0
    endloop
  endfacet
  facet normal 0 0 -1
    outer loop
      vertex -15.1643 16.9748 0
      vertex -13.7303 19.0227 0
      vertex -15.0743 16.9058 0
    endloop
  endfacet
  facet normal -0 0 -1
    outer loop
      vertex -13.7303 19.0227 0
      vertex -15.1643 16.9748 0
      vertex -13.7549 19.0384 0
    endloop
  endfacet
  facet normal 0 0 -1
    outer loop
      vertex -15.2599 17.0357 0
      vertex -13.7549 19.0384 0
      vertex -15.1643 16.9748 0
    endloop
  endfacet
  facet normal 0 0 -1
    outer loop
      vertex -11.75 20.3516 0
      vertex -15.25 26.4138 0
      vertex -12.8899 27.6424 0
    endloop
  endfacet
  facet normal 0 0 -1
    outer loop
      vertex -15.3605 17.0881 0
      vertex -13.7549 19.0384 0
      vertex -15.2599 17.0357 0
    endloop
  endfacet
  facet normal 0 0 -1
    outer loop
      vertex -15.4653 17.1315 0
      vertex -13.7549 19.0384 0
      vertex -15.3605 17.0881 0
    endloop
  endfacet
  facet normal 0 0 -1
    outer loop
      vertex -15.5734 17.1656 0
      vertex -13.7549 19.0384 0
      vertex -15.4653 17.1315 0
    endloop
  endfacet
  facet normal 0 0 -1
    outer loop
      vertex -15.6842 17.1902 0
      vertex -13.7549 19.0384 0
      vertex -15.5734 17.1656 0
    endloop
  endfacet
  facet normal 0 0 -1
    outer loop
      vertex -15.7966 17.205 0
      vertex -13.7549 19.0384 0
      vertex -15.6842 17.1902 0
    endloop
  endfacet
  facet normal 0 0 -1
    outer loop
      vertex -15.9099 17.2099 0
      vertex -13.7549 19.0384 0
      vertex -15.7966 17.205 0
    endloop
  endfacet
  facet normal 0 0 -1
    outer loop
      vertex -16.0232 17.205 0
      vertex -13.7549 19.0384 0
      vertex -15.9099 17.2099 0
    endloop
  endfacet
  facet normal 0 0 -1
    outer loop
      vertex -16.1356 17.1902 0
      vertex -13.7549 19.0384 0
      vertex -16.0232 17.205 0
    endloop
  endfacet
  facet normal 0 0 -1
    outer loop
      vertex -16.2464 17.1656 0
      vertex -13.7549 19.0384 0
      vertex -16.1356 17.1902 0
    endloop
  endfacet
  facet normal -0 0 -1
    outer loop
      vertex -13.7549 19.0384 0
      vertex -16.2464 17.1656 0
      vertex -17.4941 24.9841 0
    endloop
  endfacet
  facet normal 0 0 -1
    outer loop
      vertex -17.4941 24.9841 0
      vertex -16.2464 17.1656 0
      vertex -16.3545 17.1315 0
    endloop
  endfacet
  facet normal 0 0 -1
    outer loop
      vertex -17.4941 24.9841 0
      vertex -16.3545 17.1315 0
      vertex -16.4593 17.0881 0
    endloop
  endfacet
  facet normal 0 0 -1
    outer loop
      vertex -17.4941 24.9841 0
      vertex -16.4593 17.0881 0
      vertex -16.5599 17.0357 0
    endloop
  endfacet
  facet normal 0 0 -1
    outer loop
      vertex -17.4941 24.9841 0
      vertex -16.5599 17.0357 0
      vertex -16.6556 16.9748 0
    endloop
  endfacet
  facet normal 0 0 -1
    outer loop
      vertex -17.4941 24.9841 0
      vertex -16.6556 16.9748 0
      vertex -16.7455 16.9058 0
    endloop
  endfacet
  facet normal 0 0 -1
    outer loop
      vertex -17.4941 24.9841 0
      vertex -16.7455 16.9058 0
      vertex -16.8291 16.8291 0
    endloop
  endfacet
  facet normal 0 0 -1
    outer loop
      vertex -17.4941 24.9841 0
      vertex -16.8291 16.8291 0
      vertex -16.9058 16.7455 0
    endloop
  endfacet
  facet normal 0 0 -1
    outer loop
      vertex -17.4941 24.9841 0
      vertex -16.9058 16.7455 0
      vertex -16.9748 16.6556 0
    endloop
  endfacet
  facet normal 0 0 -1
    outer loop
      vertex -17.4941 24.9841 0
      vertex -16.9748 16.6556 0
      vertex -17.0357 16.5599 0
    endloop
  endfacet
  facet normal 0 0 -1
    outer loop
      vertex -17.4941 24.9841 0
      vertex -17.0357 16.5599 0
      vertex -17.0881 16.4593 0
    endloop
  endfacet
  facet normal 0 0 -1
    outer loop
      vertex -17.4941 24.9841 0
      vertex -17.0881 16.4593 0
      vertex -17.1315 16.3545 0
    endloop
  endfacet
  facet normal 0 0 -1
    outer loop
      vertex -17.4941 24.9841 0
      vertex -17.1315 16.3545 0
      vertex -17.1656 16.2464 0
    endloop
  endfacet
  facet normal 0 0 -1
    outer loop
      vertex -17.4941 24.9841 0
      vertex -17.1656 16.2464 0
      vertex -17.1902 16.1356 0
    endloop
  endfacet
  facet normal 0 0 -1
    outer loop
      vertex -13.479 19.2501 0
      vertex -17.4941 24.9841 0
      vertex -15.25 26.4138 0
    endloop
  endfacet
  facet normal 0 0 -1
    outer loop
      vertex -17.205 16.0232 0
      vertex -17.4941 24.9841 0
      vertex -17.1902 16.1356 0
    endloop
  endfacet
  facet normal 0 0 -1
    outer loop
      vertex -17.4941 24.9841 0
      vertex -17.205 16.0232 0
      vertex -17.2099 15.9099 0
    endloop
  endfacet
  facet normal 0.976296 -0.21644 0
    outer loop
      vertex 29.4607 -7.89398 70
      vertex 30.0366 -5.29627 0
      vertex 30.0366 -5.29627 70
    endloop
  endfacet
  facet normal 0.976296 -0.21644 0
    outer loop
      vertex 30.0366 -5.29627 0
      vertex 29.4607 -7.89398 70
      vertex 29.4607 -7.89398 0
    endloop
  endfacet
  facet normal -0.461751 -0.887009 0
    outer loop
      vertex -15.25 -26.4138 0
      vertex -12.8899 -27.6424 70
      vertex -15.25 -26.4138 70
    endloop
  endfacet
  facet normal -0.461751 -0.887009 -0
    outer loop
      vertex -12.8899 -27.6424 70
      vertex -15.25 -26.4138 0
      vertex -12.8899 -27.6424 0
    endloop
  endfacet
  facet normal -0.793363 -0.608749 0
    outer loop
      vertex -23.3644 -19.605 0
      vertex -24.9841 -17.4941 70
      vertex -24.9841 -17.4941 0
    endloop
  endfacet
  facet normal -0.793363 -0.608749 0
    outer loop
      vertex -24.9841 -17.4941 70
      vertex -23.3644 -19.605 0
      vertex -23.3644 -19.605 70
    endloop
  endfacet
  facet normal 0.461751 0.887009 -5.15678e-07
    outer loop
      vertex 15.25 26.4138 70
      vertex 14 27.0645 46
      vertex 12.8899 27.6424 70
    endloop
  endfacet
  facet normal 0.461744 0.887013 0
    outer loop
      vertex 15.25 26.4138 70
      vertex 14 27.0645 24
      vertex 14 27.0645 46
    endloop
  endfacet
  facet normal 0.461744 0.887013 -0
    outer loop
      vertex 15.25 26.4138 0
      vertex 14 27.0645 24
      vertex 15.25 26.4138 70
    endloop
  endfacet
  facet normal 0.461751 0.887009 5.15678e-07
    outer loop
      vertex 12.8899 27.6424 0
      vertex 14 27.0645 24
      vertex 15.25 26.4138 0
    endloop
  endfacet
  facet normal 0.46176 0.887005 0
    outer loop
      vertex 14 27.0645 24
      vertex 12.8899 27.6424 0
      vertex 12.8899 27.6424 24
    endloop
  endfacet
  facet normal 0.46176 0.887005 0
    outer loop
      vertex 12.8899 27.6424 70
      vertex 14 27.0645 46
      vertex 12.8899 27.6424 46
    endloop
  endfacet
  facet normal 0.0436338 0.999048 -0
    outer loop
      vertex 2.65825 30.3839 46
      vertex 0 30.5 70
      vertex 2.65825 30.3839 70
    endloop
  endfacet
  facet normal 0.0436338 0.999048 0
    outer loop
      vertex 0 30.5 70
      vertex 2.65825 30.3839 46
      vertex 0 30.5 46
    endloop
  endfacet
  facet normal 0.0436338 0.999048 -0
    outer loop
      vertex 2.65825 30.3839 0
      vertex 0 30.5 24
      vertex 2.65825 30.3839 24
    endloop
  endfacet
  facet normal 0.0436338 0.999048 0
    outer loop
      vertex 0 30.5 24
      vertex 2.65825 30.3839 0
      vertex 0 30.5 0
    endloop
  endfacet
  facet normal -0.953718 0.300703 0
    outer loop
      vertex -29.4607 7.89398 0
      vertex -28.6606 10.4316 70
      vertex -28.6606 10.4316 0
    endloop
  endfacet
  facet normal -0.953718 0.300703 0
    outer loop
      vertex -28.6606 10.4316 70
      vertex -29.4607 7.89398 0
      vertex -29.4607 7.89398 70
    endloop
  endfacet
  facet normal 0.537313 0.843383 -0
    outer loop
      vertex 17.4941 24.9841 0
      vertex 15.25 26.4138 70
      vertex 17.4941 24.9841 70
    endloop
  endfacet
  facet normal 0.537313 0.843383 0
    outer loop
      vertex 15.25 26.4138 70
      vertex 17.4941 24.9841 0
      vertex 15.25 26.4138 0
    endloop
  endfacet
  facet normal -0.608749 0.793363 0
    outer loop
      vertex -17.4941 24.9841 0
      vertex -19.605 23.3644 70
      vertex -17.4941 24.9841 70
    endloop
  endfacet
  facet normal -0.608749 0.793363 0
    outer loop
      vertex -19.605 23.3644 70
      vertex -17.4941 24.9841 0
      vertex -19.605 23.3644 0
    endloop
  endfacet
  facet normal 0.923888 0.382664 0
    outer loop
      vertex 28.6606 10.4316 70
      vertex 27.6424 12.8899 0
      vertex 27.6424 12.8899 70
    endloop
  endfacet
  facet normal 0.923888 0.382664 0
    outer loop
      vertex 27.6424 12.8899 0
      vertex 28.6606 10.4316 70
      vertex 28.6606 10.4316 0
    endloop
  endfacet
  facet normal 0.923888 -0.382664 0
    outer loop
      vertex 27.6424 -12.8899 70
      vertex 28.6606 -10.4316 0
      vertex 28.6606 -10.4316 70
    endloop
  endfacet
  facet normal 0.923888 -0.382664 0
    outer loop
      vertex 28.6606 -10.4316 0
      vertex 27.6424 -12.8899 70
      vertex 27.6424 -12.8899 0
    endloop
  endfacet
  facet normal 0.382664 0.923888 -0
    outer loop
      vertex 12.8899 27.6424 0
      vertex 10.4316 28.6606 24
      vertex 12.8899 27.6424 24
    endloop
  endfacet
  facet normal 0.382664 0.923888 0
    outer loop
      vertex 10.4316 28.6606 24
      vertex 12.8899 27.6424 0
      vertex 10.4316 28.6606 0
    endloop
  endfacet
  facet normal 0.382664 0.923888 -0
    outer loop
      vertex 12.8899 27.6424 46
      vertex 10.4316 28.6606 70
      vertex 12.8899 27.6424 70
    endloop
  endfacet
  facet normal 0.382664 0.923888 0
    outer loop
      vertex 10.4316 28.6606 70
      vertex 12.8899 27.6424 46
      vertex 10.4316 28.6606 46
    endloop
  endfacet
  facet normal -0.991445 0.130525 0
    outer loop
      vertex -30.3839 2.65825 0
      vertex -30.0366 5.29627 70
      vertex -30.0366 5.29627 0
    endloop
  endfacet
  facet normal -0.991445 0.130525 0
    outer loop
      vertex -30.0366 5.29627 70
      vertex -30.3839 2.65825 0
      vertex -30.3839 2.65825 70
    endloop
  endfacet
  facet normal -0.887009 0.461751 0
    outer loop
      vertex -27.6424 12.8899 0
      vertex -26.4138 15.25 70
      vertex -26.4138 15.25 0
    endloop
  endfacet
  facet normal -0.887009 0.461751 0
    outer loop
      vertex -26.4138 15.25 70
      vertex -27.6424 12.8899 0
      vertex -27.6424 12.8899 70
    endloop
  endfacet
  facet normal 0.21644 -0.976296 0
    outer loop
      vertex 5.29627 -30.0366 0
      vertex 7.89398 -29.4607 70
      vertex 5.29627 -30.0366 70
    endloop
  endfacet
  facet normal 0.21644 -0.976296 0
    outer loop
      vertex 7.89398 -29.4607 70
      vertex 5.29627 -30.0366 0
      vertex 7.89398 -29.4607 0
    endloop
  endfacet
  facet normal 0.130525 0.991445 -0
    outer loop
      vertex 5.29627 30.0366 0
      vertex 2.65825 30.3839 24
      vertex 5.29627 30.0366 24
    endloop
  endfacet
  facet normal 0.130525 0.991445 0
    outer loop
      vertex 2.65825 30.3839 24
      vertex 5.29627 30.0366 0
      vertex 2.65825 30.3839 0
    endloop
  endfacet
  facet normal 0.130525 0.991445 -0
    outer loop
      vertex 5.29627 30.0366 46
      vertex 2.65825 30.3839 70
      vertex 5.29627 30.0366 70
    endloop
  endfacet
  facet normal 0.130525 0.991445 0
    outer loop
      vertex 2.65825 30.3839 70
      vertex 5.29627 30.0366 46
      vertex 2.65825 30.3839 46
    endloop
  endfacet
  facet normal 0.461751 -0.887009 0
    outer loop
      vertex 12.8899 -27.6424 0
      vertex 15.25 -26.4138 70
      vertex 12.8899 -27.6424 70
    endloop
  endfacet
  facet normal 0.461751 -0.887009 0
    outer loop
      vertex 15.25 -26.4138 70
      vertex 12.8899 -27.6424 0
      vertex 15.25 -26.4138 0
    endloop
  endfacet
  facet normal 0.300703 -0.953718 0
    outer loop
      vertex 7.89398 -29.4607 0
      vertex 10.4316 -28.6606 70
      vertex 7.89398 -29.4607 70
    endloop
  endfacet
  facet normal 0.300703 -0.953718 0
    outer loop
      vertex 10.4316 -28.6606 70
      vertex 7.89398 -29.4607 0
      vertex 10.4316 -28.6606 0
    endloop
  endfacet
  facet normal 0.0436062 -0.999049 -1.71943e-06
    outer loop
      vertex 0 -30.5 33.3173
      vertex 2.41927 -30.3944 30.815
      vertex 1.5648 -30.4317 33.3173
    endloop
  endfacet
  facet normal 0.043608 -0.999049 0
    outer loop
      vertex 0 -30.5 0
      vertex 2.41927 -30.3944 30.815
      vertex 0 -30.5 33.3173
    endloop
  endfacet
  facet normal 0.0436338 -0.999048 -2.02516e-06
    outer loop
      vertex 2.65825 -30.3839 0
      vertex 2.41927 -30.3944 30.815
      vertex 0 -30.5 0
    endloop
  endfacet
  facet normal 0.0438944 -0.999036 0
    outer loop
      vertex 2.41927 -30.3944 30.815
      vertex 2.65825 -30.3839 0
      vertex 2.65825 -30.3839 30.815
    endloop
  endfacet
  facet normal 0.0436427 -0.999047 0
    outer loop
      vertex 0.734818 -30.4679 39.3838
      vertex 0 -30.5 70
      vertex 0 -30.5 39.3838
    endloop
  endfacet
  facet normal 0.0436338 -0.999048 -2.14271e-07
    outer loop
      vertex 0 -30.5 70
      vertex 0.734818 -30.4679 39.3838
      vertex 2.65825 -30.3839 70
    endloop
  endfacet
  facet normal 0.0436303 -0.999048 0
    outer loop
      vertex 2.65825 -30.3839 70
      vertex 0.734818 -30.4679 39.3838
      vertex 2.65825 -30.3839 33.4616
    endloop
  endfacet
  facet normal 0.0436467 -0.999047 0
    outer loop
      vertex 1.32072 -30.4423 34.1229
      vertex 0 -30.5 38.1911
      vertex 0 -30.5 34.1229
    endloop
  endfacet
  facet normal 0.0423109 -0.999104 -0.000434462
    outer loop
      vertex 0 -30.5 38.1911
      vertex 1.32072 -30.4423 34.1229
      vertex 0.0146332 -30.4994 38.2364
    endloop
  endfacet
  facet normal 0.953718 -0.300703 0
    outer loop
      vertex 28.6606 -10.4316 70
      vertex 29.4607 -7.89398 0
      vertex 29.4607 -7.89398 70
    endloop
  endfacet
  facet normal 0.953718 -0.300703 0
    outer loop
      vertex 29.4607 -7.89398 0
      vertex 28.6606 -10.4316 70
      vertex 28.6606 -10.4316 0
    endloop
  endfacet
  facet normal 0.843383 -0.537313 0
    outer loop
      vertex 24.9841 -17.4941 70
      vertex 26.4138 -15.25 0
      vertex 26.4138 -15.25 70
    endloop
  endfacet
  facet normal 0.843383 -0.537313 0
    outer loop
      vertex 26.4138 -15.25 0
      vertex 24.9841 -17.4941 70
      vertex 24.9841 -17.4941 0
    endloop
  endfacet
  facet normal -0.675578 -0.737288 0
    outer loop
      vertex -21.5668 -21.5668 0
      vertex -19.605 -23.3644 70
      vertex -21.5668 -21.5668 70
    endloop
  endfacet
  facet normal -0.675578 -0.737288 -0
    outer loop
      vertex -19.605 -23.3644 70
      vertex -21.5668 -21.5668 0
      vertex -19.605 -23.3644 0
    endloop
  endfacet
  facet normal 0.976296 0.21644 0
    outer loop
      vertex 30.0366 5.29627 70
      vertex 29.4607 7.89398 0
      vertex 29.4607 7.89398 70
    endloop
  endfacet
  facet normal 0.976296 0.21644 0
    outer loop
      vertex 29.4607 7.89398 0
      vertex 30.0366 5.29627 70
      vertex 30.0366 5.29627 0
    endloop
  endfacet
  facet normal -0.130525 0.991445 0
    outer loop
      vertex -2.65825 30.3839 0
      vertex -5.29627 30.0366 24
      vertex -2.65825 30.3839 24
    endloop
  endfacet
  facet normal -0.130525 0.991445 0
    outer loop
      vertex -5.29627 30.0366 24
      vertex -2.65825 30.3839 0
      vertex -5.29627 30.0366 0
    endloop
  endfacet
  facet normal -0.130525 0.991445 0
    outer loop
      vertex -2.65825 30.3839 46
      vertex -5.29627 30.0366 70
      vertex -2.65825 30.3839 70
    endloop
  endfacet
  facet normal -0.130525 0.991445 0
    outer loop
      vertex -5.29627 30.0366 70
      vertex -2.65825 30.3839 46
      vertex -5.29627 30.0366 46
    endloop
  endfacet
  facet normal 0 0 1
    outer loop
      vertex 23.5 0 70
      vertex 30.5 0 70
      vertex 30.3839 2.65825 70
    endloop
  endfacet
  facet normal 0 0 1
    outer loop
      vertex 23.4106 2.04816 70
      vertex 30.3839 2.65825 70
      vertex 30.0366 5.29627 70
    endloop
  endfacet
  facet normal 0 0 1
    outer loop
      vertex 30.5 0 70
      vertex 23.5 0 70
      vertex 30.3839 -2.65825 70
    endloop
  endfacet
  facet normal 0 0 1
    outer loop
      vertex 23.143 4.08073 70
      vertex 30.0366 5.29627 70
      vertex 29.4607 7.89398 70
    endloop
  endfacet
  facet normal -0 0 1
    outer loop
      vertex 23.4106 -2.04816 70
      vertex 30.3839 -2.65825 70
      vertex 23.5 0 70
    endloop
  endfacet
  facet normal 0 0 1
    outer loop
      vertex 22.6993 6.08225 70
      vertex 29.4607 7.89398 70
      vertex 28.6606 10.4316 70
    endloop
  endfacet
  facet normal 0 0 1
    outer loop
      vertex 30.3839 -2.65825 70
      vertex 23.4106 -2.04816 70
      vertex 30.0366 -5.29627 70
    endloop
  endfacet
  facet normal 0 0 1
    outer loop
      vertex 22.0828 8.03747 70
      vertex 28.6606 10.4316 70
      vertex 27.6424 12.8899 70
    endloop
  endfacet
  facet normal -0 0 1
    outer loop
      vertex 23.143 -4.08073 70
      vertex 30.0366 -5.29627 70
      vertex 23.4106 -2.04816 70
    endloop
  endfacet
  facet normal 0 0 1
    outer loop
      vertex 21.2982 9.93153 70
      vertex 27.6424 12.8899 70
      vertex 26.4138 15.25 70
    endloop
  endfacet
  facet normal 0 0 1
    outer loop
      vertex 30.0366 -5.29627 70
      vertex 23.143 -4.08073 70
      vertex 29.4607 -7.89398 70
    endloop
  endfacet
  facet normal 0 0 1
    outer loop
      vertex 20.3516 11.75 70
      vertex 26.4138 15.25 70
      vertex 24.9841 17.4941 70
    endloop
  endfacet
  facet normal -0 0 1
    outer loop
      vertex 22.6993 -6.08225 70
      vertex 29.4607 -7.89398 70
      vertex 23.143 -4.08073 70
    endloop
  endfacet
  facet normal 0 0 1
    outer loop
      vertex 29.4607 -7.89398 70
      vertex 22.6993 -6.08225 70
      vertex 28.6606 -10.4316 70
    endloop
  endfacet
  facet normal 0 0 1
    outer loop
      vertex 30.3839 2.65825 70
      vertex 23.4106 2.04816 70
      vertex 23.5 0 70
    endloop
  endfacet
  facet normal 0 0 1
    outer loop
      vertex 19.2501 13.479 70
      vertex 24.9841 17.4941 70
      vertex 23.3644 19.605 70
    endloop
  endfacet
  facet normal 0 0 1
    outer loop
      vertex 30.0366 5.29627 70
      vertex 23.143 4.08073 70
      vertex 23.4106 2.04816 70
    endloop
  endfacet
  facet normal 0 0 1
    outer loop
      vertex 29.4607 7.89398 70
      vertex 22.6993 6.08225 70
      vertex 23.143 4.08073 70
    endloop
  endfacet
  facet normal 0 0 1
    outer loop
      vertex 28.6606 10.4316 70
      vertex 22.0828 8.03747 70
      vertex 22.6993 6.08225 70
    endloop
  endfacet
  facet normal 0 0 1
    outer loop
      vertex 17.0357 16.5599 70
      vertex 23.3644 19.605 70
      vertex 21.5668 21.5668 70
    endloop
  endfacet
  facet normal 0 0 1
    outer loop
      vertex 27.6424 12.8899 70
      vertex 21.2982 9.93153 70
      vertex 22.0828 8.03747 70
    endloop
  endfacet
  facet normal 0 0 1
    outer loop
      vertex 26.4138 15.25 70
      vertex 20.3516 11.75 70
      vertex 21.2982 9.93153 70
    endloop
  endfacet
  facet normal 0 0 1
    outer loop
      vertex 16.5599 17.0357 70
      vertex 21.5668 21.5668 70
      vertex 19.605 23.3644 70
    endloop
  endfacet
  facet normal 0 0 1
    outer loop
      vertex 24.9841 17.4941 70
      vertex 19.2501 13.479 70
      vertex 20.3516 11.75 70
    endloop
  endfacet
  facet normal 0 0 1
    outer loop
      vertex 23.3644 19.605 70
      vertex 18.002 15.1055 70
      vertex 19.2501 13.479 70
    endloop
  endfacet
  facet normal 0 0 1
    outer loop
      vertex 15.1055 18.002 70
      vertex 19.605 23.3644 70
      vertex 17.4941 24.9841 70
    endloop
  endfacet
  facet normal 0 -0 1
    outer loop
      vertex 17.1315 16.3545 70
      vertex 23.3644 19.605 70
      vertex 17.0881 16.4593 70
    endloop
  endfacet
  facet normal 0 0 1
    outer loop
      vertex 18.002 15.1055 70
      vertex 17.205 16.0232 70
      vertex 17.2071 15.973 70
    endloop
  endfacet
  facet normal 0 0 1
    outer loop
      vertex 18.002 15.1055 70
      vertex 17.1902 16.1356 70
      vertex 17.205 16.0232 70
    endloop
  endfacet
  facet normal 0 0 1
    outer loop
      vertex 18.002 15.1055 70
      vertex 17.1656 16.2464 70
      vertex 17.1902 16.1356 70
    endloop
  endfacet
  facet normal 0 0 1
    outer loop
      vertex 18.002 15.1055 70
      vertex 17.1315 16.3545 70
      vertex 17.1656 16.2464 70
    endloop
  endfacet
  facet normal 0 0 1
    outer loop
      vertex 23.3644 19.605 70
      vertex 17.1315 16.3545 70
      vertex 18.002 15.1055 70
    endloop
  endfacet
  facet normal 0 0 1
    outer loop
      vertex 23.3644 19.605 70
      vertex 17.0357 16.5599 70
      vertex 17.0881 16.4593 70
    endloop
  endfacet
  facet normal 0 0 1
    outer loop
      vertex 21.5668 21.5668 70
      vertex 16.9748 16.6556 70
      vertex 17.0357 16.5599 70
    endloop
  endfacet
  facet normal 0 0 1
    outer loop
      vertex 21.5668 21.5668 70
      vertex 16.9058 16.7455 70
      vertex 16.9748 16.6556 70
    endloop
  endfacet
  facet normal 0 0 1
    outer loop
      vertex 21.5668 21.5668 70
      vertex 16.8291 16.8291 70
      vertex 16.9058 16.7455 70
    endloop
  endfacet
  facet normal 0 0 1
    outer loop
      vertex 21.5668 21.5668 70
      vertex 16.7455 16.9058 70
      vertex 16.8291 16.8291 70
    endloop
  endfacet
  facet normal 0 0 1
    outer loop
      vertex 21.5668 21.5668 70
      vertex 16.6556 16.9748 70
      vertex 16.7455 16.9058 70
    endloop
  endfacet
  facet normal 0 0 1
    outer loop
      vertex 21.5668 21.5668 70
      vertex 16.5599 17.0357 70
      vertex 16.6556 16.9748 70
    endloop
  endfacet
  facet normal 0 0 1
    outer loop
      vertex 19.605 23.3644 70
      vertex 16.4593 17.0881 70
      vertex 16.5599 17.0357 70
    endloop
  endfacet
  facet normal 0 -0 1
    outer loop
      vertex 16.3545 17.1315 70
      vertex 19.605 23.3644 70
      vertex 15.1055 18.002 70
    endloop
  endfacet
  facet normal 0 0 1
    outer loop
      vertex 19.605 23.3644 70
      vertex 16.3545 17.1315 70
      vertex 16.4593 17.0881 70
    endloop
  endfacet
  facet normal 0 0 1
    outer loop
      vertex 16.3545 17.1315 70
      vertex 15.1055 18.002 70
      vertex 16.2464 17.1656 70
    endloop
  endfacet
  facet normal 0 0 1
    outer loop
      vertex 16.2464 17.1656 70
      vertex 15.1055 18.002 70
      vertex 16.1356 17.1902 70
    endloop
  endfacet
  facet normal 0 0 1
    outer loop
      vertex 16.1356 17.1902 70
      vertex 15.1055 18.002 70
      vertex 16.0232 17.205 70
    endloop
  endfacet
  facet normal 0 0 1
    outer loop
      vertex 13.479 19.2501 70
      vertex 17.4941 24.9841 70
      vertex 15.25 26.4138 70
    endloop
  endfacet
  facet normal 0 0 1
    outer loop
      vertex 16.0232 17.205 70
      vertex 15.1055 18.002 70
      vertex 15.973 17.2071 70
    endloop
  endfacet
  facet normal 0 0 1
    outer loop
      vertex 17.4941 24.9841 70
      vertex 13.479 19.2501 70
      vertex 15.1055 18.002 70
    endloop
  endfacet
  facet normal 0 0 1
    outer loop
      vertex 11.75 20.3516 70
      vertex 15.25 26.4138 70
      vertex 12.8899 27.6424 70
    endloop
  endfacet
  facet normal 0 0 1
    outer loop
      vertex 15.25 26.4138 70
      vertex 11.75 20.3516 70
      vertex 13.479 19.2501 70
    endloop
  endfacet
  facet normal 0 0 1
    outer loop
      vertex 9.93153 21.2982 70
      vertex 12.8899 27.6424 70
      vertex 10.4316 28.6606 70
    endloop
  endfacet
  facet normal 0 0 1
    outer loop
      vertex 12.8899 27.6424 70
      vertex 9.93153 21.2982 70
      vertex 11.75 20.3516 70
    endloop
  endfacet
  facet normal 0 0 1
    outer loop
      vertex 10.4316 28.6606 70
      vertex 8.03747 22.0828 70
      vertex 9.93153 21.2982 70
    endloop
  endfacet
  facet normal 0 0 1
    outer loop
      vertex 7.89398 29.4607 70
      vertex 8.03747 22.0828 70
      vertex 10.4316 28.6606 70
    endloop
  endfacet
  facet normal 0 0 1
    outer loop
      vertex 7.89398 29.4607 70
      vertex 6.08225 22.6993 70
      vertex 8.03747 22.0828 70
    endloop
  endfacet
  facet normal 0 0 1
    outer loop
      vertex 5.29627 30.0366 70
      vertex 6.08225 22.6993 70
      vertex 7.89398 29.4607 70
    endloop
  endfacet
  facet normal 0 0 1
    outer loop
      vertex 5.29627 30.0366 70
      vertex 4.08073 23.143 70
      vertex 6.08225 22.6993 70
    endloop
  endfacet
  facet normal 0 0 1
    outer loop
      vertex 2.65825 30.3839 70
      vertex 4.08073 23.143 70
      vertex 5.29627 30.0366 70
    endloop
  endfacet
  facet normal 0 0 1
    outer loop
      vertex 2.65825 30.3839 70
      vertex 2.04816 23.4106 70
      vertex 4.08073 23.143 70
    endloop
  endfacet
  facet normal 0 0 1
    outer loop
      vertex 0 30.5 70
      vertex 2.04816 23.4106 70
      vertex 2.65825 30.3839 70
    endloop
  endfacet
  facet normal 0 0 1
    outer loop
      vertex 0 30.5 70
      vertex 0 23.5 70
      vertex 2.04816 23.4106 70
    endloop
  endfacet
  facet normal 0 0 1
    outer loop
      vertex 0 30.5 70
      vertex -2.04816 23.4106 70
      vertex 0 23.5 70
    endloop
  endfacet
  facet normal -0 0 1
    outer loop
      vertex -2.65825 30.3839 70
      vertex -2.04816 23.4106 70
      vertex 0 30.5 70
    endloop
  endfacet
  facet normal 0 0 1
    outer loop
      vertex -2.65825 30.3839 70
      vertex -4.08073 23.143 70
      vertex -2.04816 23.4106 70
    endloop
  endfacet
  facet normal -0 0 1
    outer loop
      vertex -5.29627 30.0366 70
      vertex -4.08073 23.143 70
      vertex -2.65825 30.3839 70
    endloop
  endfacet
  facet normal 0 0 1
    outer loop
      vertex -5.29627 30.0366 70
      vertex -6.08225 22.6993 70
      vertex -4.08073 23.143 70
    endloop
  endfacet
  facet normal -0 0 1
    outer loop
      vertex -7.89398 29.4607 70
      vertex -6.08225 22.6993 70
      vertex -5.29627 30.0366 70
    endloop
  endfacet
  facet normal 0 0 1
    outer loop
      vertex -7.89398 29.4607 70
      vertex -8.03747 22.0828 70
      vertex -6.08225 22.6993 70
    endloop
  endfacet
  facet normal -0 0 1
    outer loop
      vertex -10.4316 28.6606 70
      vertex -8.03747 22.0828 70
      vertex -7.89398 29.4607 70
    endloop
  endfacet
  facet normal 0 0 1
    outer loop
      vertex -8.03747 22.0828 70
      vertex -10.4316 28.6606 70
      vertex -9.93153 21.2982 70
    endloop
  endfacet
  facet normal -0 0 1
    outer loop
      vertex -12.8899 27.6424 70
      vertex -9.93153 21.2982 70
      vertex -10.4316 28.6606 70
    endloop
  endfacet
  facet normal 0 0 1
    outer loop
      vertex -9.93153 21.2982 70
      vertex -12.8899 27.6424 70
      vertex -11.75 20.3516 70
    endloop
  endfacet
  facet normal -0 0 1
    outer loop
      vertex -15.25 26.4138 70
      vertex -11.75 20.3516 70
      vertex -12.8899 27.6424 70
    endloop
  endfacet
  facet normal 0 0 1
    outer loop
      vertex -11.75 20.3516 70
      vertex -15.25 26.4138 70
      vertex -13.479 19.2501 70
    endloop
  endfacet
  facet normal -0 0 1
    outer loop
      vertex -17.4941 24.9841 70
      vertex -13.479 19.2501 70
      vertex -15.25 26.4138 70
    endloop
  endfacet
  facet normal 0 0 1
    outer loop
      vertex -13.479 19.2501 70
      vertex -17.4941 24.9841 70
      vertex -15.1055 18.002 70
    endloop
  endfacet
  facet normal -0 0 1
    outer loop
      vertex -19.605 23.3644 70
      vertex -15.1055 18.002 70
      vertex -17.4941 24.9841 70
    endloop
  endfacet
  facet normal 0 0 1
    outer loop
      vertex -15.1055 18.002 70
      vertex -16.0232 17.205 70
      vertex -15.973 17.2071 70
    endloop
  endfacet
  facet normal 0 -0 1
    outer loop
      vertex -16.3545 17.1315 70
      vertex -15.1055 18.002 70
      vertex -19.605 23.3644 70
    endloop
  endfacet
  facet normal 0 0 1
    outer loop
      vertex -15.1055 18.002 70
      vertex -16.1356 17.1902 70
      vertex -16.0232 17.205 70
    endloop
  endfacet
  facet normal 0 0 1
    outer loop
      vertex -15.1055 18.002 70
      vertex -16.2464 17.1656 70
      vertex -16.1356 17.1902 70
    endloop
  endfacet
  facet normal 0 0 1
    outer loop
      vertex -15.1055 18.002 70
      vertex -16.3545 17.1315 70
      vertex -16.2464 17.1656 70
    endloop
  endfacet
  facet normal 0 0 1
    outer loop
      vertex -16.3545 17.1315 70
      vertex -19.605 23.3644 70
      vertex -16.4593 17.0881 70
    endloop
  endfacet
  facet normal 0 0 1
    outer loop
      vertex -16.4593 17.0881 70
      vertex -19.605 23.3644 70
      vertex -16.5599 17.0357 70
    endloop
  endfacet
  facet normal -0 0 1
    outer loop
      vertex -21.5668 21.5668 70
      vertex -16.5599 17.0357 70
      vertex -19.605 23.3644 70
    endloop
  endfacet
  facet normal 0 0 1
    outer loop
      vertex -16.5599 17.0357 70
      vertex -21.5668 21.5668 70
      vertex -16.6556 16.9748 70
    endloop
  endfacet
  facet normal 0 0 1
    outer loop
      vertex -16.6556 16.9748 70
      vertex -21.5668 21.5668 70
      vertex -16.7455 16.9058 70
    endloop
  endfacet
  facet normal 0 0 1
    outer loop
      vertex -16.7455 16.9058 70
      vertex -21.5668 21.5668 70
      vertex -16.8291 16.8291 70
    endloop
  endfacet
  facet normal 0 0 1
    outer loop
      vertex -16.8291 16.8291 70
      vertex -21.5668 21.5668 70
      vertex -16.9058 16.7455 70
    endloop
  endfacet
  facet normal 0 0 1
    outer loop
      vertex -16.9058 16.7455 70
      vertex -21.5668 21.5668 70
      vertex -16.9748 16.6556 70
    endloop
  endfacet
  facet normal 0 0 1
    outer loop
      vertex -16.9748 16.6556 70
      vertex -21.5668 21.5668 70
      vertex -17.0357 16.5599 70
    endloop
  endfacet
  facet normal -0 0 1
    outer loop
      vertex -23.3644 19.605 70
      vertex -17.0357 16.5599 70
      vertex -21.5668 21.5668 70
    endloop
  endfacet
  facet normal 0 0 1
    outer loop
      vertex -17.0357 16.5599 70
      vertex -23.3644 19.605 70
      vertex -17.0881 16.4593 70
    endloop
  endfacet
  facet normal 0 0 1
    outer loop
      vertex -17.0881 16.4593 70
      vertex -23.3644 19.605 70
      vertex -17.1315 16.3545 70
    endloop
  endfacet
  facet normal 0 -0 1
    outer loop
      vertex -18.002 15.1055 70
      vertex -17.1315 16.3545 70
      vertex -23.3644 19.605 70
    endloop
  endfacet
  facet normal 0 0 1
    outer loop
      vertex -17.1315 16.3545 70
      vertex -18.002 15.1055 70
      vertex -17.1656 16.2464 70
    endloop
  endfacet
  facet normal 0 0 1
    outer loop
      vertex -17.1656 16.2464 70
      vertex -18.002 15.1055 70
      vertex -17.1902 16.1356 70
    endloop
  endfacet
  facet normal 0 0 1
    outer loop
      vertex -17.1902 16.1356 70
      vertex -18.002 15.1055 70
      vertex -17.205 16.0232 70
    endloop
  endfacet
  facet normal 0 0 1
    outer loop
      vertex -17.205 16.0232 70
      vertex -18.002 15.1055 70
      vertex -17.2071 15.973 70
    endloop
  endfacet
  facet normal 0 0 1
    outer loop
      vertex -18.002 15.1055 70
      vertex -23.3644 19.605 70
      vertex -19.2501 13.479 70
    endloop
  endfacet
  facet normal -0 0 1
    outer loop
      vertex -24.9841 17.4941 70
      vertex -19.2501 13.479 70
      vertex -23.3644 19.605 70
    endloop
  endfacet
  facet normal 0 0 1
    outer loop
      vertex -19.2501 13.479 70
      vertex -24.9841 17.4941 70
      vertex -20.3516 11.75 70
    endloop
  endfacet
  facet normal -0 0 1
    outer loop
      vertex -26.4138 15.25 70
      vertex -20.3516 11.75 70
      vertex -24.9841 17.4941 70
    endloop
  endfacet
  facet normal 0 0 1
    outer loop
      vertex -20.3516 11.75 70
      vertex -26.4138 15.25 70
      vertex -21.2982 9.93153 70
    endloop
  endfacet
  facet normal -0 0 1
    outer loop
      vertex -27.6424 12.8899 70
      vertex -21.2982 9.93153 70
      vertex -26.4138 15.25 70
    endloop
  endfacet
  facet normal 0 0 1
    outer loop
      vertex -21.2982 9.93153 70
      vertex -27.6424 12.8899 70
      vertex -22.0828 8.03747 70
    endloop
  endfacet
  facet normal -0 0 1
    outer loop
      vertex -28.6606 10.4316 70
      vertex -22.0828 8.03747 70
      vertex -27.6424 12.8899 70
    endloop
  endfacet
  facet normal 0 0 1
    outer loop
      vertex -22.0828 8.03747 70
      vertex -28.6606 10.4316 70
      vertex -22.6993 6.08225 70
    endloop
  endfacet
  facet normal -0 0 1
    outer loop
      vertex 22.0828 -8.03747 70
      vertex 28.6606 -10.4316 70
      vertex 22.6993 -6.08225 70
    endloop
  endfacet
  facet normal 0 0 1
    outer loop
      vertex 28.6606 -10.4316 70
      vertex 22.0828 -8.03747 70
      vertex 27.6424 -12.8899 70
    endloop
  endfacet
  facet normal -0 0 1
    outer loop
      vertex 21.2982 -9.93153 70
      vertex 27.6424 -12.8899 70
      vertex 22.0828 -8.03747 70
    endloop
  endfacet
  facet normal 0 0 1
    outer loop
      vertex 27.6424 -12.8899 70
      vertex 21.2982 -9.93153 70
      vertex 26.4138 -15.25 70
    endloop
  endfacet
  facet normal -0 0 1
    outer loop
      vertex 20.3516 -11.75 70
      vertex 26.4138 -15.25 70
      vertex 21.2982 -9.93153 70
    endloop
  endfacet
  facet normal 0 0 1
    outer loop
      vertex 26.4138 -15.25 70
      vertex 20.3516 -11.75 70
      vertex 24.9841 -17.4941 70
    endloop
  endfacet
  facet normal -0 0 1
    outer loop
      vertex 19.2501 -13.479 70
      vertex 24.9841 -17.4941 70
      vertex 20.3516 -11.75 70
    endloop
  endfacet
  facet normal 0 0 1
    outer loop
      vertex 24.9841 -17.4941 70
      vertex 19.2501 -13.479 70
      vertex 23.3644 -19.605 70
    endloop
  endfacet
  facet normal -0 0 1
    outer loop
      vertex 18.002 -15.1055 70
      vertex 23.3644 -19.605 70
      vertex 19.2501 -13.479 70
    endloop
  endfacet
  facet normal -0 0 1
    outer loop
      vertex 17.1315 -16.3545 70
      vertex 23.3644 -19.605 70
      vertex 18.002 -15.1055 70
    endloop
  endfacet
  facet normal -0 0 1
    outer loop
      vertex 17.0357 -16.5599 70
      vertex 23.3644 -19.605 70
      vertex 17.0881 -16.4593 70
    endloop
  endfacet
  facet normal 0 0 1
    outer loop
      vertex 23.3644 -19.605 70
      vertex 17.0357 -16.5599 70
      vertex 21.5668 -21.5668 70
    endloop
  endfacet
  facet normal 0 0 1
    outer loop
      vertex 17.205 -16.0232 70
      vertex 18.002 -15.1055 70
      vertex 17.2071 -15.973 70
    endloop
  endfacet
  facet normal 0 0 1
    outer loop
      vertex 17.1902 -16.1356 70
      vertex 18.002 -15.1055 70
      vertex 17.205 -16.0232 70
    endloop
  endfacet
  facet normal 0 0 1
    outer loop
      vertex 17.1656 -16.2464 70
      vertex 18.002 -15.1055 70
      vertex 17.1902 -16.1356 70
    endloop
  endfacet
  facet normal 0 0 1
    outer loop
      vertex 17.1315 -16.3545 70
      vertex 18.002 -15.1055 70
      vertex 17.1656 -16.2464 70
    endloop
  endfacet
  facet normal 0 0 1
    outer loop
      vertex 23.3644 -19.605 70
      vertex 17.1315 -16.3545 70
      vertex 17.0881 -16.4593 70
    endloop
  endfacet
  facet normal -0 0 1
    outer loop
      vertex 16.9748 -16.6556 70
      vertex 21.5668 -21.5668 70
      vertex 17.0357 -16.5599 70
    endloop
  endfacet
  facet normal -0 0 1
    outer loop
      vertex 16.9058 -16.7455 70
      vertex 21.5668 -21.5668 70
      vertex 16.9748 -16.6556 70
    endloop
  endfacet
  facet normal -0 0 1
    outer loop
      vertex 16.8291 -16.8291 70
      vertex 21.5668 -21.5668 70
      vertex 16.9058 -16.7455 70
    endloop
  endfacet
  facet normal -0 0 1
    outer loop
      vertex 16.7455 -16.9058 70
      vertex 21.5668 -21.5668 70
      vertex 16.8291 -16.8291 70
    endloop
  endfacet
  facet normal -0 0 1
    outer loop
      vertex 16.6556 -16.9748 70
      vertex 21.5668 -21.5668 70
      vertex 16.7455 -16.9058 70
    endloop
  endfacet
  facet normal -0 0 1
    outer loop
      vertex 16.5599 -17.0357 70
      vertex 21.5668 -21.5668 70
      vertex 16.6556 -16.9748 70
    endloop
  endfacet
  facet normal 0 0 1
    outer loop
      vertex 21.5668 -21.5668 70
      vertex 16.5599 -17.0357 70
      vertex 19.605 -23.3644 70
    endloop
  endfacet
  facet normal -0 0 1
    outer loop
      vertex 16.4593 -17.0881 70
      vertex 19.605 -23.3644 70
      vertex 16.5599 -17.0357 70
    endloop
  endfacet
  facet normal -0 0 1
    outer loop
      vertex 16.3545 -17.1315 70
      vertex 19.605 -23.3644 70
      vertex 16.4593 -17.0881 70
    endloop
  endfacet
  facet normal 0 0 1
    outer loop
      vertex 19.605 -23.3644 70
      vertex 16.3545 -17.1315 70
      vertex 15.1055 -18.002 70
    endloop
  endfacet
  facet normal 0 0 1
    outer loop
      vertex 15.1055 -18.002 70
      vertex 16.3545 -17.1315 70
      vertex 16.2464 -17.1656 70
    endloop
  endfacet
  facet normal 0 0 1
    outer loop
      vertex 15.1055 -18.002 70
      vertex 16.2464 -17.1656 70
      vertex 16.1356 -17.1902 70
    endloop
  endfacet
  facet normal 0 0 1
    outer loop
      vertex 15.1055 -18.002 70
      vertex 16.1356 -17.1902 70
      vertex 16.0232 -17.205 70
    endloop
  endfacet
  facet normal 0 0 1
    outer loop
      vertex 15.1055 -18.002 70
      vertex 16.0232 -17.205 70
      vertex 15.973 -17.2071 70
    endloop
  endfacet
  facet normal 0 0 1
    outer loop
      vertex 19.605 -23.3644 70
      vertex 15.1055 -18.002 70
      vertex 17.4941 -24.9841 70
    endloop
  endfacet
  facet normal -0 0 1
    outer loop
      vertex 13.479 -19.2501 70
      vertex 17.4941 -24.9841 70
      vertex 15.1055 -18.002 70
    endloop
  endfacet
  facet normal 0 0 1
    outer loop
      vertex 17.4941 -24.9841 70
      vertex 13.479 -19.2501 70
      vertex 15.25 -26.4138 70
    endloop
  endfacet
  facet normal -0 0 1
    outer loop
      vertex 11.75 -20.3516 70
      vertex 15.25 -26.4138 70
      vertex 13.479 -19.2501 70
    endloop
  endfacet
  facet normal 0 0 1
    outer loop
      vertex 15.25 -26.4138 70
      vertex 11.75 -20.3516 70
      vertex 12.8899 -27.6424 70
    endloop
  endfacet
  facet normal -0 0 1
    outer loop
      vertex 9.93153 -21.2982 70
      vertex 12.8899 -27.6424 70
      vertex 11.75 -20.3516 70
    endloop
  endfacet
  facet normal 0 0 1
    outer loop
      vertex 12.8899 -27.6424 70
      vertex 9.93153 -21.2982 70
      vertex 10.4316 -28.6606 70
    endloop
  endfacet
  facet normal -0 0 1
    outer loop
      vertex 8.03747 -22.0828 70
      vertex 10.4316 -28.6606 70
      vertex 9.93153 -21.2982 70
    endloop
  endfacet
  facet normal 0 0 1
    outer loop
      vertex 8.03747 -22.0828 70
      vertex 7.89398 -29.4607 70
      vertex 10.4316 -28.6606 70
    endloop
  endfacet
  facet normal -0 0 1
    outer loop
      vertex 6.08225 -22.6993 70
      vertex 7.89398 -29.4607 70
      vertex 8.03747 -22.0828 70
    endloop
  endfacet
  facet normal 0 0 1
    outer loop
      vertex 6.08225 -22.6993 70
      vertex 5.29627 -30.0366 70
      vertex 7.89398 -29.4607 70
    endloop
  endfacet
  facet normal -0 0 1
    outer loop
      vertex 4.08073 -23.143 70
      vertex 5.29627 -30.0366 70
      vertex 6.08225 -22.6993 70
    endloop
  endfacet
  facet normal 0 0 1
    outer loop
      vertex 4.08073 -23.143 70
      vertex 2.65825 -30.3839 70
      vertex 5.29627 -30.0366 70
    endloop
  endfacet
  facet normal -0 0 1
    outer loop
      vertex 2.04816 -23.4106 70
      vertex 2.65825 -30.3839 70
      vertex 4.08073 -23.143 70
    endloop
  endfacet
  facet normal -0 0 1
    outer loop
      vertex 0 -23.5 70
      vertex 2.65825 -30.3839 70
      vertex 2.04816 -23.4106 70
    endloop
  endfacet
  facet normal 0 0 1
    outer loop
      vertex 0 -23.5 70
      vertex 0 -30.5 70
      vertex 2.65825 -30.3839 70
    endloop
  endfacet
  facet normal 0 0 1
    outer loop
      vertex -2.04816 -23.4106 70
      vertex 0 -30.5 70
      vertex 0 -23.5 70
    endloop
  endfacet
  facet normal 0 0 1
    outer loop
      vertex -2.04816 -23.4106 70
      vertex -2.65825 -30.3839 70
      vertex 0 -30.5 70
    endloop
  endfacet
  facet normal 0 0 1
    outer loop
      vertex -4.08073 -23.143 70
      vertex -2.65825 -30.3839 70
      vertex -2.04816 -23.4106 70
    endloop
  endfacet
  facet normal 0 0 1
    outer loop
      vertex -4.08073 -23.143 70
      vertex -5.29627 -30.0366 70
      vertex -2.65825 -30.3839 70
    endloop
  endfacet
  facet normal 0 0 1
    outer loop
      vertex -6.08225 -22.6993 70
      vertex -5.29627 -30.0366 70
      vertex -4.08073 -23.143 70
    endloop
  endfacet
  facet normal 0 0 1
    outer loop
      vertex -6.08225 -22.6993 70
      vertex -7.89398 -29.4607 70
      vertex -5.29627 -30.0366 70
    endloop
  endfacet
  facet normal 0 0 1
    outer loop
      vertex -8.03747 -22.0828 70
      vertex -7.89398 -29.4607 70
      vertex -6.08225 -22.6993 70
    endloop
  endfacet
  facet normal 0 0 1
    outer loop
      vertex -10.4316 -28.6606 70
      vertex -8.03747 -22.0828 70
      vertex -9.93153 -21.2982 70
    endloop
  endfacet
  facet normal 0 0 1
    outer loop
      vertex -8.03747 -22.0828 70
      vertex -10.4316 -28.6606 70
      vertex -7.89398 -29.4607 70
    endloop
  endfacet
  facet normal 0 0 1
    outer loop
      vertex -12.8899 -27.6424 70
      vertex -9.93153 -21.2982 70
      vertex -11.75 -20.3516 70
    endloop
  endfacet
  facet normal 0 0 1
    outer loop
      vertex -9.93153 -21.2982 70
      vertex -12.8899 -27.6424 70
      vertex -10.4316 -28.6606 70
    endloop
  endfacet
  facet normal 0 0 1
    outer loop
      vertex -15.25 -26.4138 70
      vertex -11.75 -20.3516 70
      vertex -13.479 -19.2501 70
    endloop
  endfacet
  facet normal 0 0 1
    outer loop
      vertex -17.4941 -24.9841 70
      vertex -13.479 -19.2501 70
      vertex -15.1055 -18.002 70
    endloop
  endfacet
  facet normal 0 0 1
    outer loop
      vertex -11.75 -20.3516 70
      vertex -15.25 -26.4138 70
      vertex -12.8899 -27.6424 70
    endloop
  endfacet
  facet normal 0 0 1
    outer loop
      vertex -16.0232 -17.205 70
      vertex -15.1055 -18.002 70
      vertex -15.973 -17.2071 70
    endloop
  endfacet
  facet normal 0 0 1
    outer loop
      vertex -16.1356 -17.1902 70
      vertex -15.1055 -18.002 70
      vertex -16.0232 -17.205 70
    endloop
  endfacet
  facet normal 0 0 1
    outer loop
      vertex -16.2464 -17.1656 70
      vertex -15.1055 -18.002 70
      vertex -16.1356 -17.1902 70
    endloop
  endfacet
  facet normal 0 0 1
    outer loop
      vertex -16.3545 -17.1315 70
      vertex -15.1055 -18.002 70
      vertex -16.2464 -17.1656 70
    endloop
  endfacet
  facet normal 0 0 1
    outer loop
      vertex -15.1055 -18.002 70
      vertex -16.3545 -17.1315 70
      vertex -19.605 -23.3644 70
    endloop
  endfacet
  facet normal 0 0 1
    outer loop
      vertex -19.605 -23.3644 70
      vertex -16.3545 -17.1315 70
      vertex -16.4593 -17.0881 70
    endloop
  endfacet
  facet normal 0 0 1
    outer loop
      vertex -19.605 -23.3644 70
      vertex -16.4593 -17.0881 70
      vertex -16.5599 -17.0357 70
    endloop
  endfacet
  facet normal 0 0 1
    outer loop
      vertex -21.5668 -21.5668 70
      vertex -16.5599 -17.0357 70
      vertex -16.6556 -16.9748 70
    endloop
  endfacet
  facet normal 0 0 1
    outer loop
      vertex -21.5668 -21.5668 70
      vertex -16.6556 -16.9748 70
      vertex -16.7455 -16.9058 70
    endloop
  endfacet
  facet normal 0 0 1
    outer loop
      vertex -21.5668 -21.5668 70
      vertex -16.7455 -16.9058 70
      vertex -16.8291 -16.8291 70
    endloop
  endfacet
  facet normal 0 0 1
    outer loop
      vertex -21.5668 -21.5668 70
      vertex -16.8291 -16.8291 70
      vertex -16.9058 -16.7455 70
    endloop
  endfacet
  facet normal 0 0 1
    outer loop
      vertex -21.5668 -21.5668 70
      vertex -16.9058 -16.7455 70
      vertex -16.9748 -16.6556 70
    endloop
  endfacet
  facet normal 0 0 1
    outer loop
      vertex -21.5668 -21.5668 70
      vertex -16.9748 -16.6556 70
      vertex -17.0357 -16.5599 70
    endloop
  endfacet
  facet normal 0 0 1
    outer loop
      vertex -23.3644 -19.605 70
      vertex -17.0357 -16.5599 70
      vertex -17.0881 -16.4593 70
    endloop
  endfacet
  facet normal 0 0 1
    outer loop
      vertex -23.3644 -19.605 70
      vertex -17.0881 -16.4593 70
      vertex -17.1315 -16.3545 70
    endloop
  endfacet
  facet normal 0 0 1
    outer loop
      vertex -18.002 -15.1055 70
      vertex -17.1315 -16.3545 70
      vertex -17.1656 -16.2464 70
    endloop
  endfacet
  facet normal 0 0 1
    outer loop
      vertex -18.002 -15.1055 70
      vertex -17.1656 -16.2464 70
      vertex -17.1902 -16.1356 70
    endloop
  endfacet
  facet normal 0 0 1
    outer loop
      vertex -13.479 -19.2501 70
      vertex -17.4941 -24.9841 70
      vertex -15.25 -26.4138 70
    endloop
  endfacet
  facet normal 0 0 1
    outer loop
      vertex -18.002 -15.1055 70
      vertex -17.1902 -16.1356 70
      vertex -17.205 -16.0232 70
    endloop
  endfacet
  facet normal 0 0 1
    outer loop
      vertex -18.002 -15.1055 70
      vertex -17.205 -16.0232 70
      vertex -17.2071 -15.973 70
    endloop
  endfacet
  facet normal 0 0 1
    outer loop
      vertex -17.1315 -16.3545 70
      vertex -18.002 -15.1055 70
      vertex -23.3644 -19.605 70
    endloop
  endfacet
  facet normal 0 0 1
    outer loop
      vertex -23.3644 -19.605 70
      vertex -18.002 -15.1055 70
      vertex -19.2501 -13.479 70
    endloop
  endfacet
  facet normal 0 0 1
    outer loop
      vertex -15.1055 -18.002 70
      vertex -19.605 -23.3644 70
      vertex -17.4941 -24.9841 70
    endloop
  endfacet
  facet normal 0 0 1
    outer loop
      vertex -24.9841 -17.4941 70
      vertex -19.2501 -13.479 70
      vertex -20.3516 -11.75 70
    endloop
  endfacet
  facet normal 0 0 1
    outer loop
      vertex -26.4138 -15.25 70
      vertex -20.3516 -11.75 70
      vertex -21.2982 -9.93153 70
    endloop
  endfacet
  facet normal 0 0 1
    outer loop
      vertex -16.5599 -17.0357 70
      vertex -21.5668 -21.5668 70
      vertex -19.605 -23.3644 70
    endloop
  endfacet
  facet normal 0 0 1
    outer loop
      vertex -27.6424 -12.8899 70
      vertex -21.2982 -9.93153 70
      vertex -22.0828 -8.03747 70
    endloop
  endfacet
  facet normal 0 0 1
    outer loop
      vertex -28.6606 -10.4316 70
      vertex -22.0828 -8.03747 70
      vertex -22.6993 -6.08225 70
    endloop
  endfacet
  facet normal 0 0 1
    outer loop
      vertex -29.4607 -7.89398 70
      vertex -22.6993 -6.08225 70
      vertex -23.143 -4.08073 70
    endloop
  endfacet
  facet normal 0 0 1
    outer loop
      vertex -17.0357 -16.5599 70
      vertex -23.3644 -19.605 70
      vertex -21.5668 -21.5668 70
    endloop
  endfacet
  facet normal 0 0 1
    outer loop
      vertex -30.0366 -5.29627 70
      vertex -23.143 -4.08073 70
      vertex -23.4106 -2.04816 70
    endloop
  endfacet
  facet normal 0 0 1
    outer loop
      vertex -30.3839 -2.65825 70
      vertex -23.4106 -2.04816 70
      vertex -23.5 0 70
    endloop
  endfacet
  facet normal -0 0 1
    outer loop
      vertex -29.4607 7.89398 70
      vertex -22.6993 6.08225 70
      vertex -28.6606 10.4316 70
    endloop
  endfacet
  facet normal 0 0 1
    outer loop
      vertex -19.2501 -13.479 70
      vertex -24.9841 -17.4941 70
      vertex -23.3644 -19.605 70
    endloop
  endfacet
  facet normal 0 0 1
    outer loop
      vertex -22.6993 6.08225 70
      vertex -29.4607 7.89398 70
      vertex -23.143 4.08073 70
    endloop
  endfacet
  facet normal 0 0 1
    outer loop
      vertex -20.3516 -11.75 70
      vertex -26.4138 -15.25 70
      vertex -24.9841 -17.4941 70
    endloop
  endfacet
  facet normal -0 0 1
    outer loop
      vertex -30.0366 5.29627 70
      vertex -23.143 4.08073 70
      vertex -29.4607 7.89398 70
    endloop
  endfacet
  facet normal 0 0 1
    outer loop
      vertex -21.2982 -9.93153 70
      vertex -27.6424 -12.8899 70
      vertex -26.4138 -15.25 70
    endloop
  endfacet
  facet normal 0 0 1
    outer loop
      vertex -23.143 4.08073 70
      vertex -30.0366 5.29627 70
      vertex -23.4106 2.04816 70
    endloop
  endfacet
  facet normal 0 0 1
    outer loop
      vertex -22.0828 -8.03747 70
      vertex -28.6606 -10.4316 70
      vertex -27.6424 -12.8899 70
    endloop
  endfacet
  facet normal -0 0 1
    outer loop
      vertex -30.3839 2.65825 70
      vertex -23.4106 2.04816 70
      vertex -30.0366 5.29627 70
    endloop
  endfacet
  facet normal 0 0 1
    outer loop
      vertex -22.6993 -6.08225 70
      vertex -29.4607 -7.89398 70
      vertex -28.6606 -10.4316 70
    endloop
  endfacet
  facet normal 0 0 1
    outer loop
      vertex -23.4106 2.04816 70
      vertex -30.3839 2.65825 70
      vertex -23.5 0 70
    endloop
  endfacet
  facet normal 0 0 1
    outer loop
      vertex -23.143 -4.08073 70
      vertex -30.0366 -5.29627 70
      vertex -29.4607 -7.89398 70
    endloop
  endfacet
  facet normal 0 0 1
    outer loop
      vertex -30.5 0 70
      vertex -23.5 0 70
      vertex -30.3839 2.65825 70
    endloop
  endfacet
  facet normal 0 0 1
    outer loop
      vertex -23.4106 -2.04816 70
      vertex -30.3839 -2.65825 70
      vertex -30.0366 -5.29627 70
    endloop
  endfacet
  facet normal 0 0 1
    outer loop
      vertex -23.5 0 70
      vertex -30.5 0 70
      vertex -30.3839 -2.65825 70
    endloop
  endfacet
  facet normal -0.300703 0.953718 0
    outer loop
      vertex -7.89398 29.4607 46
      vertex -10.4316 28.6606 70
      vertex -7.89398 29.4607 70
    endloop
  endfacet
  facet normal -0.300703 0.953718 0
    outer loop
      vertex -10.4316 28.6606 70
      vertex -7.89398 29.4607 46
      vertex -10.4316 28.6606 46
    endloop
  endfacet
  facet normal -0.300703 0.953718 0
    outer loop
      vertex -7.89398 29.4607 0
      vertex -10.4316 28.6606 24
      vertex -7.89398 29.4607 24
    endloop
  endfacet
  facet normal -0.300703 0.953718 0
    outer loop
      vertex -10.4316 28.6606 24
      vertex -7.89398 29.4607 0
      vertex -10.4316 28.6606 0
    endloop
  endfacet
  facet normal 0.887009 0.461751 0
    outer loop
      vertex 27.6424 12.8899 70
      vertex 26.4138 15.25 0
      vertex 26.4138 15.25 70
    endloop
  endfacet
  facet normal 0.887009 0.461751 0
    outer loop
      vertex 26.4138 15.25 0
      vertex 27.6424 12.8899 70
      vertex 27.6424 12.8899 0
    endloop
  endfacet
  facet normal 0.999048 -0.0436338 0
    outer loop
      vertex 30.3839 -2.65825 70
      vertex 30.5 0 0
      vertex 30.5 0 70
    endloop
  endfacet
  facet normal 0.999048 -0.0436338 0
    outer loop
      vertex 30.5 0 0
      vertex 30.3839 -2.65825 70
      vertex 30.3839 -2.65825 0
    endloop
  endfacet
  facet normal -0.21644 0.976296 0
    outer loop
      vertex -5.29627 30.0366 0
      vertex -7.89398 29.4607 24
      vertex -5.29627 30.0366 24
    endloop
  endfacet
  facet normal -0.21644 0.976296 0
    outer loop
      vertex -7.89398 29.4607 24
      vertex -5.29627 30.0366 0
      vertex -7.89398 29.4607 0
    endloop
  endfacet
  facet normal -0.21644 0.976296 0
    outer loop
      vertex -5.29627 30.0366 46
      vertex -7.89398 29.4607 70
      vertex -5.29627 30.0366 70
    endloop
  endfacet
  facet normal -0.21644 0.976296 0
    outer loop
      vertex -7.89398 29.4607 70
      vertex -5.29627 30.0366 46
      vertex -7.89398 29.4607 46
    endloop
  endfacet
  facet normal 0.843383 0.537313 0
    outer loop
      vertex 26.4138 15.25 70
      vertex 24.9841 17.4941 0
      vertex 24.9841 17.4941 70
    endloop
  endfacet
  facet normal 0.843383 0.537313 0
    outer loop
      vertex 24.9841 17.4941 0
      vertex 26.4138 15.25 70
      vertex 26.4138 15.25 0
    endloop
  endfacet
  facet normal -0.46176 0.887005 0
    outer loop
      vertex -12.8899 27.6424 24
      vertex -12.8899 27.6424 0
      vertex -14 27.0645 24
    endloop
  endfacet
  facet normal -0.46176 0.887005 0
    outer loop
      vertex -14 27.0645 46
      vertex -12.8899 27.6424 70
      vertex -12.8899 27.6424 46
    endloop
  endfacet
  facet normal -0.461751 0.887009 -5.15678e-07
    outer loop
      vertex -12.8899 27.6424 70
      vertex -14 27.0645 46
      vertex -15.25 26.4138 70
    endloop
  endfacet
  facet normal -0.461744 0.887013 0
    outer loop
      vertex -14 27.0645 24
      vertex -15.25 26.4138 70
      vertex -14 27.0645 46
    endloop
  endfacet
  facet normal -0.461744 0.887013 0
    outer loop
      vertex -14 27.0645 24
      vertex -15.25 26.4138 0
      vertex -15.25 26.4138 70
    endloop
  endfacet
  facet normal -0.461751 0.887009 5.15678e-07
    outer loop
      vertex -15.25 26.4138 0
      vertex -14 27.0645 24
      vertex -12.8899 27.6424 0
    endloop
  endfacet
  facet normal 0.991445 -0.130525 0
    outer loop
      vertex 30.0366 -5.29627 70
      vertex 30.3839 -2.65825 0
      vertex 30.3839 -2.65825 70
    endloop
  endfacet
  facet normal 0.991445 -0.130525 0
    outer loop
      vertex 30.3839 -2.65825 0
      vertex 30.0366 -5.29627 70
      vertex 30.0366 -5.29627 0
    endloop
  endfacet
  facet normal -0.675578 0.737288 0
    outer loop
      vertex -19.605 23.3644 0
      vertex -21.5668 21.5668 70
      vertex -19.605 23.3644 70
    endloop
  endfacet
  facet normal -0.675578 0.737288 0
    outer loop
      vertex -21.5668 21.5668 70
      vertex -19.605 23.3644 0
      vertex -21.5668 21.5668 0
    endloop
  endfacet
  facet normal 0.537313 -0.843383 0
    outer loop
      vertex 15.25 -26.4138 0
      vertex 17.4941 -24.9841 70
      vertex 15.25 -26.4138 70
    endloop
  endfacet
  facet normal 0.537313 -0.843383 0
    outer loop
      vertex 17.4941 -24.9841 70
      vertex 15.25 -26.4138 0
      vertex 17.4941 -24.9841 0
    endloop
  endfacet
  facet normal -0.382664 0.923888 0
    outer loop
      vertex -10.4316 28.6606 46
      vertex -12.8899 27.6424 70
      vertex -10.4316 28.6606 70
    endloop
  endfacet
  facet normal -0.382664 0.923888 0
    outer loop
      vertex -12.8899 27.6424 70
      vertex -10.4316 28.6606 46
      vertex -12.8899 27.6424 46
    endloop
  endfacet
  facet normal -0.382664 0.923888 0
    outer loop
      vertex -10.4316 28.6606 0
      vertex -12.8899 27.6424 24
      vertex -10.4316 28.6606 24
    endloop
  endfacet
  facet normal -0.382664 0.923888 0
    outer loop
      vertex -12.8899 27.6424 24
      vertex -10.4316 28.6606 0
      vertex -12.8899 27.6424 0
    endloop
  endfacet
  facet normal -0.999048 -0.0436338 0
    outer loop
      vertex -30.3839 -2.65825 0
      vertex -30.5 0 70
      vertex -30.5 0 0
    endloop
  endfacet
  facet normal -0.999048 -0.0436338 0
    outer loop
      vertex -30.5 0 70
      vertex -30.3839 -2.65825 0
      vertex -30.3839 -2.65825 70
    endloop
  endfacet
  facet normal -0.0436338 0.999048 0
    outer loop
      vertex 0 30.5 46
      vertex -2.65825 30.3839 70
      vertex 0 30.5 70
    endloop
  endfacet
  facet normal -0.0436338 0.999048 0
    outer loop
      vertex -2.65825 30.3839 70
      vertex 0 30.5 46
      vertex -2.65825 30.3839 46
    endloop
  endfacet
  facet normal -0.0436338 0.999048 0
    outer loop
      vertex 0 30.5 0
      vertex -2.65825 30.3839 24
      vertex 0 30.5 24
    endloop
  endfacet
  facet normal -0.0436338 0.999048 0
    outer loop
      vertex -2.65825 30.3839 24
      vertex 0 30.5 0
      vertex -2.65825 30.3839 0
    endloop
  endfacet
  facet normal -0.887009 -0.461751 0
    outer loop
      vertex -26.4138 -15.25 0
      vertex -27.6424 -12.8899 70
      vertex -27.6424 -12.8899 0
    endloop
  endfacet
  facet normal -0.887009 -0.461751 0
    outer loop
      vertex -27.6424 -12.8899 70
      vertex -26.4138 -15.25 0
      vertex -26.4138 -15.25 70
    endloop
  endfacet
  facet normal -0.793363 0.608749 0
    outer loop
      vertex -24.9841 17.4941 0
      vertex -23.3644 19.605 70
      vertex -23.3644 19.605 0
    endloop
  endfacet
  facet normal -0.793363 0.608749 0
    outer loop
      vertex -23.3644 19.605 70
      vertex -24.9841 17.4941 0
      vertex -24.9841 17.4941 70
    endloop
  endfacet
  facet normal -0.737288 -0.675578 0
    outer loop
      vertex -21.5668 -21.5668 0
      vertex -23.3644 -19.605 70
      vertex -23.3644 -19.605 0
    endloop
  endfacet
  facet normal -0.737288 -0.675578 0
    outer loop
      vertex -23.3644 -19.605 70
      vertex -21.5668 -21.5668 0
      vertex -21.5668 -21.5668 70
    endloop
  endfacet
  facet normal -0.991445 -0.130525 0
    outer loop
      vertex -30.0366 -5.29627 0
      vertex -30.3839 -2.65825 70
      vertex -30.3839 -2.65825 0
    endloop
  endfacet
  facet normal -0.991445 -0.130525 0
    outer loop
      vertex -30.3839 -2.65825 70
      vertex -30.0366 -5.29627 0
      vertex -30.0366 -5.29627 70
    endloop
  endfacet
  facet normal -0.976296 0.21644 0
    outer loop
      vertex -30.0366 5.29627 0
      vertex -29.4607 7.89398 70
      vertex -29.4607 7.89398 0
    endloop
  endfacet
  facet normal -0.976296 0.21644 0
    outer loop
      vertex -29.4607 7.89398 70
      vertex -30.0366 5.29627 0
      vertex -30.0366 5.29627 70
    endloop
  endfacet
  facet normal 0.887009 -0.461751 0
    outer loop
      vertex 26.4138 -15.25 70
      vertex 27.6424 -12.8899 0
      vertex 27.6424 -12.8899 70
    endloop
  endfacet
  facet normal 0.887009 -0.461751 0
    outer loop
      vertex 27.6424 -12.8899 0
      vertex 26.4138 -15.25 70
      vertex 26.4138 -15.25 0
    endloop
  endfacet
  facet normal 0.608749 -0.793363 0
    outer loop
      vertex 17.4941 -24.9841 0
      vertex 19.605 -23.3644 70
      vertex 17.4941 -24.9841 70
    endloop
  endfacet
  facet normal 0.608749 -0.793363 0
    outer loop
      vertex 19.605 -23.3644 70
      vertex 17.4941 -24.9841 0
      vertex 19.605 -23.3644 0
    endloop
  endfacet
  facet normal -0.976296 -0.21644 0
    outer loop
      vertex -29.4607 -7.89398 0
      vertex -30.0366 -5.29627 70
      vertex -30.0366 -5.29627 0
    endloop
  endfacet
  facet normal -0.976296 -0.21644 0
    outer loop
      vertex -30.0366 -5.29627 70
      vertex -29.4607 -7.89398 0
      vertex -29.4607 -7.89398 70
    endloop
  endfacet
  facet normal 0.675578 0.737288 -0
    outer loop
      vertex 21.5668 21.5668 0
      vertex 19.605 23.3644 70
      vertex 21.5668 21.5668 70
    endloop
  endfacet
  facet normal 0.675578 0.737288 0
    outer loop
      vertex 19.605 23.3644 70
      vertex 21.5668 21.5668 0
      vertex 19.605 23.3644 0
    endloop
  endfacet
  facet normal -0.537313 -0.843383 0
    outer loop
      vertex -17.4941 -24.9841 0
      vertex -15.25 -26.4138 70
      vertex -17.4941 -24.9841 70
    endloop
  endfacet
  facet normal -0.537313 -0.843383 -0
    outer loop
      vertex -15.25 -26.4138 70
      vertex -17.4941 -24.9841 0
      vertex -15.25 -26.4138 0
    endloop
  endfacet
  facet normal -0.999048 0.0436338 0
    outer loop
      vertex -30.5 0 0
      vertex -30.3839 2.65825 70
      vertex -30.3839 2.65825 0
    endloop
  endfacet
  facet normal -0.999048 0.0436338 0
    outer loop
      vertex -30.3839 2.65825 70
      vertex -30.5 0 0
      vertex -30.5 0 70
    endloop
  endfacet
  facet normal -0.382664 -0.923888 0
    outer loop
      vertex -12.8899 -27.6424 0
      vertex -10.4316 -28.6606 70
      vertex -12.8899 -27.6424 70
    endloop
  endfacet
  facet normal -0.382664 -0.923888 -0
    outer loop
      vertex -10.4316 -28.6606 70
      vertex -12.8899 -27.6424 0
      vertex -10.4316 -28.6606 0
    endloop
  endfacet
  facet normal 0.737288 -0.675578 0
    outer loop
      vertex 21.5668 -21.5668 70
      vertex 23.3644 -19.605 0
      vertex 23.3644 -19.605 70
    endloop
  endfacet
  facet normal 0.737288 -0.675578 0
    outer loop
      vertex 23.3644 -19.605 0
      vertex 21.5668 -21.5668 70
      vertex 21.5668 -21.5668 0
    endloop
  endfacet
  facet normal -0.130525 -0.991445 0
    outer loop
      vertex -5.29627 -30.0366 70
      vertex -2.65825 -30.3839 32.7326
      vertex -2.65825 -30.3839 70
    endloop
  endfacet
  facet normal -0.130535 -0.991444 -6.73383e-07
    outer loop
      vertex -5.29627 -30.0366 70
      vertex -3.28105 -30.3019 30.815
      vertex -2.65825 -30.3839 32.7326
    endloop
  endfacet
  facet normal -0.130522 -0.991445 0
    outer loop
      vertex -5.29627 -30.0366 0
      vertex -3.28105 -30.3019 30.815
      vertex -5.29627 -30.0366 70
    endloop
  endfacet
  facet normal -0.130525 -0.991445 2.34169e-07
    outer loop
      vertex -2.65825 -30.3839 0
      vertex -3.28105 -30.3019 30.815
      vertex -5.29627 -30.0366 0
    endloop
  endfacet
  facet normal -0.130537 -0.991443 0
    outer loop
      vertex -3.28105 -30.3019 30.815
      vertex -2.65825 -30.3839 0
      vertex -2.65825 -30.3839 30.815
    endloop
  endfacet
  facet normal 0.675578 -0.737288 0
    outer loop
      vertex 19.605 -23.3644 0
      vertex 21.5668 -21.5668 70
      vertex 19.605 -23.3644 70
    endloop
  endfacet
  facet normal 0.675578 -0.737288 0
    outer loop
      vertex 21.5668 -21.5668 70
      vertex 19.605 -23.3644 0
      vertex 21.5668 -21.5668 0
    endloop
  endfacet
  facet normal -0.21644 -0.976296 0
    outer loop
      vertex -7.89398 -29.4607 0
      vertex -5.29627 -30.0366 70
      vertex -7.89398 -29.4607 70
    endloop
  endfacet
  facet normal -0.21644 -0.976296 -0
    outer loop
      vertex -5.29627 -30.0366 70
      vertex -7.89398 -29.4607 0
      vertex -5.29627 -30.0366 0
    endloop
  endfacet
  facet normal -0.300703 -0.953718 0
    outer loop
      vertex -10.4316 -28.6606 0
      vertex -7.89398 -29.4607 70
      vertex -10.4316 -28.6606 70
    endloop
  endfacet
  facet normal -0.300703 -0.953718 -0
    outer loop
      vertex -7.89398 -29.4607 70
      vertex -10.4316 -28.6606 0
      vertex -7.89398 -29.4607 0
    endloop
  endfacet
  facet normal -0.793361 -0.608751 0
    outer loop
      vertex 19.2501 13.479 0
      vertex 19.0384 13.7549 10
      vertex 19.0384 13.7549 0
    endloop
  endfacet
  facet normal -0.793361 -0.608751 0
    outer loop
      vertex 19.0384 13.7549 10
      vertex 19.2501 13.479 0
      vertex 19.2501 13.479 10
    endloop
  endfacet
  facet normal -0.793343 -0.608775 0
    outer loop
      vertex 19.2501 13.479 60
      vertex 18.002 15.1055 70
      vertex 18.002 15.1055 60
    endloop
  endfacet
  facet normal -0.793343 -0.608775 0
    outer loop
      vertex 18.002 15.1055 70
      vertex 19.2501 13.479 60
      vertex 19.2501 13.479 70
    endloop
  endfacet
  facet normal -0.991444 -0.13053 0
    outer loop
      vertex 23.4106 2.04816 0
      vertex 23.143 4.08073 70
      vertex 23.143 4.08073 0
    endloop
  endfacet
  facet normal -0.991444 -0.13053 0
    outer loop
      vertex 23.143 4.08073 70
      vertex 23.4106 2.04816 0
      vertex 23.4106 2.04816 70
    endloop
  endfacet
  facet normal -0.999049 -0.0436074 0
    outer loop
      vertex 23.5 0 0
      vertex 23.4106 2.04816 70
      vertex 23.4106 2.04816 0
    endloop
  endfacet
  facet normal -0.999049 -0.0436074 0
    outer loop
      vertex 23.4106 2.04816 70
      vertex 23.5 0 0
      vertex 23.5 0 70
    endloop
  endfacet
  facet normal -0.976299 -0.216427 0
    outer loop
      vertex 23.143 4.08073 0
      vertex 22.6993 6.08225 70
      vertex 22.6993 6.08225 0
    endloop
  endfacet
  facet normal -0.976299 -0.216427 0
    outer loop
      vertex 22.6993 6.08225 70
      vertex 23.143 4.08073 0
      vertex 23.143 4.08073 70
    endloop
  endfacet
  facet normal -0.793361 0.608751 0
    outer loop
      vertex 19.0384 -13.7549 0
      vertex 19.2501 -13.479 10
      vertex 19.2501 -13.479 0
    endloop
  endfacet
  facet normal -0.793361 0.608751 0
    outer loop
      vertex 19.2501 -13.479 10
      vertex 19.0384 -13.7549 0
      vertex 19.0384 -13.7549 10
    endloop
  endfacet
  facet normal -0.793343 0.608775 0
    outer loop
      vertex 18.002 -15.1055 60
      vertex 19.2501 -13.479 70
      vertex 19.2501 -13.479 60
    endloop
  endfacet
  facet normal -0.793343 0.608775 0
    outer loop
      vertex 19.2501 -13.479 70
      vertex 18.002 -15.1055 60
      vertex 18.002 -15.1055 70
    endloop
  endfacet
  facet normal -0.300766 -0.953698 -0
    outer loop
      vertex 6.08225 22.6993 24
      vertex 6.08225 22.6993 0
      vertex 6.71421 22.5 24
    endloop
  endfacet
  facet normal -0.300766 -0.953698 0
    outer loop
      vertex 6.71421 22.5 46
      vertex 6.08225 22.6993 70
      vertex 6.08225 22.6993 46
    endloop
  endfacet
  facet normal -0.300715 -0.953714 1.46346e-06
    outer loop
      vertex 6.08225 22.6993 70
      vertex 6.71421 22.5 46
      vertex 8.03747 22.0828 70
    endloop
  endfacet
  facet normal -0.300691 -0.953722 0
    outer loop
      vertex 6.71421 22.5 24
      vertex 8.03747 22.0828 70
      vertex 6.71421 22.5 46
    endloop
  endfacet
  facet normal -0.300715 -0.953714 -1.46346e-06
    outer loop
      vertex 8.03747 22.0828 0
      vertex 6.71421 22.5 24
      vertex 6.08225 22.6993 0
    endloop
  endfacet
  facet normal -0.300691 -0.953722 0
    outer loop
      vertex 6.71421 22.5 24
      vertex 8.03747 22.0828 0
      vertex 8.03747 22.0828 70
    endloop
  endfacet
  facet normal 0.13053 0.991444 -0
    outer loop
      vertex -2.04816 -23.4106 0
      vertex -4.08073 -23.143 70
      vertex -2.04816 -23.4106 70
    endloop
  endfacet
  facet normal 0.13053 0.991444 0
    outer loop
      vertex -4.08073 -23.143 70
      vertex -2.04816 -23.4106 0
      vertex -4.08073 -23.143 0
    endloop
  endfacet
  facet normal -0.382706 -0.92387 0
    outer loop
      vertex 8.03747 22.0828 0
      vertex 9.93153 21.2982 70
      vertex 8.03747 22.0828 70
    endloop
  endfacet
  facet normal -0.382706 -0.92387 -0
    outer loop
      vertex 9.93153 21.2982 70
      vertex 8.03747 22.0828 0
      vertex 9.93153 21.2982 0
    endloop
  endfacet
  facet normal 0.953714 0.300715 0
    outer loop
      vertex -22.0828 -8.03747 70
      vertex -22.6993 -6.08225 0
      vertex -22.6993 -6.08225 70
    endloop
  endfacet
  facet normal 0.953714 0.300715 0
    outer loop
      vertex -22.6993 -6.08225 0
      vertex -22.0828 -8.03747 70
      vertex -22.0828 -8.03747 0
    endloop
  endfacet
  facet normal 0.13053 -0.991444 0
    outer loop
      vertex -4.08073 23.143 0
      vertex -2.04816 23.4106 24
      vertex -4.08073 23.143 24
    endloop
  endfacet
  facet normal 0.13053 -0.991444 0
    outer loop
      vertex -2.04816 23.4106 24
      vertex -4.08073 23.143 0
      vertex -2.04816 23.4106 0
    endloop
  endfacet
  facet normal 0.13053 -0.991444 0
    outer loop
      vertex -4.08073 23.143 46
      vertex -2.04816 23.4106 70
      vertex -4.08073 23.143 70
    endloop
  endfacet
  facet normal 0.13053 -0.991444 0
    outer loop
      vertex -2.04816 23.4106 70
      vertex -4.08073 23.143 46
      vertex -2.04816 23.4106 46
    endloop
  endfacet
  facet normal -0.13053 0.991444 0
    outer loop
      vertex 4.08073 -23.143 0
      vertex 2.04816 -23.4106 70
      vertex 4.08073 -23.143 70
    endloop
  endfacet
  facet normal -0.13053 0.991444 0
    outer loop
      vertex 2.04816 -23.4106 70
      vertex 4.08073 -23.143 0
      vertex 2.04816 -23.4106 0
    endloop
  endfacet
  facet normal 0.737285 -0.675582 0
    outer loop
      vertex -17.2071 15.973 70
      vertex -18.002 15.1055 70
      vertex -17.2071 15.973 60.1
    endloop
  endfacet
  facet normal 0.737287 -0.675579 0
    outer loop
      vertex -17.2071 15.973 60.1
      vertex -16.617 16.617 60
      vertex -16.617 16.617 60.1
    endloop
  endfacet
  facet normal 0.737286 -0.675581 -1.87797e-05
    outer loop
      vertex -17.2071 15.973 60.1
      vertex -18.002 15.1055 60
      vertex -16.617 16.617 60
    endloop
  endfacet
  facet normal 0.737285 -0.675582 0
    outer loop
      vertex -18.002 15.1055 60
      vertex -17.2071 15.973 60.1
      vertex -18.002 15.1055 70
    endloop
  endfacet
  facet normal 0.793361 0.608751 0
    outer loop
      vertex -19.0384 -13.7549 10
      vertex -19.2501 -13.479 0
      vertex -19.2501 -13.479 10
    endloop
  endfacet
  facet normal 0.793361 0.608751 0
    outer loop
      vertex -19.2501 -13.479 0
      vertex -19.0384 -13.7549 10
      vertex -19.0384 -13.7549 0
    endloop
  endfacet
  facet normal 0.793343 0.608775 0
    outer loop
      vertex -18.002 -15.1055 70
      vertex -19.2501 -13.479 60
      vertex -19.2501 -13.479 70
    endloop
  endfacet
  facet normal 0.793343 0.608775 0
    outer loop
      vertex -19.2501 -13.479 60
      vertex -18.002 -15.1055 70
      vertex -18.002 -15.1055 60
    endloop
  endfacet
  facet normal -0.216427 -0.976299 0
    outer loop
      vertex 4.08073 23.143 0
      vertex 6.08225 22.6993 24
      vertex 4.08073 23.143 24
    endloop
  endfacet
  facet normal -0.216427 -0.976299 -0
    outer loop
      vertex 6.08225 22.6993 24
      vertex 4.08073 23.143 0
      vertex 6.08225 22.6993 0
    endloop
  endfacet
  facet normal -0.216427 -0.976299 0
    outer loop
      vertex 4.08073 23.143 46
      vertex 6.08225 22.6993 70
      vertex 4.08073 23.143 70
    endloop
  endfacet
  facet normal -0.216427 -0.976299 -0
    outer loop
      vertex 6.08225 22.6993 70
      vertex 4.08073 23.143 46
      vertex 6.08225 22.6993 46
    endloop
  endfacet
  facet normal -0.382706 0.92387 0
    outer loop
      vertex 9.93153 -21.2982 0
      vertex 8.03747 -22.0828 70
      vertex 9.93153 -21.2982 70
    endloop
  endfacet
  facet normal -0.382706 0.92387 0
    outer loop
      vertex 8.03747 -22.0828 70
      vertex 9.93153 -21.2982 0
      vertex 8.03747 -22.0828 0
    endloop
  endfacet
  facet normal 0.608751 -0.793361 0
    outer loop
      vertex -13.7549 19.0384 0
      vertex -13.479 19.2501 10
      vertex -13.7549 19.0384 10
    endloop
  endfacet
  facet normal 0.608751 -0.793361 0
    outer loop
      vertex -13.479 19.2501 10
      vertex -13.7549 19.0384 0
      vertex -13.479 19.2501 0
    endloop
  endfacet
  facet normal 0.608775 -0.793343 0
    outer loop
      vertex -15.1055 18.002 60
      vertex -13.479 19.2501 70
      vertex -15.1055 18.002 70
    endloop
  endfacet
  facet normal 0.608775 -0.793343 0
    outer loop
      vertex -13.479 19.2501 70
      vertex -15.1055 18.002 60
      vertex -13.479 19.2501 60
    endloop
  endfacet
  facet normal -0.737285 0.675582 0
    outer loop
      vertex 18.002 -15.1055 60
      vertex 17.2071 -15.973 60.1
      vertex 18.002 -15.1055 70
    endloop
  endfacet
  facet normal -0.737286 0.675581 -1.87797e-05
    outer loop
      vertex 16.617 -16.617 60
      vertex 17.2071 -15.973 60.1
      vertex 18.002 -15.1055 60
    endloop
  endfacet
  facet normal -0.737287 0.675579 0
    outer loop
      vertex 17.2071 -15.973 60.1
      vertex 16.617 -16.617 60
      vertex 16.617 -16.617 60.1
    endloop
  endfacet
  facet normal -0.737285 0.675582 0
    outer loop
      vertex 18.002 -15.1055 70
      vertex 17.2071 -15.973 60.1
      vertex 17.2071 -15.973 70
    endloop
  endfacet
  facet normal 0.84339 -0.537302 0
    outer loop
      vertex -20.3516 11.75 10
      vertex -19.2501 13.479 0
      vertex -19.2501 13.479 10
    endloop
  endfacet
  facet normal 0.84339 -0.537302 0
    outer loop
      vertex -19.2501 13.479 0
      vertex -20.3516 11.75 10
      vertex -20.3516 11.75 0
    endloop
  endfacet
  facet normal 0.84339 -0.537302 0
    outer loop
      vertex -20.3516 11.75 70
      vertex -19.2501 13.479 60
      vertex -19.2501 13.479 70
    endloop
  endfacet
  facet normal 0.84339 -0.537302 0
    outer loop
      vertex -19.2501 13.479 60
      vertex -20.3516 11.75 70
      vertex -20.3516 11.75 60
    endloop
  endfacet
  facet normal 0.84339 0.537302 0
    outer loop
      vertex -19.2501 -13.479 10
      vertex -20.3516 -11.75 0
      vertex -20.3516 -11.75 10
    endloop
  endfacet
  facet normal 0.84339 0.537302 0
    outer loop
      vertex -20.3516 -11.75 0
      vertex -19.2501 -13.479 10
      vertex -19.2501 -13.479 0
    endloop
  endfacet
  facet normal 0.84339 0.537302 0
    outer loop
      vertex -19.2501 -13.479 70
      vertex -20.3516 -11.75 60
      vertex -20.3516 -11.75 70
    endloop
  endfacet
  facet normal 0.84339 0.537302 0
    outer loop
      vertex -20.3516 -11.75 60
      vertex -19.2501 -13.479 70
      vertex -19.2501 -13.479 60
    endloop
  endfacet
  facet normal -0.737287 -0.675579 0
    outer loop
      vertex 16.617 16.617 60
      vertex 17.2071 15.973 60.1
      vertex 16.617 16.617 60.1
    endloop
  endfacet
  facet normal -0.737286 -0.675581 -1.87797e-05
    outer loop
      vertex 18.002 15.1055 60
      vertex 17.2071 15.973 60.1
      vertex 16.617 16.617 60
    endloop
  endfacet
  facet normal -0.737285 -0.675582 -0
    outer loop
      vertex 18.002 15.1055 70
      vertex 17.2071 15.973 60.1
      vertex 18.002 15.1055 60
    endloop
  endfacet
  facet normal -0.737285 -0.675582 0
    outer loop
      vertex 17.2071 15.973 60.1
      vertex 18.002 15.1055 70
      vertex 17.2071 15.973 70
    endloop
  endfacet
  facet normal -0.976299 0.216427 0
    outer loop
      vertex 22.6993 -6.08225 0
      vertex 23.143 -4.08073 70
      vertex 23.143 -4.08073 0
    endloop
  endfacet
  facet normal -0.976299 0.216427 0
    outer loop
      vertex 23.143 -4.08073 70
      vertex 22.6993 -6.08225 0
      vertex 22.6993 -6.08225 70
    endloop
  endfacet
  facet normal 0.999049 -0.0436074 0
    outer loop
      vertex -23.5 0 70
      vertex -23.4106 2.04816 0
      vertex -23.4106 2.04816 70
    endloop
  endfacet
  facet normal 0.999049 -0.0436074 0
    outer loop
      vertex -23.4106 2.04816 0
      vertex -23.5 0 70
      vertex -23.5 0 0
    endloop
  endfacet
  facet normal 0.537302 -0.84339 0
    outer loop
      vertex -13.479 19.2501 0
      vertex -11.75 20.3516 10
      vertex -13.479 19.2501 10
    endloop
  endfacet
  facet normal 0.537302 -0.84339 0
    outer loop
      vertex -11.75 20.3516 10
      vertex -13.479 19.2501 0
      vertex -11.75 20.3516 0
    endloop
  endfacet
  facet normal 0.537302 -0.84339 0
    outer loop
      vertex -13.479 19.2501 60
      vertex -11.75 20.3516 70
      vertex -13.479 19.2501 70
    endloop
  endfacet
  facet normal 0.537302 -0.84339 0
    outer loop
      vertex -11.75 20.3516 70
      vertex -13.479 19.2501 60
      vertex -11.75 20.3516 60
    endloop
  endfacet
  facet normal -0.461735 -0.887018 -3.64388e-06
    outer loop
      vertex 9.93153 21.2982 70
      vertex 9.96638 21.2801 60
      vertex 11.75 20.3516 70
    endloop
  endfacet
  facet normal -0.460912 -0.887446 0
    outer loop
      vertex 9.93153 21.2982 70
      vertex 9.96638 21.2801 10
      vertex 9.96638 21.2801 60
    endloop
  endfacet
  facet normal -0.460912 -0.887446 0
    outer loop
      vertex 9.93153 21.2982 0
      vertex 9.96638 21.2801 10
      vertex 9.93153 21.2982 70
    endloop
  endfacet
  facet normal -0.461751 -0.88701 3.71504e-06
    outer loop
      vertex 9.93153 21.2982 0
      vertex 11.75 20.3516 10
      vertex 9.96638 21.2801 10
    endloop
  endfacet
  facet normal -0.461735 -0.887018 -0
    outer loop
      vertex 11.75 20.3516 10
      vertex 9.93153 21.2982 0
      vertex 11.75 20.3516 0
    endloop
  endfacet
  facet normal -0.461751 -0.88701 -0
    outer loop
      vertex 11.75 20.3516 70
      vertex 9.96638 21.2801 60
      vertex 11.75 20.3516 60
    endloop
  endfacet
  facet normal 0.382706 -0.92387 0
    outer loop
      vertex -9.93153 21.2982 0
      vertex -8.03747 22.0828 70
      vertex -9.93153 21.2982 70
    endloop
  endfacet
  facet normal 0.382706 -0.92387 0
    outer loop
      vertex -8.03747 22.0828 70
      vertex -9.93153 21.2982 0
      vertex -8.03747 22.0828 0
    endloop
  endfacet
  facet normal 0.976299 0.216427 0
    outer loop
      vertex -22.6993 -6.08225 70
      vertex -23.143 -4.08073 0
      vertex -23.143 -4.08073 70
    endloop
  endfacet
  facet normal 0.976299 0.216427 0
    outer loop
      vertex -23.143 -4.08073 0
      vertex -22.6993 -6.08225 70
      vertex -22.6993 -6.08225 0
    endloop
  endfacet
  facet normal -0.953714 0.300715 0
    outer loop
      vertex 22.0828 -8.03747 0
      vertex 22.6993 -6.08225 70
      vertex 22.6993 -6.08225 0
    endloop
  endfacet
  facet normal -0.953714 0.300715 0
    outer loop
      vertex 22.6993 -6.08225 70
      vertex 22.0828 -8.03747 0
      vertex 22.0828 -8.03747 70
    endloop
  endfacet
  facet normal -0.608751 0.793361 0
    outer loop
      vertex 13.7549 -19.0384 0
      vertex 13.479 -19.2501 10
      vertex 13.7549 -19.0384 10
    endloop
  endfacet
  facet normal -0.608751 0.793361 0
    outer loop
      vertex 13.479 -19.2501 10
      vertex 13.7549 -19.0384 0
      vertex 13.479 -19.2501 0
    endloop
  endfacet
  facet normal -0.608775 0.793343 0
    outer loop
      vertex 15.1055 -18.002 60
      vertex 13.479 -19.2501 70
      vertex 15.1055 -18.002 70
    endloop
  endfacet
  facet normal -0.608775 0.793343 0
    outer loop
      vertex 13.479 -19.2501 70
      vertex 15.1055 -18.002 60
      vertex 13.479 -19.2501 60
    endloop
  endfacet
  facet normal 0.976299 -0.216427 0
    outer loop
      vertex -23.143 4.08073 70
      vertex -22.6993 6.08225 0
      vertex -22.6993 6.08225 70
    endloop
  endfacet
  facet normal 0.976299 -0.216427 0
    outer loop
      vertex -22.6993 6.08225 0
      vertex -23.143 4.08073 70
      vertex -23.143 4.08073 0
    endloop
  endfacet
  facet normal 0.300715 -0.953714 1.46346e-06
    outer loop
      vertex -8.03747 22.0828 70
      vertex -6.71421 22.5 46
      vertex -6.08225 22.6993 70
    endloop
  endfacet
  facet normal 0.300691 -0.953722 0
    outer loop
      vertex -8.03747 22.0828 70
      vertex -6.71421 22.5 24
      vertex -6.71421 22.5 46
    endloop
  endfacet
  facet normal 0.300691 -0.953722 0
    outer loop
      vertex -8.03747 22.0828 0
      vertex -6.71421 22.5 24
      vertex -8.03747 22.0828 70
    endloop
  endfacet
  facet normal 0.300715 -0.953714 -1.46346e-06
    outer loop
      vertex -6.08225 22.6993 0
      vertex -6.71421 22.5 24
      vertex -8.03747 22.0828 0
    endloop
  endfacet
  facet normal 0.300766 -0.953698 0
    outer loop
      vertex -6.71421 22.5 24
      vertex -6.08225 22.6993 0
      vertex -6.08225 22.6993 24
    endloop
  endfacet
  facet normal 0.300766 -0.953698 0
    outer loop
      vertex -6.08225 22.6993 70
      vertex -6.71421 22.5 46
      vertex -6.08225 22.6993 46
    endloop
  endfacet
  facet normal -0.216427 0.976299 0
    outer loop
      vertex 6.08225 -22.6993 0
      vertex 4.08073 -23.143 70
      vertex 6.08225 -22.6993 70
    endloop
  endfacet
  facet normal -0.216427 0.976299 0
    outer loop
      vertex 4.08073 -23.143 70
      vertex 6.08225 -22.6993 0
      vertex 4.08073 -23.143 0
    endloop
  endfacet
  facet normal 0.216427 -0.976299 0
    outer loop
      vertex -6.08225 22.6993 0
      vertex -4.08073 23.143 24
      vertex -6.08225 22.6993 24
    endloop
  endfacet
  facet normal 0.216427 -0.976299 0
    outer loop
      vertex -4.08073 23.143 24
      vertex -6.08225 22.6993 0
      vertex -4.08073 23.143 0
    endloop
  endfacet
  facet normal 0.216427 -0.976299 0
    outer loop
      vertex -6.08225 22.6993 46
      vertex -4.08073 23.143 70
      vertex -6.08225 22.6993 70
    endloop
  endfacet
  facet normal 0.216427 -0.976299 0
    outer loop
      vertex -4.08073 23.143 70
      vertex -6.08225 22.6993 46
      vertex -4.08073 23.143 46
    endloop
  endfacet
  facet normal -0.84339 -0.537302 0
    outer loop
      vertex 20.3516 11.75 0
      vertex 19.2501 13.479 10
      vertex 19.2501 13.479 0
    endloop
  endfacet
  facet normal -0.84339 -0.537302 0
    outer loop
      vertex 19.2501 13.479 10
      vertex 20.3516 11.75 0
      vertex 20.3516 11.75 10
    endloop
  endfacet
  facet normal -0.84339 -0.537302 0
    outer loop
      vertex 20.3516 11.75 60
      vertex 19.2501 13.479 70
      vertex 19.2501 13.479 60
    endloop
  endfacet
  facet normal -0.84339 -0.537302 0
    outer loop
      vertex 19.2501 13.479 70
      vertex 20.3516 11.75 60
      vertex 20.3516 11.75 70
    endloop
  endfacet
  facet normal 0.382706 0.92387 -0
    outer loop
      vertex -8.03747 -22.0828 0
      vertex -9.93153 -21.2982 70
      vertex -8.03747 -22.0828 70
    endloop
  endfacet
  facet normal 0.382706 0.92387 0
    outer loop
      vertex -9.93153 -21.2982 70
      vertex -8.03747 -22.0828 0
      vertex -9.93153 -21.2982 0
    endloop
  endfacet
  facet normal -0.991444 0.13053 0
    outer loop
      vertex 23.143 -4.08073 0
      vertex 23.4106 -2.04816 70
      vertex 23.4106 -2.04816 0
    endloop
  endfacet
  facet normal -0.991444 0.13053 0
    outer loop
      vertex 23.4106 -2.04816 70
      vertex 23.143 -4.08073 0
      vertex 23.143 -4.08073 70
    endloop
  endfacet
  facet normal -0.999049 0.0436074 0
    outer loop
      vertex 23.4106 -2.04816 0
      vertex 23.5 0 70
      vertex 23.5 0 0
    endloop
  endfacet
  facet normal -0.999049 0.0436074 0
    outer loop
      vertex 23.5 0 70
      vertex 23.4106 -2.04816 0
      vertex 23.4106 -2.04816 70
    endloop
  endfacet
  facet normal -0.887446 0.460912 0
    outer loop
      vertex 21.2982 -9.93153 0
      vertex 21.2801 -9.96638 10
      vertex 21.2982 -9.93153 70
    endloop
  endfacet
  facet normal -0.887018 0.461735 3.64388e-06
    outer loop
      vertex 20.3516 -11.75 0
      vertex 21.2801 -9.96638 10
      vertex 21.2982 -9.93153 0
    endloop
  endfacet
  facet normal -0.88701 0.461751 0
    outer loop
      vertex 21.2801 -9.96638 10
      vertex 20.3516 -11.75 0
      vertex 20.3516 -11.75 10
    endloop
  endfacet
  facet normal -0.887446 0.460912 0
    outer loop
      vertex 21.2801 -9.96638 60
      vertex 21.2982 -9.93153 70
      vertex 21.2801 -9.96638 10
    endloop
  endfacet
  facet normal -0.88701 0.461751 -3.71504e-06
    outer loop
      vertex 20.3516 -11.75 60
      vertex 21.2982 -9.93153 70
      vertex 21.2801 -9.96638 60
    endloop
  endfacet
  facet normal -0.887018 0.461735 0
    outer loop
      vertex 21.2982 -9.93153 70
      vertex 20.3516 -11.75 60
      vertex 20.3516 -11.75 70
    endloop
  endfacet
  facet normal -0.0436074 -0.999049 0
    outer loop
      vertex 0 23.5 0
      vertex 2.04816 23.4106 24
      vertex 0 23.5 24
    endloop
  endfacet
  facet normal -0.0436074 -0.999049 -0
    outer loop
      vertex 2.04816 23.4106 24
      vertex 0 23.5 0
      vertex 2.04816 23.4106 0
    endloop
  endfacet
  facet normal -0.0436074 -0.999049 0
    outer loop
      vertex 0 23.5 46
      vertex 2.04816 23.4106 70
      vertex 0 23.5 70
    endloop
  endfacet
  facet normal -0.0436074 -0.999049 -0
    outer loop
      vertex 2.04816 23.4106 70
      vertex 0 23.5 46
      vertex 2.04816 23.4106 46
    endloop
  endfacet
  facet normal 0.887446 0.460912 0
    outer loop
      vertex -21.2982 -9.93153 70
      vertex -21.2801 -9.96638 60
      vertex -21.2982 -9.93153 0
    endloop
  endfacet
  facet normal 0.887018 0.461735 -3.64388e-06
    outer loop
      vertex -20.3516 -11.75 70
      vertex -21.2801 -9.96638 60
      vertex -21.2982 -9.93153 70
    endloop
  endfacet
  facet normal 0.88701 0.461751 0
    outer loop
      vertex -21.2801 -9.96638 60
      vertex -20.3516 -11.75 70
      vertex -20.3516 -11.75 60
    endloop
  endfacet
  facet normal 0.887446 0.460912 -0
    outer loop
      vertex -21.2801 -9.96638 10
      vertex -21.2982 -9.93153 0
      vertex -21.2801 -9.96638 60
    endloop
  endfacet
  facet normal 0.88701 0.461751 3.71504e-06
    outer loop
      vertex -20.3516 -11.75 10
      vertex -21.2982 -9.93153 0
      vertex -21.2801 -9.96638 10
    endloop
  endfacet
  facet normal 0.887018 0.461735 0
    outer loop
      vertex -21.2982 -9.93153 0
      vertex -20.3516 -11.75 10
      vertex -20.3516 -11.75 0
    endloop
  endfacet
  facet normal -0.608751 -0.793361 0
    outer loop
      vertex 13.479 19.2501 0
      vertex 13.7549 19.0384 10
      vertex 13.479 19.2501 10
    endloop
  endfacet
  facet normal -0.608751 -0.793361 -0
    outer loop
      vertex 13.7549 19.0384 10
      vertex 13.479 19.2501 0
      vertex 13.7549 19.0384 0
    endloop
  endfacet
  facet normal -0.608775 -0.793343 0
    outer loop
      vertex 13.479 19.2501 60
      vertex 15.1055 18.002 70
      vertex 13.479 19.2501 70
    endloop
  endfacet
  facet normal -0.608775 -0.793343 -0
    outer loop
      vertex 15.1055 18.002 70
      vertex 13.479 19.2501 60
      vertex 15.1055 18.002 60
    endloop
  endfacet
  facet normal -0.675582 -0.737285 0
    outer loop
      vertex 15.1055 18.002 70
      vertex 15.973 17.2071 60.1
      vertex 15.973 17.2071 70
    endloop
  endfacet
  facet normal -0.675582 -0.737285 0
    outer loop
      vertex 15.1055 18.002 60
      vertex 15.973 17.2071 60.1
      vertex 15.1055 18.002 70
    endloop
  endfacet
  facet normal -0.675581 -0.737286 -1.87797e-05
    outer loop
      vertex 16.617 16.617 60
      vertex 15.973 17.2071 60.1
      vertex 15.1055 18.002 60
    endloop
  endfacet
  facet normal -0.675579 -0.737287 0
    outer loop
      vertex 15.973 17.2071 60.1
      vertex 16.617 16.617 60
      vertex 16.617 16.617 60.1
    endloop
  endfacet
  facet normal -0.0436074 0.999049 0
    outer loop
      vertex 2.04816 -23.4106 0
      vertex 0 -23.5 70
      vertex 2.04816 -23.4106 70
    endloop
  endfacet
  facet normal -0.0436074 0.999049 0
    outer loop
      vertex 0 -23.5 70
      vertex 2.04816 -23.4106 0
      vertex 0 -23.5 0
    endloop
  endfacet
  facet normal -0.953714 -0.300715 0
    outer loop
      vertex 22.6993 6.08225 0
      vertex 22.0828 8.03747 70
      vertex 22.0828 8.03747 0
    endloop
  endfacet
  facet normal -0.953714 -0.300715 0
    outer loop
      vertex 22.0828 8.03747 70
      vertex 22.6993 6.08225 0
      vertex 22.6993 6.08225 70
    endloop
  endfacet
  facet normal 0.461735 0.887018 -3.64388e-06
    outer loop
      vertex -9.93153 -21.2982 70
      vertex -9.96638 -21.2801 60
      vertex -11.75 -20.3516 70
    endloop
  endfacet
  facet normal 0.460912 0.887446 0
    outer loop
      vertex -9.93153 -21.2982 70
      vertex -9.96638 -21.2801 10
      vertex -9.96638 -21.2801 60
    endloop
  endfacet
  facet normal 0.460912 0.887446 -0
    outer loop
      vertex -9.93153 -21.2982 0
      vertex -9.96638 -21.2801 10
      vertex -9.93153 -21.2982 70
    endloop
  endfacet
  facet normal 0.461751 0.88701 3.71504e-06
    outer loop
      vertex -9.93153 -21.2982 0
      vertex -11.75 -20.3516 10
      vertex -9.96638 -21.2801 10
    endloop
  endfacet
  facet normal 0.461735 0.887018 0
    outer loop
      vertex -11.75 -20.3516 10
      vertex -9.93153 -21.2982 0
      vertex -11.75 -20.3516 0
    endloop
  endfacet
  facet normal 0.461751 0.88701 0
    outer loop
      vertex -11.75 -20.3516 70
      vertex -9.96638 -21.2801 60
      vertex -11.75 -20.3516 60
    endloop
  endfacet
  facet normal -0.92387 0.382706 0
    outer loop
      vertex 21.2982 -9.93153 0
      vertex 22.0828 -8.03747 70
      vertex 22.0828 -8.03747 0
    endloop
  endfacet
  facet normal -0.92387 0.382706 0
    outer loop
      vertex 22.0828 -8.03747 70
      vertex 21.2982 -9.93153 0
      vertex 21.2982 -9.93153 70
    endloop
  endfacet
  facet normal 0.0436074 -0.999049 0
    outer loop
      vertex -2.04816 23.4106 0
      vertex 0 23.5 24
      vertex -2.04816 23.4106 24
    endloop
  endfacet
  facet normal 0.0436074 -0.999049 0
    outer loop
      vertex 0 23.5 24
      vertex -2.04816 23.4106 0
      vertex 0 23.5 0
    endloop
  endfacet
  facet normal 0.0436074 -0.999049 0
    outer loop
      vertex -2.04816 23.4106 46
      vertex 0 23.5 70
      vertex -2.04816 23.4106 70
    endloop
  endfacet
  facet normal 0.0436074 -0.999049 0
    outer loop
      vertex 0 23.5 70
      vertex -2.04816 23.4106 46
      vertex 0 23.5 46
    endloop
  endfacet
  facet normal -0.92387 -0.382706 0
    outer loop
      vertex 22.0828 8.03747 0
      vertex 21.2982 9.93153 70
      vertex 21.2982 9.93153 0
    endloop
  endfacet
  facet normal -0.92387 -0.382706 0
    outer loop
      vertex 21.2982 9.93153 70
      vertex 22.0828 8.03747 0
      vertex 22.0828 8.03747 70
    endloop
  endfacet
  facet normal -0.13053 -0.991444 0
    outer loop
      vertex 2.04816 23.4106 0
      vertex 4.08073 23.143 24
      vertex 2.04816 23.4106 24
    endloop
  endfacet
  facet normal -0.13053 -0.991444 -0
    outer loop
      vertex 4.08073 23.143 24
      vertex 2.04816 23.4106 0
      vertex 4.08073 23.143 0
    endloop
  endfacet
  facet normal -0.13053 -0.991444 0
    outer loop
      vertex 2.04816 23.4106 46
      vertex 4.08073 23.143 70
      vertex 2.04816 23.4106 70
    endloop
  endfacet
  facet normal -0.13053 -0.991444 -0
    outer loop
      vertex 4.08073 23.143 70
      vertex 2.04816 23.4106 46
      vertex 4.08073 23.143 46
    endloop
  endfacet
  facet normal -0.88701 -0.461751 0
    outer loop
      vertex 20.3516 11.75 0
      vertex 21.2801 9.96638 10
      vertex 20.3516 11.75 10
    endloop
  endfacet
  facet normal -0.887446 -0.460912 0
    outer loop
      vertex 21.2801 9.96638 10
      vertex 21.2982 9.93153 0
      vertex 21.2801 9.96638 60
    endloop
  endfacet
  facet normal -0.887018 -0.461735 3.64388e-06
    outer loop
      vertex 21.2982 9.93153 0
      vertex 21.2801 9.96638 10
      vertex 20.3516 11.75 0
    endloop
  endfacet
  facet normal -0.88701 -0.461751 0
    outer loop
      vertex 21.2801 9.96638 60
      vertex 20.3516 11.75 70
      vertex 20.3516 11.75 60
    endloop
  endfacet
  facet normal -0.887018 -0.461735 -3.64388e-06
    outer loop
      vertex 21.2801 9.96638 60
      vertex 21.2982 9.93153 70
      vertex 20.3516 11.75 70
    endloop
  endfacet
  facet normal -0.887446 -0.460912 -0
    outer loop
      vertex 21.2982 9.93153 70
      vertex 21.2801 9.96638 60
      vertex 21.2982 9.93153 0
    endloop
  endfacet
  facet normal 0.608751 0.793361 -0
    outer loop
      vertex -13.479 -19.2501 0
      vertex -13.7549 -19.0384 10
      vertex -13.479 -19.2501 10
    endloop
  endfacet
  facet normal 0.608751 0.793361 0
    outer loop
      vertex -13.7549 -19.0384 10
      vertex -13.479 -19.2501 0
      vertex -13.7549 -19.0384 0
    endloop
  endfacet
  facet normal 0.608775 0.793343 -0
    outer loop
      vertex -13.479 -19.2501 60
      vertex -15.1055 -18.002 70
      vertex -13.479 -19.2501 70
    endloop
  endfacet
  facet normal 0.608775 0.793343 0
    outer loop
      vertex -15.1055 -18.002 70
      vertex -13.479 -19.2501 60
      vertex -15.1055 -18.002 60
    endloop
  endfacet
  facet normal 0.675579 -0.737287 0
    outer loop
      vertex -16.617 16.617 60.1
      vertex -16.617 16.617 60
      vertex -15.973 17.2071 60.1
    endloop
  endfacet
  facet normal 0.675582 -0.737285 0
    outer loop
      vertex -15.973 17.2071 60.1
      vertex -15.1055 18.002 70
      vertex -15.973 17.2071 70
    endloop
  endfacet
  facet normal 0.675582 -0.737285 0
    outer loop
      vertex -15.973 17.2071 60.1
      vertex -15.1055 18.002 60
      vertex -15.1055 18.002 70
    endloop
  endfacet
  facet normal 0.675581 -0.737286 -1.87797e-05
    outer loop
      vertex -15.1055 18.002 60
      vertex -15.973 17.2071 60.1
      vertex -16.617 16.617 60
    endloop
  endfacet
  facet normal 0.216427 0.976299 -0
    outer loop
      vertex -4.08073 -23.143 0
      vertex -6.08225 -22.6993 70
      vertex -4.08073 -23.143 70
    endloop
  endfacet
  facet normal 0.216427 0.976299 0
    outer loop
      vertex -6.08225 -22.6993 70
      vertex -4.08073 -23.143 0
      vertex -6.08225 -22.6993 0
    endloop
  endfacet
  facet normal 0.737285 0.675582 -0
    outer loop
      vertex -17.2071 -15.973 60.1
      vertex -18.002 -15.1055 70
      vertex -17.2071 -15.973 70
    endloop
  endfacet
  facet normal 0.737285 0.675582 0
    outer loop
      vertex -18.002 -15.1055 70
      vertex -17.2071 -15.973 60.1
      vertex -18.002 -15.1055 60
    endloop
  endfacet
  facet normal 0.737287 0.675579 -0
    outer loop
      vertex -16.617 -16.617 60
      vertex -17.2071 -15.973 60.1
      vertex -16.617 -16.617 60.1
    endloop
  endfacet
  facet normal 0.737286 0.675581 -1.87797e-05
    outer loop
      vertex -17.2071 -15.973 60.1
      vertex -16.617 -16.617 60
      vertex -18.002 -15.1055 60
    endloop
  endfacet
  facet normal -0.537302 -0.84339 0
    outer loop
      vertex 11.75 20.3516 0
      vertex 13.479 19.2501 10
      vertex 11.75 20.3516 10
    endloop
  endfacet
  facet normal -0.537302 -0.84339 -0
    outer loop
      vertex 13.479 19.2501 10
      vertex 11.75 20.3516 0
      vertex 13.479 19.2501 0
    endloop
  endfacet
  facet normal -0.537302 -0.84339 0
    outer loop
      vertex 11.75 20.3516 60
      vertex 13.479 19.2501 70
      vertex 11.75 20.3516 70
    endloop
  endfacet
  facet normal -0.537302 -0.84339 -0
    outer loop
      vertex 13.479 19.2501 70
      vertex 11.75 20.3516 60
      vertex 13.479 19.2501 60
    endloop
  endfacet
  facet normal 0.991444 0.13053 0
    outer loop
      vertex -23.143 -4.08073 70
      vertex -23.4106 -2.04816 0
      vertex -23.4106 -2.04816 70
    endloop
  endfacet
  facet normal 0.991444 0.13053 0
    outer loop
      vertex -23.4106 -2.04816 0
      vertex -23.143 -4.08073 70
      vertex -23.143 -4.08073 0
    endloop
  endfacet
  facet normal 0.953714 -0.300715 0
    outer loop
      vertex -22.6993 6.08225 70
      vertex -22.0828 8.03747 0
      vertex -22.0828 8.03747 70
    endloop
  endfacet
  facet normal 0.953714 -0.300715 0
    outer loop
      vertex -22.0828 8.03747 0
      vertex -22.6993 6.08225 70
      vertex -22.6993 6.08225 0
    endloop
  endfacet
  facet normal -0.300715 0.953714 0
    outer loop
      vertex 8.03747 -22.0828 0
      vertex 6.08225 -22.6993 70
      vertex 8.03747 -22.0828 70
    endloop
  endfacet
  facet normal -0.300715 0.953714 0
    outer loop
      vertex 6.08225 -22.6993 70
      vertex 8.03747 -22.0828 0
      vertex 6.08225 -22.6993 0
    endloop
  endfacet
  facet normal 0.461751 -0.88701 0
    outer loop
      vertex -11.75 20.3516 10
      vertex -11.75 20.3516 0
      vertex -9.96638 21.2801 10
    endloop
  endfacet
  facet normal 0.461735 -0.887018 0
    outer loop
      vertex -11.75 20.3516 60
      vertex -9.93153 21.2982 70
      vertex -11.75 20.3516 70
    endloop
  endfacet
  facet normal 0.461751 -0.88701 -3.71504e-06
    outer loop
      vertex -9.96638 21.2801 60
      vertex -9.93153 21.2982 70
      vertex -11.75 20.3516 60
    endloop
  endfacet
  facet normal 0.460912 -0.887446 0
    outer loop
      vertex -9.96638 21.2801 10
      vertex -9.93153 21.2982 70
      vertex -9.96638 21.2801 60
    endloop
  endfacet
  facet normal 0.460912 -0.887446 0
    outer loop
      vertex -9.96638 21.2801 10
      vertex -9.93153 21.2982 0
      vertex -9.93153 21.2982 70
    endloop
  endfacet
  facet normal 0.461735 -0.887018 3.64388e-06
    outer loop
      vertex -9.93153 21.2982 0
      vertex -9.96638 21.2801 10
      vertex -11.75 20.3516 0
    endloop
  endfacet
  facet normal 0.999049 0.0436074 0
    outer loop
      vertex -23.4106 -2.04816 70
      vertex -23.5 0 0
      vertex -23.5 0 70
    endloop
  endfacet
  facet normal 0.999049 0.0436074 0
    outer loop
      vertex -23.5 0 0
      vertex -23.4106 -2.04816 70
      vertex -23.4106 -2.04816 0
    endloop
  endfacet
  facet normal 0.0436074 0.999049 -0
    outer loop
      vertex 0 -23.5 0
      vertex -2.04816 -23.4106 70
      vertex 0 -23.5 70
    endloop
  endfacet
  facet normal 0.0436074 0.999049 0
    outer loop
      vertex -2.04816 -23.4106 70
      vertex 0 -23.5 0
      vertex -2.04816 -23.4106 0
    endloop
  endfacet
  facet normal -0.461751 0.88701 0
    outer loop
      vertex 11.75 -20.3516 10
      vertex 11.75 -20.3516 0
      vertex 9.96638 -21.2801 10
    endloop
  endfacet
  facet normal -0.461735 0.887018 0
    outer loop
      vertex 11.75 -20.3516 60
      vertex 9.93153 -21.2982 70
      vertex 11.75 -20.3516 70
    endloop
  endfacet
  facet normal -0.461751 0.88701 -3.71504e-06
    outer loop
      vertex 9.96638 -21.2801 60
      vertex 9.93153 -21.2982 70
      vertex 11.75 -20.3516 60
    endloop
  endfacet
  facet normal -0.460912 0.887446 0
    outer loop
      vertex 9.96638 -21.2801 10
      vertex 9.93153 -21.2982 70
      vertex 9.96638 -21.2801 60
    endloop
  endfacet
  facet normal -0.460912 0.887446 0
    outer loop
      vertex 9.96638 -21.2801 10
      vertex 9.93153 -21.2982 0
      vertex 9.93153 -21.2982 70
    endloop
  endfacet
  facet normal -0.461735 0.887018 3.64388e-06
    outer loop
      vertex 9.93153 -21.2982 0
      vertex 9.96638 -21.2801 10
      vertex 11.75 -20.3516 0
    endloop
  endfacet
  facet normal -0.84339 0.537302 0
    outer loop
      vertex 19.2501 -13.479 0
      vertex 20.3516 -11.75 10
      vertex 20.3516 -11.75 0
    endloop
  endfacet
  facet normal -0.84339 0.537302 0
    outer loop
      vertex 20.3516 -11.75 10
      vertex 19.2501 -13.479 0
      vertex 19.2501 -13.479 10
    endloop
  endfacet
  facet normal -0.84339 0.537302 0
    outer loop
      vertex 19.2501 -13.479 60
      vertex 20.3516 -11.75 70
      vertex 20.3516 -11.75 60
    endloop
  endfacet
  facet normal -0.84339 0.537302 0
    outer loop
      vertex 20.3516 -11.75 70
      vertex 19.2501 -13.479 60
      vertex 19.2501 -13.479 70
    endloop
  endfacet
  facet normal -0.537302 0.84339 0
    outer loop
      vertex 13.479 -19.2501 0
      vertex 11.75 -20.3516 10
      vertex 13.479 -19.2501 10
    endloop
  endfacet
  facet normal -0.537302 0.84339 0
    outer loop
      vertex 11.75 -20.3516 10
      vertex 13.479 -19.2501 0
      vertex 11.75 -20.3516 0
    endloop
  endfacet
  facet normal -0.537302 0.84339 0
    outer loop
      vertex 13.479 -19.2501 60
      vertex 11.75 -20.3516 70
      vertex 13.479 -19.2501 70
    endloop
  endfacet
  facet normal -0.537302 0.84339 0
    outer loop
      vertex 11.75 -20.3516 70
      vertex 13.479 -19.2501 60
      vertex 11.75 -20.3516 60
    endloop
  endfacet
  facet normal 0.675582 0.737285 0
    outer loop
      vertex -15.1055 -18.002 70
      vertex -15.973 -17.2071 60.1
      vertex -15.973 -17.2071 70
    endloop
  endfacet
  facet normal 0.675582 0.737285 -0
    outer loop
      vertex -15.1055 -18.002 60
      vertex -15.973 -17.2071 60.1
      vertex -15.1055 -18.002 70
    endloop
  endfacet
  facet normal 0.675581 0.737286 -1.87797e-05
    outer loop
      vertex -16.617 -16.617 60
      vertex -15.973 -17.2071 60.1
      vertex -15.1055 -18.002 60
    endloop
  endfacet
  facet normal 0.675579 0.737287 0
    outer loop
      vertex -15.973 -17.2071 60.1
      vertex -16.617 -16.617 60
      vertex -16.617 -16.617 60.1
    endloop
  endfacet
  facet normal 0.92387 0.382706 0
    outer loop
      vertex -21.2982 -9.93153 70
      vertex -22.0828 -8.03747 0
      vertex -22.0828 -8.03747 70
    endloop
  endfacet
  facet normal 0.92387 0.382706 0
    outer loop
      vertex -22.0828 -8.03747 0
      vertex -21.2982 -9.93153 70
      vertex -21.2982 -9.93153 0
    endloop
  endfacet
  facet normal 0.991444 -0.13053 0
    outer loop
      vertex -23.4106 2.04816 70
      vertex -23.143 4.08073 0
      vertex -23.143 4.08073 70
    endloop
  endfacet
  facet normal 0.991444 -0.13053 0
    outer loop
      vertex -23.143 4.08073 0
      vertex -23.4106 2.04816 70
      vertex -23.4106 2.04816 0
    endloop
  endfacet
  facet normal 0.300715 0.953714 -0
    outer loop
      vertex -6.08225 -22.6993 0
      vertex -8.03747 -22.0828 70
      vertex -6.08225 -22.6993 70
    endloop
  endfacet
  facet normal 0.300715 0.953714 0
    outer loop
      vertex -8.03747 -22.0828 70
      vertex -6.08225 -22.6993 0
      vertex -8.03747 -22.0828 0
    endloop
  endfacet
  facet normal 0.92387 -0.382706 0
    outer loop
      vertex -22.0828 8.03747 70
      vertex -21.2982 9.93153 0
      vertex -21.2982 9.93153 70
    endloop
  endfacet
  facet normal 0.92387 -0.382706 0
    outer loop
      vertex -21.2982 9.93153 0
      vertex -22.0828 8.03747 70
      vertex -22.0828 8.03747 0
    endloop
  endfacet
  facet normal 0.537302 0.84339 -0
    outer loop
      vertex -11.75 -20.3516 0
      vertex -13.479 -19.2501 10
      vertex -11.75 -20.3516 10
    endloop
  endfacet
  facet normal 0.537302 0.84339 0
    outer loop
      vertex -13.479 -19.2501 10
      vertex -11.75 -20.3516 0
      vertex -13.479 -19.2501 0
    endloop
  endfacet
  facet normal 0.537302 0.84339 -0
    outer loop
      vertex -11.75 -20.3516 60
      vertex -13.479 -19.2501 70
      vertex -11.75 -20.3516 70
    endloop
  endfacet
  facet normal 0.537302 0.84339 0
    outer loop
      vertex -13.479 -19.2501 70
      vertex -11.75 -20.3516 60
      vertex -13.479 -19.2501 60
    endloop
  endfacet
  facet normal -0.675579 0.737287 0
    outer loop
      vertex 16.617 -16.617 60.1
      vertex 16.617 -16.617 60
      vertex 15.973 -17.2071 60.1
    endloop
  endfacet
  facet normal -0.675582 0.737285 0
    outer loop
      vertex 15.973 -17.2071 60.1
      vertex 15.1055 -18.002 70
      vertex 15.973 -17.2071 70
    endloop
  endfacet
  facet normal -0.675582 0.737285 0
    outer loop
      vertex 15.973 -17.2071 60.1
      vertex 15.1055 -18.002 60
      vertex 15.1055 -18.002 70
    endloop
  endfacet
  facet normal -0.675581 0.737286 -1.87797e-05
    outer loop
      vertex 15.1055 -18.002 60
      vertex 15.973 -17.2071 60.1
      vertex 16.617 -16.617 60
    endloop
  endfacet
  facet normal 0.88701 -0.461751 0
    outer loop
      vertex -20.3516 11.75 70
      vertex -21.2801 9.96638 60
      vertex -20.3516 11.75 60
    endloop
  endfacet
  facet normal 0.887446 -0.460912 0
    outer loop
      vertex -21.2801 9.96638 60
      vertex -21.2982 9.93153 70
      vertex -21.2801 9.96638 10
    endloop
  endfacet
  facet normal 0.887018 -0.461735 -3.64388e-06
    outer loop
      vertex -21.2982 9.93153 70
      vertex -21.2801 9.96638 60
      vertex -20.3516 11.75 70
    endloop
  endfacet
  facet normal 0.88701 -0.461751 0
    outer loop
      vertex -21.2801 9.96638 10
      vertex -20.3516 11.75 0
      vertex -20.3516 11.75 10
    endloop
  endfacet
  facet normal 0.887018 -0.461735 3.64388e-06
    outer loop
      vertex -21.2801 9.96638 10
      vertex -21.2982 9.93153 0
      vertex -20.3516 11.75 0
    endloop
  endfacet
  facet normal 0.887446 -0.460912 0
    outer loop
      vertex -21.2982 9.93153 0
      vertex -21.2801 9.96638 10
      vertex -21.2982 9.93153 70
    endloop
  endfacet
  facet normal 0.793361 -0.608751 0
    outer loop
      vertex -19.2501 13.479 10
      vertex -19.0384 13.7549 0
      vertex -19.0384 13.7549 10
    endloop
  endfacet
  facet normal 0.793361 -0.608751 0
    outer loop
      vertex -19.0384 13.7549 0
      vertex -19.2501 13.479 10
      vertex -19.2501 13.479 0
    endloop
  endfacet
  facet normal 0.793343 -0.608775 0
    outer loop
      vertex -19.2501 13.479 70
      vertex -18.002 15.1055 60
      vertex -18.002 15.1055 70
    endloop
  endfacet
  facet normal 0.793343 -0.608775 0
    outer loop
      vertex -18.002 15.1055 60
      vertex -19.2501 13.479 70
      vertex -19.2501 13.479 60
    endloop
  endfacet
  facet normal 0 0 1
    outer loop
      vertex 20.3516 11.75 60
      vertex 19.4454 8.13173 60
      vertex 21.2801 9.96638 60
    endloop
  endfacet
  facet normal 0 0 1
    outer loop
      vertex 19.2501 13.479 60
      vertex 19.4454 8.13173 60
      vertex 20.3516 11.75 60
    endloop
  endfacet
  facet normal 0 0 1
    outer loop
      vertex 18.002 15.1055 60
      vertex 19.4454 8.13173 60
      vertex 19.2501 13.479 60
    endloop
  endfacet
  facet normal 0 0 1
    outer loop
      vertex 16.617 16.617 60
      vertex 19.4454 8.13173 60
      vertex 18.002 15.1055 60
    endloop
  endfacet
  facet normal 0 0 1
    outer loop
      vertex 8.13173 19.4454 60
      vertex 16.617 16.617 60
      vertex 15.1055 18.002 60
    endloop
  endfacet
  facet normal 0 0 1
    outer loop
      vertex 8.13173 19.4454 60
      vertex 15.1055 18.002 60
      vertex 13.479 19.2501 60
    endloop
  endfacet
  facet normal -0 0 1
    outer loop
      vertex 8.13173 19.4454 60
      vertex 13.479 19.2501 60
      vertex 11.75 20.3516 60
    endloop
  endfacet
  facet normal 0 0 1
    outer loop
      vertex 8.13173 19.4454 60
      vertex 11.75 20.3516 60
      vertex 9.96638 21.2801 60
    endloop
  endfacet
  facet normal 0 0 1
    outer loop
      vertex 16.617 16.617 60
      vertex 8.13173 19.4454 60
      vertex 19.4454 8.13173 60
    endloop
  endfacet
  facet normal -0.707101 -0.707113 0
    outer loop
      vertex 12.1435 15.4337 10
      vertex 8.13173 19.4454 60
      vertex 8.13173 19.4454 10
    endloop
  endfacet
  facet normal -0.707107 -0.707107 -9.89949e-07
    outer loop
      vertex 15.4337 12.1435 10
      vertex 8.13173 19.4454 60
      vertex 12.1435 15.4337 10
    endloop
  endfacet
  facet normal -0.707113 -0.707101 -0
    outer loop
      vertex 19.4454 8.13173 60
      vertex 15.4337 12.1435 10
      vertex 19.4454 8.13173 10
    endloop
  endfacet
  facet normal -0.707107 -0.707107 -9.89949e-07
    outer loop
      vertex 15.4337 12.1435 10
      vertex 19.4454 8.13173 60
      vertex 8.13173 19.4454 60
    endloop
  endfacet
  facet normal -0.707116 0.707097 0
    outer loop
      vertex 8.13173 19.4454 10
      vertex 9.96638 21.2801 60
      vertex 9.96638 21.2801 10
    endloop
  endfacet
  facet normal -0.707116 0.707097 0
    outer loop
      vertex 9.96638 21.2801 60
      vertex 8.13173 19.4454 10
      vertex 8.13173 19.4454 60
    endloop
  endfacet
  facet normal 0 0 -1
    outer loop
      vertex 19.4454 8.13173 10
      vertex 20.3516 11.75 10
      vertex 21.2801 9.96638 10
    endloop
  endfacet
  facet normal 0 0 -1
    outer loop
      vertex 17.5159 12.4659 10
      vertex 20.3516 11.75 10
      vertex 19.4454 8.13173 10
    endloop
  endfacet
  facet normal 0 -0 -1
    outer loop
      vertex 18.5969 13.2229 10
      vertex 20.3516 11.75 10
      vertex 18.3525 12.9989 10
    endloop
  endfacet
  facet normal 0 0 -1
    outer loop
      vertex 19.2501 13.479 10
      vertex 19.0227 13.7303 10
      vertex 19.0384 13.7549 10
    endloop
  endfacet
  facet normal -0 0 -1
    outer loop
      vertex 19.2501 13.479 10
      vertex 18.8209 13.4673 10
      vertex 19.0227 13.7303 10
    endloop
  endfacet
  facet normal 0 0 -1
    outer loop
      vertex 19.2501 13.479 10
      vertex 18.5969 13.2229 10
      vertex 18.8209 13.4673 10
    endloop
  endfacet
  facet normal 0 0 -1
    outer loop
      vertex 20.3516 11.75 10
      vertex 18.5969 13.2229 10
      vertex 19.2501 13.479 10
    endloop
  endfacet
  facet normal 0 0 -1
    outer loop
      vertex 20.3516 11.75 10
      vertex 18.0895 12.7971 10
      vertex 18.3525 12.9989 10
    endloop
  endfacet
  facet normal 0 0 -1
    outer loop
      vertex 20.3516 11.75 10
      vertex 17.8099 12.619 10
      vertex 18.0895 12.7971 10
    endloop
  endfacet
  facet normal 0 0 -1
    outer loop
      vertex 20.3516 11.75 10
      vertex 17.5159 12.4659 10
      vertex 17.8099 12.619 10
    endloop
  endfacet
  facet normal 0 0 -1
    outer loop
      vertex 19.4454 8.13173 10
      vertex 17.2096 12.3391 10
      vertex 17.5159 12.4659 10
    endloop
  endfacet
  facet normal 0 0 -1
    outer loop
      vertex 19.4454 8.13173 10
      vertex 16.8934 12.2394 10
      vertex 17.2096 12.3391 10
    endloop
  endfacet
  facet normal 0 0 -1
    outer loop
      vertex 19.4454 8.13173 10
      vertex 16.5698 12.1676 10
      vertex 16.8934 12.2394 10
    endloop
  endfacet
  facet normal 0 0 -1
    outer loop
      vertex 19.4454 8.13173 10
      vertex 16.2411 12.1244 10
      vertex 16.5698 12.1676 10
    endloop
  endfacet
  facet normal 0 0 -1
    outer loop
      vertex 19.4454 8.13173 10
      vertex 15.9099 12.1099 10
      vertex 16.2411 12.1244 10
    endloop
  endfacet
  facet normal 0 0 -1
    outer loop
      vertex 19.4454 8.13173 10
      vertex 15.5787 12.1244 10
      vertex 15.9099 12.1099 10
    endloop
  endfacet
  facet normal -0 -0 -1
    outer loop
      vertex 15.5787 12.1244 10
      vertex 19.4454 8.13173 10
      vertex 15.4337 12.1435 10
    endloop
  endfacet
  facet normal 0 0 -1
    outer loop
      vertex 8.13173 19.4454 10
      vertex 12.1099 15.9099 10
      vertex 12.1244 15.5787 10
    endloop
  endfacet
  facet normal 0 0 -1
    outer loop
      vertex 12.1099 15.9099 10
      vertex 8.13173 19.4454 10
      vertex 11.75 20.3516 10
    endloop
  endfacet
  facet normal 0 0 -1
    outer loop
      vertex 8.13173 19.4454 10
      vertex 12.1244 15.5787 10
      vertex 12.1435 15.4337 10
    endloop
  endfacet
  facet normal -0 0 -1
    outer loop
      vertex 11.75 20.3516 10
      vertex 8.13173 19.4454 10
      vertex 9.96638 21.2801 10
    endloop
  endfacet
  facet normal 0 0 -1
    outer loop
      vertex 13.7303 19.0227 10
      vertex 13.479 19.2501 10
      vertex 13.7549 19.0384 10
    endloop
  endfacet
  facet normal 0 0 -1
    outer loop
      vertex 13.4673 18.8209 10
      vertex 13.479 19.2501 10
      vertex 13.7303 19.0227 10
    endloop
  endfacet
  facet normal 0 0 -1
    outer loop
      vertex 13.2229 18.5969 10
      vertex 13.479 19.2501 10
      vertex 13.4673 18.8209 10
    endloop
  endfacet
  facet normal 0 0 -1
    outer loop
      vertex 11.75 20.3516 10
      vertex 13.2229 18.5969 10
      vertex 12.9989 18.3525 10
    endloop
  endfacet
  facet normal 0 0 -1
    outer loop
      vertex 11.75 20.3516 10
      vertex 12.9989 18.3525 10
      vertex 12.7971 18.0895 10
    endloop
  endfacet
  facet normal 0 0 -1
    outer loop
      vertex 11.75 20.3516 10
      vertex 12.7971 18.0895 10
      vertex 12.619 17.8099 10
    endloop
  endfacet
  facet normal 0 0 -1
    outer loop
      vertex 13.2229 18.5969 10
      vertex 11.75 20.3516 10
      vertex 13.479 19.2501 10
    endloop
  endfacet
  facet normal 0 0 -1
    outer loop
      vertex 12.4659 17.5159 10
      vertex 11.75 20.3516 10
      vertex 12.619 17.8099 10
    endloop
  endfacet
  facet normal 0 0 -1
    outer loop
      vertex 12.3391 17.2096 10
      vertex 11.75 20.3516 10
      vertex 12.4659 17.5159 10
    endloop
  endfacet
  facet normal 0 0 -1
    outer loop
      vertex 12.2394 16.8934 10
      vertex 11.75 20.3516 10
      vertex 12.3391 17.2096 10
    endloop
  endfacet
  facet normal 0 0 -1
    outer loop
      vertex 12.1676 16.5698 10
      vertex 11.75 20.3516 10
      vertex 12.2394 16.8934 10
    endloop
  endfacet
  facet normal 0 0 -1
    outer loop
      vertex 12.1244 16.2411 10
      vertex 11.75 20.3516 10
      vertex 12.1676 16.5698 10
    endloop
  endfacet
  facet normal 0 0 -1
    outer loop
      vertex 11.75 20.3516 10
      vertex 12.1244 16.2411 10
      vertex 12.1099 15.9099 10
    endloop
  endfacet
  facet normal 0 0 1
    outer loop
      vertex 15.4337 12.1435 10
      vertex 14.9264 12.2394 10
      vertex 15.25 12.1676 10
    endloop
  endfacet
  facet normal 0 0 1
    outer loop
      vertex 15.4337 12.1435 10
      vertex 14.6102 12.3391 10
      vertex 14.9264 12.2394 10
    endloop
  endfacet
  facet normal 0 0 1
    outer loop
      vertex 15.4337 12.1435 10
      vertex 14.304 12.4659 10
      vertex 14.6102 12.3391 10
    endloop
  endfacet
  facet normal 0 0 1
    outer loop
      vertex 15.4337 12.1435 10
      vertex 14.0099 12.619 10
      vertex 14.304 12.4659 10
    endloop
  endfacet
  facet normal 0 0 1
    outer loop
      vertex 15.4337 12.1435 10
      vertex 13.7303 12.7971 10
      vertex 14.0099 12.619 10
    endloop
  endfacet
  facet normal 0 0 1
    outer loop
      vertex 15.4337 12.1435 10
      vertex 13.4673 12.9989 10
      vertex 13.7303 12.7971 10
    endloop
  endfacet
  facet normal 0 0 1
    outer loop
      vertex 15.4337 12.1435 10
      vertex 13.2229 13.2229 10
      vertex 13.4673 12.9989 10
    endloop
  endfacet
  facet normal 0 0 1
    outer loop
      vertex 15.4337 12.1435 10
      vertex 12.9989 13.4673 10
      vertex 13.2229 13.2229 10
    endloop
  endfacet
  facet normal 0 0 1
    outer loop
      vertex 15.4337 12.1435 10
      vertex 12.7971 13.7303 10
      vertex 12.9989 13.4673 10
    endloop
  endfacet
  facet normal 0 0 1
    outer loop
      vertex 15.4337 12.1435 10
      vertex 12.619 14.0099 10
      vertex 12.7971 13.7303 10
    endloop
  endfacet
  facet normal 0 0 1
    outer loop
      vertex 15.4337 12.1435 10
      vertex 12.4659 14.304 10
      vertex 12.619 14.0099 10
    endloop
  endfacet
  facet normal 0 0 1
    outer loop
      vertex 15.4337 12.1435 10
      vertex 12.3391 14.6102 10
      vertex 12.4659 14.304 10
    endloop
  endfacet
  facet normal 0 0 1
    outer loop
      vertex 15.4337 12.1435 10
      vertex 12.2394 14.9264 10
      vertex 12.3391 14.6102 10
    endloop
  endfacet
  facet normal 0 0 1
    outer loop
      vertex 12.1435 15.4337 10
      vertex 12.2394 14.9264 10
      vertex 15.4337 12.1435 10
    endloop
  endfacet
  facet normal 0 0 1
    outer loop
      vertex 12.2394 14.9264 10
      vertex 12.1435 15.4337 10
      vertex 12.1676 15.25 10
    endloop
  endfacet
  facet normal 0.707097 -0.707116 0
    outer loop
      vertex 19.4454 8.13173 10
      vertex 21.2801 9.96638 60
      vertex 19.4454 8.13173 60
    endloop
  endfacet
  facet normal 0.707097 -0.707116 0
    outer loop
      vertex 21.2801 9.96638 60
      vertex 19.4454 8.13173 10
      vertex 21.2801 9.96638 10
    endloop
  endfacet
  facet normal -0 0 1
    outer loop
      vertex -11.75 20.3516 60
      vertex -8.13173 19.4454 60
      vertex -9.96638 21.2801 60
    endloop
  endfacet
  facet normal 0 0 1
    outer loop
      vertex -13.479 19.2501 60
      vertex -8.13173 19.4454 60
      vertex -11.75 20.3516 60
    endloop
  endfacet
  facet normal 0 0 1
    outer loop
      vertex -15.1055 18.002 60
      vertex -8.13173 19.4454 60
      vertex -13.479 19.2501 60
    endloop
  endfacet
  facet normal 0 0 1
    outer loop
      vertex -16.617 16.617 60
      vertex -8.13173 19.4454 60
      vertex -15.1055 18.002 60
    endloop
  endfacet
  facet normal 0 0 1
    outer loop
      vertex -19.4454 8.13173 60
      vertex -16.617 16.617 60
      vertex -18.002 15.1055 60
    endloop
  endfacet
  facet normal 0 0 1
    outer loop
      vertex -19.4454 8.13173 60
      vertex -18.002 15.1055 60
      vertex -19.2501 13.479 60
    endloop
  endfacet
  facet normal -0 0 1
    outer loop
      vertex -16.617 16.617 60
      vertex -19.4454 8.13173 60
      vertex -8.13173 19.4454 60
    endloop
  endfacet
  facet normal -0 0 1
    outer loop
      vertex -20.3516 11.75 60
      vertex -19.4454 8.13173 60
      vertex -19.2501 13.479 60
    endloop
  endfacet
  facet normal 0 0 1
    outer loop
      vertex -19.4454 8.13173 60
      vertex -20.3516 11.75 60
      vertex -21.2801 9.96638 60
    endloop
  endfacet
  facet normal 0.707101 -0.707113 0
    outer loop
      vertex -8.13173 19.4454 60
      vertex -12.1435 15.4337 10
      vertex -8.13173 19.4454 10
    endloop
  endfacet
  facet normal 0.707107 -0.707107 -9.89949e-07
    outer loop
      vertex -8.13173 19.4454 60
      vertex -15.4337 12.1435 10
      vertex -12.1435 15.4337 10
    endloop
  endfacet
  facet normal 0.707107 -0.707107 -9.89949e-07
    outer loop
      vertex -19.4454 8.13173 60
      vertex -15.4337 12.1435 10
      vertex -8.13173 19.4454 60
    endloop
  endfacet
  facet normal 0.707113 -0.707101 0
    outer loop
      vertex -15.4337 12.1435 10
      vertex -19.4454 8.13173 60
      vertex -19.4454 8.13173 10
    endloop
  endfacet
  facet normal -0.707097 -0.707116 0
    outer loop
      vertex -21.2801 9.96638 10
      vertex -19.4454 8.13173 60
      vertex -21.2801 9.96638 60
    endloop
  endfacet
  facet normal -0.707097 -0.707116 -0
    outer loop
      vertex -19.4454 8.13173 60
      vertex -21.2801 9.96638 10
      vertex -19.4454 8.13173 10
    endloop
  endfacet
  facet normal 0 0 -1
    outer loop
      vertex -8.13173 19.4454 10
      vertex -11.75 20.3516 10
      vertex -9.96638 21.2801 10
    endloop
  endfacet
  facet normal 0 0 -1
    outer loop
      vertex -12.1244 16.2411 10
      vertex -8.13173 19.4454 10
      vertex -12.1099 15.9099 10
    endloop
  endfacet
  facet normal 0 0 -1
    outer loop
      vertex -8.13173 19.4454 10
      vertex -12.1244 15.5787 10
      vertex -12.1099 15.9099 10
    endloop
  endfacet
  facet normal 0 -0 -1
    outer loop
      vertex -12.1244 15.5787 10
      vertex -8.13173 19.4454 10
      vertex -12.1435 15.4337 10
    endloop
  endfacet
  facet normal 0 0 -1
    outer loop
      vertex -12.1676 16.5698 10
      vertex -8.13173 19.4454 10
      vertex -12.1244 16.2411 10
    endloop
  endfacet
  facet normal 0 0 -1
    outer loop
      vertex -12.2394 16.8934 10
      vertex -8.13173 19.4454 10
      vertex -12.1676 16.5698 10
    endloop
  endfacet
  facet normal 0 0 -1
    outer loop
      vertex -12.3391 17.2096 10
      vertex -8.13173 19.4454 10
      vertex -12.2394 16.8934 10
    endloop
  endfacet
  facet normal 0 0 -1
    outer loop
      vertex -12.4659 17.5159 10
      vertex -8.13173 19.4454 10
      vertex -12.3391 17.2096 10
    endloop
  endfacet
  facet normal -0 0 -1
    outer loop
      vertex -8.13173 19.4454 10
      vertex -12.4659 17.5159 10
      vertex -11.75 20.3516 10
    endloop
  endfacet
  facet normal 0 0 -1
    outer loop
      vertex -12.619 17.8099 10
      vertex -11.75 20.3516 10
      vertex -12.4659 17.5159 10
    endloop
  endfacet
  facet normal 0 0 -1
    outer loop
      vertex -12.7971 18.0895 10
      vertex -11.75 20.3516 10
      vertex -12.619 17.8099 10
    endloop
  endfacet
  facet normal 0 0 -1
    outer loop
      vertex -12.9989 18.3525 10
      vertex -11.75 20.3516 10
      vertex -12.7971 18.0895 10
    endloop
  endfacet
  facet normal 0 0 -1
    outer loop
      vertex -13.2229 18.5969 10
      vertex -11.75 20.3516 10
      vertex -12.9989 18.3525 10
    endloop
  endfacet
  facet normal 0 0 -1
    outer loop
      vertex -13.479 19.2501 10
      vertex -13.2229 18.5969 10
      vertex -13.4673 18.8209 10
    endloop
  endfacet
  facet normal 0 0 -1
    outer loop
      vertex -13.2229 18.5969 10
      vertex -13.479 19.2501 10
      vertex -11.75 20.3516 10
    endloop
  endfacet
  facet normal 0 0 -1
    outer loop
      vertex -13.7303 19.0227 10
      vertex -13.479 19.2501 10
      vertex -13.4673 18.8209 10
    endloop
  endfacet
  facet normal 0 0 -1
    outer loop
      vertex -13.479 19.2501 10
      vertex -13.7303 19.0227 10
      vertex -13.7549 19.0384 10
    endloop
  endfacet
  facet normal -0 0 -1
    outer loop
      vertex -19.0227 13.7303 10
      vertex -19.2501 13.479 10
      vertex -19.0384 13.7549 10
    endloop
  endfacet
  facet normal 0 0 -1
    outer loop
      vertex -18.8209 13.4673 10
      vertex -19.2501 13.479 10
      vertex -19.0227 13.7303 10
    endloop
  endfacet
  facet normal 0 0 -1
    outer loop
      vertex -18.5969 13.2229 10
      vertex -19.2501 13.479 10
      vertex -18.8209 13.4673 10
    endloop
  endfacet
  facet normal 0 0 -1
    outer loop
      vertex -20.3516 11.75 10
      vertex -18.5969 13.2229 10
      vertex -18.3525 12.9989 10
    endloop
  endfacet
  facet normal 0 0 -1
    outer loop
      vertex -20.3516 11.75 10
      vertex -18.3525 12.9989 10
      vertex -18.0895 12.7971 10
    endloop
  endfacet
  facet normal 0 0 -1
    outer loop
      vertex -20.3516 11.75 10
      vertex -18.0895 12.7971 10
      vertex -17.8099 12.619 10
    endloop
  endfacet
  facet normal 0 0 -1
    outer loop
      vertex -19.4454 8.13173 10
      vertex -15.5787 12.1244 10
      vertex -15.4337 12.1435 10
    endloop
  endfacet
  facet normal 0 0 -1
    outer loop
      vertex -19.4454 8.13173 10
      vertex -15.9099 12.1099 10
      vertex -15.5787 12.1244 10
    endloop
  endfacet
  facet normal 0 0 -1
    outer loop
      vertex -19.4454 8.13173 10
      vertex -16.2411 12.1244 10
      vertex -15.9099 12.1099 10
    endloop
  endfacet
  facet normal 0 0 -1
    outer loop
      vertex -19.4454 8.13173 10
      vertex -16.5698 12.1676 10
      vertex -16.2411 12.1244 10
    endloop
  endfacet
  facet normal 0 0 -1
    outer loop
      vertex -19.4454 8.13173 10
      vertex -16.8934 12.2394 10
      vertex -16.5698 12.1676 10
    endloop
  endfacet
  facet normal 0 0 -1
    outer loop
      vertex -19.4454 8.13173 10
      vertex -17.2096 12.3391 10
      vertex -16.8934 12.2394 10
    endloop
  endfacet
  facet normal 0 0 -1
    outer loop
      vertex -19.4454 8.13173 10
      vertex -17.5159 12.4659 10
      vertex -17.2096 12.3391 10
    endloop
  endfacet
  facet normal 0 0 -1
    outer loop
      vertex -20.3516 11.75 10
      vertex -17.5159 12.4659 10
      vertex -19.4454 8.13173 10
    endloop
  endfacet
  facet normal -0 0 -1
    outer loop
      vertex -17.5159 12.4659 10
      vertex -20.3516 11.75 10
      vertex -17.8099 12.619 10
    endloop
  endfacet
  facet normal -0 0 -1
    outer loop
      vertex -18.5969 13.2229 10
      vertex -20.3516 11.75 10
      vertex -19.2501 13.479 10
    endloop
  endfacet
  facet normal 0 -0 -1
    outer loop
      vertex -20.3516 11.75 10
      vertex -19.4454 8.13173 10
      vertex -21.2801 9.96638 10
    endloop
  endfacet
  facet normal 0 0 1
    outer loop
      vertex -12.1435 15.4337 10
      vertex -12.2394 14.9264 10
      vertex -12.1676 15.25 10
    endloop
  endfacet
  facet normal 0 0 1
    outer loop
      vertex -12.1435 15.4337 10
      vertex -12.3391 14.6102 10
      vertex -12.2394 14.9264 10
    endloop
  endfacet
  facet normal 0 0 1
    outer loop
      vertex -12.1435 15.4337 10
      vertex -12.4659 14.304 10
      vertex -12.3391 14.6102 10
    endloop
  endfacet
  facet normal 0 0 1
    outer loop
      vertex -12.1435 15.4337 10
      vertex -12.619 14.0099 10
      vertex -12.4659 14.304 10
    endloop
  endfacet
  facet normal 0 0 1
    outer loop
      vertex -12.1435 15.4337 10
      vertex -12.7971 13.7303 10
      vertex -12.619 14.0099 10
    endloop
  endfacet
  facet normal 0 0 1
    outer loop
      vertex -12.1435 15.4337 10
      vertex -12.9989 13.4673 10
      vertex -12.7971 13.7303 10
    endloop
  endfacet
  facet normal 0 0 1
    outer loop
      vertex -12.1435 15.4337 10
      vertex -13.2229 13.2229 10
      vertex -12.9989 13.4673 10
    endloop
  endfacet
  facet normal 0 0 1
    outer loop
      vertex -12.1435 15.4337 10
      vertex -13.4673 12.9989 10
      vertex -13.2229 13.2229 10
    endloop
  endfacet
  facet normal 0 0 1
    outer loop
      vertex -12.1435 15.4337 10
      vertex -13.7303 12.7971 10
      vertex -13.4673 12.9989 10
    endloop
  endfacet
  facet normal 0 0 1
    outer loop
      vertex -12.1435 15.4337 10
      vertex -14.0099 12.619 10
      vertex -13.7303 12.7971 10
    endloop
  endfacet
  facet normal 0 0 1
    outer loop
      vertex -12.1435 15.4337 10
      vertex -14.304 12.4659 10
      vertex -14.0099 12.619 10
    endloop
  endfacet
  facet normal 0 0 1
    outer loop
      vertex -12.1435 15.4337 10
      vertex -14.6102 12.3391 10
      vertex -14.304 12.4659 10
    endloop
  endfacet
  facet normal 0 0 1
    outer loop
      vertex -12.1435 15.4337 10
      vertex -14.9264 12.2394 10
      vertex -14.6102 12.3391 10
    endloop
  endfacet
  facet normal 0 0 1
    outer loop
      vertex -15.4337 12.1435 10
      vertex -14.9264 12.2394 10
      vertex -12.1435 15.4337 10
    endloop
  endfacet
  facet normal 0 0 1
    outer loop
      vertex -14.9264 12.2394 10
      vertex -15.4337 12.1435 10
      vertex -15.25 12.1676 10
    endloop
  endfacet
  facet normal 0.707116 0.707097 0
    outer loop
      vertex -8.13173 19.4454 60
      vertex -9.96638 21.2801 10
      vertex -9.96638 21.2801 60
    endloop
  endfacet
  facet normal 0.707116 0.707097 0
    outer loop
      vertex -9.96638 21.2801 10
      vertex -8.13173 19.4454 60
      vertex -8.13173 19.4454 10
    endloop
  endfacet
  facet normal 0 0 1
    outer loop
      vertex -8.13173 -19.4454 60
      vertex -11.75 -20.3516 60
      vertex -9.96638 -21.2801 60
    endloop
  endfacet
  facet normal 0 0 1
    outer loop
      vertex -8.13173 -19.4454 60
      vertex -13.479 -19.2501 60
      vertex -11.75 -20.3516 60
    endloop
  endfacet
  facet normal 0 0 1
    outer loop
      vertex -8.13173 -19.4454 60
      vertex -15.1055 -18.002 60
      vertex -13.479 -19.2501 60
    endloop
  endfacet
  facet normal 0 0 1
    outer loop
      vertex -8.13173 -19.4454 60
      vertex -16.617 -16.617 60
      vertex -15.1055 -18.002 60
    endloop
  endfacet
  facet normal 0 0 1
    outer loop
      vertex -19.4454 -8.13173 60
      vertex -16.617 -16.617 60
      vertex -8.13173 -19.4454 60
    endloop
  endfacet
  facet normal 0 0 1
    outer loop
      vertex -16.617 -16.617 60
      vertex -19.4454 -8.13173 60
      vertex -18.002 -15.1055 60
    endloop
  endfacet
  facet normal 0 0 1
    outer loop
      vertex -18.002 -15.1055 60
      vertex -19.4454 -8.13173 60
      vertex -19.2501 -13.479 60
    endloop
  endfacet
  facet normal 0 0 1
    outer loop
      vertex -19.4454 -8.13173 60
      vertex -20.3516 -11.75 60
      vertex -19.2501 -13.479 60
    endloop
  endfacet
  facet normal 0 -0 1
    outer loop
      vertex -20.3516 -11.75 60
      vertex -19.4454 -8.13173 60
      vertex -21.2801 -9.96638 60
    endloop
  endfacet
  facet normal 0 0 -1
    outer loop
      vertex -19.2501 -13.479 10
      vertex -19.0227 -13.7303 10
      vertex -19.0384 -13.7549 10
    endloop
  endfacet
  facet normal 0 0 -1
    outer loop
      vertex -19.2501 -13.479 10
      vertex -18.8209 -13.4673 10
      vertex -19.0227 -13.7303 10
    endloop
  endfacet
  facet normal 0 0 -1
    outer loop
      vertex -19.2501 -13.479 10
      vertex -18.5969 -13.2229 10
      vertex -18.8209 -13.4673 10
    endloop
  endfacet
  facet normal 0 0 -1
    outer loop
      vertex -20.3516 -11.75 10
      vertex -18.5969 -13.2229 10
      vertex -19.2501 -13.479 10
    endloop
  endfacet
  facet normal 0 0 -1
    outer loop
      vertex -18.5969 -13.2229 10
      vertex -20.3516 -11.75 10
      vertex -18.3525 -12.9989 10
    endloop
  endfacet
  facet normal 0 0 -1
    outer loop
      vertex -18.3525 -12.9989 10
      vertex -20.3516 -11.75 10
      vertex -18.0895 -12.7971 10
    endloop
  endfacet
  facet normal 0 0 -1
    outer loop
      vertex -15.5787 -12.1244 10
      vertex -19.4454 -8.13173 10
      vertex -15.4337 -12.1435 10
    endloop
  endfacet
  facet normal 0 0 -1
    outer loop
      vertex -15.9099 -12.1099 10
      vertex -19.4454 -8.13173 10
      vertex -15.5787 -12.1244 10
    endloop
  endfacet
  facet normal 0 0 -1
    outer loop
      vertex -16.2411 -12.1244 10
      vertex -19.4454 -8.13173 10
      vertex -15.9099 -12.1099 10
    endloop
  endfacet
  facet normal 0 0 -1
    outer loop
      vertex -16.5698 -12.1676 10
      vertex -19.4454 -8.13173 10
      vertex -16.2411 -12.1244 10
    endloop
  endfacet
  facet normal 0 0 -1
    outer loop
      vertex -16.8934 -12.2394 10
      vertex -19.4454 -8.13173 10
      vertex -16.5698 -12.1676 10
    endloop
  endfacet
  facet normal 0 0 -1
    outer loop
      vertex -17.2096 -12.3391 10
      vertex -19.4454 -8.13173 10
      vertex -16.8934 -12.2394 10
    endloop
  endfacet
  facet normal 0 0 -1
    outer loop
      vertex -17.5159 -12.4659 10
      vertex -19.4454 -8.13173 10
      vertex -17.2096 -12.3391 10
    endloop
  endfacet
  facet normal 0 0 -1
    outer loop
      vertex -20.3516 -11.75 10
      vertex -17.5159 -12.4659 10
      vertex -17.8099 -12.619 10
    endloop
  endfacet
  facet normal 0 0 -1
    outer loop
      vertex -18.0895 -12.7971 10
      vertex -20.3516 -11.75 10
      vertex -17.8099 -12.619 10
    endloop
  endfacet
  facet normal 0 0 -1
    outer loop
      vertex -17.5159 -12.4659 10
      vertex -20.3516 -11.75 10
      vertex -19.4454 -8.13173 10
    endloop
  endfacet
  facet normal 0 0 -1
    outer loop
      vertex -19.4454 -8.13173 10
      vertex -20.3516 -11.75 10
      vertex -21.2801 -9.96638 10
    endloop
  endfacet
  facet normal 0 0 -1
    outer loop
      vertex -8.13173 -19.4454 10
      vertex -12.1244 -16.2411 10
      vertex -12.1099 -15.9099 10
    endloop
  endfacet
  facet normal 0 0 -1
    outer loop
      vertex -8.13173 -19.4454 10
      vertex -12.1676 -16.5698 10
      vertex -12.1244 -16.2411 10
    endloop
  endfacet
  facet normal 0 0 -1
    outer loop
      vertex -8.13173 -19.4454 10
      vertex -12.2394 -16.8934 10
      vertex -12.1676 -16.5698 10
    endloop
  endfacet
  facet normal 0 0 -1
    outer loop
      vertex -8.13173 -19.4454 10
      vertex -12.3391 -17.2096 10
      vertex -12.2394 -16.8934 10
    endloop
  endfacet
  facet normal 0 0 -1
    outer loop
      vertex -8.13173 -19.4454 10
      vertex -12.4659 -17.5159 10
      vertex -12.3391 -17.2096 10
    endloop
  endfacet
  facet normal 0 0 -1
    outer loop
      vertex -11.75 -20.3516 10
      vertex -12.619 -17.8099 10
      vertex -12.4659 -17.5159 10
    endloop
  endfacet
  facet normal 0 0 -1
    outer loop
      vertex -11.75 -20.3516 10
      vertex -12.7971 -18.0895 10
      vertex -12.619 -17.8099 10
    endloop
  endfacet
  facet normal 0 0 -1
    outer loop
      vertex -11.75 -20.3516 10
      vertex -12.9989 -18.3525 10
      vertex -12.7971 -18.0895 10
    endloop
  endfacet
  facet normal 0 0 -1
    outer loop
      vertex -11.75 -20.3516 10
      vertex -13.2229 -18.5969 10
      vertex -12.9989 -18.3525 10
    endloop
  endfacet
  facet normal 0 0 -1
    outer loop
      vertex -13.479 -19.2501 10
      vertex -13.2229 -18.5969 10
      vertex -11.75 -20.3516 10
    endloop
  endfacet
  facet normal 0 0 -1
    outer loop
      vertex -13.2229 -18.5969 10
      vertex -13.479 -19.2501 10
      vertex -13.4673 -18.8209 10
    endloop
  endfacet
  facet normal 0 0 -1
    outer loop
      vertex -13.479 -19.2501 10
      vertex -13.7303 -19.0227 10
      vertex -13.4673 -18.8209 10
    endloop
  endfacet
  facet normal 0 -0 -1
    outer loop
      vertex -13.7303 -19.0227 10
      vertex -13.479 -19.2501 10
      vertex -13.7549 -19.0384 10
    endloop
  endfacet
  facet normal 0 0 -1
    outer loop
      vertex -11.75 -20.3516 10
      vertex -8.13173 -19.4454 10
      vertex -9.96638 -21.2801 10
    endloop
  endfacet
  facet normal 0 0 -1
    outer loop
      vertex -12.4659 -17.5159 10
      vertex -8.13173 -19.4454 10
      vertex -11.75 -20.3516 10
    endloop
  endfacet
  facet normal 0 0 -1
    outer loop
      vertex -12.1244 -15.5787 10
      vertex -8.13173 -19.4454 10
      vertex -12.1099 -15.9099 10
    endloop
  endfacet
  facet normal 0 0 -1
    outer loop
      vertex -8.13173 -19.4454 10
      vertex -12.1244 -15.5787 10
      vertex -12.1435 -15.4337 10
    endloop
  endfacet
  facet normal 0 0 1
    outer loop
      vertex -12.2394 -14.9264 10
      vertex -12.1435 -15.4337 10
      vertex -12.1676 -15.25 10
    endloop
  endfacet
  facet normal 0 0 1
    outer loop
      vertex -12.3391 -14.6102 10
      vertex -12.1435 -15.4337 10
      vertex -12.2394 -14.9264 10
    endloop
  endfacet
  facet normal 0 0 1
    outer loop
      vertex -12.4659 -14.304 10
      vertex -12.1435 -15.4337 10
      vertex -12.3391 -14.6102 10
    endloop
  endfacet
  facet normal 0 0 1
    outer loop
      vertex -12.619 -14.0099 10
      vertex -12.1435 -15.4337 10
      vertex -12.4659 -14.304 10
    endloop
  endfacet
  facet normal 0 0 1
    outer loop
      vertex -12.7971 -13.7303 10
      vertex -12.1435 -15.4337 10
      vertex -12.619 -14.0099 10
    endloop
  endfacet
  facet normal 0 0 1
    outer loop
      vertex -12.9989 -13.4673 10
      vertex -12.1435 -15.4337 10
      vertex -12.7971 -13.7303 10
    endloop
  endfacet
  facet normal 0 0 1
    outer loop
      vertex -13.2229 -13.2229 10
      vertex -12.1435 -15.4337 10
      vertex -12.9989 -13.4673 10
    endloop
  endfacet
  facet normal 0 0 1
    outer loop
      vertex -13.4673 -12.9989 10
      vertex -12.1435 -15.4337 10
      vertex -13.2229 -13.2229 10
    endloop
  endfacet
  facet normal 0 0 1
    outer loop
      vertex -13.7303 -12.7971 10
      vertex -12.1435 -15.4337 10
      vertex -13.4673 -12.9989 10
    endloop
  endfacet
  facet normal 0 0 1
    outer loop
      vertex -14.0099 -12.619 10
      vertex -12.1435 -15.4337 10
      vertex -13.7303 -12.7971 10
    endloop
  endfacet
  facet normal 0 0 1
    outer loop
      vertex -14.304 -12.4659 10
      vertex -12.1435 -15.4337 10
      vertex -14.0099 -12.619 10
    endloop
  endfacet
  facet normal 0 0 1
    outer loop
      vertex -14.6102 -12.3391 10
      vertex -12.1435 -15.4337 10
      vertex -14.304 -12.4659 10
    endloop
  endfacet
  facet normal 0 0 1
    outer loop
      vertex -14.9264 -12.2394 10
      vertex -12.1435 -15.4337 10
      vertex -14.6102 -12.3391 10
    endloop
  endfacet
  facet normal 0 0 1
    outer loop
      vertex -15.4337 -12.1435 10
      vertex -14.9264 -12.2394 10
      vertex -15.25 -12.1676 10
    endloop
  endfacet
  facet normal 0 0 1
    outer loop
      vertex -14.9264 -12.2394 10
      vertex -15.4337 -12.1435 10
      vertex -12.1435 -15.4337 10
    endloop
  endfacet
  facet normal 0.707113 0.707101 0
    outer loop
      vertex -19.4454 -8.13173 60
      vertex -15.4337 -12.1435 10
      vertex -19.4454 -8.13173 10
    endloop
  endfacet
  facet normal 0.707107 0.707107 -9.89949e-07
    outer loop
      vertex -19.4454 -8.13173 60
      vertex -12.1435 -15.4337 10
      vertex -15.4337 -12.1435 10
    endloop
  endfacet
  facet normal 0.707107 0.707107 -9.89949e-07
    outer loop
      vertex -8.13173 -19.4454 60
      vertex -12.1435 -15.4337 10
      vertex -19.4454 -8.13173 60
    endloop
  endfacet
  facet normal 0.707101 0.707113 0
    outer loop
      vertex -12.1435 -15.4337 10
      vertex -8.13173 -19.4454 60
      vertex -8.13173 -19.4454 10
    endloop
  endfacet
  facet normal 0.707116 -0.707097 0
    outer loop
      vertex -9.96638 -21.2801 60
      vertex -8.13173 -19.4454 10
      vertex -8.13173 -19.4454 60
    endloop
  endfacet
  facet normal 0.707116 -0.707097 0
    outer loop
      vertex -8.13173 -19.4454 10
      vertex -9.96638 -21.2801 60
      vertex -9.96638 -21.2801 10
    endloop
  endfacet
  facet normal -0.707097 0.707116 0
    outer loop
      vertex -19.4454 -8.13173 10
      vertex -21.2801 -9.96638 60
      vertex -19.4454 -8.13173 60
    endloop
  endfacet
  facet normal -0.707097 0.707116 0
    outer loop
      vertex -21.2801 -9.96638 60
      vertex -19.4454 -8.13173 10
      vertex -21.2801 -9.96638 10
    endloop
  endfacet
  facet normal 0 0 1
    outer loop
      vertex 19.4454 -8.13173 60
      vertex 20.3516 -11.75 60
      vertex 21.2801 -9.96638 60
    endloop
  endfacet
  facet normal 0 0 1
    outer loop
      vertex 19.4454 -8.13173 60
      vertex 19.2501 -13.479 60
      vertex 20.3516 -11.75 60
    endloop
  endfacet
  facet normal 0 0 1
    outer loop
      vertex 19.4454 -8.13173 60
      vertex 18.002 -15.1055 60
      vertex 19.2501 -13.479 60
    endloop
  endfacet
  facet normal 0 0 1
    outer loop
      vertex 19.4454 -8.13173 60
      vertex 16.617 -16.617 60
      vertex 18.002 -15.1055 60
    endloop
  endfacet
  facet normal 0 0 1
    outer loop
      vertex 8.13173 -19.4454 60
      vertex 16.617 -16.617 60
      vertex 19.4454 -8.13173 60
    endloop
  endfacet
  facet normal 0 0 1
    outer loop
      vertex 16.617 -16.617 60
      vertex 8.13173 -19.4454 60
      vertex 15.1055 -18.002 60
    endloop
  endfacet
  facet normal 0 0 1
    outer loop
      vertex 15.1055 -18.002 60
      vertex 8.13173 -19.4454 60
      vertex 13.479 -19.2501 60
    endloop
  endfacet
  facet normal 0 0 1
    outer loop
      vertex 13.479 -19.2501 60
      vertex 8.13173 -19.4454 60
      vertex 11.75 -20.3516 60
    endloop
  endfacet
  facet normal 0 0 1
    outer loop
      vertex 11.75 -20.3516 60
      vertex 8.13173 -19.4454 60
      vertex 9.96638 -21.2801 60
    endloop
  endfacet
  facet normal 0 0 -1
    outer loop
      vertex 13.479 -19.2501 10
      vertex 13.7303 -19.0227 10
      vertex 13.7549 -19.0384 10
    endloop
  endfacet
  facet normal 0 0 -1
    outer loop
      vertex 13.479 -19.2501 10
      vertex 13.4673 -18.8209 10
      vertex 13.7303 -19.0227 10
    endloop
  endfacet
  facet normal 0 0 -1
    outer loop
      vertex 13.479 -19.2501 10
      vertex 13.2229 -18.5969 10
      vertex 13.4673 -18.8209 10
    endloop
  endfacet
  facet normal 0 0 -1
    outer loop
      vertex 11.75 -20.3516 10
      vertex 13.2229 -18.5969 10
      vertex 13.479 -19.2501 10
    endloop
  endfacet
  facet normal -0 0 -1
    outer loop
      vertex 13.2229 -18.5969 10
      vertex 11.75 -20.3516 10
      vertex 12.9989 -18.3525 10
    endloop
  endfacet
  facet normal -0 0 -1
    outer loop
      vertex 12.9989 -18.3525 10
      vertex 11.75 -20.3516 10
      vertex 12.7971 -18.0895 10
    endloop
  endfacet
  facet normal -0 0 -1
    outer loop
      vertex 12.1676 -16.5698 10
      vertex 8.13173 -19.4454 10
      vertex 12.1244 -16.2411 10
    endloop
  endfacet
  facet normal -0 0 -1
    outer loop
      vertex 12.2394 -16.8934 10
      vertex 8.13173 -19.4454 10
      vertex 12.1676 -16.5698 10
    endloop
  endfacet
  facet normal -0 0 -1
    outer loop
      vertex 12.3391 -17.2096 10
      vertex 8.13173 -19.4454 10
      vertex 12.2394 -16.8934 10
    endloop
  endfacet
  facet normal -0 0 -1
    outer loop
      vertex 12.4659 -17.5159 10
      vertex 8.13173 -19.4454 10
      vertex 12.3391 -17.2096 10
    endloop
  endfacet
  facet normal 0 0 -1
    outer loop
      vertex 8.13173 -19.4454 10
      vertex 12.4659 -17.5159 10
      vertex 11.75 -20.3516 10
    endloop
  endfacet
  facet normal -0 0 -1
    outer loop
      vertex 12.619 -17.8099 10
      vertex 11.75 -20.3516 10
      vertex 12.4659 -17.5159 10
    endloop
  endfacet
  facet normal -0 0 -1
    outer loop
      vertex 12.7971 -18.0895 10
      vertex 11.75 -20.3516 10
      vertex 12.619 -17.8099 10
    endloop
  endfacet
  facet normal -0 0 -1
    outer loop
      vertex 12.1244 -16.2411 10
      vertex 8.13173 -19.4454 10
      vertex 12.1099 -15.9099 10
    endloop
  endfacet
  facet normal 0 0 -1
    outer loop
      vertex 8.13173 -19.4454 10
      vertex 11.75 -20.3516 10
      vertex 9.96638 -21.2801 10
    endloop
  endfacet
  facet normal -0 0 -1
    outer loop
      vertex 12.1099 -15.9099 10
      vertex 8.13173 -19.4454 10
      vertex 12.1244 -15.5787 10
    endloop
  endfacet
  facet normal -0 0 -1
    outer loop
      vertex 12.1244 -15.5787 10
      vertex 8.13173 -19.4454 10
      vertex 12.1435 -15.4337 10
    endloop
  endfacet
  facet normal 0 0 -1
    outer loop
      vertex 20.3516 -11.75 10
      vertex 19.4454 -8.13173 10
      vertex 21.2801 -9.96638 10
    endloop
  endfacet
  facet normal 0 0 -1
    outer loop
      vertex 18.5969 -13.2229 10
      vertex 20.3516 -11.75 10
      vertex 19.2501 -13.479 10
    endloop
  endfacet
  facet normal 0 0 -1
    outer loop
      vertex 19.0227 -13.7303 10
      vertex 19.2501 -13.479 10
      vertex 19.0384 -13.7549 10
    endloop
  endfacet
  facet normal 0 0 -1
    outer loop
      vertex 18.8209 -13.4673 10
      vertex 19.2501 -13.479 10
      vertex 19.0227 -13.7303 10
    endloop
  endfacet
  facet normal 0 0 -1
    outer loop
      vertex 18.5969 -13.2229 10
      vertex 19.2501 -13.479 10
      vertex 18.8209 -13.4673 10
    endloop
  endfacet
  facet normal 0 0 -1
    outer loop
      vertex 20.3516 -11.75 10
      vertex 18.5969 -13.2229 10
      vertex 18.3525 -12.9989 10
    endloop
  endfacet
  facet normal 0 0 -1
    outer loop
      vertex 18.0895 -12.7971 10
      vertex 20.3516 -11.75 10
      vertex 18.3525 -12.9989 10
    endloop
  endfacet
  facet normal 0 0 -1
    outer loop
      vertex 17.8099 -12.619 10
      vertex 20.3516 -11.75 10
      vertex 18.0895 -12.7971 10
    endloop
  endfacet
  facet normal 0 0 -1
    outer loop
      vertex 17.5159 -12.4659 10
      vertex 20.3516 -11.75 10
      vertex 17.8099 -12.619 10
    endloop
  endfacet
  facet normal -0 0 -1
    outer loop
      vertex 20.3516 -11.75 10
      vertex 17.5159 -12.4659 10
      vertex 19.4454 -8.13173 10
    endloop
  endfacet
  facet normal 0 0 -1
    outer loop
      vertex 17.2096 -12.3391 10
      vertex 19.4454 -8.13173 10
      vertex 17.5159 -12.4659 10
    endloop
  endfacet
  facet normal 0 0 -1
    outer loop
      vertex 16.8934 -12.2394 10
      vertex 19.4454 -8.13173 10
      vertex 17.2096 -12.3391 10
    endloop
  endfacet
  facet normal 0 0 -1
    outer loop
      vertex 16.5698 -12.1676 10
      vertex 19.4454 -8.13173 10
      vertex 16.8934 -12.2394 10
    endloop
  endfacet
  facet normal 0 0 -1
    outer loop
      vertex 16.2411 -12.1244 10
      vertex 19.4454 -8.13173 10
      vertex 16.5698 -12.1676 10
    endloop
  endfacet
  facet normal 0 0 -1
    outer loop
      vertex 15.9099 -12.1099 10
      vertex 19.4454 -8.13173 10
      vertex 16.2411 -12.1244 10
    endloop
  endfacet
  facet normal 0 0 -1
    outer loop
      vertex 15.5787 -12.1244 10
      vertex 19.4454 -8.13173 10
      vertex 15.9099 -12.1099 10
    endloop
  endfacet
  facet normal 0 0 -1
    outer loop
      vertex 19.4454 -8.13173 10
      vertex 15.5787 -12.1244 10
      vertex 15.4337 -12.1435 10
    endloop
  endfacet
  facet normal 0 0 1
    outer loop
      vertex 14.9264 -12.2394 10
      vertex 15.4337 -12.1435 10
      vertex 15.25 -12.1676 10
    endloop
  endfacet
  facet normal 0 0 1
    outer loop
      vertex 14.6102 -12.3391 10
      vertex 15.4337 -12.1435 10
      vertex 14.9264 -12.2394 10
    endloop
  endfacet
  facet normal 0 0 1
    outer loop
      vertex 14.304 -12.4659 10
      vertex 15.4337 -12.1435 10
      vertex 14.6102 -12.3391 10
    endloop
  endfacet
  facet normal 0 0 1
    outer loop
      vertex 14.0099 -12.619 10
      vertex 15.4337 -12.1435 10
      vertex 14.304 -12.4659 10
    endloop
  endfacet
  facet normal 0 0 1
    outer loop
      vertex 13.7303 -12.7971 10
      vertex 15.4337 -12.1435 10
      vertex 14.0099 -12.619 10
    endloop
  endfacet
  facet normal 0 0 1
    outer loop
      vertex 13.4673 -12.9989 10
      vertex 15.4337 -12.1435 10
      vertex 13.7303 -12.7971 10
    endloop
  endfacet
  facet normal 0 0 1
    outer loop
      vertex 13.2229 -13.2229 10
      vertex 15.4337 -12.1435 10
      vertex 13.4673 -12.9989 10
    endloop
  endfacet
  facet normal 0 0 1
    outer loop
      vertex 12.9989 -13.4673 10
      vertex 15.4337 -12.1435 10
      vertex 13.2229 -13.2229 10
    endloop
  endfacet
  facet normal 0 0 1
    outer loop
      vertex 12.7971 -13.7303 10
      vertex 15.4337 -12.1435 10
      vertex 12.9989 -13.4673 10
    endloop
  endfacet
  facet normal 0 0 1
    outer loop
      vertex 12.619 -14.0099 10
      vertex 15.4337 -12.1435 10
      vertex 12.7971 -13.7303 10
    endloop
  endfacet
  facet normal 0 0 1
    outer loop
      vertex 12.4659 -14.304 10
      vertex 15.4337 -12.1435 10
      vertex 12.619 -14.0099 10
    endloop
  endfacet
  facet normal 0 0 1
    outer loop
      vertex 12.3391 -14.6102 10
      vertex 15.4337 -12.1435 10
      vertex 12.4659 -14.304 10
    endloop
  endfacet
  facet normal 0 0 1
    outer loop
      vertex 12.2394 -14.9264 10
      vertex 15.4337 -12.1435 10
      vertex 12.3391 -14.6102 10
    endloop
  endfacet
  facet normal 0 0 1
    outer loop
      vertex 12.1435 -15.4337 10
      vertex 12.2394 -14.9264 10
      vertex 12.1676 -15.25 10
    endloop
  endfacet
  facet normal -0 0 1
    outer loop
      vertex 12.2394 -14.9264 10
      vertex 12.1435 -15.4337 10
      vertex 15.4337 -12.1435 10
    endloop
  endfacet
  facet normal -0.707113 0.707101 0
    outer loop
      vertex 15.4337 -12.1435 10
      vertex 19.4454 -8.13173 60
      vertex 19.4454 -8.13173 10
    endloop
  endfacet
  facet normal -0.707107 0.707107 -9.89949e-07
    outer loop
      vertex 12.1435 -15.4337 10
      vertex 19.4454 -8.13173 60
      vertex 15.4337 -12.1435 10
    endloop
  endfacet
  facet normal -0.707101 0.707113 0
    outer loop
      vertex 8.13173 -19.4454 60
      vertex 12.1435 -15.4337 10
      vertex 8.13173 -19.4454 10
    endloop
  endfacet
  facet normal -0.707107 0.707107 -9.89949e-07
    outer loop
      vertex 12.1435 -15.4337 10
      vertex 8.13173 -19.4454 60
      vertex 19.4454 -8.13173 60
    endloop
  endfacet
  facet normal 0.707097 0.707116 -0
    outer loop
      vertex 21.2801 -9.96638 10
      vertex 19.4454 -8.13173 60
      vertex 21.2801 -9.96638 60
    endloop
  endfacet
  facet normal 0.707097 0.707116 0
    outer loop
      vertex 19.4454 -8.13173 60
      vertex 21.2801 -9.96638 10
      vertex 19.4454 -8.13173 10
    endloop
  endfacet
  facet normal -0.707116 -0.707097 0
    outer loop
      vertex 9.96638 -21.2801 10
      vertex 8.13173 -19.4454 60
      vertex 8.13173 -19.4454 10
    endloop
  endfacet
  facet normal -0.707116 -0.707097 0
    outer loop
      vertex 8.13173 -19.4454 60
      vertex 9.96638 -21.2801 10
      vertex 9.96638 -21.2801 60
    endloop
  endfacet
  facet normal 0.537246 -0.843425 0
    outer loop
      vertex 17.8099 12.619 0
      vertex 18.0895 12.7971 10
      vertex 17.8099 12.619 10
    endloop
  endfacet
  facet normal 0.537246 -0.843425 0
    outer loop
      vertex 18.0895 12.7971 10
      vertex 17.8099 12.619 0
      vertex 18.0895 12.7971 0
    endloop
  endfacet
  facet normal 0.737204 -0.67567 0
    outer loop
      vertex 18.5969 13.2229 10
      vertex 18.8209 13.4673 0
      vertex 18.8209 13.4673 10
    endloop
  endfacet
  facet normal 0.737204 -0.67567 0
    outer loop
      vertex 18.8209 13.4673 0
      vertex 18.5969 13.2229 10
      vertex 18.5969 13.2229 0
    endloop
  endfacet
  facet normal -0.887009 -0.461752 0
    outer loop
      vertex 12.619 14.0099 0
      vertex 12.4659 14.304 10
      vertex 12.4659 14.304 0
    endloop
  endfacet
  facet normal -0.887009 -0.461752 0
    outer loop
      vertex 12.4659 14.304 10
      vertex 12.619 14.0099 0
      vertex 12.619 14.0099 10
    endloop
  endfacet
  facet normal -0.976258 0.216611 0
    outer loop
      vertex 12.1676 16.5698 0
      vertex 12.2394 16.8934 10
      vertex 12.2394 16.8934 0
    endloop
  endfacet
  facet normal -0.976258 0.216611 0
    outer loop
      vertex 12.2394 16.8934 10
      vertex 12.1676 16.5698 0
      vertex 12.1676 16.5698 10
    endloop
  endfacet
  facet normal -0.843425 0.537246 0
    outer loop
      vertex 12.619 17.8099 0
      vertex 12.7971 18.0895 10
      vertex 12.7971 18.0895 0
    endloop
  endfacet
  facet normal -0.843425 0.537246 0
    outer loop
      vertex 12.7971 18.0895 10
      vertex 12.619 17.8099 0
      vertex 12.619 17.8099 10
    endloop
  endfacet
  facet normal -0.300713 -0.953715 0
    outer loop
      vertex 14.6102 12.3391 0
      vertex 14.9264 12.2394 10
      vertex 14.6102 12.3391 10
    endloop
  endfacet
  facet normal -0.300713 -0.953715 -0
    outer loop
      vertex 14.9264 12.2394 10
      vertex 14.6102 12.3391 0
      vertex 14.9264 12.2394 0
    endloop
  endfacet
  facet normal -0.537984 0.842955 0
    outer loop
      vertex 13.7549 19.0384 0
      vertex 13.7303 19.0227 10
      vertex 13.7549 19.0384 10
    endloop
  endfacet
  facet normal -0.537984 0.842955 0
    outer loop
      vertex 13.7303 19.0227 10
      vertex 13.7549 19.0384 0
      vertex 13.7303 19.0227 0
    endloop
  endfacet
  facet normal 0.300713 -0.953715 0
    outer loop
      vertex 16.8934 12.2394 0
      vertex 17.2096 12.3391 10
      vertex 16.8934 12.2394 10
    endloop
  endfacet
  facet normal 0.300713 -0.953715 0
    outer loop
      vertex 17.2096 12.3391 10
      vertex 16.8934 12.2394 0
      vertex 17.2096 12.3391 0
    endloop
  endfacet
  facet normal -0.923958 0.382494 0
    outer loop
      vertex 12.3391 17.2096 0
      vertex 12.4659 17.5159 10
      vertex 12.4659 17.5159 0
    endloop
  endfacet
  facet normal -0.923958 0.382494 0
    outer loop
      vertex 12.4659 17.5159 10
      vertex 12.3391 17.2096 0
      vertex 12.3391 17.2096 10
    endloop
  endfacet
  facet normal 0.0437383 -0.999043 0
    outer loop
      vertex 15.9099 12.1099 0
      vertex 16.2411 12.1244 10
      vertex 15.9099 12.1099 10
    endloop
  endfacet
  facet normal 0.0437383 -0.999043 0
    outer loop
      vertex 16.2411 12.1244 10
      vertex 15.9099 12.1099 0
      vertex 16.2411 12.1244 0
    endloop
  endfacet
  facet normal -0.0437383 -0.999043 0
    outer loop
      vertex 15.5787 12.1244 0
      vertex 15.9099 12.1099 10
      vertex 15.5787 12.1244 10
    endloop
  endfacet
  facet normal -0.0437383 -0.999043 -0
    outer loop
      vertex 15.9099 12.1099 10
      vertex 15.5787 12.1244 0
      vertex 15.9099 12.1099 0
    endloop
  endfacet
  facet normal -0.608748 -0.793364 0
    outer loop
      vertex 13.4673 12.9989 0
      vertex 13.7303 12.7971 10
      vertex 13.4673 12.9989 10
    endloop
  endfacet
  facet normal -0.608748 -0.793364 -0
    outer loop
      vertex 13.7303 12.7971 10
      vertex 13.4673 12.9989 0
      vertex 13.7303 12.7971 0
    endloop
  endfacet
  facet normal -0.923914 -0.382601 0
    outer loop
      vertex 12.4659 14.304 0
      vertex 12.3391 14.6102 10
      vertex 12.3391 14.6102 0
    endloop
  endfacet
  facet normal -0.923914 -0.382601 0
    outer loop
      vertex 12.3391 14.6102 10
      vertex 12.4659 14.304 0
      vertex 12.4659 14.304 10
    endloop
  endfacet
  facet normal -0.999043 -0.0437383 0
    outer loop
      vertex 12.1244 15.5787 0
      vertex 12.1099 15.9099 10
      vertex 12.1099 15.9099 0
    endloop
  endfacet
  facet normal -0.999043 -0.0437383 0
    outer loop
      vertex 12.1099 15.9099 10
      vertex 12.1244 15.5787 0
      vertex 12.1244 15.5787 10
    endloop
  endfacet
  facet normal -0.737204 0.67567 0
    outer loop
      vertex 12.9989 18.3525 0
      vertex 13.2229 18.5969 10
      vertex 13.2229 18.5969 0
    endloop
  endfacet
  facet normal -0.737204 0.67567 0
    outer loop
      vertex 13.2229 18.5969 10
      vertex 12.9989 18.3525 0
      vertex 12.9989 18.3525 10
    endloop
  endfacet
  facet normal -0.793364 0.608748 0
    outer loop
      vertex 12.7971 18.0895 0
      vertex 12.9989 18.3525 10
      vertex 12.9989 18.3525 0
    endloop
  endfacet
  facet normal -0.793364 0.608748 0
    outer loop
      vertex 12.9989 18.3525 10
      vertex 12.7971 18.0895 0
      vertex 12.7971 18.0895 10
    endloop
  endfacet
  facet normal -0.953715 0.300713 0
    outer loop
      vertex 12.2394 16.8934 0
      vertex 12.3391 17.2096 10
      vertex 12.3391 17.2096 0
    endloop
  endfacet
  facet normal -0.953715 0.300713 0
    outer loop
      vertex 12.3391 17.2096 10
      vertex 12.2394 16.8934 0
      vertex 12.2394 16.8934 10
    endloop
  endfacet
  facet normal 0.130306 -0.991474 0
    outer loop
      vertex 16.2411 12.1244 0
      vertex 16.5698 12.1676 10
      vertex 16.2411 12.1244 10
    endloop
  endfacet
  facet normal 0.130306 -0.991474 0
    outer loop
      vertex 16.5698 12.1676 10
      vertex 16.2411 12.1244 0
      vertex 16.5698 12.1676 0
    endloop
  endfacet
  facet normal -0.130078 -0.991504 0
    outer loop
      vertex 15.25 12.1676 0
      vertex 15.4337 12.1435 10
      vertex 15.25 12.1676 10
    endloop
  endfacet
  facet normal -0.130306 -0.991474 4.27417e-06
    outer loop
      vertex 15.5787 12.1244 0
      vertex 15.4337 12.1435 10
      vertex 15.25 12.1676 0
    endloop
  endfacet
  facet normal -0.130596 -0.991436 0
    outer loop
      vertex 15.4337 12.1435 10
      vertex 15.5787 12.1244 0
      vertex 15.5787 12.1244 10
    endloop
  endfacet
  facet normal -0.843425 -0.537246 0
    outer loop
      vertex 12.7971 13.7303 0
      vertex 12.619 14.0099 10
      vertex 12.619 14.0099 0
    endloop
  endfacet
  facet normal -0.843425 -0.537246 0
    outer loop
      vertex 12.619 14.0099 10
      vertex 12.7971 13.7303 0
      vertex 12.7971 13.7303 10
    endloop
  endfacet
  facet normal 0.67567 -0.737204 0
    outer loop
      vertex 18.3525 12.9989 0
      vertex 18.5969 13.2229 10
      vertex 18.3525 12.9989 10
    endloop
  endfacet
  facet normal 0.67567 -0.737204 0
    outer loop
      vertex 18.5969 13.2229 10
      vertex 18.3525 12.9989 0
      vertex 18.5969 13.2229 0
    endloop
  endfacet
  facet normal -0.382601 -0.923914 0
    outer loop
      vertex 14.304 12.4659 0
      vertex 14.6102 12.3391 10
      vertex 14.304 12.4659 10
    endloop
  endfacet
  facet normal -0.382601 -0.923914 -0
    outer loop
      vertex 14.6102 12.3391 10
      vertex 14.304 12.4659 0
      vertex 14.6102 12.3391 0
    endloop
  endfacet
  facet normal -0.991474 0.130306 0
    outer loop
      vertex 12.1244 16.2411 0
      vertex 12.1676 16.5698 10
      vertex 12.1676 16.5698 0
    endloop
  endfacet
  facet normal -0.991474 0.130306 0
    outer loop
      vertex 12.1676 16.5698 10
      vertex 12.1244 16.2411 0
      vertex 12.1244 16.2411 10
    endloop
  endfacet
  facet normal 0.461875 -0.886945 0
    outer loop
      vertex 17.5159 12.4659 0
      vertex 17.8099 12.619 10
      vertex 17.5159 12.4659 10
    endloop
  endfacet
  facet normal 0.461875 -0.886945 0
    outer loop
      vertex 17.8099 12.619 10
      vertex 17.5159 12.4659 0
      vertex 17.8099 12.619 0
    endloop
  endfacet
  facet normal 0.608748 -0.793364 0
    outer loop
      vertex 18.0895 12.7971 0
      vertex 18.3525 12.9989 10
      vertex 18.0895 12.7971 10
    endloop
  endfacet
  facet normal 0.608748 -0.793364 0
    outer loop
      vertex 18.3525 12.9989 10
      vertex 18.0895 12.7971 0
      vertex 18.3525 12.9989 0
    endloop
  endfacet
  facet normal -0.793364 -0.608748 0
    outer loop
      vertex 12.9989 13.4673 0
      vertex 12.7971 13.7303 10
      vertex 12.7971 13.7303 0
    endloop
  endfacet
  facet normal -0.793364 -0.608748 0
    outer loop
      vertex 12.7971 13.7303 10
      vertex 12.9989 13.4673 0
      vertex 12.9989 13.4673 10
    endloop
  endfacet
  facet normal -0.999043 0.0437383 0
    outer loop
      vertex 12.1099 15.9099 0
      vertex 12.1244 16.2411 10
      vertex 12.1244 16.2411 0
    endloop
  endfacet
  facet normal -0.999043 0.0437383 0
    outer loop
      vertex 12.1244 16.2411 10
      vertex 12.1099 15.9099 0
      vertex 12.1099 15.9099 10
    endloop
  endfacet
  facet normal -0.67567 -0.737204 0
    outer loop
      vertex 13.2229 13.2229 0
      vertex 13.4673 12.9989 10
      vertex 13.2229 13.2229 10
    endloop
  endfacet
  facet normal -0.67567 -0.737204 -0
    outer loop
      vertex 13.4673 12.9989 10
      vertex 13.2229 13.2229 0
      vertex 13.4673 12.9989 0
    endloop
  endfacet
  facet normal -0.737204 -0.67567 0
    outer loop
      vertex 13.2229 13.2229 0
      vertex 12.9989 13.4673 10
      vertex 12.9989 13.4673 0
    endloop
  endfacet
  facet normal -0.737204 -0.67567 0
    outer loop
      vertex 12.9989 13.4673 10
      vertex 13.2229 13.2229 0
      vertex 13.2229 13.2229 10
    endloop
  endfacet
  facet normal 0.793364 -0.608748 0
    outer loop
      vertex 18.8209 13.4673 10
      vertex 19.0227 13.7303 0
      vertex 19.0227 13.7303 10
    endloop
  endfacet
  facet normal 0.793364 -0.608748 0
    outer loop
      vertex 19.0227 13.7303 0
      vertex 18.8209 13.4673 10
      vertex 18.8209 13.4673 0
    endloop
  endfacet
  facet normal 0.382494 -0.923958 0
    outer loop
      vertex 17.2096 12.3391 0
      vertex 17.5159 12.4659 10
      vertex 17.2096 12.3391 10
    endloop
  endfacet
  facet normal 0.382494 -0.923958 0
    outer loop
      vertex 17.5159 12.4659 10
      vertex 17.2096 12.3391 0
      vertex 17.5159 12.4659 0
    endloop
  endfacet
  facet normal 0.216611 -0.976258 0
    outer loop
      vertex 16.5698 12.1676 0
      vertex 16.8934 12.2394 10
      vertex 16.5698 12.1676 10
    endloop
  endfacet
  facet normal 0.216611 -0.976258 0
    outer loop
      vertex 16.8934 12.2394 10
      vertex 16.5698 12.1676 0
      vertex 16.8934 12.2394 0
    endloop
  endfacet
  facet normal 0.842955 -0.537984 0
    outer loop
      vertex 19.0227 13.7303 10
      vertex 19.0384 13.7549 0
      vertex 19.0384 13.7549 10
    endloop
  endfacet
  facet normal 0.842955 -0.537984 0
    outer loop
      vertex 19.0384 13.7549 0
      vertex 19.0227 13.7303 10
      vertex 19.0227 13.7303 0
    endloop
  endfacet
  facet normal -0.537246 -0.843425 0
    outer loop
      vertex 13.7303 12.7971 0
      vertex 14.0099 12.619 10
      vertex 13.7303 12.7971 10
    endloop
  endfacet
  facet normal -0.537246 -0.843425 -0
    outer loop
      vertex 14.0099 12.619 10
      vertex 13.7303 12.7971 0
      vertex 14.0099 12.619 0
    endloop
  endfacet
  facet normal -0.953715 -0.300713 0
    outer loop
      vertex 12.3391 14.6102 0
      vertex 12.2394 14.9264 10
      vertex 12.2394 14.9264 0
    endloop
  endfacet
  facet normal -0.953715 -0.300713 0
    outer loop
      vertex 12.2394 14.9264 10
      vertex 12.3391 14.6102 0
      vertex 12.3391 14.6102 10
    endloop
  endfacet
  facet normal -0.67567 0.737204 0
    outer loop
      vertex 13.4673 18.8209 0
      vertex 13.2229 18.5969 10
      vertex 13.4673 18.8209 10
    endloop
  endfacet
  facet normal -0.67567 0.737204 0
    outer loop
      vertex 13.2229 18.5969 10
      vertex 13.4673 18.8209 0
      vertex 13.2229 18.5969 0
    endloop
  endfacet
  facet normal -0.216611 -0.976258 0
    outer loop
      vertex 14.9264 12.2394 0
      vertex 15.25 12.1676 10
      vertex 14.9264 12.2394 10
    endloop
  endfacet
  facet normal -0.216611 -0.976258 -0
    outer loop
      vertex 15.25 12.1676 10
      vertex 14.9264 12.2394 0
      vertex 15.25 12.1676 0
    endloop
  endfacet
  facet normal -0.608748 0.793364 0
    outer loop
      vertex 13.7303 19.0227 0
      vertex 13.4673 18.8209 10
      vertex 13.7303 19.0227 10
    endloop
  endfacet
  facet normal -0.608748 0.793364 0
    outer loop
      vertex 13.4673 18.8209 10
      vertex 13.7303 19.0227 0
      vertex 13.4673 18.8209 0
    endloop
  endfacet
  facet normal -0.991436 -0.130596 0
    outer loop
      vertex 12.1244 15.5787 0
      vertex 12.1435 15.4337 10
      vertex 12.1244 15.5787 10
    endloop
  endfacet
  facet normal -0.991474 -0.130306 4.27417e-06
    outer loop
      vertex 12.1676 15.25 0
      vertex 12.1435 15.4337 10
      vertex 12.1244 15.5787 0
    endloop
  endfacet
  facet normal -0.991504 -0.130078 0
    outer loop
      vertex 12.1435 15.4337 10
      vertex 12.1676 15.25 0
      vertex 12.1676 15.25 10
    endloop
  endfacet
  facet normal -0.976258 -0.216611 0
    outer loop
      vertex 12.2394 14.9264 0
      vertex 12.1676 15.25 10
      vertex 12.1676 15.25 0
    endloop
  endfacet
  facet normal -0.976258 -0.216611 0
    outer loop
      vertex 12.1676 15.25 10
      vertex 12.2394 14.9264 0
      vertex 12.2394 14.9264 10
    endloop
  endfacet
  facet normal -0.461752 -0.887009 0
    outer loop
      vertex 14.0099 12.619 0
      vertex 14.304 12.4659 10
      vertex 14.0099 12.619 10
    endloop
  endfacet
  facet normal -0.461752 -0.887009 -0
    outer loop
      vertex 14.304 12.4659 10
      vertex 14.0099 12.619 0
      vertex 14.304 12.4659 0
    endloop
  endfacet
  facet normal -0.886945 0.461875 0
    outer loop
      vertex 12.4659 17.5159 0
      vertex 12.619 17.8099 10
      vertex 12.619 17.8099 0
    endloop
  endfacet
  facet normal -0.886945 0.461875 0
    outer loop
      vertex 12.619 17.8099 10
      vertex 12.4659 17.5159 0
      vertex 12.4659 17.5159 10
    endloop
  endfacet
  facet normal -0.737204 -0.67567 0
    outer loop
      vertex -18.5969 13.2229 0
      vertex -18.8209 13.4673 10
      vertex -18.8209 13.4673 0
    endloop
  endfacet
  facet normal -0.737204 -0.67567 0
    outer loop
      vertex -18.8209 13.4673 10
      vertex -18.5969 13.2229 0
      vertex -18.5969 13.2229 10
    endloop
  endfacet
  facet normal 0.382601 -0.923914 0
    outer loop
      vertex -14.6102 12.3391 0
      vertex -14.304 12.4659 10
      vertex -14.6102 12.3391 10
    endloop
  endfacet
  facet normal 0.382601 -0.923914 0
    outer loop
      vertex -14.304 12.4659 10
      vertex -14.6102 12.3391 0
      vertex -14.304 12.4659 0
    endloop
  endfacet
  facet normal 0.886945 0.461875 0
    outer loop
      vertex -12.4659 17.5159 10
      vertex -12.619 17.8099 0
      vertex -12.619 17.8099 10
    endloop
  endfacet
  facet normal 0.886945 0.461875 0
    outer loop
      vertex -12.619 17.8099 0
      vertex -12.4659 17.5159 10
      vertex -12.4659 17.5159 0
    endloop
  endfacet
  facet normal 0.537246 -0.843425 0
    outer loop
      vertex -14.0099 12.619 0
      vertex -13.7303 12.7971 10
      vertex -14.0099 12.619 10
    endloop
  endfacet
  facet normal 0.537246 -0.843425 0
    outer loop
      vertex -13.7303 12.7971 10
      vertex -14.0099 12.619 0
      vertex -13.7303 12.7971 0
    endloop
  endfacet
  facet normal -0.0437383 -0.999043 0
    outer loop
      vertex -16.2411 12.1244 0
      vertex -15.9099 12.1099 10
      vertex -16.2411 12.1244 10
    endloop
  endfacet
  facet normal -0.0437383 -0.999043 -0
    outer loop
      vertex -15.9099 12.1099 10
      vertex -16.2411 12.1244 0
      vertex -15.9099 12.1099 0
    endloop
  endfacet
  facet normal -0.793364 -0.608748 0
    outer loop
      vertex -18.8209 13.4673 0
      vertex -19.0227 13.7303 10
      vertex -19.0227 13.7303 0
    endloop
  endfacet
  facet normal -0.793364 -0.608748 0
    outer loop
      vertex -19.0227 13.7303 10
      vertex -18.8209 13.4673 0
      vertex -18.8209 13.4673 10
    endloop
  endfacet
  facet normal 0.887009 -0.461752 0
    outer loop
      vertex -12.619 14.0099 10
      vertex -12.4659 14.304 0
      vertex -12.4659 14.304 10
    endloop
  endfacet
  facet normal 0.887009 -0.461752 0
    outer loop
      vertex -12.4659 14.304 0
      vertex -12.619 14.0099 10
      vertex -12.619 14.0099 0
    endloop
  endfacet
  facet normal 0.0437383 -0.999043 0
    outer loop
      vertex -15.9099 12.1099 0
      vertex -15.5787 12.1244 10
      vertex -15.9099 12.1099 10
    endloop
  endfacet
  facet normal 0.0437383 -0.999043 0
    outer loop
      vertex -15.5787 12.1244 10
      vertex -15.9099 12.1099 0
      vertex -15.5787 12.1244 0
    endloop
  endfacet
  facet normal 0.991474 0.130306 0
    outer loop
      vertex -12.1244 16.2411 10
      vertex -12.1676 16.5698 0
      vertex -12.1676 16.5698 10
    endloop
  endfacet
  facet normal 0.991474 0.130306 0
    outer loop
      vertex -12.1676 16.5698 0
      vertex -12.1244 16.2411 10
      vertex -12.1244 16.2411 0
    endloop
  endfacet
  facet normal 0.537984 0.842955 -0
    outer loop
      vertex -13.7303 19.0227 0
      vertex -13.7549 19.0384 10
      vertex -13.7303 19.0227 10
    endloop
  endfacet
  facet normal 0.537984 0.842955 0
    outer loop
      vertex -13.7549 19.0384 10
      vertex -13.7303 19.0227 0
      vertex -13.7549 19.0384 0
    endloop
  endfacet
  facet normal 0.999043 0.0437383 0
    outer loop
      vertex -12.1099 15.9099 10
      vertex -12.1244 16.2411 0
      vertex -12.1244 16.2411 10
    endloop
  endfacet
  facet normal 0.999043 0.0437383 0
    outer loop
      vertex -12.1244 16.2411 0
      vertex -12.1099 15.9099 10
      vertex -12.1099 15.9099 0
    endloop
  endfacet
  facet normal 0.976258 -0.216611 0
    outer loop
      vertex -12.2394 14.9264 10
      vertex -12.1676 15.25 0
      vertex -12.1676 15.25 10
    endloop
  endfacet
  facet normal 0.976258 -0.216611 0
    outer loop
      vertex -12.1676 15.25 0
      vertex -12.2394 14.9264 10
      vertex -12.2394 14.9264 0
    endloop
  endfacet
  facet normal 0.999043 -0.0437383 0
    outer loop
      vertex -12.1244 15.5787 10
      vertex -12.1099 15.9099 0
      vertex -12.1099 15.9099 10
    endloop
  endfacet
  facet normal 0.999043 -0.0437383 0
    outer loop
      vertex -12.1099 15.9099 0
      vertex -12.1244 15.5787 10
      vertex -12.1244 15.5787 0
    endloop
  endfacet
  facet normal -0.300713 -0.953715 0
    outer loop
      vertex -17.2096 12.3391 0
      vertex -16.8934 12.2394 10
      vertex -17.2096 12.3391 10
    endloop
  endfacet
  facet normal -0.300713 -0.953715 -0
    outer loop
      vertex -16.8934 12.2394 10
      vertex -17.2096 12.3391 0
      vertex -16.8934 12.2394 0
    endloop
  endfacet
  facet normal 0.737204 -0.67567 0
    outer loop
      vertex -13.2229 13.2229 10
      vertex -12.9989 13.4673 0
      vertex -12.9989 13.4673 10
    endloop
  endfacet
  facet normal 0.737204 -0.67567 0
    outer loop
      vertex -12.9989 13.4673 0
      vertex -13.2229 13.2229 10
      vertex -13.2229 13.2229 0
    endloop
  endfacet
  facet normal 0.953715 -0.300713 0
    outer loop
      vertex -12.3391 14.6102 10
      vertex -12.2394 14.9264 0
      vertex -12.2394 14.9264 10
    endloop
  endfacet
  facet normal 0.953715 -0.300713 0
    outer loop
      vertex -12.2394 14.9264 0
      vertex -12.3391 14.6102 10
      vertex -12.3391 14.6102 0
    endloop
  endfacet
  facet normal 0.461752 -0.887009 0
    outer loop
      vertex -14.304 12.4659 0
      vertex -14.0099 12.619 10
      vertex -14.304 12.4659 10
    endloop
  endfacet
  facet normal 0.461752 -0.887009 0
    outer loop
      vertex -14.0099 12.619 10
      vertex -14.304 12.4659 0
      vertex -14.0099 12.619 0
    endloop
  endfacet
  facet normal 0.976258 0.216611 0
    outer loop
      vertex -12.1676 16.5698 10
      vertex -12.2394 16.8934 0
      vertex -12.2394 16.8934 10
    endloop
  endfacet
  facet normal 0.976258 0.216611 0
    outer loop
      vertex -12.2394 16.8934 0
      vertex -12.1676 16.5698 10
      vertex -12.1676 16.5698 0
    endloop
  endfacet
  facet normal 0.923958 0.382494 0
    outer loop
      vertex -12.3391 17.2096 10
      vertex -12.4659 17.5159 0
      vertex -12.4659 17.5159 10
    endloop
  endfacet
  facet normal 0.923958 0.382494 0
    outer loop
      vertex -12.4659 17.5159 0
      vertex -12.3391 17.2096 10
      vertex -12.3391 17.2096 0
    endloop
  endfacet
  facet normal -0.608748 -0.793364 0
    outer loop
      vertex -18.3525 12.9989 0
      vertex -18.0895 12.7971 10
      vertex -18.3525 12.9989 10
    endloop
  endfacet
  facet normal -0.608748 -0.793364 -0
    outer loop
      vertex -18.0895 12.7971 10
      vertex -18.3525 12.9989 0
      vertex -18.0895 12.7971 0
    endloop
  endfacet
  facet normal -0.216611 -0.976258 0
    outer loop
      vertex -16.8934 12.2394 0
      vertex -16.5698 12.1676 10
      vertex -16.8934 12.2394 10
    endloop
  endfacet
  facet normal -0.216611 -0.976258 -0
    outer loop
      vertex -16.5698 12.1676 10
      vertex -16.8934 12.2394 0
      vertex -16.5698 12.1676 0
    endloop
  endfacet
  facet normal -0.130306 -0.991474 0
    outer loop
      vertex -16.5698 12.1676 0
      vertex -16.2411 12.1244 10
      vertex -16.5698 12.1676 10
    endloop
  endfacet
  facet normal -0.130306 -0.991474 -0
    outer loop
      vertex -16.2411 12.1244 10
      vertex -16.5698 12.1676 0
      vertex -16.2411 12.1244 0
    endloop
  endfacet
  facet normal 0.737204 0.67567 0
    outer loop
      vertex -12.9989 18.3525 10
      vertex -13.2229 18.5969 0
      vertex -13.2229 18.5969 10
    endloop
  endfacet
  facet normal 0.737204 0.67567 0
    outer loop
      vertex -13.2229 18.5969 0
      vertex -12.9989 18.3525 10
      vertex -12.9989 18.3525 0
    endloop
  endfacet
  facet normal -0.537246 -0.843425 0
    outer loop
      vertex -18.0895 12.7971 0
      vertex -17.8099 12.619 10
      vertex -18.0895 12.7971 10
    endloop
  endfacet
  facet normal -0.537246 -0.843425 -0
    outer loop
      vertex -17.8099 12.619 10
      vertex -18.0895 12.7971 0
      vertex -17.8099 12.619 0
    endloop
  endfacet
  facet normal 0.991436 -0.130596 0
    outer loop
      vertex -12.1435 15.4337 10
      vertex -12.1244 15.5787 0
      vertex -12.1244 15.5787 10
    endloop
  endfacet
  facet normal 0.991504 -0.130078 0
    outer loop
      vertex -12.1676 15.25 0
      vertex -12.1435 15.4337 10
      vertex -12.1676 15.25 10
    endloop
  endfacet
  facet normal 0.991474 -0.130306 4.27417e-06
    outer loop
      vertex -12.1435 15.4337 10
      vertex -12.1676 15.25 0
      vertex -12.1244 15.5787 0
    endloop
  endfacet
  facet normal 0.300713 -0.953715 0
    outer loop
      vertex -14.9264 12.2394 0
      vertex -14.6102 12.3391 10
      vertex -14.9264 12.2394 10
    endloop
  endfacet
  facet normal 0.300713 -0.953715 0
    outer loop
      vertex -14.6102 12.3391 10
      vertex -14.9264 12.2394 0
      vertex -14.6102 12.3391 0
    endloop
  endfacet
  facet normal 0.843425 -0.537246 0
    outer loop
      vertex -12.7971 13.7303 10
      vertex -12.619 14.0099 0
      vertex -12.619 14.0099 10
    endloop
  endfacet
  facet normal 0.843425 -0.537246 0
    outer loop
      vertex -12.619 14.0099 0
      vertex -12.7971 13.7303 10
      vertex -12.7971 13.7303 0
    endloop
  endfacet
  facet normal 0.923914 -0.382601 0
    outer loop
      vertex -12.4659 14.304 10
      vertex -12.3391 14.6102 0
      vertex -12.3391 14.6102 10
    endloop
  endfacet
  facet normal 0.923914 -0.382601 0
    outer loop
      vertex -12.3391 14.6102 0
      vertex -12.4659 14.304 10
      vertex -12.4659 14.304 0
    endloop
  endfacet
  facet normal -0.67567 -0.737204 0
    outer loop
      vertex -18.5969 13.2229 0
      vertex -18.3525 12.9989 10
      vertex -18.5969 13.2229 10
    endloop
  endfacet
  facet normal -0.67567 -0.737204 -0
    outer loop
      vertex -18.3525 12.9989 10
      vertex -18.5969 13.2229 0
      vertex -18.3525 12.9989 0
    endloop
  endfacet
  facet normal 0.67567 0.737204 -0
    outer loop
      vertex -13.2229 18.5969 0
      vertex -13.4673 18.8209 10
      vertex -13.2229 18.5969 10
    endloop
  endfacet
  facet normal 0.67567 0.737204 0
    outer loop
      vertex -13.4673 18.8209 10
      vertex -13.2229 18.5969 0
      vertex -13.4673 18.8209 0
    endloop
  endfacet
  facet normal -0.842955 -0.537984 0
    outer loop
      vertex -19.0227 13.7303 0
      vertex -19.0384 13.7549 10
      vertex -19.0384 13.7549 0
    endloop
  endfacet
  facet normal -0.842955 -0.537984 0
    outer loop
      vertex -19.0384 13.7549 10
      vertex -19.0227 13.7303 0
      vertex -19.0227 13.7303 10
    endloop
  endfacet
  facet normal 0.130596 -0.991436 0
    outer loop
      vertex -15.5787 12.1244 0
      vertex -15.4337 12.1435 10
      vertex -15.5787 12.1244 10
    endloop
  endfacet
  facet normal 0.130306 -0.991474 4.27417e-06
    outer loop
      vertex -15.25 12.1676 0
      vertex -15.4337 12.1435 10
      vertex -15.5787 12.1244 0
    endloop
  endfacet
  facet normal 0.130078 -0.991504 0
    outer loop
      vertex -15.4337 12.1435 10
      vertex -15.25 12.1676 0
      vertex -15.25 12.1676 10
    endloop
  endfacet
  facet normal 0.608748 -0.793364 0
    outer loop
      vertex -13.7303 12.7971 0
      vertex -13.4673 12.9989 10
      vertex -13.7303 12.7971 10
    endloop
  endfacet
  facet normal 0.608748 -0.793364 0
    outer loop
      vertex -13.4673 12.9989 10
      vertex -13.7303 12.7971 0
      vertex -13.4673 12.9989 0
    endloop
  endfacet
  facet normal 0.608748 0.793364 -0
    outer loop
      vertex -13.4673 18.8209 0
      vertex -13.7303 19.0227 10
      vertex -13.4673 18.8209 10
    endloop
  endfacet
  facet normal 0.608748 0.793364 0
    outer loop
      vertex -13.7303 19.0227 10
      vertex -13.4673 18.8209 0
      vertex -13.7303 19.0227 0
    endloop
  endfacet
  facet normal -0.461875 -0.886945 0
    outer loop
      vertex -17.8099 12.619 0
      vertex -17.5159 12.4659 10
      vertex -17.8099 12.619 10
    endloop
  endfacet
  facet normal -0.461875 -0.886945 -0
    outer loop
      vertex -17.5159 12.4659 10
      vertex -17.8099 12.619 0
      vertex -17.5159 12.4659 0
    endloop
  endfacet
  facet normal 0.67567 -0.737204 0
    outer loop
      vertex -13.4673 12.9989 0
      vertex -13.2229 13.2229 10
      vertex -13.4673 12.9989 10
    endloop
  endfacet
  facet normal 0.67567 -0.737204 0
    outer loop
      vertex -13.2229 13.2229 10
      vertex -13.4673 12.9989 0
      vertex -13.2229 13.2229 0
    endloop
  endfacet
  facet normal 0.793364 0.608748 0
    outer loop
      vertex -12.7971 18.0895 10
      vertex -12.9989 18.3525 0
      vertex -12.9989 18.3525 10
    endloop
  endfacet
  facet normal 0.793364 0.608748 0
    outer loop
      vertex -12.9989 18.3525 0
      vertex -12.7971 18.0895 10
      vertex -12.7971 18.0895 0
    endloop
  endfacet
  facet normal 0.793364 -0.608748 0
    outer loop
      vertex -12.9989 13.4673 10
      vertex -12.7971 13.7303 0
      vertex -12.7971 13.7303 10
    endloop
  endfacet
  facet normal 0.793364 -0.608748 0
    outer loop
      vertex -12.7971 13.7303 0
      vertex -12.9989 13.4673 10
      vertex -12.9989 13.4673 0
    endloop
  endfacet
  facet normal 0.843425 0.537246 0
    outer loop
      vertex -12.619 17.8099 10
      vertex -12.7971 18.0895 0
      vertex -12.7971 18.0895 10
    endloop
  endfacet
  facet normal 0.843425 0.537246 0
    outer loop
      vertex -12.7971 18.0895 0
      vertex -12.619 17.8099 10
      vertex -12.619 17.8099 0
    endloop
  endfacet
  facet normal 0.216611 -0.976258 0
    outer loop
      vertex -15.25 12.1676 0
      vertex -14.9264 12.2394 10
      vertex -15.25 12.1676 10
    endloop
  endfacet
  facet normal 0.216611 -0.976258 0
    outer loop
      vertex -14.9264 12.2394 10
      vertex -15.25 12.1676 0
      vertex -14.9264 12.2394 0
    endloop
  endfacet
  facet normal -0.382494 -0.923958 0
    outer loop
      vertex -17.5159 12.4659 0
      vertex -17.2096 12.3391 10
      vertex -17.5159 12.4659 10
    endloop
  endfacet
  facet normal -0.382494 -0.923958 -0
    outer loop
      vertex -17.2096 12.3391 10
      vertex -17.5159 12.4659 0
      vertex -17.2096 12.3391 0
    endloop
  endfacet
  facet normal 0.953715 0.300713 0
    outer loop
      vertex -12.2394 16.8934 10
      vertex -12.3391 17.2096 0
      vertex -12.3391 17.2096 10
    endloop
  endfacet
  facet normal 0.953715 0.300713 0
    outer loop
      vertex -12.3391 17.2096 0
      vertex -12.2394 16.8934 10
      vertex -12.2394 16.8934 0
    endloop
  endfacet
  facet normal 0.67567 -0.737204 0
    outer loop
      vertex -13.4673 -18.8209 0
      vertex -13.2229 -18.5969 10
      vertex -13.4673 -18.8209 10
    endloop
  endfacet
  facet normal 0.67567 -0.737204 0
    outer loop
      vertex -13.2229 -18.5969 10
      vertex -13.4673 -18.8209 0
      vertex -13.2229 -18.5969 0
    endloop
  endfacet
  facet normal 0.923914 0.382601 0
    outer loop
      vertex -12.3391 -14.6102 10
      vertex -12.4659 -14.304 0
      vertex -12.4659 -14.304 10
    endloop
  endfacet
  facet normal 0.923914 0.382601 0
    outer loop
      vertex -12.4659 -14.304 0
      vertex -12.3391 -14.6102 10
      vertex -12.3391 -14.6102 0
    endloop
  endfacet
  facet normal -0.461875 0.886945 0
    outer loop
      vertex -17.5159 -12.4659 0
      vertex -17.8099 -12.619 10
      vertex -17.5159 -12.4659 10
    endloop
  endfacet
  facet normal -0.461875 0.886945 0
    outer loop
      vertex -17.8099 -12.619 10
      vertex -17.5159 -12.4659 0
      vertex -17.8099 -12.619 0
    endloop
  endfacet
  facet normal 0.843425 0.537246 0
    outer loop
      vertex -12.619 -14.0099 10
      vertex -12.7971 -13.7303 0
      vertex -12.7971 -13.7303 10
    endloop
  endfacet
  facet normal 0.843425 0.537246 0
    outer loop
      vertex -12.7971 -13.7303 0
      vertex -12.619 -14.0099 10
      vertex -12.619 -14.0099 0
    endloop
  endfacet
  facet normal 0.887009 0.461752 0
    outer loop
      vertex -12.4659 -14.304 10
      vertex -12.619 -14.0099 0
      vertex -12.619 -14.0099 10
    endloop
  endfacet
  facet normal 0.887009 0.461752 0
    outer loop
      vertex -12.619 -14.0099 0
      vertex -12.4659 -14.304 10
      vertex -12.4659 -14.304 0
    endloop
  endfacet
  facet normal 0.999043 -0.0437383 0
    outer loop
      vertex -12.1244 -16.2411 10
      vertex -12.1099 -15.9099 0
      vertex -12.1099 -15.9099 10
    endloop
  endfacet
  facet normal 0.999043 -0.0437383 0
    outer loop
      vertex -12.1099 -15.9099 0
      vertex -12.1244 -16.2411 10
      vertex -12.1244 -16.2411 0
    endloop
  endfacet
  facet normal 0.608748 -0.793364 0
    outer loop
      vertex -13.7303 -19.0227 0
      vertex -13.4673 -18.8209 10
      vertex -13.7303 -19.0227 10
    endloop
  endfacet
  facet normal 0.608748 -0.793364 0
    outer loop
      vertex -13.4673 -18.8209 10
      vertex -13.7303 -19.0227 0
      vertex -13.4673 -18.8209 0
    endloop
  endfacet
  facet normal 0.461752 0.887009 -0
    outer loop
      vertex -14.0099 -12.619 0
      vertex -14.304 -12.4659 10
      vertex -14.0099 -12.619 10
    endloop
  endfacet
  facet normal 0.461752 0.887009 0
    outer loop
      vertex -14.304 -12.4659 10
      vertex -14.0099 -12.619 0
      vertex -14.304 -12.4659 0
    endloop
  endfacet
  facet normal -0.130306 0.991474 0
    outer loop
      vertex -16.2411 -12.1244 0
      vertex -16.5698 -12.1676 10
      vertex -16.2411 -12.1244 10
    endloop
  endfacet
  facet normal -0.130306 0.991474 0
    outer loop
      vertex -16.5698 -12.1676 10
      vertex -16.2411 -12.1244 0
      vertex -16.5698 -12.1676 0
    endloop
  endfacet
  facet normal -0.842955 0.537984 0
    outer loop
      vertex -19.0384 -13.7549 0
      vertex -19.0227 -13.7303 10
      vertex -19.0227 -13.7303 0
    endloop
  endfacet
  facet normal -0.842955 0.537984 0
    outer loop
      vertex -19.0227 -13.7303 10
      vertex -19.0384 -13.7549 0
      vertex -19.0384 -13.7549 10
    endloop
  endfacet
  facet normal -0.0437383 0.999043 0
    outer loop
      vertex -15.9099 -12.1099 0
      vertex -16.2411 -12.1244 10
      vertex -15.9099 -12.1099 10
    endloop
  endfacet
  facet normal -0.0437383 0.999043 0
    outer loop
      vertex -16.2411 -12.1244 10
      vertex -15.9099 -12.1099 0
      vertex -16.2411 -12.1244 0
    endloop
  endfacet
  facet normal 0.0437383 0.999043 -0
    outer loop
      vertex -15.5787 -12.1244 0
      vertex -15.9099 -12.1099 10
      vertex -15.5787 -12.1244 10
    endloop
  endfacet
  facet normal 0.0437383 0.999043 0
    outer loop
      vertex -15.9099 -12.1099 10
      vertex -15.5787 -12.1244 0
      vertex -15.9099 -12.1099 0
    endloop
  endfacet
  facet normal 0.953715 -0.300713 0
    outer loop
      vertex -12.3391 -17.2096 10
      vertex -12.2394 -16.8934 0
      vertex -12.2394 -16.8934 10
    endloop
  endfacet
  facet normal 0.953715 -0.300713 0
    outer loop
      vertex -12.2394 -16.8934 0
      vertex -12.3391 -17.2096 10
      vertex -12.3391 -17.2096 0
    endloop
  endfacet
  facet normal 0.67567 0.737204 -0
    outer loop
      vertex -13.2229 -13.2229 0
      vertex -13.4673 -12.9989 10
      vertex -13.2229 -13.2229 10
    endloop
  endfacet
  facet normal 0.67567 0.737204 0
    outer loop
      vertex -13.4673 -12.9989 10
      vertex -13.2229 -13.2229 0
      vertex -13.4673 -12.9989 0
    endloop
  endfacet
  facet normal 0.300713 0.953715 -0
    outer loop
      vertex -14.6102 -12.3391 0
      vertex -14.9264 -12.2394 10
      vertex -14.6102 -12.3391 10
    endloop
  endfacet
  facet normal 0.300713 0.953715 0
    outer loop
      vertex -14.9264 -12.2394 10
      vertex -14.6102 -12.3391 0
      vertex -14.9264 -12.2394 0
    endloop
  endfacet
  facet normal 0.991504 0.130078 0
    outer loop
      vertex -12.1435 -15.4337 10
      vertex -12.1676 -15.25 0
      vertex -12.1676 -15.25 10
    endloop
  endfacet
  facet normal 0.991436 0.130596 -0
    outer loop
      vertex -12.1244 -15.5787 0
      vertex -12.1435 -15.4337 10
      vertex -12.1244 -15.5787 10
    endloop
  endfacet
  facet normal 0.991474 0.130306 4.27417e-06
    outer loop
      vertex -12.1435 -15.4337 10
      vertex -12.1244 -15.5787 0
      vertex -12.1676 -15.25 0
    endloop
  endfacet
  facet normal 0.216611 0.976258 -0
    outer loop
      vertex -14.9264 -12.2394 0
      vertex -15.25 -12.1676 10
      vertex -14.9264 -12.2394 10
    endloop
  endfacet
  facet normal 0.216611 0.976258 0
    outer loop
      vertex -15.25 -12.1676 10
      vertex -14.9264 -12.2394 0
      vertex -15.25 -12.1676 0
    endloop
  endfacet
  facet normal -0.216611 0.976258 0
    outer loop
      vertex -16.5698 -12.1676 0
      vertex -16.8934 -12.2394 10
      vertex -16.5698 -12.1676 10
    endloop
  endfacet
  facet normal -0.216611 0.976258 0
    outer loop
      vertex -16.8934 -12.2394 10
      vertex -16.5698 -12.1676 0
      vertex -16.8934 -12.2394 0
    endloop
  endfacet
  facet normal -0.382494 0.923958 0
    outer loop
      vertex -17.2096 -12.3391 0
      vertex -17.5159 -12.4659 10
      vertex -17.2096 -12.3391 10
    endloop
  endfacet
  facet normal -0.382494 0.923958 0
    outer loop
      vertex -17.5159 -12.4659 10
      vertex -17.2096 -12.3391 0
      vertex -17.5159 -12.4659 0
    endloop
  endfacet
  facet normal 0.130078 0.991504 -0
    outer loop
      vertex -15.25 -12.1676 0
      vertex -15.4337 -12.1435 10
      vertex -15.25 -12.1676 10
    endloop
  endfacet
  facet normal 0.130306 0.991474 4.27417e-06
    outer loop
      vertex -15.5787 -12.1244 0
      vertex -15.4337 -12.1435 10
      vertex -15.25 -12.1676 0
    endloop
  endfacet
  facet normal 0.130596 0.991436 0
    outer loop
      vertex -15.4337 -12.1435 10
      vertex -15.5787 -12.1244 0
      vertex -15.5787 -12.1244 10
    endloop
  endfacet
  facet normal 0.793364 -0.608748 0
    outer loop
      vertex -12.9989 -18.3525 10
      vertex -12.7971 -18.0895 0
      vertex -12.7971 -18.0895 10
    endloop
  endfacet
  facet normal 0.793364 -0.608748 0
    outer loop
      vertex -12.7971 -18.0895 0
      vertex -12.9989 -18.3525 10
      vertex -12.9989 -18.3525 0
    endloop
  endfacet
  facet normal 0.976258 -0.216611 0
    outer loop
      vertex -12.2394 -16.8934 10
      vertex -12.1676 -16.5698 0
      vertex -12.1676 -16.5698 10
    endloop
  endfacet
  facet normal 0.976258 -0.216611 0
    outer loop
      vertex -12.1676 -16.5698 0
      vertex -12.2394 -16.8934 10
      vertex -12.2394 -16.8934 0
    endloop
  endfacet
  facet normal 0.991474 -0.130306 0
    outer loop
      vertex -12.1676 -16.5698 10
      vertex -12.1244 -16.2411 0
      vertex -12.1244 -16.2411 10
    endloop
  endfacet
  facet normal 0.991474 -0.130306 0
    outer loop
      vertex -12.1244 -16.2411 0
      vertex -12.1676 -16.5698 10
      vertex -12.1676 -16.5698 0
    endloop
  endfacet
  facet normal -0.67567 0.737204 0
    outer loop
      vertex -18.3525 -12.9989 0
      vertex -18.5969 -13.2229 10
      vertex -18.3525 -12.9989 10
    endloop
  endfacet
  facet normal -0.67567 0.737204 0
    outer loop
      vertex -18.5969 -13.2229 10
      vertex -18.3525 -12.9989 0
      vertex -18.5969 -13.2229 0
    endloop
  endfacet
  facet normal 0.843425 -0.537246 0
    outer loop
      vertex -12.7971 -18.0895 10
      vertex -12.619 -17.8099 0
      vertex -12.619 -17.8099 10
    endloop
  endfacet
  facet normal 0.843425 -0.537246 0
    outer loop
      vertex -12.619 -17.8099 0
      vertex -12.7971 -18.0895 10
      vertex -12.7971 -18.0895 0
    endloop
  endfacet
  facet normal 0.537246 0.843425 -0
    outer loop
      vertex -13.7303 -12.7971 0
      vertex -14.0099 -12.619 10
      vertex -13.7303 -12.7971 10
    endloop
  endfacet
  facet normal 0.537246 0.843425 0
    outer loop
      vertex -14.0099 -12.619 10
      vertex -13.7303 -12.7971 0
      vertex -14.0099 -12.619 0
    endloop
  endfacet
  facet normal 0.999043 0.0437383 0
    outer loop
      vertex -12.1099 -15.9099 10
      vertex -12.1244 -15.5787 0
      vertex -12.1244 -15.5787 10
    endloop
  endfacet
  facet normal 0.999043 0.0437383 0
    outer loop
      vertex -12.1244 -15.5787 0
      vertex -12.1099 -15.9099 10
      vertex -12.1099 -15.9099 0
    endloop
  endfacet
  facet normal 0.737204 -0.67567 0
    outer loop
      vertex -13.2229 -18.5969 10
      vertex -12.9989 -18.3525 0
      vertex -12.9989 -18.3525 10
    endloop
  endfacet
  facet normal 0.737204 -0.67567 0
    outer loop
      vertex -12.9989 -18.3525 0
      vertex -13.2229 -18.5969 10
      vertex -13.2229 -18.5969 0
    endloop
  endfacet
  facet normal -0.737204 0.67567 0
    outer loop
      vertex -18.8209 -13.4673 0
      vertex -18.5969 -13.2229 10
      vertex -18.5969 -13.2229 0
    endloop
  endfacet
  facet normal -0.737204 0.67567 0
    outer loop
      vertex -18.5969 -13.2229 10
      vertex -18.8209 -13.4673 0
      vertex -18.8209 -13.4673 10
    endloop
  endfacet
  facet normal 0.537984 -0.842955 0
    outer loop
      vertex -13.7549 -19.0384 0
      vertex -13.7303 -19.0227 10
      vertex -13.7549 -19.0384 10
    endloop
  endfacet
  facet normal 0.537984 -0.842955 0
    outer loop
      vertex -13.7303 -19.0227 10
      vertex -13.7549 -19.0384 0
      vertex -13.7303 -19.0227 0
    endloop
  endfacet
  facet normal -0.793364 0.608748 0
    outer loop
      vertex -19.0227 -13.7303 0
      vertex -18.8209 -13.4673 10
      vertex -18.8209 -13.4673 0
    endloop
  endfacet
  facet normal -0.793364 0.608748 0
    outer loop
      vertex -18.8209 -13.4673 10
      vertex -19.0227 -13.7303 0
      vertex -19.0227 -13.7303 10
    endloop
  endfacet
  facet normal 0.976258 0.216611 0
    outer loop
      vertex -12.1676 -15.25 10
      vertex -12.2394 -14.9264 0
      vertex -12.2394 -14.9264 10
    endloop
  endfacet
  facet normal 0.976258 0.216611 0
    outer loop
      vertex -12.2394 -14.9264 0
      vertex -12.1676 -15.25 10
      vertex -12.1676 -15.25 0
    endloop
  endfacet
  facet normal 0.886945 -0.461875 0
    outer loop
      vertex -12.619 -17.8099 10
      vertex -12.4659 -17.5159 0
      vertex -12.4659 -17.5159 10
    endloop
  endfacet
  facet normal 0.886945 -0.461875 0
    outer loop
      vertex -12.4659 -17.5159 0
      vertex -12.619 -17.8099 10
      vertex -12.619 -17.8099 0
    endloop
  endfacet
  facet normal 0.793364 0.608748 0
    outer loop
      vertex -12.7971 -13.7303 10
      vertex -12.9989 -13.4673 0
      vertex -12.9989 -13.4673 10
    endloop
  endfacet
  facet normal 0.793364 0.608748 0
    outer loop
      vertex -12.9989 -13.4673 0
      vertex -12.7971 -13.7303 10
      vertex -12.7971 -13.7303 0
    endloop
  endfacet
  facet normal 0.737204 0.67567 0
    outer loop
      vertex -12.9989 -13.4673 10
      vertex -13.2229 -13.2229 0
      vertex -13.2229 -13.2229 10
    endloop
  endfacet
  facet normal 0.737204 0.67567 0
    outer loop
      vertex -13.2229 -13.2229 0
      vertex -12.9989 -13.4673 10
      vertex -12.9989 -13.4673 0
    endloop
  endfacet
  facet normal -0.608748 0.793364 0
    outer loop
      vertex -18.0895 -12.7971 0
      vertex -18.3525 -12.9989 10
      vertex -18.0895 -12.7971 10
    endloop
  endfacet
  facet normal -0.608748 0.793364 0
    outer loop
      vertex -18.3525 -12.9989 10
      vertex -18.0895 -12.7971 0
      vertex -18.3525 -12.9989 0
    endloop
  endfacet
  facet normal 0.608748 0.793364 -0
    outer loop
      vertex -13.4673 -12.9989 0
      vertex -13.7303 -12.7971 10
      vertex -13.4673 -12.9989 10
    endloop
  endfacet
  facet normal 0.608748 0.793364 0
    outer loop
      vertex -13.7303 -12.7971 10
      vertex -13.4673 -12.9989 0
      vertex -13.7303 -12.7971 0
    endloop
  endfacet
  facet normal -0.537246 0.843425 0
    outer loop
      vertex -17.8099 -12.619 0
      vertex -18.0895 -12.7971 10
      vertex -17.8099 -12.619 10
    endloop
  endfacet
  facet normal -0.537246 0.843425 0
    outer loop
      vertex -18.0895 -12.7971 10
      vertex -17.8099 -12.619 0
      vertex -18.0895 -12.7971 0
    endloop
  endfacet
  facet normal 0.923958 -0.382494 0
    outer loop
      vertex -12.4659 -17.5159 10
      vertex -12.3391 -17.2096 0
      vertex -12.3391 -17.2096 10
    endloop
  endfacet
  facet normal 0.923958 -0.382494 0
    outer loop
      vertex -12.3391 -17.2096 0
      vertex -12.4659 -17.5159 10
      vertex -12.4659 -17.5159 0
    endloop
  endfacet
  facet normal 0.382601 0.923914 -0
    outer loop
      vertex -14.304 -12.4659 0
      vertex -14.6102 -12.3391 10
      vertex -14.304 -12.4659 10
    endloop
  endfacet
  facet normal 0.382601 0.923914 0
    outer loop
      vertex -14.6102 -12.3391 10
      vertex -14.304 -12.4659 0
      vertex -14.6102 -12.3391 0
    endloop
  endfacet
  facet normal -0.300713 0.953715 0
    outer loop
      vertex -16.8934 -12.2394 0
      vertex -17.2096 -12.3391 10
      vertex -16.8934 -12.2394 10
    endloop
  endfacet
  facet normal -0.300713 0.953715 0
    outer loop
      vertex -17.2096 -12.3391 10
      vertex -16.8934 -12.2394 0
      vertex -17.2096 -12.3391 0
    endloop
  endfacet
  facet normal 0.953715 0.300713 0
    outer loop
      vertex -12.2394 -14.9264 10
      vertex -12.3391 -14.6102 0
      vertex -12.3391 -14.6102 10
    endloop
  endfacet
  facet normal 0.953715 0.300713 0
    outer loop
      vertex -12.3391 -14.6102 0
      vertex -12.2394 -14.9264 10
      vertex -12.2394 -14.9264 0
    endloop
  endfacet
  facet normal -0.382601 0.923914 0
    outer loop
      vertex 14.6102 -12.3391 0
      vertex 14.304 -12.4659 10
      vertex 14.6102 -12.3391 10
    endloop
  endfacet
  facet normal -0.382601 0.923914 0
    outer loop
      vertex 14.304 -12.4659 10
      vertex 14.6102 -12.3391 0
      vertex 14.304 -12.4659 0
    endloop
  endfacet
  facet normal -0.67567 -0.737204 0
    outer loop
      vertex 13.2229 -18.5969 0
      vertex 13.4673 -18.8209 10
      vertex 13.2229 -18.5969 10
    endloop
  endfacet
  facet normal -0.67567 -0.737204 -0
    outer loop
      vertex 13.4673 -18.8209 10
      vertex 13.2229 -18.5969 0
      vertex 13.4673 -18.8209 0
    endloop
  endfacet
  facet normal -0.537246 0.843425 0
    outer loop
      vertex 14.0099 -12.619 0
      vertex 13.7303 -12.7971 10
      vertex 14.0099 -12.619 10
    endloop
  endfacet
  facet normal -0.537246 0.843425 0
    outer loop
      vertex 13.7303 -12.7971 10
      vertex 14.0099 -12.619 0
      vertex 13.7303 -12.7971 0
    endloop
  endfacet
  facet normal -0.461752 0.887009 0
    outer loop
      vertex 14.304 -12.4659 0
      vertex 14.0099 -12.619 10
      vertex 14.304 -12.4659 10
    endloop
  endfacet
  facet normal -0.461752 0.887009 0
    outer loop
      vertex 14.0099 -12.619 10
      vertex 14.304 -12.4659 0
      vertex 14.0099 -12.619 0
    endloop
  endfacet
  facet normal 0.461875 0.886945 -0
    outer loop
      vertex 17.8099 -12.619 0
      vertex 17.5159 -12.4659 10
      vertex 17.8099 -12.619 10
    endloop
  endfacet
  facet normal 0.461875 0.886945 0
    outer loop
      vertex 17.5159 -12.4659 10
      vertex 17.8099 -12.619 0
      vertex 17.5159 -12.4659 0
    endloop
  endfacet
  facet normal 0.0437383 0.999043 -0
    outer loop
      vertex 16.2411 -12.1244 0
      vertex 15.9099 -12.1099 10
      vertex 16.2411 -12.1244 10
    endloop
  endfacet
  facet normal 0.0437383 0.999043 0
    outer loop
      vertex 15.9099 -12.1099 10
      vertex 16.2411 -12.1244 0
      vertex 15.9099 -12.1099 0
    endloop
  endfacet
  facet normal 0.537246 0.843425 -0
    outer loop
      vertex 18.0895 -12.7971 0
      vertex 17.8099 -12.619 10
      vertex 18.0895 -12.7971 10
    endloop
  endfacet
  facet normal 0.537246 0.843425 0
    outer loop
      vertex 17.8099 -12.619 10
      vertex 18.0895 -12.7971 0
      vertex 17.8099 -12.619 0
    endloop
  endfacet
  facet normal 0.793364 0.608748 0
    outer loop
      vertex 19.0227 -13.7303 10
      vertex 18.8209 -13.4673 0
      vertex 18.8209 -13.4673 10
    endloop
  endfacet
  facet normal 0.793364 0.608748 0
    outer loop
      vertex 18.8209 -13.4673 0
      vertex 19.0227 -13.7303 10
      vertex 19.0227 -13.7303 0
    endloop
  endfacet
  facet normal -0.887009 0.461752 0
    outer loop
      vertex 12.4659 -14.304 0
      vertex 12.619 -14.0099 10
      vertex 12.619 -14.0099 0
    endloop
  endfacet
  facet normal -0.887009 0.461752 0
    outer loop
      vertex 12.619 -14.0099 10
      vertex 12.4659 -14.304 0
      vertex 12.4659 -14.304 10
    endloop
  endfacet
  facet normal -0.793364 -0.608748 0
    outer loop
      vertex 12.9989 -18.3525 0
      vertex 12.7971 -18.0895 10
      vertex 12.7971 -18.0895 0
    endloop
  endfacet
  facet normal -0.793364 -0.608748 0
    outer loop
      vertex 12.7971 -18.0895 10
      vertex 12.9989 -18.3525 0
      vertex 12.9989 -18.3525 10
    endloop
  endfacet
  facet normal -0.976258 -0.216611 0
    outer loop
      vertex 12.2394 -16.8934 0
      vertex 12.1676 -16.5698 10
      vertex 12.1676 -16.5698 0
    endloop
  endfacet
  facet normal -0.976258 -0.216611 0
    outer loop
      vertex 12.1676 -16.5698 10
      vertex 12.2394 -16.8934 0
      vertex 12.2394 -16.8934 10
    endloop
  endfacet
  facet normal -0.991474 -0.130306 0
    outer loop
      vertex 12.1676 -16.5698 0
      vertex 12.1244 -16.2411 10
      vertex 12.1244 -16.2411 0
    endloop
  endfacet
  facet normal -0.991474 -0.130306 0
    outer loop
      vertex 12.1244 -16.2411 10
      vertex 12.1676 -16.5698 0
      vertex 12.1676 -16.5698 10
    endloop
  endfacet
  facet normal -0.608748 -0.793364 0
    outer loop
      vertex 13.4673 -18.8209 0
      vertex 13.7303 -19.0227 10
      vertex 13.4673 -18.8209 10
    endloop
  endfacet
  facet normal -0.608748 -0.793364 -0
    outer loop
      vertex 13.7303 -19.0227 10
      vertex 13.4673 -18.8209 0
      vertex 13.7303 -19.0227 0
    endloop
  endfacet
  facet normal -0.999043 0.0437383 0
    outer loop
      vertex 12.1099 -15.9099 0
      vertex 12.1244 -15.5787 10
      vertex 12.1244 -15.5787 0
    endloop
  endfacet
  facet normal -0.999043 0.0437383 0
    outer loop
      vertex 12.1244 -15.5787 10
      vertex 12.1099 -15.9099 0
      vertex 12.1099 -15.9099 10
    endloop
  endfacet
  facet normal -0.737204 0.67567 0
    outer loop
      vertex 12.9989 -13.4673 0
      vertex 13.2229 -13.2229 10
      vertex 13.2229 -13.2229 0
    endloop
  endfacet
  facet normal -0.737204 0.67567 0
    outer loop
      vertex 13.2229 -13.2229 10
      vertex 12.9989 -13.4673 0
      vertex 12.9989 -13.4673 10
    endloop
  endfacet
  facet normal -0.130596 0.991436 0
    outer loop
      vertex 15.5787 -12.1244 0
      vertex 15.4337 -12.1435 10
      vertex 15.5787 -12.1244 10
    endloop
  endfacet
  facet normal -0.130306 0.991474 4.27417e-06
    outer loop
      vertex 15.25 -12.1676 0
      vertex 15.4337 -12.1435 10
      vertex 15.5787 -12.1244 0
    endloop
  endfacet
  facet normal -0.130078 0.991504 0
    outer loop
      vertex 15.4337 -12.1435 10
      vertex 15.25 -12.1676 0
      vertex 15.25 -12.1676 10
    endloop
  endfacet
  facet normal -0.976258 0.216611 0
    outer loop
      vertex 12.1676 -15.25 0
      vertex 12.2394 -14.9264 10
      vertex 12.2394 -14.9264 0
    endloop
  endfacet
  facet normal -0.976258 0.216611 0
    outer loop
      vertex 12.2394 -14.9264 10
      vertex 12.1676 -15.25 0
      vertex 12.1676 -15.25 10
    endloop
  endfacet
  facet normal -0.923958 -0.382494 0
    outer loop
      vertex 12.4659 -17.5159 0
      vertex 12.3391 -17.2096 10
      vertex 12.3391 -17.2096 0
    endloop
  endfacet
  facet normal -0.923958 -0.382494 0
    outer loop
      vertex 12.3391 -17.2096 10
      vertex 12.4659 -17.5159 0
      vertex 12.4659 -17.5159 10
    endloop
  endfacet
  facet normal -0.991504 0.130078 0
    outer loop
      vertex 12.1676 -15.25 0
      vertex 12.1435 -15.4337 10
      vertex 12.1676 -15.25 10
    endloop
  endfacet
  facet normal -0.991474 0.130306 4.27417e-06
    outer loop
      vertex 12.1244 -15.5787 0
      vertex 12.1435 -15.4337 10
      vertex 12.1676 -15.25 0
    endloop
  endfacet
  facet normal -0.991436 0.130596 0
    outer loop
      vertex 12.1435 -15.4337 10
      vertex 12.1244 -15.5787 0
      vertex 12.1244 -15.5787 10
    endloop
  endfacet
  facet normal 0.608748 0.793364 -0
    outer loop
      vertex 18.3525 -12.9989 0
      vertex 18.0895 -12.7971 10
      vertex 18.3525 -12.9989 10
    endloop
  endfacet
  facet normal 0.608748 0.793364 0
    outer loop
      vertex 18.0895 -12.7971 10
      vertex 18.3525 -12.9989 0
      vertex 18.0895 -12.7971 0
    endloop
  endfacet
  facet normal 0.130306 0.991474 -0
    outer loop
      vertex 16.5698 -12.1676 0
      vertex 16.2411 -12.1244 10
      vertex 16.5698 -12.1676 10
    endloop
  endfacet
  facet normal 0.130306 0.991474 0
    outer loop
      vertex 16.2411 -12.1244 10
      vertex 16.5698 -12.1676 0
      vertex 16.2411 -12.1244 0
    endloop
  endfacet
  facet normal 0.300713 0.953715 -0
    outer loop
      vertex 17.2096 -12.3391 0
      vertex 16.8934 -12.2394 10
      vertex 17.2096 -12.3391 10
    endloop
  endfacet
  facet normal 0.300713 0.953715 0
    outer loop
      vertex 16.8934 -12.2394 10
      vertex 17.2096 -12.3391 0
      vertex 16.8934 -12.2394 0
    endloop
  endfacet
  facet normal -0.999043 -0.0437383 0
    outer loop
      vertex 12.1244 -16.2411 0
      vertex 12.1099 -15.9099 10
      vertex 12.1099 -15.9099 0
    endloop
  endfacet
  facet normal -0.999043 -0.0437383 0
    outer loop
      vertex 12.1099 -15.9099 10
      vertex 12.1244 -16.2411 0
      vertex 12.1244 -16.2411 10
    endloop
  endfacet
  facet normal -0.737204 -0.67567 0
    outer loop
      vertex 13.2229 -18.5969 0
      vertex 12.9989 -18.3525 10
      vertex 12.9989 -18.3525 0
    endloop
  endfacet
  facet normal -0.737204 -0.67567 0
    outer loop
      vertex 12.9989 -18.3525 10
      vertex 13.2229 -18.5969 0
      vertex 13.2229 -18.5969 10
    endloop
  endfacet
  facet normal -0.843425 0.537246 0
    outer loop
      vertex 12.619 -14.0099 0
      vertex 12.7971 -13.7303 10
      vertex 12.7971 -13.7303 0
    endloop
  endfacet
  facet normal -0.843425 0.537246 0
    outer loop
      vertex 12.7971 -13.7303 10
      vertex 12.619 -14.0099 0
      vertex 12.619 -14.0099 10
    endloop
  endfacet
  facet normal 0.216611 0.976258 -0
    outer loop
      vertex 16.8934 -12.2394 0
      vertex 16.5698 -12.1676 10
      vertex 16.8934 -12.2394 10
    endloop
  endfacet
  facet normal 0.216611 0.976258 0
    outer loop
      vertex 16.5698 -12.1676 10
      vertex 16.8934 -12.2394 0
      vertex 16.5698 -12.1676 0
    endloop
  endfacet
  facet normal -0.537984 -0.842955 0
    outer loop
      vertex 13.7303 -19.0227 0
      vertex 13.7549 -19.0384 10
      vertex 13.7303 -19.0227 10
    endloop
  endfacet
  facet normal -0.537984 -0.842955 -0
    outer loop
      vertex 13.7549 -19.0384 10
      vertex 13.7303 -19.0227 0
      vertex 13.7549 -19.0384 0
    endloop
  endfacet
  facet normal -0.0437383 0.999043 0
    outer loop
      vertex 15.9099 -12.1099 0
      vertex 15.5787 -12.1244 10
      vertex 15.9099 -12.1099 10
    endloop
  endfacet
  facet normal -0.0437383 0.999043 0
    outer loop
      vertex 15.5787 -12.1244 10
      vertex 15.9099 -12.1099 0
      vertex 15.5787 -12.1244 0
    endloop
  endfacet
  facet normal 0.67567 0.737204 -0
    outer loop
      vertex 18.5969 -13.2229 0
      vertex 18.3525 -12.9989 10
      vertex 18.5969 -13.2229 10
    endloop
  endfacet
  facet normal 0.67567 0.737204 0
    outer loop
      vertex 18.3525 -12.9989 10
      vertex 18.5969 -13.2229 0
      vertex 18.3525 -12.9989 0
    endloop
  endfacet
  facet normal 0.737204 0.67567 0
    outer loop
      vertex 18.8209 -13.4673 10
      vertex 18.5969 -13.2229 0
      vertex 18.5969 -13.2229 10
    endloop
  endfacet
  facet normal 0.737204 0.67567 0
    outer loop
      vertex 18.5969 -13.2229 0
      vertex 18.8209 -13.4673 10
      vertex 18.8209 -13.4673 0
    endloop
  endfacet
  facet normal 0.842955 0.537984 0
    outer loop
      vertex 19.0384 -13.7549 10
      vertex 19.0227 -13.7303 0
      vertex 19.0227 -13.7303 10
    endloop
  endfacet
  facet normal 0.842955 0.537984 0
    outer loop
      vertex 19.0227 -13.7303 0
      vertex 19.0384 -13.7549 10
      vertex 19.0384 -13.7549 0
    endloop
  endfacet
  facet normal -0.953715 0.300713 0
    outer loop
      vertex 12.2394 -14.9264 0
      vertex 12.3391 -14.6102 10
      vertex 12.3391 -14.6102 0
    endloop
  endfacet
  facet normal -0.953715 0.300713 0
    outer loop
      vertex 12.3391 -14.6102 10
      vertex 12.2394 -14.9264 0
      vertex 12.2394 -14.9264 10
    endloop
  endfacet
  facet normal -0.843425 -0.537246 0
    outer loop
      vertex 12.7971 -18.0895 0
      vertex 12.619 -17.8099 10
      vertex 12.619 -17.8099 0
    endloop
  endfacet
  facet normal -0.843425 -0.537246 0
    outer loop
      vertex 12.619 -17.8099 10
      vertex 12.7971 -18.0895 0
      vertex 12.7971 -18.0895 10
    endloop
  endfacet
  facet normal -0.216611 0.976258 0
    outer loop
      vertex 15.25 -12.1676 0
      vertex 14.9264 -12.2394 10
      vertex 15.25 -12.1676 10
    endloop
  endfacet
  facet normal -0.216611 0.976258 0
    outer loop
      vertex 14.9264 -12.2394 10
      vertex 15.25 -12.1676 0
      vertex 14.9264 -12.2394 0
    endloop
  endfacet
  facet normal -0.608748 0.793364 0
    outer loop
      vertex 13.7303 -12.7971 0
      vertex 13.4673 -12.9989 10
      vertex 13.7303 -12.7971 10
    endloop
  endfacet
  facet normal -0.608748 0.793364 0
    outer loop
      vertex 13.4673 -12.9989 10
      vertex 13.7303 -12.7971 0
      vertex 13.4673 -12.9989 0
    endloop
  endfacet
  facet normal -0.886945 -0.461875 0
    outer loop
      vertex 12.619 -17.8099 0
      vertex 12.4659 -17.5159 10
      vertex 12.4659 -17.5159 0
    endloop
  endfacet
  facet normal -0.886945 -0.461875 0
    outer loop
      vertex 12.4659 -17.5159 10
      vertex 12.619 -17.8099 0
      vertex 12.619 -17.8099 10
    endloop
  endfacet
  facet normal -0.67567 0.737204 0
    outer loop
      vertex 13.4673 -12.9989 0
      vertex 13.2229 -13.2229 10
      vertex 13.4673 -12.9989 10
    endloop
  endfacet
  facet normal -0.67567 0.737204 0
    outer loop
      vertex 13.2229 -13.2229 10
      vertex 13.4673 -12.9989 0
      vertex 13.2229 -13.2229 0
    endloop
  endfacet
  facet normal -0.793364 0.608748 0
    outer loop
      vertex 12.7971 -13.7303 0
      vertex 12.9989 -13.4673 10
      vertex 12.9989 -13.4673 0
    endloop
  endfacet
  facet normal -0.793364 0.608748 0
    outer loop
      vertex 12.9989 -13.4673 10
      vertex 12.7971 -13.7303 0
      vertex 12.7971 -13.7303 10
    endloop
  endfacet
  facet normal 0.382494 0.923958 -0
    outer loop
      vertex 17.5159 -12.4659 0
      vertex 17.2096 -12.3391 10
      vertex 17.5159 -12.4659 10
    endloop
  endfacet
  facet normal 0.382494 0.923958 0
    outer loop
      vertex 17.2096 -12.3391 10
      vertex 17.5159 -12.4659 0
      vertex 17.2096 -12.3391 0
    endloop
  endfacet
  facet normal -0.923914 0.382601 0
    outer loop
      vertex 12.3391 -14.6102 0
      vertex 12.4659 -14.304 10
      vertex 12.4659 -14.304 0
    endloop
  endfacet
  facet normal -0.923914 0.382601 0
    outer loop
      vertex 12.4659 -14.304 10
      vertex 12.3391 -14.6102 0
      vertex 12.3391 -14.6102 10
    endloop
  endfacet
  facet normal -0.953715 -0.300713 0
    outer loop
      vertex 12.3391 -17.2096 0
      vertex 12.2394 -16.8934 10
      vertex 12.2394 -16.8934 0
    endloop
  endfacet
  facet normal -0.953715 -0.300713 0
    outer loop
      vertex 12.2394 -16.8934 10
      vertex 12.3391 -17.2096 0
      vertex 12.3391 -17.2096 10
    endloop
  endfacet
  facet normal -0.300713 0.953715 0
    outer loop
      vertex 14.9264 -12.2394 0
      vertex 14.6102 -12.3391 10
      vertex 14.9264 -12.2394 10
    endloop
  endfacet
  facet normal -0.300713 0.953715 0
    outer loop
      vertex 14.6102 -12.3391 10
      vertex 14.9264 -12.2394 0
      vertex 14.6102 -12.3391 0
    endloop
  endfacet
  facet normal 0.130546 -0.991442 0
    outer loop
      vertex 15.6842 17.1902 0
      vertex 15.7966 17.205 9.9
      vertex 15.6842 17.1902 9.9
    endloop
  endfacet
  facet normal 0.130546 -0.991442 0
    outer loop
      vertex 15.7966 17.205 9.9
      vertex 15.6842 17.1902 0
      vertex 15.7966 17.205 0
    endloop
  endfacet
  facet normal -0.608858 -0.79328 0
    outer loop
      vertex 16.6556 16.9748 0
      vertex 16.7455 16.9058 9.9
      vertex 16.6556 16.9748 9.9
    endloop
  endfacet
  facet normal -0.608858 -0.79328 -0
    outer loop
      vertex 16.7455 16.9058 9.9
      vertex 16.6556 16.9748 0
      vertex 16.7455 16.9058 0
    endloop
  endfacet
  facet normal -0.676044 -0.736861 0
    outer loop
      vertex 16.7455 16.9058 0
      vertex 16.8291 16.8291 9.9
      vertex 16.7455 16.9058 9.9
    endloop
  endfacet
  facet normal -0.676044 -0.736861 -0
    outer loop
      vertex 16.8291 16.8291 9.9
      vertex 16.7455 16.9058 0
      vertex 16.8291 16.8291 0
    endloop
  endfacet
  facet normal -0.923909 0.382611 0
    outer loop
      vertex 17.0881 15.3605 0
      vertex 17.1315 15.4653 9.9
      vertex 17.1315 15.4653 0
    endloop
  endfacet
  facet normal -0.923909 0.382611 0
    outer loop
      vertex 17.1315 15.4653 9.9
      vertex 17.0881 15.3605 0
      vertex 17.0881 15.3605 9.9
    endloop
  endfacet
  facet normal 0.923909 -0.382611 0
    outer loop
      vertex 14.6883 16.3545 9.9
      vertex 14.7317 16.4593 0
      vertex 14.7317 16.4593 9.9
    endloop
  endfacet
  facet normal 0.923909 -0.382611 0
    outer loop
      vertex 14.7317 16.4593 0
      vertex 14.6883 16.3545 9.9
      vertex 14.6883 16.3545 0
    endloop
  endfacet
  facet normal 0.0432076 0.999066 -0
    outer loop
      vertex 15.9099 14.6099 0
      vertex 15.7966 14.6148 9.9
      vertex 15.9099 14.6099 9.9
    endloop
  endfacet
  facet normal 0.0432076 0.999066 0
    outer loop
      vertex 15.7966 14.6148 9.9
      vertex 15.9099 14.6099 0
      vertex 15.7966 14.6148 0
    endloop
  endfacet
  facet normal -0.886899 0.461963 0
    outer loop
      vertex 17.0357 15.2599 0
      vertex 17.0881 15.3605 9.9
      vertex 17.0881 15.3605 0
    endloop
  endfacet
  facet normal -0.886899 0.461963 0
    outer loop
      vertex 17.0881 15.3605 9.9
      vertex 17.0357 15.2599 0
      vertex 17.0357 15.2599 9.9
    endloop
  endfacet
  facet normal -0.676044 0.736861 0
    outer loop
      vertex 16.8291 14.9907 0
      vertex 16.7455 14.914 9.9
      vertex 16.8291 14.9907 9.9
    endloop
  endfacet
  facet normal -0.676044 0.736861 0
    outer loop
      vertex 16.7455 14.914 9.9
      vertex 16.8291 14.9907 0
      vertex 16.7455 14.914 0
    endloop
  endfacet
  facet normal -0.793606 0.608432 0
    outer loop
      vertex 16.9058 15.0743 0
      vertex 16.9748 15.1643 9.9
      vertex 16.9748 15.1643 0
    endloop
  endfacet
  facet normal -0.793606 0.608432 0
    outer loop
      vertex 16.9748 15.1643 9.9
      vertex 16.9058 15.0743 0
      vertex 16.9058 15.0743 9.9
    endloop
  endfacet
  facet normal 0.923909 0.382611 0
    outer loop
      vertex 14.7317 15.3605 9.9
      vertex 14.6883 15.4653 0
      vertex 14.6883 15.4653 9.9
    endloop
  endfacet
  facet normal 0.923909 0.382611 0
    outer loop
      vertex 14.6883 15.4653 0
      vertex 14.7317 15.3605 9.9
      vertex 14.7317 15.3605 0
    endloop
  endfacet
  facet normal 0.886899 -0.461963 0
    outer loop
      vertex 14.7317 16.4593 9.9
      vertex 14.7841 16.5599 0
      vertex 14.7841 16.5599 9.9
    endloop
  endfacet
  facet normal 0.886899 -0.461963 0
    outer loop
      vertex 14.7841 16.5599 0
      vertex 14.7317 16.4593 9.9
      vertex 14.7317 16.4593 0
    endloop
  endfacet
  facet normal 0.382611 0.923909 -0
    outer loop
      vertex 15.4653 14.6883 0
      vertex 15.3605 14.7317 9.9
      vertex 15.4653 14.6883 9.9
    endloop
  endfacet
  facet normal 0.382611 0.923909 0
    outer loop
      vertex 15.3605 14.7317 9.9
      vertex 15.4653 14.6883 0
      vertex 15.3605 14.7317 0
    endloop
  endfacet
  facet normal 0.537275 0.843407 -0
    outer loop
      vertex 15.2599 14.7841 0
      vertex 15.1643 14.845 9.9
      vertex 15.2599 14.7841 9.9
    endloop
  endfacet
  facet normal 0.537275 0.843407 0
    outer loop
      vertex 15.1643 14.845 9.9
      vertex 15.2599 14.7841 0
      vertex 15.1643 14.845 0
    endloop
  endfacet
  facet normal 0.991328 0.131413 0
    outer loop
      vertex 14.6297 15.6842 9.9
      vertex 14.6148 15.7966 0
      vertex 14.6148 15.7966 9.9
    endloop
  endfacet
  facet normal 0.991328 0.131413 0
    outer loop
      vertex 14.6148 15.7966 0
      vertex 14.6297 15.6842 9.9
      vertex 14.6297 15.6842 0
    endloop
  endfacet
  facet normal -0.0432076 0.999066 0
    outer loop
      vertex 16.0232 14.6148 0
      vertex 15.9099 14.6099 9.9
      vertex 16.0232 14.6148 9.9
    endloop
  endfacet
  facet normal -0.0432076 0.999066 0
    outer loop
      vertex 15.9099 14.6099 9.9
      vertex 16.0232 14.6148 0
      vertex 15.9099 14.6099 0
    endloop
  endfacet
  facet normal 0 0 -1
    outer loop
      vertex 17.205 15.7966 9.9
      vertex 17.205 16.0232 9.9
      vertex 17.2099 15.9099 9.9
    endloop
  endfacet
  facet normal 0 0 -1
    outer loop
      vertex 17.1902 15.6842 9.9
      vertex 17.205 16.0232 9.9
      vertex 17.205 15.7966 9.9
    endloop
  endfacet
  facet normal 0 0 -1
    outer loop
      vertex 17.1902 15.6842 9.9
      vertex 17.1902 16.1356 9.9
      vertex 17.205 16.0232 9.9
    endloop
  endfacet
  facet normal 0 0 -1
    outer loop
      vertex 17.1656 15.5734 9.9
      vertex 17.1902 16.1356 9.9
      vertex 17.1902 15.6842 9.9
    endloop
  endfacet
  facet normal 0 0 -1
    outer loop
      vertex 17.1656 15.5734 9.9
      vertex 17.1656 16.2464 9.9
      vertex 17.1902 16.1356 9.9
    endloop
  endfacet
  facet normal 0 0 -1
    outer loop
      vertex 17.1315 15.4653 9.9
      vertex 17.1656 16.2464 9.9
      vertex 17.1656 15.5734 9.9
    endloop
  endfacet
  facet normal 0 0 -1
    outer loop
      vertex 17.1315 15.4653 9.9
      vertex 17.1315 16.3545 9.9
      vertex 17.1656 16.2464 9.9
    endloop
  endfacet
  facet normal 0 0 -1
    outer loop
      vertex 17.0881 15.3605 9.9
      vertex 17.1315 16.3545 9.9
      vertex 17.1315 15.4653 9.9
    endloop
  endfacet
  facet normal 0 0 -1
    outer loop
      vertex 17.0881 15.3605 9.9
      vertex 17.0881 16.4593 9.9
      vertex 17.1315 16.3545 9.9
    endloop
  endfacet
  facet normal 0 0 -1
    outer loop
      vertex 17.0357 15.2599 9.9
      vertex 17.0881 16.4593 9.9
      vertex 17.0881 15.3605 9.9
    endloop
  endfacet
  facet normal 0 0 -1
    outer loop
      vertex 17.0357 15.2599 9.9
      vertex 17.0357 16.5599 9.9
      vertex 17.0881 16.4593 9.9
    endloop
  endfacet
  facet normal 0 0 -1
    outer loop
      vertex 16.9748 15.1643 9.9
      vertex 17.0357 16.5599 9.9
      vertex 17.0357 15.2599 9.9
    endloop
  endfacet
  facet normal 0 0 -1
    outer loop
      vertex 16.9748 15.1643 9.9
      vertex 16.9748 16.6556 9.9
      vertex 17.0357 16.5599 9.9
    endloop
  endfacet
  facet normal 0 0 -1
    outer loop
      vertex 16.9058 15.0743 9.9
      vertex 16.9748 16.6556 9.9
      vertex 16.9748 15.1643 9.9
    endloop
  endfacet
  facet normal 0 0 -1
    outer loop
      vertex 16.9058 15.0743 9.9
      vertex 16.9058 16.7455 9.9
      vertex 16.9748 16.6556 9.9
    endloop
  endfacet
  facet normal 0 0 -1
    outer loop
      vertex 16.8291 14.9907 9.9
      vertex 16.9058 16.7455 9.9
      vertex 16.9058 15.0743 9.9
    endloop
  endfacet
  facet normal 0 0 -1
    outer loop
      vertex 16.8291 14.9907 9.9
      vertex 16.8291 16.8291 9.9
      vertex 16.9058 16.7455 9.9
    endloop
  endfacet
  facet normal 0 0 -1
    outer loop
      vertex 16.7455 14.914 9.9
      vertex 16.8291 16.8291 9.9
      vertex 16.8291 14.9907 9.9
    endloop
  endfacet
  facet normal 0 0 -1
    outer loop
      vertex 16.7455 14.914 9.9
      vertex 16.7455 16.9058 9.9
      vertex 16.8291 16.8291 9.9
    endloop
  endfacet
  facet normal 0 0 -1
    outer loop
      vertex 16.6556 14.845 9.9
      vertex 16.7455 16.9058 9.9
      vertex 16.7455 14.914 9.9
    endloop
  endfacet
  facet normal 0 0 -1
    outer loop
      vertex 16.6556 14.845 9.9
      vertex 16.6556 16.9748 9.9
      vertex 16.7455 16.9058 9.9
    endloop
  endfacet
  facet normal 0 0 -1
    outer loop
      vertex 16.5599 14.7841 9.9
      vertex 16.6556 16.9748 9.9
      vertex 16.6556 14.845 9.9
    endloop
  endfacet
  facet normal 0 0 -1
    outer loop
      vertex 16.5599 14.7841 9.9
      vertex 16.5599 17.0357 9.9
      vertex 16.6556 16.9748 9.9
    endloop
  endfacet
  facet normal 0 0 -1
    outer loop
      vertex 16.4593 14.7317 9.9
      vertex 16.5599 17.0357 9.9
      vertex 16.5599 14.7841 9.9
    endloop
  endfacet
  facet normal 0 0 -1
    outer loop
      vertex 16.4593 14.7317 9.9
      vertex 16.4593 17.0881 9.9
      vertex 16.5599 17.0357 9.9
    endloop
  endfacet
  facet normal 0 0 -1
    outer loop
      vertex 16.3545 14.6883 9.9
      vertex 16.4593 17.0881 9.9
      vertex 16.4593 14.7317 9.9
    endloop
  endfacet
  facet normal 0 0 -1
    outer loop
      vertex 16.3545 14.6883 9.9
      vertex 16.3545 17.1315 9.9
      vertex 16.4593 17.0881 9.9
    endloop
  endfacet
  facet normal 0 0 -1
    outer loop
      vertex 16.2464 14.6542 9.9
      vertex 16.3545 17.1315 9.9
      vertex 16.3545 14.6883 9.9
    endloop
  endfacet
  facet normal 0 0 -1
    outer loop
      vertex 16.2464 14.6542 9.9
      vertex 16.2464 17.1656 9.9
      vertex 16.3545 17.1315 9.9
    endloop
  endfacet
  facet normal 0 0 -1
    outer loop
      vertex 16.1356 14.6297 9.9
      vertex 16.2464 17.1656 9.9
      vertex 16.2464 14.6542 9.9
    endloop
  endfacet
  facet normal 0 0 -1
    outer loop
      vertex 16.1356 14.6297 9.9
      vertex 16.1356 17.1902 9.9
      vertex 16.2464 17.1656 9.9
    endloop
  endfacet
  facet normal 0 0 -1
    outer loop
      vertex 16.0232 14.6148 9.9
      vertex 16.1356 17.1902 9.9
      vertex 16.1356 14.6297 9.9
    endloop
  endfacet
  facet normal 0 0 -1
    outer loop
      vertex 16.0232 14.6148 9.9
      vertex 16.0232 17.205 9.9
      vertex 16.1356 17.1902 9.9
    endloop
  endfacet
  facet normal 0 0 -1
    outer loop
      vertex 15.9099 14.6099 9.9
      vertex 16.0232 17.205 9.9
      vertex 16.0232 14.6148 9.9
    endloop
  endfacet
  facet normal 0 0 -1
    outer loop
      vertex 15.9099 14.6099 9.9
      vertex 15.9099 17.2099 9.9
      vertex 16.0232 17.205 9.9
    endloop
  endfacet
  facet normal 0 0 -1
    outer loop
      vertex 15.7966 14.6148 9.9
      vertex 15.9099 17.2099 9.9
      vertex 15.9099 14.6099 9.9
    endloop
  endfacet
  facet normal 0 0 -1
    outer loop
      vertex 15.7966 14.6148 9.9
      vertex 15.7966 17.205 9.9
      vertex 15.9099 17.2099 9.9
    endloop
  endfacet
  facet normal 0 0 -1
    outer loop
      vertex 15.6842 14.6297 9.9
      vertex 15.7966 17.205 9.9
      vertex 15.7966 14.6148 9.9
    endloop
  endfacet
  facet normal 0 0 -1
    outer loop
      vertex 15.6842 14.6297 9.9
      vertex 15.6842 17.1902 9.9
      vertex 15.7966 17.205 9.9
    endloop
  endfacet
  facet normal 0 0 -1
    outer loop
      vertex 15.5734 14.6542 9.9
      vertex 15.6842 17.1902 9.9
      vertex 15.6842 14.6297 9.9
    endloop
  endfacet
  facet normal 0 0 -1
    outer loop
      vertex 15.5734 14.6542 9.9
      vertex 15.5734 17.1656 9.9
      vertex 15.6842 17.1902 9.9
    endloop
  endfacet
  facet normal 0 0 -1
    outer loop
      vertex 15.4653 14.6883 9.9
      vertex 15.5734 17.1656 9.9
      vertex 15.5734 14.6542 9.9
    endloop
  endfacet
  facet normal 0 0 -1
    outer loop
      vertex 15.4653 14.6883 9.9
      vertex 15.4653 17.1315 9.9
      vertex 15.5734 17.1656 9.9
    endloop
  endfacet
  facet normal 0 0 -1
    outer loop
      vertex 15.3605 14.7317 9.9
      vertex 15.4653 17.1315 9.9
      vertex 15.4653 14.6883 9.9
    endloop
  endfacet
  facet normal 0 0 -1
    outer loop
      vertex 15.3605 14.7317 9.9
      vertex 15.3605 17.0881 9.9
      vertex 15.4653 17.1315 9.9
    endloop
  endfacet
  facet normal 0 0 -1
    outer loop
      vertex 15.2599 14.7841 9.9
      vertex 15.3605 17.0881 9.9
      vertex 15.3605 14.7317 9.9
    endloop
  endfacet
  facet normal 0 0 -1
    outer loop
      vertex 15.2599 14.7841 9.9
      vertex 15.2599 17.0357 9.9
      vertex 15.3605 17.0881 9.9
    endloop
  endfacet
  facet normal 0 0 -1
    outer loop
      vertex 15.1643 14.845 9.9
      vertex 15.2599 17.0357 9.9
      vertex 15.2599 14.7841 9.9
    endloop
  endfacet
  facet normal 0 0 -1
    outer loop
      vertex 15.1643 14.845 9.9
      vertex 15.1643 16.9748 9.9
      vertex 15.2599 17.0357 9.9
    endloop
  endfacet
  facet normal 0 0 -1
    outer loop
      vertex 15.0743 14.914 9.9
      vertex 15.1643 16.9748 9.9
      vertex 15.1643 14.845 9.9
    endloop
  endfacet
  facet normal 0 0 -1
    outer loop
      vertex 15.0743 14.914 9.9
      vertex 15.0743 16.9058 9.9
      vertex 15.1643 16.9748 9.9
    endloop
  endfacet
  facet normal 0 0 -1
    outer loop
      vertex 14.9907 14.9907 9.9
      vertex 15.0743 16.9058 9.9
      vertex 15.0743 14.914 9.9
    endloop
  endfacet
  facet normal 0 0 -1
    outer loop
      vertex 14.9907 14.9907 9.9
      vertex 14.9907 16.8291 9.9
      vertex 15.0743 16.9058 9.9
    endloop
  endfacet
  facet normal 0 0 -1
    outer loop
      vertex 14.914 15.0743 9.9
      vertex 14.9907 16.8291 9.9
      vertex 14.9907 14.9907 9.9
    endloop
  endfacet
  facet normal 0 0 -1
    outer loop
      vertex 14.914 15.0743 9.9
      vertex 14.914 16.7455 9.9
      vertex 14.9907 16.8291 9.9
    endloop
  endfacet
  facet normal 0 0 -1
    outer loop
      vertex 14.845 15.1643 9.9
      vertex 14.914 16.7455 9.9
      vertex 14.914 15.0743 9.9
    endloop
  endfacet
  facet normal 0 0 -1
    outer loop
      vertex 14.845 15.1643 9.9
      vertex 14.845 16.6556 9.9
      vertex 14.914 16.7455 9.9
    endloop
  endfacet
  facet normal 0 0 -1
    outer loop
      vertex 14.7841 15.2599 9.9
      vertex 14.845 16.6556 9.9
      vertex 14.845 15.1643 9.9
    endloop
  endfacet
  facet normal 0 0 -1
    outer loop
      vertex 14.7841 15.2599 9.9
      vertex 14.7841 16.5599 9.9
      vertex 14.845 16.6556 9.9
    endloop
  endfacet
  facet normal 0 0 -1
    outer loop
      vertex 14.7317 15.3605 9.9
      vertex 14.7841 16.5599 9.9
      vertex 14.7841 15.2599 9.9
    endloop
  endfacet
  facet normal 0 0 -1
    outer loop
      vertex 14.7317 15.3605 9.9
      vertex 14.7317 16.4593 9.9
      vertex 14.7841 16.5599 9.9
    endloop
  endfacet
  facet normal 0 0 -1
    outer loop
      vertex 14.6883 15.4653 9.9
      vertex 14.7317 16.4593 9.9
      vertex 14.7317 15.3605 9.9
    endloop
  endfacet
  facet normal 0 0 -1
    outer loop
      vertex 14.6883 15.4653 9.9
      vertex 14.6883 16.3545 9.9
      vertex 14.7317 16.4593 9.9
    endloop
  endfacet
  facet normal 0 0 -1
    outer loop
      vertex 14.6542 15.5734 9.9
      vertex 14.6883 16.3545 9.9
      vertex 14.6883 15.4653 9.9
    endloop
  endfacet
  facet normal 0 0 -1
    outer loop
      vertex 14.6542 15.5734 9.9
      vertex 14.6542 16.2464 9.9
      vertex 14.6883 16.3545 9.9
    endloop
  endfacet
  facet normal 0 0 -1
    outer loop
      vertex 14.6297 15.6842 9.9
      vertex 14.6542 16.2464 9.9
      vertex 14.6542 15.5734 9.9
    endloop
  endfacet
  facet normal 0 0 -1
    outer loop
      vertex 14.6297 15.6842 9.9
      vertex 14.6297 16.1356 9.9
      vertex 14.6542 16.2464 9.9
    endloop
  endfacet
  facet normal 0 0 -1
    outer loop
      vertex 14.6148 15.7966 9.9
      vertex 14.6297 16.1356 9.9
      vertex 14.6297 15.6842 9.9
    endloop
  endfacet
  facet normal 0 0 -1
    outer loop
      vertex 14.6148 15.7966 9.9
      vertex 14.6148 16.0232 9.9
      vertex 14.6297 16.1356 9.9
    endloop
  endfacet
  facet normal 0 -0 -1
    outer loop
      vertex 14.6148 16.0232 9.9
      vertex 14.6148 15.7966 9.9
      vertex 14.6099 15.9099 9.9
    endloop
  endfacet
  facet normal -0.886899 -0.461963 0
    outer loop
      vertex 17.0881 16.4593 0
      vertex 17.0357 16.5599 9.9
      vertex 17.0357 16.5599 0
    endloop
  endfacet
  facet normal -0.886899 -0.461963 0
    outer loop
      vertex 17.0357 16.5599 9.9
      vertex 17.0881 16.4593 0
      vertex 17.0881 16.4593 9.9
    endloop
  endfacet
  facet normal 0.991328 -0.131413 0
    outer loop
      vertex 14.6148 16.0232 9.9
      vertex 14.6297 16.1356 0
      vertex 14.6297 16.1356 9.9
    endloop
  endfacet
  facet normal 0.991328 -0.131413 0
    outer loop
      vertex 14.6297 16.1356 0
      vertex 14.6148 16.0232 9.9
      vertex 14.6148 16.0232 0
    endloop
  endfacet
  facet normal -0.843407 0.537275 0
    outer loop
      vertex 16.9748 15.1643 0
      vertex 17.0357 15.2599 9.9
      vertex 17.0357 15.2599 0
    endloop
  endfacet
  facet normal -0.843407 0.537275 0
    outer loop
      vertex 17.0357 15.2599 9.9
      vertex 16.9748 15.1643 0
      vertex 16.9748 15.1643 9.9
    endloop
  endfacet
  facet normal 0.976415 -0.215904 0
    outer loop
      vertex 14.6297 16.1356 9.9
      vertex 14.6542 16.2464 0
      vertex 14.6542 16.2464 9.9
    endloop
  endfacet
  facet normal 0.976415 -0.215904 0
    outer loop
      vertex 14.6542 16.2464 0
      vertex 14.6297 16.1356 9.9
      vertex 14.6297 16.1356 0
    endloop
  endfacet
  facet normal 0.999066 -0.0432076 0
    outer loop
      vertex 14.6099 15.9099 9.9
      vertex 14.6148 16.0232 0
      vertex 14.6148 16.0232 9.9
    endloop
  endfacet
  facet normal 0.999066 -0.0432076 0
    outer loop
      vertex 14.6148 16.0232 0
      vertex 14.6099 15.9099 9.9
      vertex 14.6099 15.9099 0
    endloop
  endfacet
  facet normal 0.999066 0.0432076 0
    outer loop
      vertex 14.6148 15.7966 9.9
      vertex 14.6099 15.9099 0
      vertex 14.6099 15.9099 9.9
    endloop
  endfacet
  facet normal 0.999066 0.0432076 0
    outer loop
      vertex 14.6099 15.9099 0
      vertex 14.6148 15.7966 9.9
      vertex 14.6148 15.7966 0
    endloop
  endfacet
  facet normal 0.676044 -0.736861 0
    outer loop
      vertex 14.9907 16.8291 0
      vertex 15.0743 16.9058 9.9
      vertex 14.9907 16.8291 9.9
    endloop
  endfacet
  facet normal 0.676044 -0.736861 0
    outer loop
      vertex 15.0743 16.9058 9.9
      vertex 14.9907 16.8291 0
      vertex 15.0743 16.9058 0
    endloop
  endfacet
  facet normal 0.843661 -0.536875 0
    outer loop
      vertex 14.7841 16.5599 9.9
      vertex 14.845 16.6556 0
      vertex 14.845 16.6556 9.9
    endloop
  endfacet
  facet normal 0.843661 -0.536875 0
    outer loop
      vertex 14.845 16.6556 0
      vertex 14.7841 16.5599 9.9
      vertex 14.7841 16.5599 0
    endloop
  endfacet
  facet normal -0.608858 0.79328 0
    outer loop
      vertex 16.7455 14.914 0
      vertex 16.6556 14.845 9.9
      vertex 16.7455 14.914 9.9
    endloop
  endfacet
  facet normal -0.608858 0.79328 0
    outer loop
      vertex 16.6556 14.845 9.9
      vertex 16.7455 14.914 0
      vertex 16.6556 14.845 0
    endloop
  endfacet
  facet normal -0.736861 -0.676044 0
    outer loop
      vertex 16.9058 16.7455 0
      vertex 16.8291 16.8291 9.9
      vertex 16.8291 16.8291 0
    endloop
  endfacet
  facet normal -0.736861 -0.676044 0
    outer loop
      vertex 16.8291 16.8291 9.9
      vertex 16.9058 16.7455 0
      vertex 16.9058 16.7455 9.9
    endloop
  endfacet
  facet normal -0.536875 0.843661 0
    outer loop
      vertex 16.6556 14.845 0
      vertex 16.5599 14.7841 9.9
      vertex 16.6556 14.845 9.9
    endloop
  endfacet
  facet normal -0.536875 0.843661 0
    outer loop
      vertex 16.5599 14.7841 9.9
      vertex 16.6556 14.845 0
      vertex 16.5599 14.7841 0
    endloop
  endfacet
  facet normal 0.608432 -0.793606 0
    outer loop
      vertex 15.0743 16.9058 0
      vertex 15.1643 16.9748 9.9
      vertex 15.0743 16.9058 9.9
    endloop
  endfacet
  facet normal 0.608432 -0.793606 0
    outer loop
      vertex 15.1643 16.9748 9.9
      vertex 15.0743 16.9058 0
      vertex 15.1643 16.9748 0
    endloop
  endfacet
  facet normal -0.382611 -0.923909 0
    outer loop
      vertex 16.3545 17.1315 0
      vertex 16.4593 17.0881 9.9
      vertex 16.3545 17.1315 9.9
    endloop
  endfacet
  facet normal -0.382611 -0.923909 -0
    outer loop
      vertex 16.4593 17.0881 9.9
      vertex 16.3545 17.1315 0
      vertex 16.4593 17.0881 0
    endloop
  endfacet
  facet normal -0.131413 0.991328 0
    outer loop
      vertex 16.1356 14.6297 0
      vertex 16.0232 14.6148 9.9
      vertex 16.1356 14.6297 9.9
    endloop
  endfacet
  facet normal -0.131413 0.991328 0
    outer loop
      vertex 16.0232 14.6148 9.9
      vertex 16.1356 14.6297 0
      vertex 16.0232 14.6148 0
    endloop
  endfacet
  facet normal 0.736861 0.676044 0
    outer loop
      vertex 14.9907 14.9907 9.9
      vertex 14.914 15.0743 0
      vertex 14.914 15.0743 9.9
    endloop
  endfacet
  facet normal 0.736861 0.676044 0
    outer loop
      vertex 14.914 15.0743 0
      vertex 14.9907 14.9907 9.9
      vertex 14.9907 14.9907 0
    endloop
  endfacet
  facet normal 0.843407 0.537275 0
    outer loop
      vertex 14.845 15.1643 9.9
      vertex 14.7841 15.2599 0
      vertex 14.7841 15.2599 9.9
    endloop
  endfacet
  facet normal 0.843407 0.537275 0
    outer loop
      vertex 14.7841 15.2599 0
      vertex 14.845 15.1643 9.9
      vertex 14.845 15.1643 0
    endloop
  endfacet
  facet normal 0.953676 -0.300836 0
    outer loop
      vertex 14.6542 16.2464 9.9
      vertex 14.6883 16.3545 0
      vertex 14.6883 16.3545 9.9
    endloop
  endfacet
  facet normal 0.953676 -0.300836 0
    outer loop
      vertex 14.6883 16.3545 0
      vertex 14.6542 16.2464 9.9
      vertex 14.6542 16.2464 0
    endloop
  endfacet
  facet normal -0.976229 0.216744 0
    outer loop
      vertex 17.1656 15.5734 0
      vertex 17.1902 15.6842 9.9
      vertex 17.1902 15.6842 0
    endloop
  endfacet
  facet normal -0.976229 0.216744 0
    outer loop
      vertex 17.1902 15.6842 9.9
      vertex 17.1656 15.5734 0
      vertex 17.1656 15.5734 9.9
    endloop
  endfacet
  facet normal -0.953676 0.300836 0
    outer loop
      vertex 17.1315 15.4653 0
      vertex 17.1656 15.5734 9.9
      vertex 17.1656 15.5734 0
    endloop
  endfacet
  facet normal -0.953676 0.300836 0
    outer loop
      vertex 17.1656 15.5734 9.9
      vertex 17.1315 15.4653 0
      vertex 17.1315 15.4653 9.9
    endloop
  endfacet
  facet normal 0.461963 0.886899 -0
    outer loop
      vertex 15.3605 14.7317 0
      vertex 15.2599 14.7841 9.9
      vertex 15.3605 14.7317 9.9
    endloop
  endfacet
  facet normal 0.461963 0.886899 0
    outer loop
      vertex 15.2599 14.7841 9.9
      vertex 15.3605 14.7317 0
      vertex 15.2599 14.7841 0
    endloop
  endfacet
  facet normal -0.0432076 -0.999066 0
    outer loop
      vertex 15.9099 17.2099 0
      vertex 16.0232 17.205 9.9
      vertex 15.9099 17.2099 9.9
    endloop
  endfacet
  facet normal -0.0432076 -0.999066 -0
    outer loop
      vertex 16.0232 17.205 9.9
      vertex 15.9099 17.2099 0
      vertex 16.0232 17.205 0
    endloop
  endfacet
  facet normal -0.976229 -0.216744 0
    outer loop
      vertex 17.1902 16.1356 0
      vertex 17.1656 16.2464 9.9
      vertex 17.1656 16.2464 0
    endloop
  endfacet
  facet normal -0.976229 -0.216744 0
    outer loop
      vertex 17.1656 16.2464 9.9
      vertex 17.1902 16.1356 0
      vertex 17.1902 16.1356 9.9
    endloop
  endfacet
  facet normal -0.130546 -0.991442 0
    outer loop
      vertex 16.0232 17.205 0
      vertex 16.1356 17.1902 9.9
      vertex 16.0232 17.205 9.9
    endloop
  endfacet
  facet normal -0.130546 -0.991442 -0
    outer loop
      vertex 16.1356 17.1902 9.9
      vertex 16.0232 17.205 0
      vertex 16.1356 17.1902 0
    endloop
  endfacet
  facet normal 0.976415 0.215904 0
    outer loop
      vertex 14.6542 15.5734 9.9
      vertex 14.6297 15.6842 0
      vertex 14.6297 15.6842 9.9
    endloop
  endfacet
  facet normal 0.976415 0.215904 0
    outer loop
      vertex 14.6297 15.6842 0
      vertex 14.6542 15.5734 9.9
      vertex 14.6542 15.5734 0
    endloop
  endfacet
  facet normal 0.461963 -0.886899 0
    outer loop
      vertex 15.2599 17.0357 0
      vertex 15.3605 17.0881 9.9
      vertex 15.2599 17.0357 9.9
    endloop
  endfacet
  facet normal 0.461963 -0.886899 0
    outer loop
      vertex 15.3605 17.0881 9.9
      vertex 15.2599 17.0357 0
      vertex 15.3605 17.0881 0
    endloop
  endfacet
  facet normal 0.382611 -0.923909 0
    outer loop
      vertex 15.3605 17.0881 0
      vertex 15.4653 17.1315 9.9
      vertex 15.3605 17.0881 9.9
    endloop
  endfacet
  facet normal 0.382611 -0.923909 0
    outer loop
      vertex 15.4653 17.1315 9.9
      vertex 15.3605 17.0881 0
      vertex 15.4653 17.1315 0
    endloop
  endfacet
  facet normal 0.216744 -0.976229 0
    outer loop
      vertex 15.5734 17.1656 0
      vertex 15.6842 17.1902 9.9
      vertex 15.5734 17.1656 9.9
    endloop
  endfacet
  facet normal 0.216744 -0.976229 0
    outer loop
      vertex 15.6842 17.1902 9.9
      vertex 15.5734 17.1656 0
      vertex 15.6842 17.1902 0
    endloop
  endfacet
  facet normal -0.999066 -0.0432076 0
    outer loop
      vertex 17.2099 15.9099 0
      vertex 17.205 16.0232 9.9
      vertex 17.205 16.0232 0
    endloop
  endfacet
  facet normal -0.999066 -0.0432076 0
    outer loop
      vertex 17.205 16.0232 9.9
      vertex 17.2099 15.9099 0
      vertex 17.2099 15.9099 9.9
    endloop
  endfacet
  facet normal -0.991442 0.130546 0
    outer loop
      vertex 17.1902 15.6842 0
      vertex 17.205 15.7966 9.9
      vertex 17.205 15.7966 0
    endloop
  endfacet
  facet normal -0.991442 0.130546 0
    outer loop
      vertex 17.205 15.7966 9.9
      vertex 17.1902 15.6842 0
      vertex 17.1902 15.6842 9.9
    endloop
  endfacet
  facet normal 0.300836 -0.953676 0
    outer loop
      vertex 15.4653 17.1315 0
      vertex 15.5734 17.1656 9.9
      vertex 15.4653 17.1315 9.9
    endloop
  endfacet
  facet normal 0.300836 -0.953676 0
    outer loop
      vertex 15.5734 17.1656 9.9
      vertex 15.4653 17.1315 0
      vertex 15.5734 17.1656 0
    endloop
  endfacet
  facet normal -0.300836 -0.953676 0
    outer loop
      vertex 16.2464 17.1656 0
      vertex 16.3545 17.1315 9.9
      vertex 16.2464 17.1656 9.9
    endloop
  endfacet
  facet normal -0.300836 -0.953676 -0
    outer loop
      vertex 16.3545 17.1315 9.9
      vertex 16.2464 17.1656 0
      vertex 16.3545 17.1315 0
    endloop
  endfacet
  facet normal 0.953676 0.300836 0
    outer loop
      vertex 14.6883 15.4653 9.9
      vertex 14.6542 15.5734 0
      vertex 14.6542 15.5734 9.9
    endloop
  endfacet
  facet normal 0.953676 0.300836 0
    outer loop
      vertex 14.6542 15.5734 0
      vertex 14.6883 15.4653 9.9
      vertex 14.6883 15.4653 0
    endloop
  endfacet
  facet normal -0.216744 -0.976229 0
    outer loop
      vertex 16.1356 17.1902 0
      vertex 16.2464 17.1656 9.9
      vertex 16.1356 17.1902 9.9
    endloop
  endfacet
  facet normal -0.216744 -0.976229 -0
    outer loop
      vertex 16.2464 17.1656 9.9
      vertex 16.1356 17.1902 0
      vertex 16.2464 17.1656 0
    endloop
  endfacet
  facet normal -0.843661 -0.536875 0
    outer loop
      vertex 17.0357 16.5599 0
      vertex 16.9748 16.6556 9.9
      vertex 16.9748 16.6556 0
    endloop
  endfacet
  facet normal -0.843661 -0.536875 0
    outer loop
      vertex 16.9748 16.6556 9.9
      vertex 17.0357 16.5599 0
      vertex 17.0357 16.5599 9.9
    endloop
  endfacet
  facet normal -0.79328 -0.608858 0
    outer loop
      vertex 16.9748 16.6556 0
      vertex 16.9058 16.7455 9.9
      vertex 16.9058 16.7455 0
    endloop
  endfacet
  facet normal -0.79328 -0.608858 0
    outer loop
      vertex 16.9058 16.7455 9.9
      vertex 16.9748 16.6556 0
      vertex 16.9748 16.6556 9.9
    endloop
  endfacet
  facet normal 0.0432076 -0.999066 0
    outer loop
      vertex 15.7966 17.205 0
      vertex 15.9099 17.2099 9.9
      vertex 15.7966 17.205 9.9
    endloop
  endfacet
  facet normal 0.0432076 -0.999066 0
    outer loop
      vertex 15.9099 17.2099 9.9
      vertex 15.7966 17.205 0
      vertex 15.9099 17.2099 0
    endloop
  endfacet
  facet normal -0.736861 0.676044 0
    outer loop
      vertex 16.8291 14.9907 0
      vertex 16.9058 15.0743 9.9
      vertex 16.9058 15.0743 0
    endloop
  endfacet
  facet normal -0.736861 0.676044 0
    outer loop
      vertex 16.9058 15.0743 9.9
      vertex 16.8291 14.9907 0
      vertex 16.8291 14.9907 9.9
    endloop
  endfacet
  facet normal 0.676044 0.736861 -0
    outer loop
      vertex 15.0743 14.914 0
      vertex 14.9907 14.9907 9.9
      vertex 15.0743 14.914 9.9
    endloop
  endfacet
  facet normal 0.676044 0.736861 0
    outer loop
      vertex 14.9907 14.9907 9.9
      vertex 15.0743 14.914 0
      vertex 14.9907 14.9907 0
    endloop
  endfacet
  facet normal 0.608432 0.793606 -0
    outer loop
      vertex 15.1643 14.845 0
      vertex 15.0743 14.914 9.9
      vertex 15.1643 14.845 9.9
    endloop
  endfacet
  facet normal 0.608432 0.793606 0
    outer loop
      vertex 15.0743 14.914 9.9
      vertex 15.1643 14.845 0
      vertex 15.0743 14.914 0
    endloop
  endfacet
  facet normal 0.131413 0.991328 -0
    outer loop
      vertex 15.7966 14.6148 0
      vertex 15.6842 14.6297 9.9
      vertex 15.7966 14.6148 9.9
    endloop
  endfacet
  facet normal 0.131413 0.991328 0
    outer loop
      vertex 15.6842 14.6297 9.9
      vertex 15.7966 14.6148 0
      vertex 15.6842 14.6297 0
    endloop
  endfacet
  facet normal -0.461963 -0.886899 0
    outer loop
      vertex 16.4593 17.0881 0
      vertex 16.5599 17.0357 9.9
      vertex 16.4593 17.0881 9.9
    endloop
  endfacet
  facet normal -0.461963 -0.886899 -0
    outer loop
      vertex 16.5599 17.0357 9.9
      vertex 16.4593 17.0881 0
      vertex 16.5599 17.0357 0
    endloop
  endfacet
  facet normal 0.79328 -0.608858 0
    outer loop
      vertex 14.845 16.6556 9.9
      vertex 14.914 16.7455 0
      vertex 14.914 16.7455 9.9
    endloop
  endfacet
  facet normal 0.79328 -0.608858 0
    outer loop
      vertex 14.914 16.7455 0
      vertex 14.845 16.6556 9.9
      vertex 14.845 16.6556 0
    endloop
  endfacet
  facet normal -0.991442 -0.130546 0
    outer loop
      vertex 17.205 16.0232 0
      vertex 17.1902 16.1356 9.9
      vertex 17.1902 16.1356 0
    endloop
  endfacet
  facet normal -0.991442 -0.130546 0
    outer loop
      vertex 17.1902 16.1356 9.9
      vertex 17.205 16.0232 0
      vertex 17.205 16.0232 9.9
    endloop
  endfacet
  facet normal 0.886899 0.461963 0
    outer loop
      vertex 14.7841 15.2599 9.9
      vertex 14.7317 15.3605 0
      vertex 14.7317 15.3605 9.9
    endloop
  endfacet
  facet normal 0.886899 0.461963 0
    outer loop
      vertex 14.7317 15.3605 0
      vertex 14.7841 15.2599 9.9
      vertex 14.7841 15.2599 0
    endloop
  endfacet
  facet normal -0.215904 0.976415 0
    outer loop
      vertex 16.2464 14.6542 0
      vertex 16.1356 14.6297 9.9
      vertex 16.2464 14.6542 9.9
    endloop
  endfacet
  facet normal -0.215904 0.976415 0
    outer loop
      vertex 16.1356 14.6297 9.9
      vertex 16.2464 14.6542 0
      vertex 16.1356 14.6297 0
    endloop
  endfacet
  facet normal -0.953676 -0.300836 0
    outer loop
      vertex 17.1656 16.2464 0
      vertex 17.1315 16.3545 9.9
      vertex 17.1315 16.3545 0
    endloop
  endfacet
  facet normal -0.953676 -0.300836 0
    outer loop
      vertex 17.1315 16.3545 9.9
      vertex 17.1656 16.2464 0
      vertex 17.1656 16.2464 9.9
    endloop
  endfacet
  facet normal -0.923909 -0.382611 0
    outer loop
      vertex 17.1315 16.3545 0
      vertex 17.0881 16.4593 9.9
      vertex 17.0881 16.4593 0
    endloop
  endfacet
  facet normal -0.923909 -0.382611 0
    outer loop
      vertex 17.0881 16.4593 9.9
      vertex 17.1315 16.3545 0
      vertex 17.1315 16.3545 9.9
    endloop
  endfacet
  facet normal 0.537275 -0.843407 0
    outer loop
      vertex 15.1643 16.9748 0
      vertex 15.2599 17.0357 9.9
      vertex 15.1643 16.9748 9.9
    endloop
  endfacet
  facet normal 0.537275 -0.843407 0
    outer loop
      vertex 15.2599 17.0357 9.9
      vertex 15.1643 16.9748 0
      vertex 15.2599 17.0357 0
    endloop
  endfacet
  facet normal -0.536875 -0.843661 0
    outer loop
      vertex 16.5599 17.0357 0
      vertex 16.6556 16.9748 9.9
      vertex 16.5599 17.0357 9.9
    endloop
  endfacet
  facet normal -0.536875 -0.843661 -0
    outer loop
      vertex 16.6556 16.9748 9.9
      vertex 16.5599 17.0357 0
      vertex 16.6556 16.9748 0
    endloop
  endfacet
  facet normal -0.999066 0.0432076 0
    outer loop
      vertex 17.205 15.7966 0
      vertex 17.2099 15.9099 9.9
      vertex 17.2099 15.9099 0
    endloop
  endfacet
  facet normal -0.999066 0.0432076 0
    outer loop
      vertex 17.2099 15.9099 9.9
      vertex 17.205 15.7966 0
      vertex 17.205 15.7966 9.9
    endloop
  endfacet
  facet normal 0.793606 0.608432 0
    outer loop
      vertex 14.914 15.0743 9.9
      vertex 14.845 15.1643 0
      vertex 14.845 15.1643 9.9
    endloop
  endfacet
  facet normal 0.793606 0.608432 0
    outer loop
      vertex 14.845 15.1643 0
      vertex 14.914 15.0743 9.9
      vertex 14.914 15.0743 0
    endloop
  endfacet
  facet normal -0.461963 0.886899 0
    outer loop
      vertex 16.5599 14.7841 0
      vertex 16.4593 14.7317 9.9
      vertex 16.5599 14.7841 9.9
    endloop
  endfacet
  facet normal -0.461963 0.886899 0
    outer loop
      vertex 16.4593 14.7317 9.9
      vertex 16.5599 14.7841 0
      vertex 16.4593 14.7317 0
    endloop
  endfacet
  facet normal 0.215904 0.976415 -0
    outer loop
      vertex 15.6842 14.6297 0
      vertex 15.5734 14.6542 9.9
      vertex 15.6842 14.6297 9.9
    endloop
  endfacet
  facet normal 0.215904 0.976415 0
    outer loop
      vertex 15.5734 14.6542 9.9
      vertex 15.6842 14.6297 0
      vertex 15.5734 14.6542 0
    endloop
  endfacet
  facet normal 0.736861 -0.676044 0
    outer loop
      vertex 14.914 16.7455 9.9
      vertex 14.9907 16.8291 0
      vertex 14.9907 16.8291 9.9
    endloop
  endfacet
  facet normal 0.736861 -0.676044 0
    outer loop
      vertex 14.9907 16.8291 0
      vertex 14.914 16.7455 9.9
      vertex 14.914 16.7455 0
    endloop
  endfacet
  facet normal -0.382611 0.923909 0
    outer loop
      vertex 16.4593 14.7317 0
      vertex 16.3545 14.6883 9.9
      vertex 16.4593 14.7317 9.9
    endloop
  endfacet
  facet normal -0.382611 0.923909 0
    outer loop
      vertex 16.3545 14.6883 9.9
      vertex 16.4593 14.7317 0
      vertex 16.3545 14.6883 0
    endloop
  endfacet
  facet normal -0.300836 0.953676 0
    outer loop
      vertex 16.3545 14.6883 0
      vertex 16.2464 14.6542 9.9
      vertex 16.3545 14.6883 9.9
    endloop
  endfacet
  facet normal -0.300836 0.953676 0
    outer loop
      vertex 16.2464 14.6542 9.9
      vertex 16.3545 14.6883 0
      vertex 16.2464 14.6542 0
    endloop
  endfacet
  facet normal 0.300836 0.953676 -0
    outer loop
      vertex 15.5734 14.6542 0
      vertex 15.4653 14.6883 9.9
      vertex 15.5734 14.6542 9.9
    endloop
  endfacet
  facet normal 0.300836 0.953676 0
    outer loop
      vertex 15.4653 14.6883 9.9
      vertex 15.5734 14.6542 0
      vertex 15.4653 14.6883 0
    endloop
  endfacet
  facet normal 0.991442 0.130546 0
    outer loop
      vertex -17.1902 15.6842 9.9
      vertex -17.205 15.7966 0
      vertex -17.205 15.7966 9.9
    endloop
  endfacet
  facet normal 0.991442 0.130546 0
    outer loop
      vertex -17.205 15.7966 0
      vertex -17.1902 15.6842 9.9
      vertex -17.1902 15.6842 0
    endloop
  endfacet
  facet normal 0.79328 -0.608858 0
    outer loop
      vertex -16.9748 16.6556 9.9
      vertex -16.9058 16.7455 0
      vertex -16.9058 16.7455 9.9
    endloop
  endfacet
  facet normal 0.79328 -0.608858 0
    outer loop
      vertex -16.9058 16.7455 0
      vertex -16.9748 16.6556 9.9
      vertex -16.9748 16.6556 0
    endloop
  endfacet
  facet normal 0.736861 -0.676044 0
    outer loop
      vertex -16.9058 16.7455 9.9
      vertex -16.8291 16.8291 0
      vertex -16.8291 16.8291 9.9
    endloop
  endfacet
  facet normal 0.736861 -0.676044 0
    outer loop
      vertex -16.8291 16.8291 0
      vertex -16.9058 16.7455 9.9
      vertex -16.9058 16.7455 0
    endloop
  endfacet
  facet normal 0.382611 0.923909 -0
    outer loop
      vertex -16.3545 14.6883 0
      vertex -16.4593 14.7317 9.9
      vertex -16.3545 14.6883 9.9
    endloop
  endfacet
  facet normal 0.382611 0.923909 0
    outer loop
      vertex -16.4593 14.7317 9.9
      vertex -16.3545 14.6883 0
      vertex -16.4593 14.7317 0
    endloop
  endfacet
  facet normal 0.676044 0.736861 -0
    outer loop
      vertex -16.7455 14.914 0
      vertex -16.8291 14.9907 9.9
      vertex -16.7455 14.914 9.9
    endloop
  endfacet
  facet normal 0.676044 0.736861 0
    outer loop
      vertex -16.8291 14.9907 9.9
      vertex -16.7455 14.914 0
      vertex -16.8291 14.9907 0
    endloop
  endfacet
  facet normal -0.999066 0.0432076 0
    outer loop
      vertex -14.6148 15.7966 0
      vertex -14.6099 15.9099 9.9
      vertex -14.6099 15.9099 0
    endloop
  endfacet
  facet normal -0.999066 0.0432076 0
    outer loop
      vertex -14.6099 15.9099 9.9
      vertex -14.6148 15.7966 0
      vertex -14.6148 15.7966 9.9
    endloop
  endfacet
  facet normal -0.382611 -0.923909 0
    outer loop
      vertex -15.4653 17.1315 0
      vertex -15.3605 17.0881 9.9
      vertex -15.4653 17.1315 9.9
    endloop
  endfacet
  facet normal -0.382611 -0.923909 -0
    outer loop
      vertex -15.3605 17.0881 9.9
      vertex -15.4653 17.1315 0
      vertex -15.3605 17.0881 0
    endloop
  endfacet
  facet normal -0.608432 -0.793606 0
    outer loop
      vertex -15.1643 16.9748 0
      vertex -15.0743 16.9058 9.9
      vertex -15.1643 16.9748 9.9
    endloop
  endfacet
  facet normal -0.608432 -0.793606 -0
    outer loop
      vertex -15.0743 16.9058 9.9
      vertex -15.1643 16.9748 0
      vertex -15.0743 16.9058 0
    endloop
  endfacet
  facet normal -0.382611 0.923909 0
    outer loop
      vertex -15.3605 14.7317 0
      vertex -15.4653 14.6883 9.9
      vertex -15.3605 14.7317 9.9
    endloop
  endfacet
  facet normal -0.382611 0.923909 0
    outer loop
      vertex -15.4653 14.6883 9.9
      vertex -15.3605 14.7317 0
      vertex -15.4653 14.6883 0
    endloop
  endfacet
  facet normal -0.843407 0.537275 0
    outer loop
      vertex -14.845 15.1643 0
      vertex -14.7841 15.2599 9.9
      vertex -14.7841 15.2599 0
    endloop
  endfacet
  facet normal -0.843407 0.537275 0
    outer loop
      vertex -14.7841 15.2599 9.9
      vertex -14.845 15.1643 0
      vertex -14.845 15.1643 9.9
    endloop
  endfacet
  facet normal -0.131413 0.991328 0
    outer loop
      vertex -15.6842 14.6297 0
      vertex -15.7966 14.6148 9.9
      vertex -15.6842 14.6297 9.9
    endloop
  endfacet
  facet normal -0.131413 0.991328 0
    outer loop
      vertex -15.7966 14.6148 9.9
      vertex -15.6842 14.6297 0
      vertex -15.7966 14.6148 0
    endloop
  endfacet
  facet normal 0.461963 -0.886899 0
    outer loop
      vertex -16.5599 17.0357 0
      vertex -16.4593 17.0881 9.9
      vertex -16.5599 17.0357 9.9
    endloop
  endfacet
  facet normal 0.461963 -0.886899 0
    outer loop
      vertex -16.4593 17.0881 9.9
      vertex -16.5599 17.0357 0
      vertex -16.4593 17.0881 0
    endloop
  endfacet
  facet normal 0.131413 0.991328 -0
    outer loop
      vertex -16.0232 14.6148 0
      vertex -16.1356 14.6297 9.9
      vertex -16.0232 14.6148 9.9
    endloop
  endfacet
  facet normal 0.131413 0.991328 0
    outer loop
      vertex -16.1356 14.6297 9.9
      vertex -16.0232 14.6148 0
      vertex -16.1356 14.6297 0
    endloop
  endfacet
  facet normal -0.79328 -0.608858 0
    outer loop
      vertex -14.845 16.6556 0
      vertex -14.914 16.7455 9.9
      vertex -14.914 16.7455 0
    endloop
  endfacet
  facet normal -0.79328 -0.608858 0
    outer loop
      vertex -14.914 16.7455 9.9
      vertex -14.845 16.6556 0
      vertex -14.845 16.6556 9.9
    endloop
  endfacet
  facet normal -0.999066 -0.0432076 0
    outer loop
      vertex -14.6099 15.9099 0
      vertex -14.6148 16.0232 9.9
      vertex -14.6148 16.0232 0
    endloop
  endfacet
  facet normal -0.999066 -0.0432076 0
    outer loop
      vertex -14.6148 16.0232 9.9
      vertex -14.6099 15.9099 0
      vertex -14.6099 15.9099 9.9
    endloop
  endfacet
  facet normal -0.886899 -0.461963 0
    outer loop
      vertex -14.7317 16.4593 0
      vertex -14.7841 16.5599 9.9
      vertex -14.7841 16.5599 0
    endloop
  endfacet
  facet normal -0.886899 -0.461963 0
    outer loop
      vertex -14.7841 16.5599 9.9
      vertex -14.7317 16.4593 0
      vertex -14.7317 16.4593 9.9
    endloop
  endfacet
  facet normal 0.0432076 0.999066 -0
    outer loop
      vertex -15.9099 14.6099 0
      vertex -16.0232 14.6148 9.9
      vertex -15.9099 14.6099 9.9
    endloop
  endfacet
  facet normal 0.0432076 0.999066 0
    outer loop
      vertex -16.0232 14.6148 9.9
      vertex -15.9099 14.6099 0
      vertex -16.0232 14.6148 0
    endloop
  endfacet
  facet normal -0.0432076 0.999066 0
    outer loop
      vertex -15.7966 14.6148 0
      vertex -15.9099 14.6099 9.9
      vertex -15.7966 14.6148 9.9
    endloop
  endfacet
  facet normal -0.0432076 0.999066 0
    outer loop
      vertex -15.9099 14.6099 9.9
      vertex -15.7966 14.6148 0
      vertex -15.9099 14.6099 0
    endloop
  endfacet
  facet normal 0.536875 0.843661 -0
    outer loop
      vertex -16.5599 14.7841 0
      vertex -16.6556 14.845 9.9
      vertex -16.5599 14.7841 9.9
    endloop
  endfacet
  facet normal 0.536875 0.843661 0
    outer loop
      vertex -16.6556 14.845 9.9
      vertex -16.5599 14.7841 0
      vertex -16.6556 14.845 0
    endloop
  endfacet
  facet normal -0.676044 -0.736861 0
    outer loop
      vertex -15.0743 16.9058 0
      vertex -14.9907 16.8291 9.9
      vertex -15.0743 16.9058 9.9
    endloop
  endfacet
  facet normal -0.676044 -0.736861 -0
    outer loop
      vertex -14.9907 16.8291 9.9
      vertex -15.0743 16.9058 0
      vertex -14.9907 16.8291 0
    endloop
  endfacet
  facet normal 0.676044 -0.736861 0
    outer loop
      vertex -16.8291 16.8291 0
      vertex -16.7455 16.9058 9.9
      vertex -16.8291 16.8291 9.9
    endloop
  endfacet
  facet normal 0.676044 -0.736861 0
    outer loop
      vertex -16.7455 16.9058 9.9
      vertex -16.8291 16.8291 0
      vertex -16.7455 16.9058 0
    endloop
  endfacet
  facet normal -0.843661 -0.536875 0
    outer loop
      vertex -14.7841 16.5599 0
      vertex -14.845 16.6556 9.9
      vertex -14.845 16.6556 0
    endloop
  endfacet
  facet normal -0.843661 -0.536875 0
    outer loop
      vertex -14.845 16.6556 9.9
      vertex -14.7841 16.5599 0
      vertex -14.7841 16.5599 9.9
    endloop
  endfacet
  facet normal 0.923909 -0.382611 0
    outer loop
      vertex -17.1315 16.3545 9.9
      vertex -17.0881 16.4593 0
      vertex -17.0881 16.4593 9.9
    endloop
  endfacet
  facet normal 0.923909 -0.382611 0
    outer loop
      vertex -17.0881 16.4593 0
      vertex -17.1315 16.3545 9.9
      vertex -17.1315 16.3545 0
    endloop
  endfacet
  facet normal -0.537275 -0.843407 0
    outer loop
      vertex -15.2599 17.0357 0
      vertex -15.1643 16.9748 9.9
      vertex -15.2599 17.0357 9.9
    endloop
  endfacet
  facet normal -0.537275 -0.843407 -0
    outer loop
      vertex -15.1643 16.9748 9.9
      vertex -15.2599 17.0357 0
      vertex -15.1643 16.9748 0
    endloop
  endfacet
  facet normal -0.991328 -0.131413 0
    outer loop
      vertex -14.6148 16.0232 0
      vertex -14.6297 16.1356 9.9
      vertex -14.6297 16.1356 0
    endloop
  endfacet
  facet normal -0.991328 -0.131413 0
    outer loop
      vertex -14.6297 16.1356 9.9
      vertex -14.6148 16.0232 0
      vertex -14.6148 16.0232 9.9
    endloop
  endfacet
  facet normal -0.676044 0.736861 0
    outer loop
      vertex -14.9907 14.9907 0
      vertex -15.0743 14.914 9.9
      vertex -14.9907 14.9907 9.9
    endloop
  endfacet
  facet normal -0.676044 0.736861 0
    outer loop
      vertex -15.0743 14.914 9.9
      vertex -14.9907 14.9907 0
      vertex -15.0743 14.914 0
    endloop
  endfacet
  facet normal -0.537275 0.843407 0
    outer loop
      vertex -15.1643 14.845 0
      vertex -15.2599 14.7841 9.9
      vertex -15.1643 14.845 9.9
    endloop
  endfacet
  facet normal -0.537275 0.843407 0
    outer loop
      vertex -15.2599 14.7841 9.9
      vertex -15.1643 14.845 0
      vertex -15.2599 14.7841 0
    endloop
  endfacet
  facet normal 0.923909 0.382611 0
    outer loop
      vertex -17.0881 15.3605 9.9
      vertex -17.1315 15.4653 0
      vertex -17.1315 15.4653 9.9
    endloop
  endfacet
  facet normal 0.923909 0.382611 0
    outer loop
      vertex -17.1315 15.4653 0
      vertex -17.0881 15.3605 9.9
      vertex -17.0881 15.3605 0
    endloop
  endfacet
  facet normal 0.976229 0.216744 0
    outer loop
      vertex -17.1656 15.5734 9.9
      vertex -17.1902 15.6842 0
      vertex -17.1902 15.6842 9.9
    endloop
  endfacet
  facet normal 0.976229 0.216744 0
    outer loop
      vertex -17.1902 15.6842 0
      vertex -17.1656 15.5734 9.9
      vertex -17.1656 15.5734 0
    endloop
  endfacet
  facet normal -0.300836 -0.953676 0
    outer loop
      vertex -15.5734 17.1656 0
      vertex -15.4653 17.1315 9.9
      vertex -15.5734 17.1656 9.9
    endloop
  endfacet
  facet normal -0.300836 -0.953676 -0
    outer loop
      vertex -15.4653 17.1315 9.9
      vertex -15.5734 17.1656 0
      vertex -15.4653 17.1315 0
    endloop
  endfacet
  facet normal -0.886899 0.461963 0
    outer loop
      vertex -14.7841 15.2599 0
      vertex -14.7317 15.3605 9.9
      vertex -14.7317 15.3605 0
    endloop
  endfacet
  facet normal -0.886899 0.461963 0
    outer loop
      vertex -14.7317 15.3605 9.9
      vertex -14.7841 15.2599 0
      vertex -14.7841 15.2599 9.9
    endloop
  endfacet
  facet normal -0.461963 -0.886899 0
    outer loop
      vertex -15.3605 17.0881 0
      vertex -15.2599 17.0357 9.9
      vertex -15.3605 17.0881 9.9
    endloop
  endfacet
  facet normal -0.461963 -0.886899 -0
    outer loop
      vertex -15.2599 17.0357 9.9
      vertex -15.3605 17.0881 0
      vertex -15.2599 17.0357 0
    endloop
  endfacet
  facet normal 0.999066 -0.0432076 0
    outer loop
      vertex -17.2099 15.9099 9.9
      vertex -17.205 16.0232 0
      vertex -17.205 16.0232 9.9
    endloop
  endfacet
  facet normal 0.999066 -0.0432076 0
    outer loop
      vertex -17.205 16.0232 0
      vertex -17.2099 15.9099 9.9
      vertex -17.2099 15.9099 0
    endloop
  endfacet
  facet normal 0.216744 -0.976229 0
    outer loop
      vertex -16.2464 17.1656 0
      vertex -16.1356 17.1902 9.9
      vertex -16.2464 17.1656 9.9
    endloop
  endfacet
  facet normal 0.216744 -0.976229 0
    outer loop
      vertex -16.1356 17.1902 9.9
      vertex -16.2464 17.1656 0
      vertex -16.1356 17.1902 0
    endloop
  endfacet
  facet normal 0.991442 -0.130546 0
    outer loop
      vertex -17.205 16.0232 9.9
      vertex -17.1902 16.1356 0
      vertex -17.1902 16.1356 9.9
    endloop
  endfacet
  facet normal 0.991442 -0.130546 0
    outer loop
      vertex -17.1902 16.1356 0
      vertex -17.205 16.0232 9.9
      vertex -17.205 16.0232 0
    endloop
  endfacet
  facet normal -0.215904 0.976415 0
    outer loop
      vertex -15.5734 14.6542 0
      vertex -15.6842 14.6297 9.9
      vertex -15.5734 14.6542 9.9
    endloop
  endfacet
  facet normal -0.215904 0.976415 0
    outer loop
      vertex -15.6842 14.6297 9.9
      vertex -15.5734 14.6542 0
      vertex -15.6842 14.6297 0
    endloop
  endfacet
  facet normal 0.793606 0.608432 0
    outer loop
      vertex -16.9058 15.0743 9.9
      vertex -16.9748 15.1643 0
      vertex -16.9748 15.1643 9.9
    endloop
  endfacet
  facet normal 0.793606 0.608432 0
    outer loop
      vertex -16.9748 15.1643 0
      vertex -16.9058 15.0743 9.9
      vertex -16.9058 15.0743 0
    endloop
  endfacet
  facet normal 0.886899 0.461963 0
    outer loop
      vertex -17.0357 15.2599 9.9
      vertex -17.0881 15.3605 0
      vertex -17.0881 15.3605 9.9
    endloop
  endfacet
  facet normal 0.886899 0.461963 0
    outer loop
      vertex -17.0881 15.3605 0
      vertex -17.0357 15.2599 9.9
      vertex -17.0357 15.2599 0
    endloop
  endfacet
  facet normal 0.0432076 -0.999066 0
    outer loop
      vertex -16.0232 17.205 0
      vertex -15.9099 17.2099 9.9
      vertex -16.0232 17.205 9.9
    endloop
  endfacet
  facet normal 0.0432076 -0.999066 0
    outer loop
      vertex -15.9099 17.2099 9.9
      vertex -16.0232 17.205 0
      vertex -15.9099 17.2099 0
    endloop
  endfacet
  facet normal 0.953676 0.300836 0
    outer loop
      vertex -17.1315 15.4653 9.9
      vertex -17.1656 15.5734 0
      vertex -17.1656 15.5734 9.9
    endloop
  endfacet
  facet normal 0.953676 0.300836 0
    outer loop
      vertex -17.1656 15.5734 0
      vertex -17.1315 15.4653 9.9
      vertex -17.1315 15.4653 0
    endloop
  endfacet
  facet normal 0.953676 -0.300836 0
    outer loop
      vertex -17.1656 16.2464 9.9
      vertex -17.1315 16.3545 0
      vertex -17.1315 16.3545 9.9
    endloop
  endfacet
  facet normal 0.953676 -0.300836 0
    outer loop
      vertex -17.1315 16.3545 0
      vertex -17.1656 16.2464 9.9
      vertex -17.1656 16.2464 0
    endloop
  endfacet
  facet normal -0.216744 -0.976229 0
    outer loop
      vertex -15.6842 17.1902 0
      vertex -15.5734 17.1656 9.9
      vertex -15.6842 17.1902 9.9
    endloop
  endfacet
  facet normal -0.216744 -0.976229 -0
    outer loop
      vertex -15.5734 17.1656 9.9
      vertex -15.6842 17.1902 0
      vertex -15.5734 17.1656 0
    endloop
  endfacet
  facet normal 0.976229 -0.216744 0
    outer loop
      vertex -17.1902 16.1356 9.9
      vertex -17.1656 16.2464 0
      vertex -17.1656 16.2464 9.9
    endloop
  endfacet
  facet normal 0.976229 -0.216744 0
    outer loop
      vertex -17.1656 16.2464 0
      vertex -17.1902 16.1356 9.9
      vertex -17.1902 16.1356 0
    endloop
  endfacet
  facet normal 0.536875 -0.843661 0
    outer loop
      vertex -16.6556 16.9748 0
      vertex -16.5599 17.0357 9.9
      vertex -16.6556 16.9748 9.9
    endloop
  endfacet
  facet normal 0.536875 -0.843661 0
    outer loop
      vertex -16.5599 17.0357 9.9
      vertex -16.6556 16.9748 0
      vertex -16.5599 17.0357 0
    endloop
  endfacet
  facet normal 0.608858 -0.79328 0
    outer loop
      vertex -16.7455 16.9058 0
      vertex -16.6556 16.9748 9.9
      vertex -16.7455 16.9058 9.9
    endloop
  endfacet
  facet normal 0.608858 -0.79328 0
    outer loop
      vertex -16.6556 16.9748 9.9
      vertex -16.7455 16.9058 0
      vertex -16.6556 16.9748 0
    endloop
  endfacet
  facet normal 0.999066 0.0432076 0
    outer loop
      vertex -17.205 15.7966 9.9
      vertex -17.2099 15.9099 0
      vertex -17.2099 15.9099 9.9
    endloop
  endfacet
  facet normal 0.999066 0.0432076 0
    outer loop
      vertex -17.2099 15.9099 0
      vertex -17.205 15.7966 9.9
      vertex -17.205 15.7966 0
    endloop
  endfacet
  facet normal -0.736861 0.676044 0
    outer loop
      vertex -14.9907 14.9907 0
      vertex -14.914 15.0743 9.9
      vertex -14.914 15.0743 0
    endloop
  endfacet
  facet normal -0.736861 0.676044 0
    outer loop
      vertex -14.914 15.0743 9.9
      vertex -14.9907 14.9907 0
      vertex -14.9907 14.9907 9.9
    endloop
  endfacet
  facet normal 0.300836 0.953676 -0
    outer loop
      vertex -16.2464 14.6542 0
      vertex -16.3545 14.6883 9.9
      vertex -16.2464 14.6542 9.9
    endloop
  endfacet
  facet normal 0.300836 0.953676 0
    outer loop
      vertex -16.3545 14.6883 9.9
      vertex -16.2464 14.6542 0
      vertex -16.3545 14.6883 0
    endloop
  endfacet
  facet normal -0.793606 0.608432 0
    outer loop
      vertex -14.914 15.0743 0
      vertex -14.845 15.1643 9.9
      vertex -14.845 15.1643 0
    endloop
  endfacet
  facet normal -0.793606 0.608432 0
    outer loop
      vertex -14.845 15.1643 9.9
      vertex -14.914 15.0743 0
      vertex -14.914 15.0743 9.9
    endloop
  endfacet
  facet normal -0.991328 0.131413 0
    outer loop
      vertex -14.6297 15.6842 0
      vertex -14.6148 15.7966 9.9
      vertex -14.6148 15.7966 0
    endloop
  endfacet
  facet normal -0.991328 0.131413 0
    outer loop
      vertex -14.6148 15.7966 9.9
      vertex -14.6297 15.6842 0
      vertex -14.6297 15.6842 9.9
    endloop
  endfacet
  facet normal 0.886899 -0.461963 0
    outer loop
      vertex -17.0881 16.4593 9.9
      vertex -17.0357 16.5599 0
      vertex -17.0357 16.5599 9.9
    endloop
  endfacet
  facet normal 0.886899 -0.461963 0
    outer loop
      vertex -17.0357 16.5599 0
      vertex -17.0881 16.4593 9.9
      vertex -17.0881 16.4593 0
    endloop
  endfacet
  facet normal 0.608858 0.79328 -0
    outer loop
      vertex -16.6556 14.845 0
      vertex -16.7455 14.914 9.9
      vertex -16.6556 14.845 9.9
    endloop
  endfacet
  facet normal 0.608858 0.79328 0
    outer loop
      vertex -16.7455 14.914 9.9
      vertex -16.6556 14.845 0
      vertex -16.7455 14.914 0
    endloop
  endfacet
  facet normal -0.130546 -0.991442 0
    outer loop
      vertex -15.7966 17.205 0
      vertex -15.6842 17.1902 9.9
      vertex -15.7966 17.205 9.9
    endloop
  endfacet
  facet normal -0.130546 -0.991442 -0
    outer loop
      vertex -15.6842 17.1902 9.9
      vertex -15.7966 17.205 0
      vertex -15.6842 17.1902 0
    endloop
  endfacet
  facet normal 0.130546 -0.991442 0
    outer loop
      vertex -16.1356 17.1902 0
      vertex -16.0232 17.205 9.9
      vertex -16.1356 17.1902 9.9
    endloop
  endfacet
  facet normal 0.130546 -0.991442 0
    outer loop
      vertex -16.0232 17.205 9.9
      vertex -16.1356 17.1902 0
      vertex -16.0232 17.205 0
    endloop
  endfacet
  facet normal 0.215904 0.976415 -0
    outer loop
      vertex -16.1356 14.6297 0
      vertex -16.2464 14.6542 9.9
      vertex -16.1356 14.6297 9.9
    endloop
  endfacet
  facet normal 0.215904 0.976415 0
    outer loop
      vertex -16.2464 14.6542 9.9
      vertex -16.1356 14.6297 0
      vertex -16.2464 14.6542 0
    endloop
  endfacet
  facet normal 0.461963 0.886899 -0
    outer loop
      vertex -16.4593 14.7317 0
      vertex -16.5599 14.7841 9.9
      vertex -16.4593 14.7317 9.9
    endloop
  endfacet
  facet normal 0.461963 0.886899 0
    outer loop
      vertex -16.5599 14.7841 9.9
      vertex -16.4593 14.7317 0
      vertex -16.5599 14.7841 0
    endloop
  endfacet
  facet normal -0.461963 0.886899 0
    outer loop
      vertex -15.2599 14.7841 0
      vertex -15.3605 14.7317 9.9
      vertex -15.2599 14.7841 9.9
    endloop
  endfacet
  facet normal -0.461963 0.886899 0
    outer loop
      vertex -15.3605 14.7317 9.9
      vertex -15.2599 14.7841 0
      vertex -15.3605 14.7317 0
    endloop
  endfacet
  facet normal 0.300836 -0.953676 0
    outer loop
      vertex -16.3545 17.1315 0
      vertex -16.2464 17.1656 9.9
      vertex -16.3545 17.1315 9.9
    endloop
  endfacet
  facet normal 0.300836 -0.953676 0
    outer loop
      vertex -16.2464 17.1656 9.9
      vertex -16.3545 17.1315 0
      vertex -16.2464 17.1656 0
    endloop
  endfacet
  facet normal 0.382611 -0.923909 0
    outer loop
      vertex -16.4593 17.0881 0
      vertex -16.3545 17.1315 9.9
      vertex -16.4593 17.0881 9.9
    endloop
  endfacet
  facet normal 0.382611 -0.923909 0
    outer loop
      vertex -16.3545 17.1315 9.9
      vertex -16.4593 17.0881 0
      vertex -16.3545 17.1315 0
    endloop
  endfacet
  facet normal -0.736861 -0.676044 0
    outer loop
      vertex -14.914 16.7455 0
      vertex -14.9907 16.8291 9.9
      vertex -14.9907 16.8291 0
    endloop
  endfacet
  facet normal -0.736861 -0.676044 0
    outer loop
      vertex -14.9907 16.8291 9.9
      vertex -14.914 16.7455 0
      vertex -14.914 16.7455 9.9
    endloop
  endfacet
  facet normal 0.736861 0.676044 0
    outer loop
      vertex -16.8291 14.9907 9.9
      vertex -16.9058 15.0743 0
      vertex -16.9058 15.0743 9.9
    endloop
  endfacet
  facet normal 0.736861 0.676044 0
    outer loop
      vertex -16.9058 15.0743 0
      vertex -16.8291 14.9907 9.9
      vertex -16.8291 14.9907 0
    endloop
  endfacet
  facet normal 0.843661 -0.536875 0
    outer loop
      vertex -17.0357 16.5599 9.9
      vertex -16.9748 16.6556 0
      vertex -16.9748 16.6556 9.9
    endloop
  endfacet
  facet normal 0.843661 -0.536875 0
    outer loop
      vertex -16.9748 16.6556 0
      vertex -17.0357 16.5599 9.9
      vertex -17.0357 16.5599 0
    endloop
  endfacet
  facet normal -0.0432076 -0.999066 0
    outer loop
      vertex -15.9099 17.2099 0
      vertex -15.7966 17.205 9.9
      vertex -15.9099 17.2099 9.9
    endloop
  endfacet
  facet normal -0.0432076 -0.999066 -0
    outer loop
      vertex -15.7966 17.205 9.9
      vertex -15.9099 17.2099 0
      vertex -15.7966 17.205 0
    endloop
  endfacet
  facet normal -0.300836 0.953676 0
    outer loop
      vertex -15.4653 14.6883 0
      vertex -15.5734 14.6542 9.9
      vertex -15.4653 14.6883 9.9
    endloop
  endfacet
  facet normal -0.300836 0.953676 0
    outer loop
      vertex -15.5734 14.6542 9.9
      vertex -15.4653 14.6883 0
      vertex -15.5734 14.6542 0
    endloop
  endfacet
  facet normal -0.608432 0.793606 0
    outer loop
      vertex -15.0743 14.914 0
      vertex -15.1643 14.845 9.9
      vertex -15.0743 14.914 9.9
    endloop
  endfacet
  facet normal -0.608432 0.793606 0
    outer loop
      vertex -15.1643 14.845 9.9
      vertex -15.0743 14.914 0
      vertex -15.1643 14.845 0
    endloop
  endfacet
  facet normal -0.976415 0.215904 0
    outer loop
      vertex -14.6542 15.5734 0
      vertex -14.6297 15.6842 9.9
      vertex -14.6297 15.6842 0
    endloop
  endfacet
  facet normal -0.976415 0.215904 0
    outer loop
      vertex -14.6297 15.6842 9.9
      vertex -14.6542 15.5734 0
      vertex -14.6542 15.5734 9.9
    endloop
  endfacet
  facet normal 0.843407 0.537275 0
    outer loop
      vertex -16.9748 15.1643 9.9
      vertex -17.0357 15.2599 0
      vertex -17.0357 15.2599 9.9
    endloop
  endfacet
  facet normal 0.843407 0.537275 0
    outer loop
      vertex -17.0357 15.2599 0
      vertex -16.9748 15.1643 9.9
      vertex -16.9748 15.1643 0
    endloop
  endfacet
  facet normal -0.976415 -0.215904 0
    outer loop
      vertex -14.6297 16.1356 0
      vertex -14.6542 16.2464 9.9
      vertex -14.6542 16.2464 0
    endloop
  endfacet
  facet normal -0.976415 -0.215904 0
    outer loop
      vertex -14.6542 16.2464 9.9
      vertex -14.6297 16.1356 0
      vertex -14.6297 16.1356 9.9
    endloop
  endfacet
  facet normal -0.953676 -0.300836 0
    outer loop
      vertex -14.6542 16.2464 0
      vertex -14.6883 16.3545 9.9
      vertex -14.6883 16.3545 0
    endloop
  endfacet
  facet normal -0.953676 -0.300836 0
    outer loop
      vertex -14.6883 16.3545 9.9
      vertex -14.6542 16.2464 0
      vertex -14.6542 16.2464 9.9
    endloop
  endfacet
  facet normal 0 0 -1
    outer loop
      vertex -14.6148 15.7966 9.9
      vertex -14.6148 16.0232 9.9
      vertex -14.6099 15.9099 9.9
    endloop
  endfacet
  facet normal 0 0 -1
    outer loop
      vertex -14.6297 15.6842 9.9
      vertex -14.6148 16.0232 9.9
      vertex -14.6148 15.7966 9.9
    endloop
  endfacet
  facet normal 0 0 -1
    outer loop
      vertex -14.6297 15.6842 9.9
      vertex -14.6297 16.1356 9.9
      vertex -14.6148 16.0232 9.9
    endloop
  endfacet
  facet normal 0 0 -1
    outer loop
      vertex -14.6542 15.5734 9.9
      vertex -14.6297 16.1356 9.9
      vertex -14.6297 15.6842 9.9
    endloop
  endfacet
  facet normal 0 0 -1
    outer loop
      vertex -14.6542 15.5734 9.9
      vertex -14.6542 16.2464 9.9
      vertex -14.6297 16.1356 9.9
    endloop
  endfacet
  facet normal 0 0 -1
    outer loop
      vertex -14.6883 15.4653 9.9
      vertex -14.6542 16.2464 9.9
      vertex -14.6542 15.5734 9.9
    endloop
  endfacet
  facet normal 0 0 -1
    outer loop
      vertex -14.6883 15.4653 9.9
      vertex -14.6883 16.3545 9.9
      vertex -14.6542 16.2464 9.9
    endloop
  endfacet
  facet normal 0 0 -1
    outer loop
      vertex -14.7317 15.3605 9.9
      vertex -14.6883 16.3545 9.9
      vertex -14.6883 15.4653 9.9
    endloop
  endfacet
  facet normal 0 0 -1
    outer loop
      vertex -14.7317 15.3605 9.9
      vertex -14.7317 16.4593 9.9
      vertex -14.6883 16.3545 9.9
    endloop
  endfacet
  facet normal 0 0 -1
    outer loop
      vertex -14.7841 15.2599 9.9
      vertex -14.7317 16.4593 9.9
      vertex -14.7317 15.3605 9.9
    endloop
  endfacet
  facet normal 0 0 -1
    outer loop
      vertex -14.7841 15.2599 9.9
      vertex -14.7841 16.5599 9.9
      vertex -14.7317 16.4593 9.9
    endloop
  endfacet
  facet normal 0 0 -1
    outer loop
      vertex -14.845 15.1643 9.9
      vertex -14.7841 16.5599 9.9
      vertex -14.7841 15.2599 9.9
    endloop
  endfacet
  facet normal 0 0 -1
    outer loop
      vertex -14.845 15.1643 9.9
      vertex -14.845 16.6556 9.9
      vertex -14.7841 16.5599 9.9
    endloop
  endfacet
  facet normal 0 0 -1
    outer loop
      vertex -14.914 15.0743 9.9
      vertex -14.845 16.6556 9.9
      vertex -14.845 15.1643 9.9
    endloop
  endfacet
  facet normal 0 0 -1
    outer loop
      vertex -14.914 15.0743 9.9
      vertex -14.914 16.7455 9.9
      vertex -14.845 16.6556 9.9
    endloop
  endfacet
  facet normal 0 0 -1
    outer loop
      vertex -14.9907 14.9907 9.9
      vertex -14.914 16.7455 9.9
      vertex -14.914 15.0743 9.9
    endloop
  endfacet
  facet normal 0 0 -1
    outer loop
      vertex -14.9907 14.9907 9.9
      vertex -14.9907 16.8291 9.9
      vertex -14.914 16.7455 9.9
    endloop
  endfacet
  facet normal 0 0 -1
    outer loop
      vertex -15.0743 14.914 9.9
      vertex -14.9907 16.8291 9.9
      vertex -14.9907 14.9907 9.9
    endloop
  endfacet
  facet normal 0 0 -1
    outer loop
      vertex -15.0743 14.914 9.9
      vertex -15.0743 16.9058 9.9
      vertex -14.9907 16.8291 9.9
    endloop
  endfacet
  facet normal 0 0 -1
    outer loop
      vertex -15.1643 14.845 9.9
      vertex -15.0743 16.9058 9.9
      vertex -15.0743 14.914 9.9
    endloop
  endfacet
  facet normal 0 0 -1
    outer loop
      vertex -15.1643 14.845 9.9
      vertex -15.1643 16.9748 9.9
      vertex -15.0743 16.9058 9.9
    endloop
  endfacet
  facet normal 0 0 -1
    outer loop
      vertex -15.2599 14.7841 9.9
      vertex -15.1643 16.9748 9.9
      vertex -15.1643 14.845 9.9
    endloop
  endfacet
  facet normal 0 0 -1
    outer loop
      vertex -15.2599 14.7841 9.9
      vertex -15.2599 17.0357 9.9
      vertex -15.1643 16.9748 9.9
    endloop
  endfacet
  facet normal 0 0 -1
    outer loop
      vertex -15.3605 14.7317 9.9
      vertex -15.2599 17.0357 9.9
      vertex -15.2599 14.7841 9.9
    endloop
  endfacet
  facet normal 0 0 -1
    outer loop
      vertex -15.3605 14.7317 9.9
      vertex -15.3605 17.0881 9.9
      vertex -15.2599 17.0357 9.9
    endloop
  endfacet
  facet normal 0 0 -1
    outer loop
      vertex -15.4653 14.6883 9.9
      vertex -15.3605 17.0881 9.9
      vertex -15.3605 14.7317 9.9
    endloop
  endfacet
  facet normal 0 0 -1
    outer loop
      vertex -15.4653 14.6883 9.9
      vertex -15.4653 17.1315 9.9
      vertex -15.3605 17.0881 9.9
    endloop
  endfacet
  facet normal 0 0 -1
    outer loop
      vertex -15.5734 14.6542 9.9
      vertex -15.4653 17.1315 9.9
      vertex -15.4653 14.6883 9.9
    endloop
  endfacet
  facet normal 0 0 -1
    outer loop
      vertex -15.5734 14.6542 9.9
      vertex -15.5734 17.1656 9.9
      vertex -15.4653 17.1315 9.9
    endloop
  endfacet
  facet normal 0 0 -1
    outer loop
      vertex -15.6842 14.6297 9.9
      vertex -15.5734 17.1656 9.9
      vertex -15.5734 14.6542 9.9
    endloop
  endfacet
  facet normal 0 0 -1
    outer loop
      vertex -15.6842 14.6297 9.9
      vertex -15.6842 17.1902 9.9
      vertex -15.5734 17.1656 9.9
    endloop
  endfacet
  facet normal 0 0 -1
    outer loop
      vertex -15.7966 14.6148 9.9
      vertex -15.6842 17.1902 9.9
      vertex -15.6842 14.6297 9.9
    endloop
  endfacet
  facet normal 0 0 -1
    outer loop
      vertex -15.7966 14.6148 9.9
      vertex -15.7966 17.205 9.9
      vertex -15.6842 17.1902 9.9
    endloop
  endfacet
  facet normal 0 0 -1
    outer loop
      vertex -15.9099 14.6099 9.9
      vertex -15.7966 17.205 9.9
      vertex -15.7966 14.6148 9.9
    endloop
  endfacet
  facet normal 0 0 -1
    outer loop
      vertex -15.9099 14.6099 9.9
      vertex -15.9099 17.2099 9.9
      vertex -15.7966 17.205 9.9
    endloop
  endfacet
  facet normal 0 0 -1
    outer loop
      vertex -16.0232 14.6148 9.9
      vertex -15.9099 17.2099 9.9
      vertex -15.9099 14.6099 9.9
    endloop
  endfacet
  facet normal 0 0 -1
    outer loop
      vertex -16.0232 14.6148 9.9
      vertex -16.0232 17.205 9.9
      vertex -15.9099 17.2099 9.9
    endloop
  endfacet
  facet normal 0 0 -1
    outer loop
      vertex -16.1356 14.6297 9.9
      vertex -16.0232 17.205 9.9
      vertex -16.0232 14.6148 9.9
    endloop
  endfacet
  facet normal 0 0 -1
    outer loop
      vertex -16.1356 14.6297 9.9
      vertex -16.1356 17.1902 9.9
      vertex -16.0232 17.205 9.9
    endloop
  endfacet
  facet normal 0 0 -1
    outer loop
      vertex -16.2464 14.6542 9.9
      vertex -16.1356 17.1902 9.9
      vertex -16.1356 14.6297 9.9
    endloop
  endfacet
  facet normal 0 0 -1
    outer loop
      vertex -16.2464 14.6542 9.9
      vertex -16.2464 17.1656 9.9
      vertex -16.1356 17.1902 9.9
    endloop
  endfacet
  facet normal 0 0 -1
    outer loop
      vertex -16.3545 14.6883 9.9
      vertex -16.2464 17.1656 9.9
      vertex -16.2464 14.6542 9.9
    endloop
  endfacet
  facet normal 0 0 -1
    outer loop
      vertex -16.3545 14.6883 9.9
      vertex -16.3545 17.1315 9.9
      vertex -16.2464 17.1656 9.9
    endloop
  endfacet
  facet normal 0 0 -1
    outer loop
      vertex -16.4593 14.7317 9.9
      vertex -16.3545 17.1315 9.9
      vertex -16.3545 14.6883 9.9
    endloop
  endfacet
  facet normal 0 0 -1
    outer loop
      vertex -16.4593 14.7317 9.9
      vertex -16.4593 17.0881 9.9
      vertex -16.3545 17.1315 9.9
    endloop
  endfacet
  facet normal 0 0 -1
    outer loop
      vertex -16.5599 14.7841 9.9
      vertex -16.4593 17.0881 9.9
      vertex -16.4593 14.7317 9.9
    endloop
  endfacet
  facet normal 0 0 -1
    outer loop
      vertex -16.5599 14.7841 9.9
      vertex -16.5599 17.0357 9.9
      vertex -16.4593 17.0881 9.9
    endloop
  endfacet
  facet normal 0 0 -1
    outer loop
      vertex -16.6556 14.845 9.9
      vertex -16.5599 17.0357 9.9
      vertex -16.5599 14.7841 9.9
    endloop
  endfacet
  facet normal 0 0 -1
    outer loop
      vertex -16.6556 14.845 9.9
      vertex -16.6556 16.9748 9.9
      vertex -16.5599 17.0357 9.9
    endloop
  endfacet
  facet normal 0 0 -1
    outer loop
      vertex -16.7455 14.914 9.9
      vertex -16.6556 16.9748 9.9
      vertex -16.6556 14.845 9.9
    endloop
  endfacet
  facet normal 0 0 -1
    outer loop
      vertex -16.7455 14.914 9.9
      vertex -16.7455 16.9058 9.9
      vertex -16.6556 16.9748 9.9
    endloop
  endfacet
  facet normal 0 0 -1
    outer loop
      vertex -16.8291 14.9907 9.9
      vertex -16.7455 16.9058 9.9
      vertex -16.7455 14.914 9.9
    endloop
  endfacet
  facet normal 0 0 -1
    outer loop
      vertex -16.8291 14.9907 9.9
      vertex -16.8291 16.8291 9.9
      vertex -16.7455 16.9058 9.9
    endloop
  endfacet
  facet normal 0 0 -1
    outer loop
      vertex -16.9058 15.0743 9.9
      vertex -16.8291 16.8291 9.9
      vertex -16.8291 14.9907 9.9
    endloop
  endfacet
  facet normal 0 0 -1
    outer loop
      vertex -16.9058 15.0743 9.9
      vertex -16.9058 16.7455 9.9
      vertex -16.8291 16.8291 9.9
    endloop
  endfacet
  facet normal 0 0 -1
    outer loop
      vertex -16.9748 15.1643 9.9
      vertex -16.9058 16.7455 9.9
      vertex -16.9058 15.0743 9.9
    endloop
  endfacet
  facet normal 0 0 -1
    outer loop
      vertex -16.9748 15.1643 9.9
      vertex -16.9748 16.6556 9.9
      vertex -16.9058 16.7455 9.9
    endloop
  endfacet
  facet normal 0 0 -1
    outer loop
      vertex -17.0357 15.2599 9.9
      vertex -16.9748 16.6556 9.9
      vertex -16.9748 15.1643 9.9
    endloop
  endfacet
  facet normal 0 0 -1
    outer loop
      vertex -17.0357 15.2599 9.9
      vertex -17.0357 16.5599 9.9
      vertex -16.9748 16.6556 9.9
    endloop
  endfacet
  facet normal 0 0 -1
    outer loop
      vertex -17.0881 15.3605 9.9
      vertex -17.0357 16.5599 9.9
      vertex -17.0357 15.2599 9.9
    endloop
  endfacet
  facet normal 0 0 -1
    outer loop
      vertex -17.0881 15.3605 9.9
      vertex -17.0881 16.4593 9.9
      vertex -17.0357 16.5599 9.9
    endloop
  endfacet
  facet normal 0 0 -1
    outer loop
      vertex -17.1315 15.4653 9.9
      vertex -17.0881 16.4593 9.9
      vertex -17.0881 15.3605 9.9
    endloop
  endfacet
  facet normal 0 0 -1
    outer loop
      vertex -17.1315 15.4653 9.9
      vertex -17.1315 16.3545 9.9
      vertex -17.0881 16.4593 9.9
    endloop
  endfacet
  facet normal 0 0 -1
    outer loop
      vertex -17.1656 15.5734 9.9
      vertex -17.1315 16.3545 9.9
      vertex -17.1315 15.4653 9.9
    endloop
  endfacet
  facet normal 0 0 -1
    outer loop
      vertex -17.1656 15.5734 9.9
      vertex -17.1656 16.2464 9.9
      vertex -17.1315 16.3545 9.9
    endloop
  endfacet
  facet normal 0 0 -1
    outer loop
      vertex -17.1902 15.6842 9.9
      vertex -17.1656 16.2464 9.9
      vertex -17.1656 15.5734 9.9
    endloop
  endfacet
  facet normal 0 0 -1
    outer loop
      vertex -17.1902 15.6842 9.9
      vertex -17.1902 16.1356 9.9
      vertex -17.1656 16.2464 9.9
    endloop
  endfacet
  facet normal 0 0 -1
    outer loop
      vertex -17.205 15.7966 9.9
      vertex -17.1902 16.1356 9.9
      vertex -17.1902 15.6842 9.9
    endloop
  endfacet
  facet normal 0 0 -1
    outer loop
      vertex -17.205 15.7966 9.9
      vertex -17.205 16.0232 9.9
      vertex -17.1902 16.1356 9.9
    endloop
  endfacet
  facet normal 0 -0 -1
    outer loop
      vertex -17.205 16.0232 9.9
      vertex -17.205 15.7966 9.9
      vertex -17.2099 15.9099 9.9
    endloop
  endfacet
  facet normal -0.923909 -0.382611 0
    outer loop
      vertex -14.6883 16.3545 0
      vertex -14.7317 16.4593 9.9
      vertex -14.7317 16.4593 0
    endloop
  endfacet
  facet normal -0.923909 -0.382611 0
    outer loop
      vertex -14.7317 16.4593 9.9
      vertex -14.6883 16.3545 0
      vertex -14.6883 16.3545 9.9
    endloop
  endfacet
  facet normal -0.923909 0.382611 0
    outer loop
      vertex -14.7317 15.3605 0
      vertex -14.6883 15.4653 9.9
      vertex -14.6883 15.4653 0
    endloop
  endfacet
  facet normal -0.923909 0.382611 0
    outer loop
      vertex -14.6883 15.4653 9.9
      vertex -14.7317 15.3605 0
      vertex -14.7317 15.3605 9.9
    endloop
  endfacet
  facet normal -0.953676 0.300836 0
    outer loop
      vertex -14.6883 15.4653 0
      vertex -14.6542 15.5734 9.9
      vertex -14.6542 15.5734 0
    endloop
  endfacet
  facet normal -0.953676 0.300836 0
    outer loop
      vertex -14.6542 15.5734 9.9
      vertex -14.6883 15.4653 0
      vertex -14.6883 15.4653 9.9
    endloop
  endfacet
  facet normal -0.130546 0.991442 0
    outer loop
      vertex -15.6842 -17.1902 0
      vertex -15.7966 -17.205 9.9
      vertex -15.6842 -17.1902 9.9
    endloop
  endfacet
  facet normal -0.130546 0.991442 0
    outer loop
      vertex -15.7966 -17.205 9.9
      vertex -15.6842 -17.1902 0
      vertex -15.7966 -17.205 0
    endloop
  endfacet
  facet normal -0.923909 0.382611 0
    outer loop
      vertex -14.7317 -16.4593 0
      vertex -14.6883 -16.3545 9.9
      vertex -14.6883 -16.3545 0
    endloop
  endfacet
  facet normal -0.923909 0.382611 0
    outer loop
      vertex -14.6883 -16.3545 9.9
      vertex -14.7317 -16.4593 0
      vertex -14.7317 -16.4593 9.9
    endloop
  endfacet
  facet normal -0.736861 0.676044 0
    outer loop
      vertex -14.9907 -16.8291 0
      vertex -14.914 -16.7455 9.9
      vertex -14.914 -16.7455 0
    endloop
  endfacet
  facet normal -0.736861 0.676044 0
    outer loop
      vertex -14.914 -16.7455 9.9
      vertex -14.9907 -16.8291 0
      vertex -14.9907 -16.8291 9.9
    endloop
  endfacet
  facet normal 0.923909 -0.382611 0
    outer loop
      vertex -17.1315 -15.4653 9.9
      vertex -17.0881 -15.3605 0
      vertex -17.0881 -15.3605 9.9
    endloop
  endfacet
  facet normal 0.923909 -0.382611 0
    outer loop
      vertex -17.0881 -15.3605 0
      vertex -17.1315 -15.4653 9.9
      vertex -17.1315 -15.4653 0
    endloop
  endfacet
  facet normal 0.793606 -0.608432 0
    outer loop
      vertex -16.9748 -15.1643 9.9
      vertex -16.9058 -15.0743 0
      vertex -16.9058 -15.0743 9.9
    endloop
  endfacet
  facet normal 0.793606 -0.608432 0
    outer loop
      vertex -16.9058 -15.0743 0
      vertex -16.9748 -15.1643 9.9
      vertex -16.9748 -15.1643 0
    endloop
  endfacet
  facet normal -0.923909 -0.382611 0
    outer loop
      vertex -14.6883 -15.4653 0
      vertex -14.7317 -15.3605 9.9
      vertex -14.7317 -15.3605 0
    endloop
  endfacet
  facet normal -0.923909 -0.382611 0
    outer loop
      vertex -14.7317 -15.3605 9.9
      vertex -14.6883 -15.4653 0
      vertex -14.6883 -15.4653 9.9
    endloop
  endfacet
  facet normal 0.676044 0.736861 -0
    outer loop
      vertex -16.7455 -16.9058 0
      vertex -16.8291 -16.8291 9.9
      vertex -16.7455 -16.9058 9.9
    endloop
  endfacet
  facet normal 0.676044 0.736861 0
    outer loop
      vertex -16.8291 -16.8291 9.9
      vertex -16.7455 -16.9058 0
      vertex -16.8291 -16.8291 0
    endloop
  endfacet
  facet normal -0.886899 -0.461963 0
    outer loop
      vertex -14.7317 -15.3605 0
      vertex -14.7841 -15.2599 9.9
      vertex -14.7841 -15.2599 0
    endloop
  endfacet
  facet normal -0.886899 -0.461963 0
    outer loop
      vertex -14.7841 -15.2599 9.9
      vertex -14.7317 -15.3605 0
      vertex -14.7317 -15.3605 9.9
    endloop
  endfacet
  facet normal 0.953676 -0.300836 0
    outer loop
      vertex -17.1656 -15.5734 9.9
      vertex -17.1315 -15.4653 0
      vertex -17.1315 -15.4653 9.9
    endloop
  endfacet
  facet normal 0.953676 -0.300836 0
    outer loop
      vertex -17.1315 -15.4653 0
      vertex -17.1656 -15.5734 9.9
      vertex -17.1656 -15.5734 0
    endloop
  endfacet
  facet normal -0.991328 -0.131413 0
    outer loop
      vertex -14.6148 -15.7966 0
      vertex -14.6297 -15.6842 9.9
      vertex -14.6297 -15.6842 0
    endloop
  endfacet
  facet normal -0.991328 -0.131413 0
    outer loop
      vertex -14.6297 -15.6842 9.9
      vertex -14.6148 -15.7966 0
      vertex -14.6148 -15.7966 9.9
    endloop
  endfacet
  facet normal -0.300836 -0.953676 0
    outer loop
      vertex -15.5734 -14.6542 0
      vertex -15.4653 -14.6883 9.9
      vertex -15.5734 -14.6542 9.9
    endloop
  endfacet
  facet normal -0.300836 -0.953676 -0
    outer loop
      vertex -15.4653 -14.6883 9.9
      vertex -15.5734 -14.6542 0
      vertex -15.4653 -14.6883 0
    endloop
  endfacet
  facet normal 0.130546 0.991442 -0
    outer loop
      vertex -16.0232 -17.205 0
      vertex -16.1356 -17.1902 9.9
      vertex -16.0232 -17.205 9.9
    endloop
  endfacet
  facet normal 0.130546 0.991442 0
    outer loop
      vertex -16.1356 -17.1902 9.9
      vertex -16.0232 -17.205 0
      vertex -16.1356 -17.1902 0
    endloop
  endfacet
  facet normal 0.886899 0.461963 0
    outer loop
      vertex -17.0357 -16.5599 9.9
      vertex -17.0881 -16.4593 0
      vertex -17.0881 -16.4593 9.9
    endloop
  endfacet
  facet normal 0.886899 0.461963 0
    outer loop
      vertex -17.0881 -16.4593 0
      vertex -17.0357 -16.5599 9.9
      vertex -17.0357 -16.5599 0
    endloop
  endfacet
  facet normal -0.991328 0.131413 0
    outer loop
      vertex -14.6297 -16.1356 0
      vertex -14.6148 -16.0232 9.9
      vertex -14.6148 -16.0232 0
    endloop
  endfacet
  facet normal -0.991328 0.131413 0
    outer loop
      vertex -14.6148 -16.0232 9.9
      vertex -14.6297 -16.1356 0
      vertex -14.6297 -16.1356 9.9
    endloop
  endfacet
  facet normal 0.608858 -0.79328 0
    outer loop
      vertex -16.7455 -14.914 0
      vertex -16.6556 -14.845 9.9
      vertex -16.7455 -14.914 9.9
    endloop
  endfacet
  facet normal 0.608858 -0.79328 0
    outer loop
      vertex -16.6556 -14.845 9.9
      vertex -16.7455 -14.914 0
      vertex -16.6556 -14.845 0
    endloop
  endfacet
  facet normal 0.0432076 -0.999066 0
    outer loop
      vertex -16.0232 -14.6148 0
      vertex -15.9099 -14.6099 9.9
      vertex -16.0232 -14.6148 9.9
    endloop
  endfacet
  facet normal 0.0432076 -0.999066 0
    outer loop
      vertex -15.9099 -14.6099 9.9
      vertex -16.0232 -14.6148 0
      vertex -15.9099 -14.6099 0
    endloop
  endfacet
  facet normal 0.461963 -0.886899 0
    outer loop
      vertex -16.5599 -14.7841 0
      vertex -16.4593 -14.7317 9.9
      vertex -16.5599 -14.7841 9.9
    endloop
  endfacet
  facet normal 0.461963 -0.886899 0
    outer loop
      vertex -16.4593 -14.7317 9.9
      vertex -16.5599 -14.7841 0
      vertex -16.4593 -14.7317 0
    endloop
  endfacet
  facet normal -0.999066 0.0432076 0
    outer loop
      vertex -14.6148 -16.0232 0
      vertex -14.6099 -15.9099 9.9
      vertex -14.6099 -15.9099 0
    endloop
  endfacet
  facet normal -0.999066 0.0432076 0
    outer loop
      vertex -14.6099 -15.9099 9.9
      vertex -14.6148 -16.0232 0
      vertex -14.6148 -16.0232 9.9
    endloop
  endfacet
  facet normal -0.843661 0.536875 0
    outer loop
      vertex -14.845 -16.6556 0
      vertex -14.7841 -16.5599 9.9
      vertex -14.7841 -16.5599 0
    endloop
  endfacet
  facet normal -0.843661 0.536875 0
    outer loop
      vertex -14.7841 -16.5599 9.9
      vertex -14.845 -16.6556 0
      vertex -14.845 -16.6556 9.9
    endloop
  endfacet
  facet normal -0.999066 -0.0432076 0
    outer loop
      vertex -14.6099 -15.9099 0
      vertex -14.6148 -15.7966 9.9
      vertex -14.6148 -15.7966 0
    endloop
  endfacet
  facet normal -0.999066 -0.0432076 0
    outer loop
      vertex -14.6148 -15.7966 9.9
      vertex -14.6099 -15.9099 0
      vertex -14.6099 -15.9099 9.9
    endloop
  endfacet
  facet normal 0.736861 -0.676044 0
    outer loop
      vertex -16.9058 -15.0743 9.9
      vertex -16.8291 -14.9907 0
      vertex -16.8291 -14.9907 9.9
    endloop
  endfacet
  facet normal 0.736861 -0.676044 0
    outer loop
      vertex -16.8291 -14.9907 0
      vertex -16.9058 -15.0743 9.9
      vertex -16.9058 -15.0743 0
    endloop
  endfacet
  facet normal 0.991442 0.130546 0
    outer loop
      vertex -17.1902 -16.1356 9.9
      vertex -17.205 -16.0232 0
      vertex -17.205 -16.0232 9.9
    endloop
  endfacet
  facet normal 0.991442 0.130546 0
    outer loop
      vertex -17.205 -16.0232 0
      vertex -17.1902 -16.1356 9.9
      vertex -17.1902 -16.1356 0
    endloop
  endfacet
  facet normal 0.608858 0.79328 -0
    outer loop
      vertex -16.6556 -16.9748 0
      vertex -16.7455 -16.9058 9.9
      vertex -16.6556 -16.9748 9.9
    endloop
  endfacet
  facet normal 0.608858 0.79328 0
    outer loop
      vertex -16.7455 -16.9058 9.9
      vertex -16.6556 -16.9748 0
      vertex -16.7455 -16.9058 0
    endloop
  endfacet
  facet normal 0.736861 0.676044 0
    outer loop
      vertex -16.8291 -16.8291 9.9
      vertex -16.9058 -16.7455 0
      vertex -16.9058 -16.7455 9.9
    endloop
  endfacet
  facet normal 0.736861 0.676044 0
    outer loop
      vertex -16.9058 -16.7455 0
      vertex -16.8291 -16.8291 9.9
      vertex -16.8291 -16.8291 0
    endloop
  endfacet
  facet normal 0.536875 -0.843661 0
    outer loop
      vertex -16.6556 -14.845 0
      vertex -16.5599 -14.7841 9.9
      vertex -16.6556 -14.845 9.9
    endloop
  endfacet
  facet normal 0.536875 -0.843661 0
    outer loop
      vertex -16.5599 -14.7841 9.9
      vertex -16.6556 -14.845 0
      vertex -16.5599 -14.7841 0
    endloop
  endfacet
  facet normal -0.537275 -0.843407 0
    outer loop
      vertex -15.2599 -14.7841 0
      vertex -15.1643 -14.845 9.9
      vertex -15.2599 -14.7841 9.9
    endloop
  endfacet
  facet normal -0.537275 -0.843407 -0
    outer loop
      vertex -15.1643 -14.845 9.9
      vertex -15.2599 -14.7841 0
      vertex -15.1643 -14.845 0
    endloop
  endfacet
  facet normal -0.976415 -0.215904 0
    outer loop
      vertex -14.6297 -15.6842 0
      vertex -14.6542 -15.5734 9.9
      vertex -14.6542 -15.5734 0
    endloop
  endfacet
  facet normal -0.976415 -0.215904 0
    outer loop
      vertex -14.6542 -15.5734 9.9
      vertex -14.6297 -15.6842 0
      vertex -14.6297 -15.6842 9.9
    endloop
  endfacet
  facet normal 0.382611 0.923909 -0
    outer loop
      vertex -16.3545 -17.1315 0
      vertex -16.4593 -17.0881 9.9
      vertex -16.3545 -17.1315 9.9
    endloop
  endfacet
  facet normal 0.382611 0.923909 0
    outer loop
      vertex -16.4593 -17.0881 9.9
      vertex -16.3545 -17.1315 0
      vertex -16.4593 -17.0881 0
    endloop
  endfacet
  facet normal 0.843407 -0.537275 0
    outer loop
      vertex -17.0357 -15.2599 9.9
      vertex -16.9748 -15.1643 0
      vertex -16.9748 -15.1643 9.9
    endloop
  endfacet
  facet normal 0.843407 -0.537275 0
    outer loop
      vertex -16.9748 -15.1643 0
      vertex -17.0357 -15.2599 9.9
      vertex -17.0357 -15.2599 0
    endloop
  endfacet
  facet normal 0.131413 -0.991328 0
    outer loop
      vertex -16.1356 -14.6297 0
      vertex -16.0232 -14.6148 9.9
      vertex -16.1356 -14.6297 9.9
    endloop
  endfacet
  facet normal 0.131413 -0.991328 0
    outer loop
      vertex -16.0232 -14.6148 9.9
      vertex -16.1356 -14.6297 0
      vertex -16.0232 -14.6148 0
    endloop
  endfacet
  facet normal -0.736861 -0.676044 0
    outer loop
      vertex -14.914 -15.0743 0
      vertex -14.9907 -14.9907 9.9
      vertex -14.9907 -14.9907 0
    endloop
  endfacet
  facet normal -0.736861 -0.676044 0
    outer loop
      vertex -14.9907 -14.9907 9.9
      vertex -14.914 -15.0743 0
      vertex -14.914 -15.0743 9.9
    endloop
  endfacet
  facet normal -0.843407 -0.537275 0
    outer loop
      vertex -14.7841 -15.2599 0
      vertex -14.845 -15.1643 9.9
      vertex -14.845 -15.1643 0
    endloop
  endfacet
  facet normal -0.843407 -0.537275 0
    outer loop
      vertex -14.845 -15.1643 9.9
      vertex -14.7841 -15.2599 0
      vertex -14.7841 -15.2599 9.9
    endloop
  endfacet
  facet normal -0.382611 0.923909 0
    outer loop
      vertex -15.3605 -17.0881 0
      vertex -15.4653 -17.1315 9.9
      vertex -15.3605 -17.0881 9.9
    endloop
  endfacet
  facet normal -0.382611 0.923909 0
    outer loop
      vertex -15.4653 -17.1315 9.9
      vertex -15.3605 -17.0881 0
      vertex -15.4653 -17.1315 0
    endloop
  endfacet
  facet normal -0.216744 0.976229 0
    outer loop
      vertex -15.5734 -17.1656 0
      vertex -15.6842 -17.1902 9.9
      vertex -15.5734 -17.1656 9.9
    endloop
  endfacet
  facet normal -0.216744 0.976229 0
    outer loop
      vertex -15.6842 -17.1902 9.9
      vertex -15.5734 -17.1656 0
      vertex -15.6842 -17.1902 0
    endloop
  endfacet
  facet normal -0.131413 -0.991328 0
    outer loop
      vertex -15.7966 -14.6148 0
      vertex -15.6842 -14.6297 9.9
      vertex -15.7966 -14.6148 9.9
    endloop
  endfacet
  facet normal -0.131413 -0.991328 -0
    outer loop
      vertex -15.6842 -14.6297 9.9
      vertex -15.7966 -14.6148 0
      vertex -15.6842 -14.6297 0
    endloop
  endfacet
  facet normal -0.461963 -0.886899 0
    outer loop
      vertex -15.3605 -14.7317 0
      vertex -15.2599 -14.7841 9.9
      vertex -15.3605 -14.7317 9.9
    endloop
  endfacet
  facet normal -0.461963 -0.886899 -0
    outer loop
      vertex -15.2599 -14.7841 9.9
      vertex -15.3605 -14.7317 0
      vertex -15.2599 -14.7841 0
    endloop
  endfacet
  facet normal 0.886899 -0.461963 0
    outer loop
      vertex -17.0881 -15.3605 9.9
      vertex -17.0357 -15.2599 0
      vertex -17.0357 -15.2599 9.9
    endloop
  endfacet
  facet normal 0.886899 -0.461963 0
    outer loop
      vertex -17.0357 -15.2599 0
      vertex -17.0881 -15.3605 9.9
      vertex -17.0881 -15.3605 0
    endloop
  endfacet
  facet normal 0.976229 0.216744 0
    outer loop
      vertex -17.1656 -16.2464 9.9
      vertex -17.1902 -16.1356 0
      vertex -17.1902 -16.1356 9.9
    endloop
  endfacet
  facet normal 0.976229 0.216744 0
    outer loop
      vertex -17.1902 -16.1356 0
      vertex -17.1656 -16.2464 9.9
      vertex -17.1656 -16.2464 0
    endloop
  endfacet
  facet normal -0.608432 0.793606 0
    outer loop
      vertex -15.0743 -16.9058 0
      vertex -15.1643 -16.9748 9.9
      vertex -15.0743 -16.9058 9.9
    endloop
  endfacet
  facet normal -0.608432 0.793606 0
    outer loop
      vertex -15.1643 -16.9748 9.9
      vertex -15.0743 -16.9058 0
      vertex -15.1643 -16.9748 0
    endloop
  endfacet
  facet normal -0.461963 0.886899 0
    outer loop
      vertex -15.2599 -17.0357 0
      vertex -15.3605 -17.0881 9.9
      vertex -15.2599 -17.0357 9.9
    endloop
  endfacet
  facet normal -0.461963 0.886899 0
    outer loop
      vertex -15.3605 -17.0881 9.9
      vertex -15.2599 -17.0357 0
      vertex -15.3605 -17.0881 0
    endloop
  endfacet
  facet normal -0.300836 0.953676 0
    outer loop
      vertex -15.4653 -17.1315 0
      vertex -15.5734 -17.1656 9.9
      vertex -15.4653 -17.1315 9.9
    endloop
  endfacet
  facet normal -0.300836 0.953676 0
    outer loop
      vertex -15.5734 -17.1656 9.9
      vertex -15.4653 -17.1315 0
      vertex -15.5734 -17.1656 0
    endloop
  endfacet
  facet normal 0.300836 0.953676 -0
    outer loop
      vertex -16.2464 -17.1656 0
      vertex -16.3545 -17.1315 9.9
      vertex -16.2464 -17.1656 9.9
    endloop
  endfacet
  facet normal 0.300836 0.953676 0
    outer loop
      vertex -16.3545 -17.1315 9.9
      vertex -16.2464 -17.1656 0
      vertex -16.3545 -17.1315 0
    endloop
  endfacet
  facet normal -0.953676 -0.300836 0
    outer loop
      vertex -14.6542 -15.5734 0
      vertex -14.6883 -15.4653 9.9
      vertex -14.6883 -15.4653 0
    endloop
  endfacet
  facet normal -0.953676 -0.300836 0
    outer loop
      vertex -14.6883 -15.4653 9.9
      vertex -14.6542 -15.5734 0
      vertex -14.6542 -15.5734 9.9
    endloop
  endfacet
  facet normal 0.976229 -0.216744 0
    outer loop
      vertex -17.1902 -15.6842 9.9
      vertex -17.1656 -15.5734 0
      vertex -17.1656 -15.5734 9.9
    endloop
  endfacet
  facet normal 0.976229 -0.216744 0
    outer loop
      vertex -17.1656 -15.5734 0
      vertex -17.1902 -15.6842 9.9
      vertex -17.1902 -15.6842 0
    endloop
  endfacet
  facet normal 0.216744 0.976229 -0
    outer loop
      vertex -16.1356 -17.1902 0
      vertex -16.2464 -17.1656 9.9
      vertex -16.1356 -17.1902 9.9
    endloop
  endfacet
  facet normal 0.216744 0.976229 0
    outer loop
      vertex -16.2464 -17.1656 9.9
      vertex -16.1356 -17.1902 0
      vertex -16.2464 -17.1656 0
    endloop
  endfacet
  facet normal 0.79328 0.608858 0
    outer loop
      vertex -16.9058 -16.7455 9.9
      vertex -16.9748 -16.6556 0
      vertex -16.9748 -16.6556 9.9
    endloop
  endfacet
  facet normal 0.79328 0.608858 0
    outer loop
      vertex -16.9748 -16.6556 0
      vertex -16.9058 -16.7455 9.9
      vertex -16.9058 -16.7455 0
    endloop
  endfacet
  facet normal -0.0432076 0.999066 0
    outer loop
      vertex -15.7966 -17.205 0
      vertex -15.9099 -17.2099 9.9
      vertex -15.7966 -17.205 9.9
    endloop
  endfacet
  facet normal -0.0432076 0.999066 0
    outer loop
      vertex -15.9099 -17.2099 9.9
      vertex -15.7966 -17.205 0
      vertex -15.9099 -17.2099 0
    endloop
  endfacet
  facet normal -0.676044 -0.736861 0
    outer loop
      vertex -15.0743 -14.914 0
      vertex -14.9907 -14.9907 9.9
      vertex -15.0743 -14.914 9.9
    endloop
  endfacet
  facet normal -0.676044 -0.736861 -0
    outer loop
      vertex -14.9907 -14.9907 9.9
      vertex -15.0743 -14.914 0
      vertex -14.9907 -14.9907 0
    endloop
  endfacet
  facet normal 0.843661 0.536875 0
    outer loop
      vertex -16.9748 -16.6556 9.9
      vertex -17.0357 -16.5599 0
      vertex -17.0357 -16.5599 9.9
    endloop
  endfacet
  facet normal 0.843661 0.536875 0
    outer loop
      vertex -17.0357 -16.5599 0
      vertex -16.9748 -16.6556 9.9
      vertex -16.9748 -16.6556 0
    endloop
  endfacet
  facet normal -0.953676 0.300836 0
    outer loop
      vertex -14.6883 -16.3545 0
      vertex -14.6542 -16.2464 9.9
      vertex -14.6542 -16.2464 0
    endloop
  endfacet
  facet normal -0.953676 0.300836 0
    outer loop
      vertex -14.6542 -16.2464 9.9
      vertex -14.6883 -16.3545 0
      vertex -14.6883 -16.3545 9.9
    endloop
  endfacet
  facet normal 0.0432076 0.999066 -0
    outer loop
      vertex -15.9099 -17.2099 0
      vertex -16.0232 -17.205 9.9
      vertex -15.9099 -17.2099 9.9
    endloop
  endfacet
  facet normal 0.0432076 0.999066 0
    outer loop
      vertex -16.0232 -17.205 9.9
      vertex -15.9099 -17.2099 0
      vertex -16.0232 -17.205 0
    endloop
  endfacet
  facet normal -0.608432 -0.793606 0
    outer loop
      vertex -15.1643 -14.845 0
      vertex -15.0743 -14.914 9.9
      vertex -15.1643 -14.845 9.9
    endloop
  endfacet
  facet normal -0.608432 -0.793606 -0
    outer loop
      vertex -15.0743 -14.914 9.9
      vertex -15.1643 -14.845 0
      vertex -15.0743 -14.914 0
    endloop
  endfacet
  facet normal 0.461963 0.886899 -0
    outer loop
      vertex -16.4593 -17.0881 0
      vertex -16.5599 -17.0357 9.9
      vertex -16.4593 -17.0881 9.9
    endloop
  endfacet
  facet normal 0.461963 0.886899 0
    outer loop
      vertex -16.5599 -17.0357 9.9
      vertex -16.4593 -17.0881 0
      vertex -16.5599 -17.0357 0
    endloop
  endfacet
  facet normal -0.79328 0.608858 0
    outer loop
      vertex -14.914 -16.7455 0
      vertex -14.845 -16.6556 9.9
      vertex -14.845 -16.6556 0
    endloop
  endfacet
  facet normal -0.79328 0.608858 0
    outer loop
      vertex -14.845 -16.6556 9.9
      vertex -14.914 -16.7455 0
      vertex -14.914 -16.7455 9.9
    endloop
  endfacet
  facet normal 0.991442 -0.130546 0
    outer loop
      vertex -17.205 -15.7966 9.9
      vertex -17.1902 -15.6842 0
      vertex -17.1902 -15.6842 9.9
    endloop
  endfacet
  facet normal 0.991442 -0.130546 0
    outer loop
      vertex -17.1902 -15.6842 0
      vertex -17.205 -15.7966 9.9
      vertex -17.205 -15.7966 0
    endloop
  endfacet
  facet normal 0.999066 0.0432076 0
    outer loop
      vertex -17.205 -16.0232 9.9
      vertex -17.2099 -15.9099 0
      vertex -17.2099 -15.9099 9.9
    endloop
  endfacet
  facet normal 0.999066 0.0432076 0
    outer loop
      vertex -17.2099 -15.9099 0
      vertex -17.205 -16.0232 9.9
      vertex -17.205 -16.0232 0
    endloop
  endfacet
  facet normal -0.0432076 -0.999066 0
    outer loop
      vertex -15.9099 -14.6099 0
      vertex -15.7966 -14.6148 9.9
      vertex -15.9099 -14.6099 9.9
    endloop
  endfacet
  facet normal -0.0432076 -0.999066 -0
    outer loop
      vertex -15.7966 -14.6148 9.9
      vertex -15.9099 -14.6099 0
      vertex -15.7966 -14.6148 0
    endloop
  endfacet
  facet normal -0.976415 0.215904 0
    outer loop
      vertex -14.6542 -16.2464 0
      vertex -14.6297 -16.1356 9.9
      vertex -14.6297 -16.1356 0
    endloop
  endfacet
  facet normal -0.976415 0.215904 0
    outer loop
      vertex -14.6297 -16.1356 9.9
      vertex -14.6542 -16.2464 0
      vertex -14.6542 -16.2464 9.9
    endloop
  endfacet
  facet normal -0.886899 0.461963 0
    outer loop
      vertex -14.7841 -16.5599 0
      vertex -14.7317 -16.4593 9.9
      vertex -14.7317 -16.4593 0
    endloop
  endfacet
  facet normal -0.886899 0.461963 0
    outer loop
      vertex -14.7317 -16.4593 9.9
      vertex -14.7841 -16.5599 0
      vertex -14.7841 -16.5599 9.9
    endloop
  endfacet
  facet normal 0.953676 0.300836 0
    outer loop
      vertex -17.1315 -16.3545 9.9
      vertex -17.1656 -16.2464 0
      vertex -17.1656 -16.2464 9.9
    endloop
  endfacet
  facet normal 0.953676 0.300836 0
    outer loop
      vertex -17.1656 -16.2464 0
      vertex -17.1315 -16.3545 9.9
      vertex -17.1315 -16.3545 0
    endloop
  endfacet
  facet normal 0.923909 0.382611 0
    outer loop
      vertex -17.0881 -16.4593 9.9
      vertex -17.1315 -16.3545 0
      vertex -17.1315 -16.3545 9.9
    endloop
  endfacet
  facet normal 0.923909 0.382611 0
    outer loop
      vertex -17.1315 -16.3545 0
      vertex -17.0881 -16.4593 9.9
      vertex -17.0881 -16.4593 0
    endloop
  endfacet
  facet normal 0.676044 -0.736861 0
    outer loop
      vertex -16.8291 -14.9907 0
      vertex -16.7455 -14.914 9.9
      vertex -16.8291 -14.9907 9.9
    endloop
  endfacet
  facet normal 0.676044 -0.736861 0
    outer loop
      vertex -16.7455 -14.914 9.9
      vertex -16.8291 -14.9907 0
      vertex -16.7455 -14.914 0
    endloop
  endfacet
  facet normal -0.676044 0.736861 0
    outer loop
      vertex -14.9907 -16.8291 0
      vertex -15.0743 -16.9058 9.9
      vertex -14.9907 -16.8291 9.9
    endloop
  endfacet
  facet normal -0.676044 0.736861 0
    outer loop
      vertex -15.0743 -16.9058 9.9
      vertex -14.9907 -16.8291 0
      vertex -15.0743 -16.9058 0
    endloop
  endfacet
  facet normal 0.536875 0.843661 -0
    outer loop
      vertex -16.5599 -17.0357 0
      vertex -16.6556 -16.9748 9.9
      vertex -16.5599 -17.0357 9.9
    endloop
  endfacet
  facet normal 0.536875 0.843661 0
    outer loop
      vertex -16.6556 -16.9748 9.9
      vertex -16.5599 -17.0357 0
      vertex -16.6556 -16.9748 0
    endloop
  endfacet
  facet normal 0.999066 -0.0432076 0
    outer loop
      vertex -17.2099 -15.9099 9.9
      vertex -17.205 -15.7966 0
      vertex -17.205 -15.7966 9.9
    endloop
  endfacet
  facet normal 0.999066 -0.0432076 0
    outer loop
      vertex -17.205 -15.7966 0
      vertex -17.2099 -15.9099 9.9
      vertex -17.2099 -15.9099 0
    endloop
  endfacet
  facet normal 0 0 -1
    outer loop
      vertex -14.6148 -16.0232 9.9
      vertex -14.6148 -15.7966 9.9
      vertex -14.6099 -15.9099 9.9
    endloop
  endfacet
  facet normal 0 0 -1
    outer loop
      vertex -14.6297 -16.1356 9.9
      vertex -14.6148 -15.7966 9.9
      vertex -14.6148 -16.0232 9.9
    endloop
  endfacet
  facet normal 0 0 -1
    outer loop
      vertex -14.6297 -16.1356 9.9
      vertex -14.6297 -15.6842 9.9
      vertex -14.6148 -15.7966 9.9
    endloop
  endfacet
  facet normal 0 0 -1
    outer loop
      vertex -14.6542 -16.2464 9.9
      vertex -14.6297 -15.6842 9.9
      vertex -14.6297 -16.1356 9.9
    endloop
  endfacet
  facet normal 0 0 -1
    outer loop
      vertex -14.6542 -16.2464 9.9
      vertex -14.6542 -15.5734 9.9
      vertex -14.6297 -15.6842 9.9
    endloop
  endfacet
  facet normal 0 0 -1
    outer loop
      vertex -14.6883 -16.3545 9.9
      vertex -14.6542 -15.5734 9.9
      vertex -14.6542 -16.2464 9.9
    endloop
  endfacet
  facet normal 0 0 -1
    outer loop
      vertex -14.6883 -16.3545 9.9
      vertex -14.6883 -15.4653 9.9
      vertex -14.6542 -15.5734 9.9
    endloop
  endfacet
  facet normal 0 0 -1
    outer loop
      vertex -14.7317 -16.4593 9.9
      vertex -14.6883 -15.4653 9.9
      vertex -14.6883 -16.3545 9.9
    endloop
  endfacet
  facet normal 0 0 -1
    outer loop
      vertex -14.7317 -16.4593 9.9
      vertex -14.7317 -15.3605 9.9
      vertex -14.6883 -15.4653 9.9
    endloop
  endfacet
  facet normal 0 0 -1
    outer loop
      vertex -14.7841 -16.5599 9.9
      vertex -14.7317 -15.3605 9.9
      vertex -14.7317 -16.4593 9.9
    endloop
  endfacet
  facet normal 0 0 -1
    outer loop
      vertex -14.7841 -16.5599 9.9
      vertex -14.7841 -15.2599 9.9
      vertex -14.7317 -15.3605 9.9
    endloop
  endfacet
  facet normal 0 0 -1
    outer loop
      vertex -14.845 -16.6556 9.9
      vertex -14.7841 -15.2599 9.9
      vertex -14.7841 -16.5599 9.9
    endloop
  endfacet
  facet normal 0 0 -1
    outer loop
      vertex -14.845 -16.6556 9.9
      vertex -14.845 -15.1643 9.9
      vertex -14.7841 -15.2599 9.9
    endloop
  endfacet
  facet normal 0 0 -1
    outer loop
      vertex -14.914 -16.7455 9.9
      vertex -14.845 -15.1643 9.9
      vertex -14.845 -16.6556 9.9
    endloop
  endfacet
  facet normal 0 0 -1
    outer loop
      vertex -14.914 -16.7455 9.9
      vertex -14.914 -15.0743 9.9
      vertex -14.845 -15.1643 9.9
    endloop
  endfacet
  facet normal 0 0 -1
    outer loop
      vertex -14.9907 -16.8291 9.9
      vertex -14.914 -15.0743 9.9
      vertex -14.914 -16.7455 9.9
    endloop
  endfacet
  facet normal 0 0 -1
    outer loop
      vertex -14.9907 -16.8291 9.9
      vertex -14.9907 -14.9907 9.9
      vertex -14.914 -15.0743 9.9
    endloop
  endfacet
  facet normal 0 0 -1
    outer loop
      vertex -15.0743 -16.9058 9.9
      vertex -14.9907 -14.9907 9.9
      vertex -14.9907 -16.8291 9.9
    endloop
  endfacet
  facet normal 0 0 -1
    outer loop
      vertex -15.0743 -16.9058 9.9
      vertex -15.0743 -14.914 9.9
      vertex -14.9907 -14.9907 9.9
    endloop
  endfacet
  facet normal 0 0 -1
    outer loop
      vertex -15.1643 -16.9748 9.9
      vertex -15.0743 -14.914 9.9
      vertex -15.0743 -16.9058 9.9
    endloop
  endfacet
  facet normal 0 0 -1
    outer loop
      vertex -15.1643 -16.9748 9.9
      vertex -15.1643 -14.845 9.9
      vertex -15.0743 -14.914 9.9
    endloop
  endfacet
  facet normal 0 0 -1
    outer loop
      vertex -15.2599 -17.0357 9.9
      vertex -15.1643 -14.845 9.9
      vertex -15.1643 -16.9748 9.9
    endloop
  endfacet
  facet normal 0 0 -1
    outer loop
      vertex -15.2599 -17.0357 9.9
      vertex -15.2599 -14.7841 9.9
      vertex -15.1643 -14.845 9.9
    endloop
  endfacet
  facet normal 0 0 -1
    outer loop
      vertex -15.3605 -17.0881 9.9
      vertex -15.2599 -14.7841 9.9
      vertex -15.2599 -17.0357 9.9
    endloop
  endfacet
  facet normal 0 0 -1
    outer loop
      vertex -15.3605 -17.0881 9.9
      vertex -15.3605 -14.7317 9.9
      vertex -15.2599 -14.7841 9.9
    endloop
  endfacet
  facet normal 0 0 -1
    outer loop
      vertex -15.4653 -17.1315 9.9
      vertex -15.3605 -14.7317 9.9
      vertex -15.3605 -17.0881 9.9
    endloop
  endfacet
  facet normal 0 0 -1
    outer loop
      vertex -15.4653 -17.1315 9.9
      vertex -15.4653 -14.6883 9.9
      vertex -15.3605 -14.7317 9.9
    endloop
  endfacet
  facet normal 0 0 -1
    outer loop
      vertex -15.5734 -17.1656 9.9
      vertex -15.4653 -14.6883 9.9
      vertex -15.4653 -17.1315 9.9
    endloop
  endfacet
  facet normal 0 0 -1
    outer loop
      vertex -15.5734 -17.1656 9.9
      vertex -15.5734 -14.6542 9.9
      vertex -15.4653 -14.6883 9.9
    endloop
  endfacet
  facet normal 0 0 -1
    outer loop
      vertex -15.6842 -17.1902 9.9
      vertex -15.5734 -14.6542 9.9
      vertex -15.5734 -17.1656 9.9
    endloop
  endfacet
  facet normal 0 0 -1
    outer loop
      vertex -15.6842 -17.1902 9.9
      vertex -15.6842 -14.6297 9.9
      vertex -15.5734 -14.6542 9.9
    endloop
  endfacet
  facet normal 0 0 -1
    outer loop
      vertex -15.7966 -17.205 9.9
      vertex -15.6842 -14.6297 9.9
      vertex -15.6842 -17.1902 9.9
    endloop
  endfacet
  facet normal 0 0 -1
    outer loop
      vertex -15.7966 -17.205 9.9
      vertex -15.7966 -14.6148 9.9
      vertex -15.6842 -14.6297 9.9
    endloop
  endfacet
  facet normal 0 0 -1
    outer loop
      vertex -15.9099 -17.2099 9.9
      vertex -15.7966 -14.6148 9.9
      vertex -15.7966 -17.205 9.9
    endloop
  endfacet
  facet normal 0 0 -1
    outer loop
      vertex -15.9099 -17.2099 9.9
      vertex -15.9099 -14.6099 9.9
      vertex -15.7966 -14.6148 9.9
    endloop
  endfacet
  facet normal 0 0 -1
    outer loop
      vertex -16.0232 -17.205 9.9
      vertex -15.9099 -14.6099 9.9
      vertex -15.9099 -17.2099 9.9
    endloop
  endfacet
  facet normal 0 0 -1
    outer loop
      vertex -16.0232 -17.205 9.9
      vertex -16.0232 -14.6148 9.9
      vertex -15.9099 -14.6099 9.9
    endloop
  endfacet
  facet normal 0 0 -1
    outer loop
      vertex -16.1356 -17.1902 9.9
      vertex -16.0232 -14.6148 9.9
      vertex -16.0232 -17.205 9.9
    endloop
  endfacet
  facet normal 0 0 -1
    outer loop
      vertex -16.1356 -17.1902 9.9
      vertex -16.1356 -14.6297 9.9
      vertex -16.0232 -14.6148 9.9
    endloop
  endfacet
  facet normal 0 0 -1
    outer loop
      vertex -16.2464 -17.1656 9.9
      vertex -16.1356 -14.6297 9.9
      vertex -16.1356 -17.1902 9.9
    endloop
  endfacet
  facet normal 0 0 -1
    outer loop
      vertex -16.2464 -17.1656 9.9
      vertex -16.2464 -14.6542 9.9
      vertex -16.1356 -14.6297 9.9
    endloop
  endfacet
  facet normal 0 0 -1
    outer loop
      vertex -16.3545 -17.1315 9.9
      vertex -16.2464 -14.6542 9.9
      vertex -16.2464 -17.1656 9.9
    endloop
  endfacet
  facet normal 0 0 -1
    outer loop
      vertex -16.3545 -17.1315 9.9
      vertex -16.3545 -14.6883 9.9
      vertex -16.2464 -14.6542 9.9
    endloop
  endfacet
  facet normal 0 0 -1
    outer loop
      vertex -16.4593 -17.0881 9.9
      vertex -16.3545 -14.6883 9.9
      vertex -16.3545 -17.1315 9.9
    endloop
  endfacet
  facet normal 0 0 -1
    outer loop
      vertex -16.4593 -17.0881 9.9
      vertex -16.4593 -14.7317 9.9
      vertex -16.3545 -14.6883 9.9
    endloop
  endfacet
  facet normal 0 0 -1
    outer loop
      vertex -16.5599 -17.0357 9.9
      vertex -16.4593 -14.7317 9.9
      vertex -16.4593 -17.0881 9.9
    endloop
  endfacet
  facet normal 0 0 -1
    outer loop
      vertex -16.5599 -17.0357 9.9
      vertex -16.5599 -14.7841 9.9
      vertex -16.4593 -14.7317 9.9
    endloop
  endfacet
  facet normal 0 0 -1
    outer loop
      vertex -16.6556 -16.9748 9.9
      vertex -16.5599 -14.7841 9.9
      vertex -16.5599 -17.0357 9.9
    endloop
  endfacet
  facet normal 0 0 -1
    outer loop
      vertex -16.6556 -16.9748 9.9
      vertex -16.6556 -14.845 9.9
      vertex -16.5599 -14.7841 9.9
    endloop
  endfacet
  facet normal 0 0 -1
    outer loop
      vertex -16.7455 -16.9058 9.9
      vertex -16.6556 -14.845 9.9
      vertex -16.6556 -16.9748 9.9
    endloop
  endfacet
  facet normal 0 0 -1
    outer loop
      vertex -16.7455 -16.9058 9.9
      vertex -16.7455 -14.914 9.9
      vertex -16.6556 -14.845 9.9
    endloop
  endfacet
  facet normal 0 0 -1
    outer loop
      vertex -16.8291 -16.8291 9.9
      vertex -16.7455 -14.914 9.9
      vertex -16.7455 -16.9058 9.9
    endloop
  endfacet
  facet normal 0 0 -1
    outer loop
      vertex -16.8291 -16.8291 9.9
      vertex -16.8291 -14.9907 9.9
      vertex -16.7455 -14.914 9.9
    endloop
  endfacet
  facet normal 0 0 -1
    outer loop
      vertex -16.9058 -16.7455 9.9
      vertex -16.8291 -14.9907 9.9
      vertex -16.8291 -16.8291 9.9
    endloop
  endfacet
  facet normal 0 0 -1
    outer loop
      vertex -16.9058 -16.7455 9.9
      vertex -16.9058 -15.0743 9.9
      vertex -16.8291 -14.9907 9.9
    endloop
  endfacet
  facet normal 0 0 -1
    outer loop
      vertex -16.9748 -16.6556 9.9
      vertex -16.9058 -15.0743 9.9
      vertex -16.9058 -16.7455 9.9
    endloop
  endfacet
  facet normal 0 0 -1
    outer loop
      vertex -16.9748 -16.6556 9.9
      vertex -16.9748 -15.1643 9.9
      vertex -16.9058 -15.0743 9.9
    endloop
  endfacet
  facet normal 0 0 -1
    outer loop
      vertex -17.0357 -16.5599 9.9
      vertex -16.9748 -15.1643 9.9
      vertex -16.9748 -16.6556 9.9
    endloop
  endfacet
  facet normal 0 0 -1
    outer loop
      vertex -17.0357 -16.5599 9.9
      vertex -17.0357 -15.2599 9.9
      vertex -16.9748 -15.1643 9.9
    endloop
  endfacet
  facet normal 0 0 -1
    outer loop
      vertex -17.0881 -16.4593 9.9
      vertex -17.0357 -15.2599 9.9
      vertex -17.0357 -16.5599 9.9
    endloop
  endfacet
  facet normal 0 0 -1
    outer loop
      vertex -17.0881 -16.4593 9.9
      vertex -17.0881 -15.3605 9.9
      vertex -17.0357 -15.2599 9.9
    endloop
  endfacet
  facet normal 0 0 -1
    outer loop
      vertex -17.1315 -16.3545 9.9
      vertex -17.0881 -15.3605 9.9
      vertex -17.0881 -16.4593 9.9
    endloop
  endfacet
  facet normal 0 0 -1
    outer loop
      vertex -17.1315 -16.3545 9.9
      vertex -17.1315 -15.4653 9.9
      vertex -17.0881 -15.3605 9.9
    endloop
  endfacet
  facet normal 0 0 -1
    outer loop
      vertex -17.1656 -16.2464 9.9
      vertex -17.1315 -15.4653 9.9
      vertex -17.1315 -16.3545 9.9
    endloop
  endfacet
  facet normal 0 0 -1
    outer loop
      vertex -17.1656 -16.2464 9.9
      vertex -17.1656 -15.5734 9.9
      vertex -17.1315 -15.4653 9.9
    endloop
  endfacet
  facet normal 0 0 -1
    outer loop
      vertex -17.1902 -16.1356 9.9
      vertex -17.1656 -15.5734 9.9
      vertex -17.1656 -16.2464 9.9
    endloop
  endfacet
  facet normal 0 0 -1
    outer loop
      vertex -17.1902 -16.1356 9.9
      vertex -17.1902 -15.6842 9.9
      vertex -17.1656 -15.5734 9.9
    endloop
  endfacet
  facet normal 0 0 -1
    outer loop
      vertex -17.205 -16.0232 9.9
      vertex -17.1902 -15.6842 9.9
      vertex -17.1902 -16.1356 9.9
    endloop
  endfacet
  facet normal 0 0 -1
    outer loop
      vertex -17.205 -16.0232 9.9
      vertex -17.205 -15.7966 9.9
      vertex -17.1902 -15.6842 9.9
    endloop
  endfacet
  facet normal 0 -0 -1
    outer loop
      vertex -17.205 -15.7966 9.9
      vertex -17.205 -16.0232 9.9
      vertex -17.2099 -15.9099 9.9
    endloop
  endfacet
  facet normal -0.793606 -0.608432 0
    outer loop
      vertex -14.845 -15.1643 0
      vertex -14.914 -15.0743 9.9
      vertex -14.914 -15.0743 0
    endloop
  endfacet
  facet normal -0.793606 -0.608432 0
    outer loop
      vertex -14.914 -15.0743 9.9
      vertex -14.845 -15.1643 0
      vertex -14.845 -15.1643 9.9
    endloop
  endfacet
  facet normal -0.215904 -0.976415 0
    outer loop
      vertex -15.6842 -14.6297 0
      vertex -15.5734 -14.6542 9.9
      vertex -15.6842 -14.6297 9.9
    endloop
  endfacet
  facet normal -0.215904 -0.976415 -0
    outer loop
      vertex -15.5734 -14.6542 9.9
      vertex -15.6842 -14.6297 0
      vertex -15.5734 -14.6542 0
    endloop
  endfacet
  facet normal -0.537275 0.843407 0
    outer loop
      vertex -15.1643 -16.9748 0
      vertex -15.2599 -17.0357 9.9
      vertex -15.1643 -16.9748 9.9
    endloop
  endfacet
  facet normal -0.537275 0.843407 0
    outer loop
      vertex -15.2599 -17.0357 9.9
      vertex -15.1643 -16.9748 0
      vertex -15.2599 -17.0357 0
    endloop
  endfacet
  facet normal 0.215904 -0.976415 0
    outer loop
      vertex -16.2464 -14.6542 0
      vertex -16.1356 -14.6297 9.9
      vertex -16.2464 -14.6542 9.9
    endloop
  endfacet
  facet normal 0.215904 -0.976415 0
    outer loop
      vertex -16.1356 -14.6297 9.9
      vertex -16.2464 -14.6542 0
      vertex -16.1356 -14.6297 0
    endloop
  endfacet
  facet normal 0.300836 -0.953676 0
    outer loop
      vertex -16.3545 -14.6883 0
      vertex -16.2464 -14.6542 9.9
      vertex -16.3545 -14.6883 9.9
    endloop
  endfacet
  facet normal 0.300836 -0.953676 0
    outer loop
      vertex -16.2464 -14.6542 9.9
      vertex -16.3545 -14.6883 0
      vertex -16.2464 -14.6542 0
    endloop
  endfacet
  facet normal 0.382611 -0.923909 0
    outer loop
      vertex -16.4593 -14.7317 0
      vertex -16.3545 -14.6883 9.9
      vertex -16.4593 -14.7317 9.9
    endloop
  endfacet
  facet normal 0.382611 -0.923909 0
    outer loop
      vertex -16.3545 -14.6883 9.9
      vertex -16.4593 -14.7317 0
      vertex -16.3545 -14.6883 0
    endloop
  endfacet
  facet normal -0.382611 -0.923909 0
    outer loop
      vertex -15.4653 -14.6883 0
      vertex -15.3605 -14.7317 9.9
      vertex -15.4653 -14.6883 9.9
    endloop
  endfacet
  facet normal -0.382611 -0.923909 -0
    outer loop
      vertex -15.3605 -14.7317 9.9
      vertex -15.4653 -14.6883 0
      vertex -15.3605 -14.7317 0
    endloop
  endfacet
  facet normal -0.991442 -0.130546 0
    outer loop
      vertex 17.205 -15.7966 0
      vertex 17.1902 -15.6842 9.9
      vertex 17.1902 -15.6842 0
    endloop
  endfacet
  facet normal -0.991442 -0.130546 0
    outer loop
      vertex 17.1902 -15.6842 9.9
      vertex 17.205 -15.7966 0
      vertex 17.205 -15.7966 9.9
    endloop
  endfacet
  facet normal 0.382611 0.923909 -0
    outer loop
      vertex 15.4653 -17.1315 0
      vertex 15.3605 -17.0881 9.9
      vertex 15.4653 -17.1315 9.9
    endloop
  endfacet
  facet normal 0.382611 0.923909 0
    outer loop
      vertex 15.3605 -17.0881 9.9
      vertex 15.4653 -17.1315 0
      vertex 15.3605 -17.0881 0
    endloop
  endfacet
  facet normal -0.382611 -0.923909 0
    outer loop
      vertex 16.3545 -14.6883 0
      vertex 16.4593 -14.7317 9.9
      vertex 16.3545 -14.6883 9.9
    endloop
  endfacet
  facet normal -0.382611 -0.923909 -0
    outer loop
      vertex 16.4593 -14.7317 9.9
      vertex 16.3545 -14.6883 0
      vertex 16.4593 -14.7317 0
    endloop
  endfacet
  facet normal 0.461963 0.886899 -0
    outer loop
      vertex 15.3605 -17.0881 0
      vertex 15.2599 -17.0357 9.9
      vertex 15.3605 -17.0881 9.9
    endloop
  endfacet
  facet normal 0.461963 0.886899 0
    outer loop
      vertex 15.2599 -17.0357 9.9
      vertex 15.3605 -17.0881 0
      vertex 15.2599 -17.0357 0
    endloop
  endfacet
  facet normal 0.736861 0.676044 0
    outer loop
      vertex 14.9907 -16.8291 9.9
      vertex 14.914 -16.7455 0
      vertex 14.914 -16.7455 9.9
    endloop
  endfacet
  facet normal 0.736861 0.676044 0
    outer loop
      vertex 14.914 -16.7455 0
      vertex 14.9907 -16.8291 9.9
      vertex 14.9907 -16.8291 0
    endloop
  endfacet
  facet normal 0.608432 0.793606 -0
    outer loop
      vertex 15.1643 -16.9748 0
      vertex 15.0743 -16.9058 9.9
      vertex 15.1643 -16.9748 9.9
    endloop
  endfacet
  facet normal 0.608432 0.793606 0
    outer loop
      vertex 15.0743 -16.9058 9.9
      vertex 15.1643 -16.9748 0
      vertex 15.0743 -16.9058 0
    endloop
  endfacet
  facet normal 0.382611 -0.923909 0
    outer loop
      vertex 15.3605 -14.7317 0
      vertex 15.4653 -14.6883 9.9
      vertex 15.3605 -14.7317 9.9
    endloop
  endfacet
  facet normal 0.382611 -0.923909 0
    outer loop
      vertex 15.4653 -14.6883 9.9
      vertex 15.3605 -14.7317 0
      vertex 15.4653 -14.6883 0
    endloop
  endfacet
  facet normal -0.461963 -0.886899 0
    outer loop
      vertex 16.4593 -14.7317 0
      vertex 16.5599 -14.7841 9.9
      vertex 16.4593 -14.7317 9.9
    endloop
  endfacet
  facet normal -0.461963 -0.886899 -0
    outer loop
      vertex 16.5599 -14.7841 9.9
      vertex 16.4593 -14.7317 0
      vertex 16.5599 -14.7841 0
    endloop
  endfacet
  facet normal -0.736861 0.676044 0
    outer loop
      vertex 16.8291 -16.8291 0
      vertex 16.9058 -16.7455 9.9
      vertex 16.9058 -16.7455 0
    endloop
  endfacet
  facet normal -0.736861 0.676044 0
    outer loop
      vertex 16.9058 -16.7455 9.9
      vertex 16.8291 -16.8291 0
      vertex 16.8291 -16.8291 9.9
    endloop
  endfacet
  facet normal 0.461963 -0.886899 0
    outer loop
      vertex 15.2599 -14.7841 0
      vertex 15.3605 -14.7317 9.9
      vertex 15.2599 -14.7841 9.9
    endloop
  endfacet
  facet normal 0.461963 -0.886899 0
    outer loop
      vertex 15.3605 -14.7317 9.9
      vertex 15.2599 -14.7841 0
      vertex 15.3605 -14.7317 0
    endloop
  endfacet
  facet normal 0.131413 -0.991328 0
    outer loop
      vertex 15.6842 -14.6297 0
      vertex 15.7966 -14.6148 9.9
      vertex 15.6842 -14.6297 9.9
    endloop
  endfacet
  facet normal 0.131413 -0.991328 0
    outer loop
      vertex 15.7966 -14.6148 9.9
      vertex 15.6842 -14.6297 0
      vertex 15.7966 -14.6148 0
    endloop
  endfacet
  facet normal -0.991442 0.130546 0
    outer loop
      vertex 17.1902 -16.1356 0
      vertex 17.205 -16.0232 9.9
      vertex 17.205 -16.0232 0
    endloop
  endfacet
  facet normal -0.991442 0.130546 0
    outer loop
      vertex 17.205 -16.0232 9.9
      vertex 17.1902 -16.1356 0
      vertex 17.1902 -16.1356 9.9
    endloop
  endfacet
  facet normal 0.999066 0.0432076 0
    outer loop
      vertex 14.6148 -16.0232 9.9
      vertex 14.6099 -15.9099 0
      vertex 14.6099 -15.9099 9.9
    endloop
  endfacet
  facet normal 0.999066 0.0432076 0
    outer loop
      vertex 14.6099 -15.9099 0
      vertex 14.6148 -16.0232 9.9
      vertex 14.6148 -16.0232 0
    endloop
  endfacet
  facet normal -0.461963 0.886899 0
    outer loop
      vertex 16.5599 -17.0357 0
      vertex 16.4593 -17.0881 9.9
      vertex 16.5599 -17.0357 9.9
    endloop
  endfacet
  facet normal -0.461963 0.886899 0
    outer loop
      vertex 16.4593 -17.0881 9.9
      vertex 16.5599 -17.0357 0
      vertex 16.4593 -17.0881 0
    endloop
  endfacet
  facet normal -0.131413 -0.991328 0
    outer loop
      vertex 16.0232 -14.6148 0
      vertex 16.1356 -14.6297 9.9
      vertex 16.0232 -14.6148 9.9
    endloop
  endfacet
  facet normal -0.131413 -0.991328 -0
    outer loop
      vertex 16.1356 -14.6297 9.9
      vertex 16.0232 -14.6148 0
      vertex 16.1356 -14.6297 0
    endloop
  endfacet
  facet normal 0.537275 0.843407 -0
    outer loop
      vertex 15.2599 -17.0357 0
      vertex 15.1643 -16.9748 9.9
      vertex 15.2599 -17.0357 9.9
    endloop
  endfacet
  facet normal 0.537275 0.843407 0
    outer loop
      vertex 15.1643 -16.9748 9.9
      vertex 15.2599 -17.0357 0
      vertex 15.1643 -16.9748 0
    endloop
  endfacet
  facet normal -0.215904 -0.976415 0
    outer loop
      vertex 16.1356 -14.6297 0
      vertex 16.2464 -14.6542 9.9
      vertex 16.1356 -14.6297 9.9
    endloop
  endfacet
  facet normal -0.215904 -0.976415 -0
    outer loop
      vertex 16.2464 -14.6542 9.9
      vertex 16.1356 -14.6297 0
      vertex 16.2464 -14.6542 0
    endloop
  endfacet
  facet normal 0.886899 0.461963 0
    outer loop
      vertex 14.7841 -16.5599 9.9
      vertex 14.7317 -16.4593 0
      vertex 14.7317 -16.4593 9.9
    endloop
  endfacet
  facet normal 0.886899 0.461963 0
    outer loop
      vertex 14.7317 -16.4593 0
      vertex 14.7841 -16.5599 9.9
      vertex 14.7841 -16.5599 0
    endloop
  endfacet
  facet normal -0.0432076 -0.999066 0
    outer loop
      vertex 15.9099 -14.6099 0
      vertex 16.0232 -14.6148 9.9
      vertex 15.9099 -14.6099 9.9
    endloop
  endfacet
  facet normal -0.0432076 -0.999066 -0
    outer loop
      vertex 16.0232 -14.6148 9.9
      vertex 15.9099 -14.6099 0
      vertex 16.0232 -14.6148 0
    endloop
  endfacet
  facet normal -0.736861 -0.676044 0
    outer loop
      vertex 16.9058 -15.0743 0
      vertex 16.8291 -14.9907 9.9
      vertex 16.8291 -14.9907 0
    endloop
  endfacet
  facet normal -0.736861 -0.676044 0
    outer loop
      vertex 16.8291 -14.9907 9.9
      vertex 16.9058 -15.0743 0
      vertex 16.9058 -15.0743 9.9
    endloop
  endfacet
  facet normal -0.536875 -0.843661 0
    outer loop
      vertex 16.5599 -14.7841 0
      vertex 16.6556 -14.845 9.9
      vertex 16.5599 -14.7841 9.9
    endloop
  endfacet
  facet normal -0.536875 -0.843661 -0
    outer loop
      vertex 16.6556 -14.845 9.9
      vertex 16.5599 -14.7841 0
      vertex 16.6556 -14.845 0
    endloop
  endfacet
  facet normal 0.0432076 -0.999066 0
    outer loop
      vertex 15.7966 -14.6148 0
      vertex 15.9099 -14.6099 9.9
      vertex 15.7966 -14.6148 9.9
    endloop
  endfacet
  facet normal 0.0432076 -0.999066 0
    outer loop
      vertex 15.9099 -14.6099 9.9
      vertex 15.7966 -14.6148 0
      vertex 15.9099 -14.6099 0
    endloop
  endfacet
  facet normal 0.79328 0.608858 0
    outer loop
      vertex 14.914 -16.7455 9.9
      vertex 14.845 -16.6556 0
      vertex 14.845 -16.6556 9.9
    endloop
  endfacet
  facet normal 0.79328 0.608858 0
    outer loop
      vertex 14.845 -16.6556 0
      vertex 14.914 -16.7455 9.9
      vertex 14.914 -16.7455 0
    endloop
  endfacet
  facet normal -0.130546 0.991442 0
    outer loop
      vertex 16.1356 -17.1902 0
      vertex 16.0232 -17.205 9.9
      vertex 16.1356 -17.1902 9.9
    endloop
  endfacet
  facet normal -0.130546 0.991442 0
    outer loop
      vertex 16.0232 -17.205 9.9
      vertex 16.1356 -17.1902 0
      vertex 16.0232 -17.205 0
    endloop
  endfacet
  facet normal -0.79328 0.608858 0
    outer loop
      vertex 16.9058 -16.7455 0
      vertex 16.9748 -16.6556 9.9
      vertex 16.9748 -16.6556 0
    endloop
  endfacet
  facet normal -0.79328 0.608858 0
    outer loop
      vertex 16.9748 -16.6556 9.9
      vertex 16.9058 -16.7455 0
      vertex 16.9058 -16.7455 9.9
    endloop
  endfacet
  facet normal -0.676044 0.736861 0
    outer loop
      vertex 16.8291 -16.8291 0
      vertex 16.7455 -16.9058 9.9
      vertex 16.8291 -16.8291 9.9
    endloop
  endfacet
  facet normal -0.676044 0.736861 0
    outer loop
      vertex 16.7455 -16.9058 9.9
      vertex 16.8291 -16.8291 0
      vertex 16.7455 -16.9058 0
    endloop
  endfacet
  facet normal 0.843661 0.536875 0
    outer loop
      vertex 14.845 -16.6556 9.9
      vertex 14.7841 -16.5599 0
      vertex 14.7841 -16.5599 9.9
    endloop
  endfacet
  facet normal 0.843661 0.536875 0
    outer loop
      vertex 14.7841 -16.5599 0
      vertex 14.845 -16.6556 9.9
      vertex 14.845 -16.6556 0
    endloop
  endfacet
  facet normal -0.793606 -0.608432 0
    outer loop
      vertex 16.9748 -15.1643 0
      vertex 16.9058 -15.0743 9.9
      vertex 16.9058 -15.0743 0
    endloop
  endfacet
  facet normal -0.793606 -0.608432 0
    outer loop
      vertex 16.9058 -15.0743 9.9
      vertex 16.9748 -15.1643 0
      vertex 16.9748 -15.1643 9.9
    endloop
  endfacet
  facet normal 0.843407 -0.537275 0
    outer loop
      vertex 14.7841 -15.2599 9.9
      vertex 14.845 -15.1643 0
      vertex 14.845 -15.1643 9.9
    endloop
  endfacet
  facet normal 0.843407 -0.537275 0
    outer loop
      vertex 14.845 -15.1643 0
      vertex 14.7841 -15.2599 9.9
      vertex 14.7841 -15.2599 0
    endloop
  endfacet
  facet normal 0.215904 -0.976415 0
    outer loop
      vertex 15.5734 -14.6542 0
      vertex 15.6842 -14.6297 9.9
      vertex 15.5734 -14.6542 9.9
    endloop
  endfacet
  facet normal 0.215904 -0.976415 0
    outer loop
      vertex 15.6842 -14.6297 9.9
      vertex 15.5734 -14.6542 0
      vertex 15.6842 -14.6297 0
    endloop
  endfacet
  facet normal -0.923909 0.382611 0
    outer loop
      vertex 17.0881 -16.4593 0
      vertex 17.1315 -16.3545 9.9
      vertex 17.1315 -16.3545 0
    endloop
  endfacet
  facet normal -0.923909 0.382611 0
    outer loop
      vertex 17.1315 -16.3545 9.9
      vertex 17.0881 -16.4593 0
      vertex 17.0881 -16.4593 9.9
    endloop
  endfacet
  facet normal 0.991328 0.131413 0
    outer loop
      vertex 14.6297 -16.1356 9.9
      vertex 14.6148 -16.0232 0
      vertex 14.6148 -16.0232 9.9
    endloop
  endfacet
  facet normal 0.991328 0.131413 0
    outer loop
      vertex 14.6148 -16.0232 0
      vertex 14.6297 -16.1356 9.9
      vertex 14.6297 -16.1356 0
    endloop
  endfacet
  facet normal 0.676044 -0.736861 0
    outer loop
      vertex 14.9907 -14.9907 0
      vertex 15.0743 -14.914 9.9
      vertex 14.9907 -14.9907 9.9
    endloop
  endfacet
  facet normal 0.676044 -0.736861 0
    outer loop
      vertex 15.0743 -14.914 9.9
      vertex 14.9907 -14.9907 0
      vertex 15.0743 -14.914 0
    endloop
  endfacet
  facet normal 0.537275 -0.843407 0
    outer loop
      vertex 15.1643 -14.845 0
      vertex 15.2599 -14.7841 9.9
      vertex 15.1643 -14.845 9.9
    endloop
  endfacet
  facet normal 0.537275 -0.843407 0
    outer loop
      vertex 15.2599 -14.7841 9.9
      vertex 15.1643 -14.845 0
      vertex 15.2599 -14.7841 0
    endloop
  endfacet
  facet normal 0.991328 -0.131413 0
    outer loop
      vertex 14.6148 -15.7966 9.9
      vertex 14.6297 -15.6842 0
      vertex 14.6297 -15.6842 9.9
    endloop
  endfacet
  facet normal 0.991328 -0.131413 0
    outer loop
      vertex 14.6297 -15.6842 0
      vertex 14.6148 -15.7966 9.9
      vertex 14.6148 -15.7966 0
    endloop
  endfacet
  facet normal -0.300836 -0.953676 0
    outer loop
      vertex 16.2464 -14.6542 0
      vertex 16.3545 -14.6883 9.9
      vertex 16.2464 -14.6542 9.9
    endloop
  endfacet
  facet normal -0.300836 -0.953676 -0
    outer loop
      vertex 16.3545 -14.6883 9.9
      vertex 16.2464 -14.6542 0
      vertex 16.3545 -14.6883 0
    endloop
  endfacet
  facet normal 0.216744 0.976229 -0
    outer loop
      vertex 15.6842 -17.1902 0
      vertex 15.5734 -17.1656 9.9
      vertex 15.6842 -17.1902 9.9
    endloop
  endfacet
  facet normal 0.216744 0.976229 0
    outer loop
      vertex 15.5734 -17.1656 9.9
      vertex 15.6842 -17.1902 0
      vertex 15.5734 -17.1656 0
    endloop
  endfacet
  facet normal 0.300836 0.953676 -0
    outer loop
      vertex 15.5734 -17.1656 0
      vertex 15.4653 -17.1315 9.9
      vertex 15.5734 -17.1656 9.9
    endloop
  endfacet
  facet normal 0.300836 0.953676 0
    outer loop
      vertex 15.4653 -17.1315 9.9
      vertex 15.5734 -17.1656 0
      vertex 15.4653 -17.1315 0
    endloop
  endfacet
  facet normal 0.886899 -0.461963 0
    outer loop
      vertex 14.7317 -15.3605 9.9
      vertex 14.7841 -15.2599 0
      vertex 14.7841 -15.2599 9.9
    endloop
  endfacet
  facet normal 0.886899 -0.461963 0
    outer loop
      vertex 14.7841 -15.2599 0
      vertex 14.7317 -15.3605 9.9
      vertex 14.7317 -15.3605 0
    endloop
  endfacet
  facet normal -0.216744 0.976229 0
    outer loop
      vertex 16.2464 -17.1656 0
      vertex 16.1356 -17.1902 9.9
      vertex 16.2464 -17.1656 9.9
    endloop
  endfacet
  facet normal -0.216744 0.976229 0
    outer loop
      vertex 16.1356 -17.1902 9.9
      vertex 16.2464 -17.1656 0
      vertex 16.1356 -17.1902 0
    endloop
  endfacet
  facet normal -0.886899 -0.461963 0
    outer loop
      vertex 17.0881 -15.3605 0
      vertex 17.0357 -15.2599 9.9
      vertex 17.0357 -15.2599 0
    endloop
  endfacet
  facet normal -0.886899 -0.461963 0
    outer loop
      vertex 17.0357 -15.2599 9.9
      vertex 17.0881 -15.3605 0
      vertex 17.0881 -15.3605 9.9
    endloop
  endfacet
  facet normal -0.923909 -0.382611 0
    outer loop
      vertex 17.1315 -15.4653 0
      vertex 17.0881 -15.3605 9.9
      vertex 17.0881 -15.3605 0
    endloop
  endfacet
  facet normal -0.923909 -0.382611 0
    outer loop
      vertex 17.0881 -15.3605 9.9
      vertex 17.1315 -15.4653 0
      vertex 17.1315 -15.4653 9.9
    endloop
  endfacet
  facet normal -0.976229 -0.216744 0
    outer loop
      vertex 17.1902 -15.6842 0
      vertex 17.1656 -15.5734 9.9
      vertex 17.1656 -15.5734 0
    endloop
  endfacet
  facet normal -0.976229 -0.216744 0
    outer loop
      vertex 17.1656 -15.5734 9.9
      vertex 17.1902 -15.6842 0
      vertex 17.1902 -15.6842 9.9
    endloop
  endfacet
  facet normal 0.130546 0.991442 -0
    outer loop
      vertex 15.7966 -17.205 0
      vertex 15.6842 -17.1902 9.9
      vertex 15.7966 -17.205 9.9
    endloop
  endfacet
  facet normal 0.130546 0.991442 0
    outer loop
      vertex 15.6842 -17.1902 9.9
      vertex 15.7966 -17.205 0
      vertex 15.6842 -17.1902 0
    endloop
  endfacet
  facet normal -0.953676 -0.300836 0
    outer loop
      vertex 17.1656 -15.5734 0
      vertex 17.1315 -15.4653 9.9
      vertex 17.1315 -15.4653 0
    endloop
  endfacet
  facet normal -0.953676 -0.300836 0
    outer loop
      vertex 17.1315 -15.4653 9.9
      vertex 17.1656 -15.5734 0
      vertex 17.1656 -15.5734 9.9
    endloop
  endfacet
  facet normal -0.953676 0.300836 0
    outer loop
      vertex 17.1315 -16.3545 0
      vertex 17.1656 -16.2464 9.9
      vertex 17.1656 -16.2464 0
    endloop
  endfacet
  facet normal -0.953676 0.300836 0
    outer loop
      vertex 17.1656 -16.2464 9.9
      vertex 17.1315 -16.3545 0
      vertex 17.1315 -16.3545 9.9
    endloop
  endfacet
  facet normal 0.300836 -0.953676 0
    outer loop
      vertex 15.4653 -14.6883 0
      vertex 15.5734 -14.6542 9.9
      vertex 15.4653 -14.6883 9.9
    endloop
  endfacet
  facet normal 0.300836 -0.953676 0
    outer loop
      vertex 15.5734 -14.6542 9.9
      vertex 15.4653 -14.6883 0
      vertex 15.5734 -14.6542 0
    endloop
  endfacet
  facet normal -0.976229 0.216744 0
    outer loop
      vertex 17.1656 -16.2464 0
      vertex 17.1902 -16.1356 9.9
      vertex 17.1902 -16.1356 0
    endloop
  endfacet
  facet normal -0.976229 0.216744 0
    outer loop
      vertex 17.1902 -16.1356 9.9
      vertex 17.1656 -16.2464 0
      vertex 17.1656 -16.2464 9.9
    endloop
  endfacet
  facet normal -0.608858 0.79328 0
    outer loop
      vertex 16.7455 -16.9058 0
      vertex 16.6556 -16.9748 9.9
      vertex 16.7455 -16.9058 9.9
    endloop
  endfacet
  facet normal -0.608858 0.79328 0
    outer loop
      vertex 16.6556 -16.9748 9.9
      vertex 16.7455 -16.9058 0
      vertex 16.6556 -16.9748 0
    endloop
  endfacet
  facet normal -0.999066 -0.0432076 0
    outer loop
      vertex 17.2099 -15.9099 0
      vertex 17.205 -15.7966 9.9
      vertex 17.205 -15.7966 0
    endloop
  endfacet
  facet normal -0.999066 -0.0432076 0
    outer loop
      vertex 17.205 -15.7966 9.9
      vertex 17.2099 -15.9099 0
      vertex 17.2099 -15.9099 9.9
    endloop
  endfacet
  facet normal 0.676044 0.736861 -0
    outer loop
      vertex 15.0743 -16.9058 0
      vertex 14.9907 -16.8291 9.9
      vertex 15.0743 -16.9058 9.9
    endloop
  endfacet
  facet normal 0.676044 0.736861 0
    outer loop
      vertex 14.9907 -16.8291 9.9
      vertex 15.0743 -16.9058 0
      vertex 14.9907 -16.8291 0
    endloop
  endfacet
  facet normal 0.736861 -0.676044 0
    outer loop
      vertex 14.914 -15.0743 9.9
      vertex 14.9907 -14.9907 0
      vertex 14.9907 -14.9907 9.9
    endloop
  endfacet
  facet normal 0.736861 -0.676044 0
    outer loop
      vertex 14.9907 -14.9907 0
      vertex 14.914 -15.0743 9.9
      vertex 14.914 -15.0743 0
    endloop
  endfacet
  facet normal -0.536875 0.843661 0
    outer loop
      vertex 16.6556 -16.9748 0
      vertex 16.5599 -17.0357 9.9
      vertex 16.6556 -16.9748 9.9
    endloop
  endfacet
  facet normal -0.536875 0.843661 0
    outer loop
      vertex 16.5599 -17.0357 9.9
      vertex 16.6556 -16.9748 0
      vertex 16.5599 -17.0357 0
    endloop
  endfacet
  facet normal -0.999066 0.0432076 0
    outer loop
      vertex 17.205 -16.0232 0
      vertex 17.2099 -15.9099 9.9
      vertex 17.2099 -15.9099 0
    endloop
  endfacet
  facet normal -0.999066 0.0432076 0
    outer loop
      vertex 17.2099 -15.9099 9.9
      vertex 17.205 -16.0232 0
      vertex 17.205 -16.0232 9.9
    endloop
  endfacet
  facet normal 0.793606 -0.608432 0
    outer loop
      vertex 14.845 -15.1643 9.9
      vertex 14.914 -15.0743 0
      vertex 14.914 -15.0743 9.9
    endloop
  endfacet
  facet normal 0.793606 -0.608432 0
    outer loop
      vertex 14.914 -15.0743 0
      vertex 14.845 -15.1643 9.9
      vertex 14.845 -15.1643 0
    endloop
  endfacet
  facet normal -0.886899 0.461963 0
    outer loop
      vertex 17.0357 -16.5599 0
      vertex 17.0881 -16.4593 9.9
      vertex 17.0881 -16.4593 0
    endloop
  endfacet
  facet normal -0.886899 0.461963 0
    outer loop
      vertex 17.0881 -16.4593 9.9
      vertex 17.0357 -16.5599 0
      vertex 17.0357 -16.5599 9.9
    endloop
  endfacet
  facet normal -0.608858 -0.79328 0
    outer loop
      vertex 16.6556 -14.845 0
      vertex 16.7455 -14.914 9.9
      vertex 16.6556 -14.845 9.9
    endloop
  endfacet
  facet normal -0.608858 -0.79328 -0
    outer loop
      vertex 16.7455 -14.914 9.9
      vertex 16.6556 -14.845 0
      vertex 16.7455 -14.914 0
    endloop
  endfacet
  facet normal -0.0432076 0.999066 0
    outer loop
      vertex 16.0232 -17.205 0
      vertex 15.9099 -17.2099 9.9
      vertex 16.0232 -17.205 9.9
    endloop
  endfacet
  facet normal -0.0432076 0.999066 0
    outer loop
      vertex 15.9099 -17.2099 9.9
      vertex 16.0232 -17.205 0
      vertex 15.9099 -17.2099 0
    endloop
  endfacet
  facet normal 0.999066 -0.0432076 0
    outer loop
      vertex 14.6099 -15.9099 9.9
      vertex 14.6148 -15.7966 0
      vertex 14.6148 -15.7966 9.9
    endloop
  endfacet
  facet normal 0.999066 -0.0432076 0
    outer loop
      vertex 14.6148 -15.7966 0
      vertex 14.6099 -15.9099 9.9
      vertex 14.6099 -15.9099 0
    endloop
  endfacet
  facet normal 0.976415 0.215904 0
    outer loop
      vertex 14.6542 -16.2464 9.9
      vertex 14.6297 -16.1356 0
      vertex 14.6297 -16.1356 9.9
    endloop
  endfacet
  facet normal 0.976415 0.215904 0
    outer loop
      vertex 14.6297 -16.1356 0
      vertex 14.6542 -16.2464 9.9
      vertex 14.6542 -16.2464 0
    endloop
  endfacet
  facet normal -0.300836 0.953676 0
    outer loop
      vertex 16.3545 -17.1315 0
      vertex 16.2464 -17.1656 9.9
      vertex 16.3545 -17.1315 9.9
    endloop
  endfacet
  facet normal -0.300836 0.953676 0
    outer loop
      vertex 16.2464 -17.1656 9.9
      vertex 16.3545 -17.1315 0
      vertex 16.2464 -17.1656 0
    endloop
  endfacet
  facet normal -0.382611 0.923909 0
    outer loop
      vertex 16.4593 -17.0881 0
      vertex 16.3545 -17.1315 9.9
      vertex 16.4593 -17.0881 9.9
    endloop
  endfacet
  facet normal -0.382611 0.923909 0
    outer loop
      vertex 16.3545 -17.1315 9.9
      vertex 16.4593 -17.0881 0
      vertex 16.3545 -17.1315 0
    endloop
  endfacet
  facet normal -0.843407 -0.537275 0
    outer loop
      vertex 17.0357 -15.2599 0
      vertex 16.9748 -15.1643 9.9
      vertex 16.9748 -15.1643 0
    endloop
  endfacet
  facet normal -0.843407 -0.537275 0
    outer loop
      vertex 16.9748 -15.1643 9.9
      vertex 17.0357 -15.2599 0
      vertex 17.0357 -15.2599 9.9
    endloop
  endfacet
  facet normal -0.843661 0.536875 0
    outer loop
      vertex 16.9748 -16.6556 0
      vertex 17.0357 -16.5599 9.9
      vertex 17.0357 -16.5599 0
    endloop
  endfacet
  facet normal -0.843661 0.536875 0
    outer loop
      vertex 17.0357 -16.5599 9.9
      vertex 16.9748 -16.6556 0
      vertex 16.9748 -16.6556 9.9
    endloop
  endfacet
  facet normal 0.0432076 0.999066 -0
    outer loop
      vertex 15.9099 -17.2099 0
      vertex 15.7966 -17.205 9.9
      vertex 15.9099 -17.2099 9.9
    endloop
  endfacet
  facet normal 0.0432076 0.999066 0
    outer loop
      vertex 15.7966 -17.205 9.9
      vertex 15.9099 -17.2099 0
      vertex 15.7966 -17.205 0
    endloop
  endfacet
  facet normal 0.608432 -0.793606 0
    outer loop
      vertex 15.0743 -14.914 0
      vertex 15.1643 -14.845 9.9
      vertex 15.0743 -14.914 9.9
    endloop
  endfacet
  facet normal 0.608432 -0.793606 0
    outer loop
      vertex 15.1643 -14.845 9.9
      vertex 15.0743 -14.914 0
      vertex 15.1643 -14.845 0
    endloop
  endfacet
  facet normal 0.976415 -0.215904 0
    outer loop
      vertex 14.6297 -15.6842 9.9
      vertex 14.6542 -15.5734 0
      vertex 14.6542 -15.5734 9.9
    endloop
  endfacet
  facet normal 0.976415 -0.215904 0
    outer loop
      vertex 14.6542 -15.5734 0
      vertex 14.6297 -15.6842 9.9
      vertex 14.6297 -15.6842 0
    endloop
  endfacet
  facet normal -0.676044 -0.736861 0
    outer loop
      vertex 16.7455 -14.914 0
      vertex 16.8291 -14.9907 9.9
      vertex 16.7455 -14.914 9.9
    endloop
  endfacet
  facet normal -0.676044 -0.736861 -0
    outer loop
      vertex 16.8291 -14.9907 9.9
      vertex 16.7455 -14.914 0
      vertex 16.8291 -14.9907 0
    endloop
  endfacet
  facet normal 0 0 -1
    outer loop
      vertex 17.205 -16.0232 9.9
      vertex 17.205 -15.7966 9.9
      vertex 17.2099 -15.9099 9.9
    endloop
  endfacet
  facet normal 0 0 -1
    outer loop
      vertex 17.1902 -16.1356 9.9
      vertex 17.205 -15.7966 9.9
      vertex 17.205 -16.0232 9.9
    endloop
  endfacet
  facet normal 0 0 -1
    outer loop
      vertex 17.1902 -16.1356 9.9
      vertex 17.1902 -15.6842 9.9
      vertex 17.205 -15.7966 9.9
    endloop
  endfacet
  facet normal 0 0 -1
    outer loop
      vertex 17.1656 -16.2464 9.9
      vertex 17.1902 -15.6842 9.9
      vertex 17.1902 -16.1356 9.9
    endloop
  endfacet
  facet normal 0 0 -1
    outer loop
      vertex 17.1656 -16.2464 9.9
      vertex 17.1656 -15.5734 9.9
      vertex 17.1902 -15.6842 9.9
    endloop
  endfacet
  facet normal 0 0 -1
    outer loop
      vertex 17.1315 -16.3545 9.9
      vertex 17.1656 -15.5734 9.9
      vertex 17.1656 -16.2464 9.9
    endloop
  endfacet
  facet normal 0 0 -1
    outer loop
      vertex 17.1315 -16.3545 9.9
      vertex 17.1315 -15.4653 9.9
      vertex 17.1656 -15.5734 9.9
    endloop
  endfacet
  facet normal 0 0 -1
    outer loop
      vertex 17.0881 -16.4593 9.9
      vertex 17.1315 -15.4653 9.9
      vertex 17.1315 -16.3545 9.9
    endloop
  endfacet
  facet normal 0 0 -1
    outer loop
      vertex 17.0881 -16.4593 9.9
      vertex 17.0881 -15.3605 9.9
      vertex 17.1315 -15.4653 9.9
    endloop
  endfacet
  facet normal 0 0 -1
    outer loop
      vertex 17.0357 -16.5599 9.9
      vertex 17.0881 -15.3605 9.9
      vertex 17.0881 -16.4593 9.9
    endloop
  endfacet
  facet normal 0 0 -1
    outer loop
      vertex 17.0357 -16.5599 9.9
      vertex 17.0357 -15.2599 9.9
      vertex 17.0881 -15.3605 9.9
    endloop
  endfacet
  facet normal 0 0 -1
    outer loop
      vertex 16.9748 -16.6556 9.9
      vertex 17.0357 -15.2599 9.9
      vertex 17.0357 -16.5599 9.9
    endloop
  endfacet
  facet normal 0 0 -1
    outer loop
      vertex 16.9748 -16.6556 9.9
      vertex 16.9748 -15.1643 9.9
      vertex 17.0357 -15.2599 9.9
    endloop
  endfacet
  facet normal 0 0 -1
    outer loop
      vertex 16.9058 -16.7455 9.9
      vertex 16.9748 -15.1643 9.9
      vertex 16.9748 -16.6556 9.9
    endloop
  endfacet
  facet normal 0 0 -1
    outer loop
      vertex 16.9058 -16.7455 9.9
      vertex 16.9058 -15.0743 9.9
      vertex 16.9748 -15.1643 9.9
    endloop
  endfacet
  facet normal 0 0 -1
    outer loop
      vertex 16.8291 -16.8291 9.9
      vertex 16.9058 -15.0743 9.9
      vertex 16.9058 -16.7455 9.9
    endloop
  endfacet
  facet normal 0 0 -1
    outer loop
      vertex 16.8291 -16.8291 9.9
      vertex 16.8291 -14.9907 9.9
      vertex 16.9058 -15.0743 9.9
    endloop
  endfacet
  facet normal 0 0 -1
    outer loop
      vertex 16.7455 -16.9058 9.9
      vertex 16.8291 -14.9907 9.9
      vertex 16.8291 -16.8291 9.9
    endloop
  endfacet
  facet normal 0 0 -1
    outer loop
      vertex 16.7455 -16.9058 9.9
      vertex 16.7455 -14.914 9.9
      vertex 16.8291 -14.9907 9.9
    endloop
  endfacet
  facet normal 0 0 -1
    outer loop
      vertex 16.6556 -16.9748 9.9
      vertex 16.7455 -14.914 9.9
      vertex 16.7455 -16.9058 9.9
    endloop
  endfacet
  facet normal 0 0 -1
    outer loop
      vertex 16.6556 -16.9748 9.9
      vertex 16.6556 -14.845 9.9
      vertex 16.7455 -14.914 9.9
    endloop
  endfacet
  facet normal 0 0 -1
    outer loop
      vertex 16.5599 -17.0357 9.9
      vertex 16.6556 -14.845 9.9
      vertex 16.6556 -16.9748 9.9
    endloop
  endfacet
  facet normal 0 0 -1
    outer loop
      vertex 16.5599 -17.0357 9.9
      vertex 16.5599 -14.7841 9.9
      vertex 16.6556 -14.845 9.9
    endloop
  endfacet
  facet normal 0 0 -1
    outer loop
      vertex 16.4593 -17.0881 9.9
      vertex 16.5599 -14.7841 9.9
      vertex 16.5599 -17.0357 9.9
    endloop
  endfacet
  facet normal 0 0 -1
    outer loop
      vertex 16.4593 -17.0881 9.9
      vertex 16.4593 -14.7317 9.9
      vertex 16.5599 -14.7841 9.9
    endloop
  endfacet
  facet normal 0 0 -1
    outer loop
      vertex 16.3545 -17.1315 9.9
      vertex 16.4593 -14.7317 9.9
      vertex 16.4593 -17.0881 9.9
    endloop
  endfacet
  facet normal 0 0 -1
    outer loop
      vertex 16.3545 -17.1315 9.9
      vertex 16.3545 -14.6883 9.9
      vertex 16.4593 -14.7317 9.9
    endloop
  endfacet
  facet normal 0 0 -1
    outer loop
      vertex 16.2464 -17.1656 9.9
      vertex 16.3545 -14.6883 9.9
      vertex 16.3545 -17.1315 9.9
    endloop
  endfacet
  facet normal 0 0 -1
    outer loop
      vertex 16.2464 -17.1656 9.9
      vertex 16.2464 -14.6542 9.9
      vertex 16.3545 -14.6883 9.9
    endloop
  endfacet
  facet normal 0 0 -1
    outer loop
      vertex 16.1356 -17.1902 9.9
      vertex 16.2464 -14.6542 9.9
      vertex 16.2464 -17.1656 9.9
    endloop
  endfacet
  facet normal 0 0 -1
    outer loop
      vertex 16.1356 -17.1902 9.9
      vertex 16.1356 -14.6297 9.9
      vertex 16.2464 -14.6542 9.9
    endloop
  endfacet
  facet normal 0 0 -1
    outer loop
      vertex 16.0232 -17.205 9.9
      vertex 16.1356 -14.6297 9.9
      vertex 16.1356 -17.1902 9.9
    endloop
  endfacet
  facet normal 0 0 -1
    outer loop
      vertex 16.0232 -17.205 9.9
      vertex 16.0232 -14.6148 9.9
      vertex 16.1356 -14.6297 9.9
    endloop
  endfacet
  facet normal 0 0 -1
    outer loop
      vertex 15.9099 -17.2099 9.9
      vertex 16.0232 -14.6148 9.9
      vertex 16.0232 -17.205 9.9
    endloop
  endfacet
  facet normal 0 0 -1
    outer loop
      vertex 15.9099 -17.2099 9.9
      vertex 15.9099 -14.6099 9.9
      vertex 16.0232 -14.6148 9.9
    endloop
  endfacet
  facet normal 0 0 -1
    outer loop
      vertex 15.7966 -17.205 9.9
      vertex 15.9099 -14.6099 9.9
      vertex 15.9099 -17.2099 9.9
    endloop
  endfacet
  facet normal 0 0 -1
    outer loop
      vertex 15.7966 -17.205 9.9
      vertex 15.7966 -14.6148 9.9
      vertex 15.9099 -14.6099 9.9
    endloop
  endfacet
  facet normal 0 0 -1
    outer loop
      vertex 15.6842 -17.1902 9.9
      vertex 15.7966 -14.6148 9.9
      vertex 15.7966 -17.205 9.9
    endloop
  endfacet
  facet normal 0 0 -1
    outer loop
      vertex 15.6842 -17.1902 9.9
      vertex 15.6842 -14.6297 9.9
      vertex 15.7966 -14.6148 9.9
    endloop
  endfacet
  facet normal 0 0 -1
    outer loop
      vertex 15.5734 -17.1656 9.9
      vertex 15.6842 -14.6297 9.9
      vertex 15.6842 -17.1902 9.9
    endloop
  endfacet
  facet normal 0 0 -1
    outer loop
      vertex 15.5734 -17.1656 9.9
      vertex 15.5734 -14.6542 9.9
      vertex 15.6842 -14.6297 9.9
    endloop
  endfacet
  facet normal 0 0 -1
    outer loop
      vertex 15.4653 -17.1315 9.9
      vertex 15.5734 -14.6542 9.9
      vertex 15.5734 -17.1656 9.9
    endloop
  endfacet
  facet normal 0 0 -1
    outer loop
      vertex 15.4653 -17.1315 9.9
      vertex 15.4653 -14.6883 9.9
      vertex 15.5734 -14.6542 9.9
    endloop
  endfacet
  facet normal 0 0 -1
    outer loop
      vertex 15.3605 -17.0881 9.9
      vertex 15.4653 -14.6883 9.9
      vertex 15.4653 -17.1315 9.9
    endloop
  endfacet
  facet normal 0 0 -1
    outer loop
      vertex 15.3605 -17.0881 9.9
      vertex 15.3605 -14.7317 9.9
      vertex 15.4653 -14.6883 9.9
    endloop
  endfacet
  facet normal 0 0 -1
    outer loop
      vertex 15.2599 -17.0357 9.9
      vertex 15.3605 -14.7317 9.9
      vertex 15.3605 -17.0881 9.9
    endloop
  endfacet
  facet normal 0 0 -1
    outer loop
      vertex 15.2599 -17.0357 9.9
      vertex 15.2599 -14.7841 9.9
      vertex 15.3605 -14.7317 9.9
    endloop
  endfacet
  facet normal 0 0 -1
    outer loop
      vertex 15.1643 -16.9748 9.9
      vertex 15.2599 -14.7841 9.9
      vertex 15.2599 -17.0357 9.9
    endloop
  endfacet
  facet normal 0 0 -1
    outer loop
      vertex 15.1643 -16.9748 9.9
      vertex 15.1643 -14.845 9.9
      vertex 15.2599 -14.7841 9.9
    endloop
  endfacet
  facet normal 0 0 -1
    outer loop
      vertex 15.0743 -16.9058 9.9
      vertex 15.1643 -14.845 9.9
      vertex 15.1643 -16.9748 9.9
    endloop
  endfacet
  facet normal 0 0 -1
    outer loop
      vertex 15.0743 -16.9058 9.9
      vertex 15.0743 -14.914 9.9
      vertex 15.1643 -14.845 9.9
    endloop
  endfacet
  facet normal 0 0 -1
    outer loop
      vertex 14.9907 -16.8291 9.9
      vertex 15.0743 -14.914 9.9
      vertex 15.0743 -16.9058 9.9
    endloop
  endfacet
  facet normal 0 0 -1
    outer loop
      vertex 14.9907 -16.8291 9.9
      vertex 14.9907 -14.9907 9.9
      vertex 15.0743 -14.914 9.9
    endloop
  endfacet
  facet normal 0 0 -1
    outer loop
      vertex 14.914 -16.7455 9.9
      vertex 14.9907 -14.9907 9.9
      vertex 14.9907 -16.8291 9.9
    endloop
  endfacet
  facet normal 0 0 -1
    outer loop
      vertex 14.914 -16.7455 9.9
      vertex 14.914 -15.0743 9.9
      vertex 14.9907 -14.9907 9.9
    endloop
  endfacet
  facet normal 0 0 -1
    outer loop
      vertex 14.845 -16.6556 9.9
      vertex 14.914 -15.0743 9.9
      vertex 14.914 -16.7455 9.9
    endloop
  endfacet
  facet normal 0 0 -1
    outer loop
      vertex 14.845 -16.6556 9.9
      vertex 14.845 -15.1643 9.9
      vertex 14.914 -15.0743 9.9
    endloop
  endfacet
  facet normal 0 0 -1
    outer loop
      vertex 14.7841 -16.5599 9.9
      vertex 14.845 -15.1643 9.9
      vertex 14.845 -16.6556 9.9
    endloop
  endfacet
  facet normal 0 0 -1
    outer loop
      vertex 14.7841 -16.5599 9.9
      vertex 14.7841 -15.2599 9.9
      vertex 14.845 -15.1643 9.9
    endloop
  endfacet
  facet normal 0 0 -1
    outer loop
      vertex 14.7317 -16.4593 9.9
      vertex 14.7841 -15.2599 9.9
      vertex 14.7841 -16.5599 9.9
    endloop
  endfacet
  facet normal 0 0 -1
    outer loop
      vertex 14.7317 -16.4593 9.9
      vertex 14.7317 -15.3605 9.9
      vertex 14.7841 -15.2599 9.9
    endloop
  endfacet
  facet normal 0 0 -1
    outer loop
      vertex 14.6883 -16.3545 9.9
      vertex 14.7317 -15.3605 9.9
      vertex 14.7317 -16.4593 9.9
    endloop
  endfacet
  facet normal 0 0 -1
    outer loop
      vertex 14.6883 -16.3545 9.9
      vertex 14.6883 -15.4653 9.9
      vertex 14.7317 -15.3605 9.9
    endloop
  endfacet
  facet normal 0 0 -1
    outer loop
      vertex 14.6542 -16.2464 9.9
      vertex 14.6883 -15.4653 9.9
      vertex 14.6883 -16.3545 9.9
    endloop
  endfacet
  facet normal 0 0 -1
    outer loop
      vertex 14.6542 -16.2464 9.9
      vertex 14.6542 -15.5734 9.9
      vertex 14.6883 -15.4653 9.9
    endloop
  endfacet
  facet normal 0 0 -1
    outer loop
      vertex 14.6297 -16.1356 9.9
      vertex 14.6542 -15.5734 9.9
      vertex 14.6542 -16.2464 9.9
    endloop
  endfacet
  facet normal 0 0 -1
    outer loop
      vertex 14.6297 -16.1356 9.9
      vertex 14.6297 -15.6842 9.9
      vertex 14.6542 -15.5734 9.9
    endloop
  endfacet
  facet normal 0 0 -1
    outer loop
      vertex 14.6148 -16.0232 9.9
      vertex 14.6297 -15.6842 9.9
      vertex 14.6297 -16.1356 9.9
    endloop
  endfacet
  facet normal 0 0 -1
    outer loop
      vertex 14.6148 -16.0232 9.9
      vertex 14.6148 -15.7966 9.9
      vertex 14.6297 -15.6842 9.9
    endloop
  endfacet
  facet normal 0 -0 -1
    outer loop
      vertex 14.6148 -15.7966 9.9
      vertex 14.6148 -16.0232 9.9
      vertex 14.6099 -15.9099 9.9
    endloop
  endfacet
  facet normal 0.923909 0.382611 0
    outer loop
      vertex 14.7317 -16.4593 9.9
      vertex 14.6883 -16.3545 0
      vertex 14.6883 -16.3545 9.9
    endloop
  endfacet
  facet normal 0.923909 0.382611 0
    outer loop
      vertex 14.6883 -16.3545 0
      vertex 14.7317 -16.4593 9.9
      vertex 14.7317 -16.4593 0
    endloop
  endfacet
  facet normal 0.953676 0.300836 0
    outer loop
      vertex 14.6883 -16.3545 9.9
      vertex 14.6542 -16.2464 0
      vertex 14.6542 -16.2464 9.9
    endloop
  endfacet
  facet normal 0.953676 0.300836 0
    outer loop
      vertex 14.6542 -16.2464 0
      vertex 14.6883 -16.3545 9.9
      vertex 14.6883 -16.3545 0
    endloop
  endfacet
  facet normal 0.923909 -0.382611 0
    outer loop
      vertex 14.6883 -15.4653 9.9
      vertex 14.7317 -15.3605 0
      vertex 14.7317 -15.3605 9.9
    endloop
  endfacet
  facet normal 0.923909 -0.382611 0
    outer loop
      vertex 14.7317 -15.3605 0
      vertex 14.6883 -15.4653 9.9
      vertex 14.6883 -15.4653 0
    endloop
  endfacet
  facet normal 0.953676 -0.300836 0
    outer loop
      vertex 14.6542 -15.5734 9.9
      vertex 14.6883 -15.4653 0
      vertex 14.6883 -15.4653 9.9
    endloop
  endfacet
  facet normal 0.953676 -0.300836 0
    outer loop
      vertex 14.6883 -15.4653 0
      vertex 14.6542 -15.5734 9.9
      vertex 14.6542 -15.5734 0
    endloop
  endfacet
  facet normal -0.608858 -0.79328 0
    outer loop
      vertex 16.6556 16.9748 60.1
      vertex 16.7455 16.9058 70
      vertex 16.6556 16.9748 70
    endloop
  endfacet
  facet normal -0.608858 -0.79328 -0
    outer loop
      vertex 16.7455 16.9058 70
      vertex 16.6556 16.9748 60.1
      vertex 16.7455 16.9058 60.1
    endloop
  endfacet
  facet normal -0.676044 -0.736861 0
    outer loop
      vertex 16.7455 16.9058 60.1
      vertex 16.8291 16.8291 70
      vertex 16.7455 16.9058 70
    endloop
  endfacet
  facet normal -0.676044 -0.736861 -0
    outer loop
      vertex 16.8291 16.8291 70
      vertex 16.7455 16.9058 60.1
      vertex 16.8291 16.8291 60.1
    endloop
  endfacet
  facet normal -0.886899 -0.461963 0
    outer loop
      vertex 17.0881 16.4593 60.1
      vertex 17.0357 16.5599 70
      vertex 17.0357 16.5599 60.1
    endloop
  endfacet
  facet normal -0.886899 -0.461963 0
    outer loop
      vertex 17.0357 16.5599 70
      vertex 17.0881 16.4593 60.1
      vertex 17.0881 16.4593 70
    endloop
  endfacet
  facet normal -0.736861 -0.676044 0
    outer loop
      vertex 16.9058 16.7455 60.1
      vertex 16.8291 16.8291 70
      vertex 16.8291 16.8291 60.1
    endloop
  endfacet
  facet normal -0.736861 -0.676044 0
    outer loop
      vertex 16.8291 16.8291 70
      vertex 16.9058 16.7455 60.1
      vertex 16.9058 16.7455 70
    endloop
  endfacet
  facet normal -0.382611 -0.923909 0
    outer loop
      vertex 16.3545 17.1315 60.1
      vertex 16.4593 17.0881 70
      vertex 16.3545 17.1315 70
    endloop
  endfacet
  facet normal -0.382611 -0.923909 -0
    outer loop
      vertex 16.4593 17.0881 70
      vertex 16.3545 17.1315 60.1
      vertex 16.4593 17.0881 60.1
    endloop
  endfacet
  facet normal -0.0417961 -0.999126 0
    outer loop
      vertex 15.973 17.2071 60.1
      vertex 16.0232 17.205 70
      vertex 15.973 17.2071 70
    endloop
  endfacet
  facet normal -0.0417961 -0.999126 -0
    outer loop
      vertex 16.0232 17.205 70
      vertex 15.973 17.2071 60.1
      vertex 16.0232 17.205 60.1
    endloop
  endfacet
  facet normal -0.976229 -0.216744 0
    outer loop
      vertex 17.1902 16.1356 60.1
      vertex 17.1656 16.2464 70
      vertex 17.1656 16.2464 60.1
    endloop
  endfacet
  facet normal -0.976229 -0.216744 0
    outer loop
      vertex 17.1656 16.2464 70
      vertex 17.1902 16.1356 60.1
      vertex 17.1902 16.1356 70
    endloop
  endfacet
  facet normal -0.130546 -0.991442 0
    outer loop
      vertex 16.0232 17.205 60.1
      vertex 16.1356 17.1902 70
      vertex 16.0232 17.205 70
    endloop
  endfacet
  facet normal -0.130546 -0.991442 -0
    outer loop
      vertex 16.1356 17.1902 70
      vertex 16.0232 17.205 60.1
      vertex 16.1356 17.1902 60.1
    endloop
  endfacet
  facet normal -0.999126 -0.0417961 0
    outer loop
      vertex 17.2071 15.973 60.1
      vertex 17.205 16.0232 70
      vertex 17.205 16.0232 60.1
    endloop
  endfacet
  facet normal -0.999126 -0.0417961 0
    outer loop
      vertex 17.205 16.0232 70
      vertex 17.2071 15.973 60.1
      vertex 17.2071 15.973 70
    endloop
  endfacet
  facet normal -0.300836 -0.953676 0
    outer loop
      vertex 16.2464 17.1656 60.1
      vertex 16.3545 17.1315 70
      vertex 16.2464 17.1656 70
    endloop
  endfacet
  facet normal -0.300836 -0.953676 -0
    outer loop
      vertex 16.3545 17.1315 70
      vertex 16.2464 17.1656 60.1
      vertex 16.3545 17.1315 60.1
    endloop
  endfacet
  facet normal -0.216744 -0.976229 0
    outer loop
      vertex 16.1356 17.1902 60.1
      vertex 16.2464 17.1656 70
      vertex 16.1356 17.1902 70
    endloop
  endfacet
  facet normal -0.216744 -0.976229 -0
    outer loop
      vertex 16.2464 17.1656 70
      vertex 16.1356 17.1902 60.1
      vertex 16.2464 17.1656 60.1
    endloop
  endfacet
  facet normal -0.843661 -0.536875 0
    outer loop
      vertex 17.0357 16.5599 60.1
      vertex 16.9748 16.6556 70
      vertex 16.9748 16.6556 60.1
    endloop
  endfacet
  facet normal -0.843661 -0.536875 0
    outer loop
      vertex 16.9748 16.6556 70
      vertex 17.0357 16.5599 60.1
      vertex 17.0357 16.5599 70
    endloop
  endfacet
  facet normal -0.79328 -0.608858 0
    outer loop
      vertex 16.9748 16.6556 60.1
      vertex 16.9058 16.7455 70
      vertex 16.9058 16.7455 60.1
    endloop
  endfacet
  facet normal -0.79328 -0.608858 0
    outer loop
      vertex 16.9058 16.7455 70
      vertex 16.9748 16.6556 60.1
      vertex 16.9748 16.6556 70
    endloop
  endfacet
  facet normal -0.461963 -0.886899 0
    outer loop
      vertex 16.4593 17.0881 60.1
      vertex 16.5599 17.0357 70
      vertex 16.4593 17.0881 70
    endloop
  endfacet
  facet normal -0.461963 -0.886899 -0
    outer loop
      vertex 16.5599 17.0357 70
      vertex 16.4593 17.0881 60.1
      vertex 16.5599 17.0357 60.1
    endloop
  endfacet
  facet normal -0.991442 -0.130546 0
    outer loop
      vertex 17.205 16.0232 60.1
      vertex 17.1902 16.1356 70
      vertex 17.1902 16.1356 60.1
    endloop
  endfacet
  facet normal -0.991442 -0.130546 0
    outer loop
      vertex 17.1902 16.1356 70
      vertex 17.205 16.0232 60.1
      vertex 17.205 16.0232 70
    endloop
  endfacet
  facet normal -0.953676 -0.300836 0
    outer loop
      vertex 17.1656 16.2464 60.1
      vertex 17.1315 16.3545 70
      vertex 17.1315 16.3545 60.1
    endloop
  endfacet
  facet normal -0.953676 -0.300836 0
    outer loop
      vertex 17.1315 16.3545 70
      vertex 17.1656 16.2464 60.1
      vertex 17.1656 16.2464 70
    endloop
  endfacet
  facet normal -0.923909 -0.382611 0
    outer loop
      vertex 17.1315 16.3545 60.1
      vertex 17.0881 16.4593 70
      vertex 17.0881 16.4593 60.1
    endloop
  endfacet
  facet normal -0.923909 -0.382611 0
    outer loop
      vertex 17.0881 16.4593 70
      vertex 17.1315 16.3545 60.1
      vertex 17.1315 16.3545 70
    endloop
  endfacet
  facet normal -0.536875 -0.843661 0
    outer loop
      vertex 16.5599 17.0357 60.1
      vertex 16.6556 16.9748 70
      vertex 16.5599 17.0357 70
    endloop
  endfacet
  facet normal -0.536875 -0.843661 -0
    outer loop
      vertex 16.6556 16.9748 70
      vertex 16.5599 17.0357 60.1
      vertex 16.6556 16.9748 60.1
    endloop
  endfacet
  facet normal 0 0 1
    outer loop
      vertex 16.617 16.617 60.1
      vertex 17.205 16.0232 60.1
      vertex 17.1902 16.1356 60.1
    endloop
  endfacet
  facet normal 0 0 1
    outer loop
      vertex 16.617 16.617 60.1
      vertex 17.1902 16.1356 60.1
      vertex 17.1656 16.2464 60.1
    endloop
  endfacet
  facet normal 0 0 1
    outer loop
      vertex 16.617 16.617 60.1
      vertex 17.1656 16.2464 60.1
      vertex 17.1315 16.3545 60.1
    endloop
  endfacet
  facet normal 0 0 1
    outer loop
      vertex 16.617 16.617 60.1
      vertex 17.1315 16.3545 60.1
      vertex 17.0881 16.4593 60.1
    endloop
  endfacet
  facet normal 0 0 1
    outer loop
      vertex 16.617 16.617 60.1
      vertex 17.0881 16.4593 60.1
      vertex 17.0357 16.5599 60.1
    endloop
  endfacet
  facet normal -0 0 1
    outer loop
      vertex 16.617 16.617 60.1
      vertex 17.0357 16.5599 60.1
      vertex 16.9748 16.6556 60.1
    endloop
  endfacet
  facet normal 0 0 1
    outer loop
      vertex 16.617 16.617 60.1
      vertex 16.9748 16.6556 60.1
      vertex 16.9058 16.7455 60.1
    endloop
  endfacet
  facet normal 0 0 1
    outer loop
      vertex 16.617 16.617 60.1
      vertex 16.9058 16.7455 60.1
      vertex 16.8291 16.8291 60.1
    endloop
  endfacet
  facet normal 0 0 1
    outer loop
      vertex 16.617 16.617 60.1
      vertex 16.8291 16.8291 60.1
      vertex 16.7455 16.9058 60.1
    endloop
  endfacet
  facet normal 0 0 1
    outer loop
      vertex 16.617 16.617 60.1
      vertex 16.7455 16.9058 60.1
      vertex 16.6556 16.9748 60.1
    endloop
  endfacet
  facet normal 0 0 1
    outer loop
      vertex 17.205 16.0232 60.1
      vertex 16.617 16.617 60.1
      vertex 17.2071 15.973 60.1
    endloop
  endfacet
  facet normal 0 0 1
    outer loop
      vertex 16.5599 17.0357 60.1
      vertex 16.617 16.617 60.1
      vertex 16.6556 16.9748 60.1
    endloop
  endfacet
  facet normal 0 0 1
    outer loop
      vertex 16.4593 17.0881 60.1
      vertex 16.617 16.617 60.1
      vertex 16.5599 17.0357 60.1
    endloop
  endfacet
  facet normal 0 0 1
    outer loop
      vertex 16.3545 17.1315 60.1
      vertex 16.617 16.617 60.1
      vertex 16.4593 17.0881 60.1
    endloop
  endfacet
  facet normal 0 0 1
    outer loop
      vertex 16.2464 17.1656 60.1
      vertex 16.617 16.617 60.1
      vertex 16.3545 17.1315 60.1
    endloop
  endfacet
  facet normal 0 0 1
    outer loop
      vertex 16.1356 17.1902 60.1
      vertex 16.617 16.617 60.1
      vertex 16.2464 17.1656 60.1
    endloop
  endfacet
  facet normal 0 0 1
    outer loop
      vertex 16.0232 17.205 60.1
      vertex 16.617 16.617 60.1
      vertex 16.1356 17.1902 60.1
    endloop
  endfacet
  facet normal 0 0 1
    outer loop
      vertex 16.617 16.617 60.1
      vertex 16.0232 17.205 60.1
      vertex 15.973 17.2071 60.1
    endloop
  endfacet
  facet normal 0.79328 -0.608858 0
    outer loop
      vertex -16.9748 16.6556 70
      vertex -16.9058 16.7455 60.1
      vertex -16.9058 16.7455 70
    endloop
  endfacet
  facet normal 0.79328 -0.608858 0
    outer loop
      vertex -16.9058 16.7455 60.1
      vertex -16.9748 16.6556 70
      vertex -16.9748 16.6556 60.1
    endloop
  endfacet
  facet normal 0.736861 -0.676044 0
    outer loop
      vertex -16.9058 16.7455 70
      vertex -16.8291 16.8291 60.1
      vertex -16.8291 16.8291 70
    endloop
  endfacet
  facet normal 0.736861 -0.676044 0
    outer loop
      vertex -16.8291 16.8291 60.1
      vertex -16.9058 16.7455 70
      vertex -16.9058 16.7455 60.1
    endloop
  endfacet
  facet normal 0.461963 -0.886899 0
    outer loop
      vertex -16.5599 17.0357 60.1
      vertex -16.4593 17.0881 70
      vertex -16.5599 17.0357 70
    endloop
  endfacet
  facet normal 0.461963 -0.886899 0
    outer loop
      vertex -16.4593 17.0881 70
      vertex -16.5599 17.0357 60.1
      vertex -16.4593 17.0881 60.1
    endloop
  endfacet
  facet normal 0.676044 -0.736861 0
    outer loop
      vertex -16.8291 16.8291 60.1
      vertex -16.7455 16.9058 70
      vertex -16.8291 16.8291 70
    endloop
  endfacet
  facet normal 0.676044 -0.736861 0
    outer loop
      vertex -16.7455 16.9058 70
      vertex -16.8291 16.8291 60.1
      vertex -16.7455 16.9058 60.1
    endloop
  endfacet
  facet normal 0.923909 -0.382611 0
    outer loop
      vertex -17.1315 16.3545 70
      vertex -17.0881 16.4593 60.1
      vertex -17.0881 16.4593 70
    endloop
  endfacet
  facet normal 0.923909 -0.382611 0
    outer loop
      vertex -17.0881 16.4593 60.1
      vertex -17.1315 16.3545 70
      vertex -17.1315 16.3545 60.1
    endloop
  endfacet
  facet normal 0.999126 -0.0417961 0
    outer loop
      vertex -17.2071 15.973 70
      vertex -17.205 16.0232 60.1
      vertex -17.205 16.0232 70
    endloop
  endfacet
  facet normal 0.999126 -0.0417961 0
    outer loop
      vertex -17.205 16.0232 60.1
      vertex -17.2071 15.973 70
      vertex -17.2071 15.973 60.1
    endloop
  endfacet
  facet normal 0.216744 -0.976229 0
    outer loop
      vertex -16.2464 17.1656 60.1
      vertex -16.1356 17.1902 70
      vertex -16.2464 17.1656 70
    endloop
  endfacet
  facet normal 0.216744 -0.976229 0
    outer loop
      vertex -16.1356 17.1902 70
      vertex -16.2464 17.1656 60.1
      vertex -16.1356 17.1902 60.1
    endloop
  endfacet
  facet normal 0.991442 -0.130546 0
    outer loop
      vertex -17.205 16.0232 70
      vertex -17.1902 16.1356 60.1
      vertex -17.1902 16.1356 70
    endloop
  endfacet
  facet normal 0.991442 -0.130546 0
    outer loop
      vertex -17.1902 16.1356 60.1
      vertex -17.205 16.0232 70
      vertex -17.205 16.0232 60.1
    endloop
  endfacet
  facet normal 0.0417961 -0.999126 0
    outer loop
      vertex -16.0232 17.205 60.1
      vertex -15.973 17.2071 70
      vertex -16.0232 17.205 70
    endloop
  endfacet
  facet normal 0.0417961 -0.999126 0
    outer loop
      vertex -15.973 17.2071 70
      vertex -16.0232 17.205 60.1
      vertex -15.973 17.2071 60.1
    endloop
  endfacet
  facet normal 0.953676 -0.300836 0
    outer loop
      vertex -17.1656 16.2464 70
      vertex -17.1315 16.3545 60.1
      vertex -17.1315 16.3545 70
    endloop
  endfacet
  facet normal 0.953676 -0.300836 0
    outer loop
      vertex -17.1315 16.3545 60.1
      vertex -17.1656 16.2464 70
      vertex -17.1656 16.2464 60.1
    endloop
  endfacet
  facet normal 0.976229 -0.216744 0
    outer loop
      vertex -17.1902 16.1356 70
      vertex -17.1656 16.2464 60.1
      vertex -17.1656 16.2464 70
    endloop
  endfacet
  facet normal 0.976229 -0.216744 0
    outer loop
      vertex -17.1656 16.2464 60.1
      vertex -17.1902 16.1356 70
      vertex -17.1902 16.1356 60.1
    endloop
  endfacet
  facet normal 0.536875 -0.843661 0
    outer loop
      vertex -16.6556 16.9748 60.1
      vertex -16.5599 17.0357 70
      vertex -16.6556 16.9748 70
    endloop
  endfacet
  facet normal 0.536875 -0.843661 0
    outer loop
      vertex -16.5599 17.0357 70
      vertex -16.6556 16.9748 60.1
      vertex -16.5599 17.0357 60.1
    endloop
  endfacet
  facet normal 0.608858 -0.79328 0
    outer loop
      vertex -16.7455 16.9058 60.1
      vertex -16.6556 16.9748 70
      vertex -16.7455 16.9058 70
    endloop
  endfacet
  facet normal 0.608858 -0.79328 0
    outer loop
      vertex -16.6556 16.9748 70
      vertex -16.7455 16.9058 60.1
      vertex -16.6556 16.9748 60.1
    endloop
  endfacet
  facet normal 0.886899 -0.461963 0
    outer loop
      vertex -17.0881 16.4593 70
      vertex -17.0357 16.5599 60.1
      vertex -17.0357 16.5599 70
    endloop
  endfacet
  facet normal 0.886899 -0.461963 0
    outer loop
      vertex -17.0357 16.5599 60.1
      vertex -17.0881 16.4593 70
      vertex -17.0881 16.4593 60.1
    endloop
  endfacet
  facet normal 0 0 1
    outer loop
      vertex -16.617 16.617 60.1
      vertex -16.0232 17.205 60.1
      vertex -16.1356 17.1902 60.1
    endloop
  endfacet
  facet normal 0 0 1
    outer loop
      vertex -16.617 16.617 60.1
      vertex -16.1356 17.1902 60.1
      vertex -16.2464 17.1656 60.1
    endloop
  endfacet
  facet normal 0 0 1
    outer loop
      vertex -16.617 16.617 60.1
      vertex -16.2464 17.1656 60.1
      vertex -16.3545 17.1315 60.1
    endloop
  endfacet
  facet normal 0 0 1
    outer loop
      vertex -16.617 16.617 60.1
      vertex -16.3545 17.1315 60.1
      vertex -16.4593 17.0881 60.1
    endloop
  endfacet
  facet normal 0 0 1
    outer loop
      vertex -16.617 16.617 60.1
      vertex -16.4593 17.0881 60.1
      vertex -16.5599 17.0357 60.1
    endloop
  endfacet
  facet normal -0 0 1
    outer loop
      vertex -16.0232 17.205 60.1
      vertex -16.617 16.617 60.1
      vertex -15.973 17.2071 60.1
    endloop
  endfacet
  facet normal -0 0 1
    outer loop
      vertex -16.6556 16.9748 60.1
      vertex -16.617 16.617 60.1
      vertex -16.5599 17.0357 60.1
    endloop
  endfacet
  facet normal -0 0 1
    outer loop
      vertex -16.7455 16.9058 60.1
      vertex -16.617 16.617 60.1
      vertex -16.6556 16.9748 60.1
    endloop
  endfacet
  facet normal -0 0 1
    outer loop
      vertex -16.8291 16.8291 60.1
      vertex -16.617 16.617 60.1
      vertex -16.7455 16.9058 60.1
    endloop
  endfacet
  facet normal -0 0 1
    outer loop
      vertex -16.9058 16.7455 60.1
      vertex -16.617 16.617 60.1
      vertex -16.8291 16.8291 60.1
    endloop
  endfacet
  facet normal -0 0 1
    outer loop
      vertex -16.9748 16.6556 60.1
      vertex -16.617 16.617 60.1
      vertex -16.9058 16.7455 60.1
    endloop
  endfacet
  facet normal 0 0 1
    outer loop
      vertex -17.0357 16.5599 60.1
      vertex -16.617 16.617 60.1
      vertex -16.9748 16.6556 60.1
    endloop
  endfacet
  facet normal 0 0 1
    outer loop
      vertex -17.0881 16.4593 60.1
      vertex -16.617 16.617 60.1
      vertex -17.0357 16.5599 60.1
    endloop
  endfacet
  facet normal 0 0 1
    outer loop
      vertex -17.1315 16.3545 60.1
      vertex -16.617 16.617 60.1
      vertex -17.0881 16.4593 60.1
    endloop
  endfacet
  facet normal 0 0 1
    outer loop
      vertex -17.1656 16.2464 60.1
      vertex -16.617 16.617 60.1
      vertex -17.1315 16.3545 60.1
    endloop
  endfacet
  facet normal 0 0 1
    outer loop
      vertex -17.1902 16.1356 60.1
      vertex -16.617 16.617 60.1
      vertex -17.1656 16.2464 60.1
    endloop
  endfacet
  facet normal 0 0 1
    outer loop
      vertex -17.205 16.0232 60.1
      vertex -16.617 16.617 60.1
      vertex -17.1902 16.1356 60.1
    endloop
  endfacet
  facet normal 0 0 1
    outer loop
      vertex -16.617 16.617 60.1
      vertex -17.205 16.0232 60.1
      vertex -17.2071 15.973 60.1
    endloop
  endfacet
  facet normal 0.130546 -0.991442 0
    outer loop
      vertex -16.1356 17.1902 60.1
      vertex -16.0232 17.205 70
      vertex -16.1356 17.1902 70
    endloop
  endfacet
  facet normal 0.130546 -0.991442 0
    outer loop
      vertex -16.0232 17.205 70
      vertex -16.1356 17.1902 60.1
      vertex -16.0232 17.205 60.1
    endloop
  endfacet
  facet normal 0.382611 -0.923909 0
    outer loop
      vertex -16.4593 17.0881 60.1
      vertex -16.3545 17.1315 70
      vertex -16.4593 17.0881 70
    endloop
  endfacet
  facet normal 0.382611 -0.923909 0
    outer loop
      vertex -16.3545 17.1315 70
      vertex -16.4593 17.0881 60.1
      vertex -16.3545 17.1315 60.1
    endloop
  endfacet
  facet normal 0.300836 -0.953676 0
    outer loop
      vertex -16.3545 17.1315 60.1
      vertex -16.2464 17.1656 70
      vertex -16.3545 17.1315 70
    endloop
  endfacet
  facet normal 0.300836 -0.953676 0
    outer loop
      vertex -16.2464 17.1656 70
      vertex -16.3545 17.1315 60.1
      vertex -16.2464 17.1656 60.1
    endloop
  endfacet
  facet normal 0.843661 -0.536875 0
    outer loop
      vertex -17.0357 16.5599 70
      vertex -16.9748 16.6556 60.1
      vertex -16.9748 16.6556 70
    endloop
  endfacet
  facet normal 0.843661 -0.536875 0
    outer loop
      vertex -16.9748 16.6556 60.1
      vertex -17.0357 16.5599 70
      vertex -17.0357 16.5599 60.1
    endloop
  endfacet
  facet normal 0.676044 0.736861 -0
    outer loop
      vertex -16.7455 -16.9058 60.1
      vertex -16.8291 -16.8291 70
      vertex -16.7455 -16.9058 70
    endloop
  endfacet
  facet normal 0.676044 0.736861 0
    outer loop
      vertex -16.8291 -16.8291 70
      vertex -16.7455 -16.9058 60.1
      vertex -16.8291 -16.8291 60.1
    endloop
  endfacet
  facet normal 0.953676 0.300836 0
    outer loop
      vertex -17.1315 -16.3545 70
      vertex -17.1656 -16.2464 60.1
      vertex -17.1656 -16.2464 70
    endloop
  endfacet
  facet normal 0.953676 0.300836 0
    outer loop
      vertex -17.1656 -16.2464 60.1
      vertex -17.1315 -16.3545 70
      vertex -17.1315 -16.3545 60.1
    endloop
  endfacet
  facet normal 0.130546 0.991442 -0
    outer loop
      vertex -16.0232 -17.205 60.1
      vertex -16.1356 -17.1902 70
      vertex -16.0232 -17.205 70
    endloop
  endfacet
  facet normal 0.130546 0.991442 0
    outer loop
      vertex -16.1356 -17.1902 70
      vertex -16.0232 -17.205 60.1
      vertex -16.1356 -17.1902 60.1
    endloop
  endfacet
  facet normal 0.886899 0.461963 0
    outer loop
      vertex -17.0357 -16.5599 70
      vertex -17.0881 -16.4593 60.1
      vertex -17.0881 -16.4593 70
    endloop
  endfacet
  facet normal 0.886899 0.461963 0
    outer loop
      vertex -17.0881 -16.4593 60.1
      vertex -17.0357 -16.5599 70
      vertex -17.0357 -16.5599 60.1
    endloop
  endfacet
  facet normal 0.991442 0.130546 0
    outer loop
      vertex -17.1902 -16.1356 70
      vertex -17.205 -16.0232 60.1
      vertex -17.205 -16.0232 70
    endloop
  endfacet
  facet normal 0.991442 0.130546 0
    outer loop
      vertex -17.205 -16.0232 60.1
      vertex -17.1902 -16.1356 70
      vertex -17.1902 -16.1356 60.1
    endloop
  endfacet
  facet normal 0.608858 0.79328 -0
    outer loop
      vertex -16.6556 -16.9748 60.1
      vertex -16.7455 -16.9058 70
      vertex -16.6556 -16.9748 70
    endloop
  endfacet
  facet normal 0.608858 0.79328 0
    outer loop
      vertex -16.7455 -16.9058 70
      vertex -16.6556 -16.9748 60.1
      vertex -16.7455 -16.9058 60.1
    endloop
  endfacet
  facet normal 0.736861 0.676044 0
    outer loop
      vertex -16.8291 -16.8291 70
      vertex -16.9058 -16.7455 60.1
      vertex -16.9058 -16.7455 70
    endloop
  endfacet
  facet normal 0.736861 0.676044 0
    outer loop
      vertex -16.9058 -16.7455 60.1
      vertex -16.8291 -16.8291 70
      vertex -16.8291 -16.8291 60.1
    endloop
  endfacet
  facet normal 0.382611 0.923909 -0
    outer loop
      vertex -16.3545 -17.1315 60.1
      vertex -16.4593 -17.0881 70
      vertex -16.3545 -17.1315 70
    endloop
  endfacet
  facet normal 0.382611 0.923909 0
    outer loop
      vertex -16.4593 -17.0881 70
      vertex -16.3545 -17.1315 60.1
      vertex -16.4593 -17.0881 60.1
    endloop
  endfacet
  facet normal 0.976229 0.216744 0
    outer loop
      vertex -17.1656 -16.2464 70
      vertex -17.1902 -16.1356 60.1
      vertex -17.1902 -16.1356 70
    endloop
  endfacet
  facet normal 0.976229 0.216744 0
    outer loop
      vertex -17.1902 -16.1356 60.1
      vertex -17.1656 -16.2464 70
      vertex -17.1656 -16.2464 60.1
    endloop
  endfacet
  facet normal 0.300836 0.953676 -0
    outer loop
      vertex -16.2464 -17.1656 60.1
      vertex -16.3545 -17.1315 70
      vertex -16.2464 -17.1656 70
    endloop
  endfacet
  facet normal 0.300836 0.953676 0
    outer loop
      vertex -16.3545 -17.1315 70
      vertex -16.2464 -17.1656 60.1
      vertex -16.3545 -17.1315 60.1
    endloop
  endfacet
  facet normal 0.216744 0.976229 -0
    outer loop
      vertex -16.1356 -17.1902 60.1
      vertex -16.2464 -17.1656 70
      vertex -16.1356 -17.1902 70
    endloop
  endfacet
  facet normal 0.216744 0.976229 0
    outer loop
      vertex -16.2464 -17.1656 70
      vertex -16.1356 -17.1902 60.1
      vertex -16.2464 -17.1656 60.1
    endloop
  endfacet
  facet normal 0.79328 0.608858 0
    outer loop
      vertex -16.9058 -16.7455 70
      vertex -16.9748 -16.6556 60.1
      vertex -16.9748 -16.6556 70
    endloop
  endfacet
  facet normal 0.79328 0.608858 0
    outer loop
      vertex -16.9748 -16.6556 60.1
      vertex -16.9058 -16.7455 70
      vertex -16.9058 -16.7455 60.1
    endloop
  endfacet
  facet normal 0.843661 0.536875 0
    outer loop
      vertex -16.9748 -16.6556 70
      vertex -17.0357 -16.5599 60.1
      vertex -17.0357 -16.5599 70
    endloop
  endfacet
  facet normal 0.843661 0.536875 0
    outer loop
      vertex -17.0357 -16.5599 60.1
      vertex -16.9748 -16.6556 70
      vertex -16.9748 -16.6556 60.1
    endloop
  endfacet
  facet normal 0.0417961 0.999126 -0
    outer loop
      vertex -15.973 -17.2071 60.1
      vertex -16.0232 -17.205 70
      vertex -15.973 -17.2071 70
    endloop
  endfacet
  facet normal 0.0417961 0.999126 0
    outer loop
      vertex -16.0232 -17.205 70
      vertex -15.973 -17.2071 60.1
      vertex -16.0232 -17.205 60.1
    endloop
  endfacet
  facet normal 0.461963 0.886899 -0
    outer loop
      vertex -16.4593 -17.0881 60.1
      vertex -16.5599 -17.0357 70
      vertex -16.4593 -17.0881 70
    endloop
  endfacet
  facet normal 0.461963 0.886899 0
    outer loop
      vertex -16.5599 -17.0357 70
      vertex -16.4593 -17.0881 60.1
      vertex -16.5599 -17.0357 60.1
    endloop
  endfacet
  facet normal 0.999126 0.0417961 0
    outer loop
      vertex -17.205 -16.0232 70
      vertex -17.2071 -15.973 60.1
      vertex -17.2071 -15.973 70
    endloop
  endfacet
  facet normal 0.999126 0.0417961 0
    outer loop
      vertex -17.2071 -15.973 60.1
      vertex -17.205 -16.0232 70
      vertex -17.205 -16.0232 60.1
    endloop
  endfacet
  facet normal 0 0 1
    outer loop
      vertex -16.617 -16.617 60.1
      vertex -16.0232 -17.205 60.1
      vertex -15.973 -17.2071 60.1
    endloop
  endfacet
  facet normal 0 0 1
    outer loop
      vertex -16.0232 -17.205 60.1
      vertex -16.617 -16.617 60.1
      vertex -16.1356 -17.1902 60.1
    endloop
  endfacet
  facet normal 0 0 1
    outer loop
      vertex -16.1356 -17.1902 60.1
      vertex -16.617 -16.617 60.1
      vertex -16.2464 -17.1656 60.1
    endloop
  endfacet
  facet normal 0 0 1
    outer loop
      vertex -16.2464 -17.1656 60.1
      vertex -16.617 -16.617 60.1
      vertex -16.3545 -17.1315 60.1
    endloop
  endfacet
  facet normal 0 0 1
    outer loop
      vertex -16.3545 -17.1315 60.1
      vertex -16.617 -16.617 60.1
      vertex -16.4593 -17.0881 60.1
    endloop
  endfacet
  facet normal 0 0 1
    outer loop
      vertex -16.4593 -17.0881 60.1
      vertex -16.617 -16.617 60.1
      vertex -16.5599 -17.0357 60.1
    endloop
  endfacet
  facet normal 0 0 1
    outer loop
      vertex -16.617 -16.617 60.1
      vertex -16.6556 -16.9748 60.1
      vertex -16.5599 -17.0357 60.1
    endloop
  endfacet
  facet normal 0 0 1
    outer loop
      vertex -16.617 -16.617 60.1
      vertex -16.7455 -16.9058 60.1
      vertex -16.6556 -16.9748 60.1
    endloop
  endfacet
  facet normal 0 0 1
    outer loop
      vertex -16.617 -16.617 60.1
      vertex -16.8291 -16.8291 60.1
      vertex -16.7455 -16.9058 60.1
    endloop
  endfacet
  facet normal 0 0 1
    outer loop
      vertex -16.617 -16.617 60.1
      vertex -16.9058 -16.7455 60.1
      vertex -16.8291 -16.8291 60.1
    endloop
  endfacet
  facet normal 0 0 1
    outer loop
      vertex -16.617 -16.617 60.1
      vertex -16.9748 -16.6556 60.1
      vertex -16.9058 -16.7455 60.1
    endloop
  endfacet
  facet normal 0 0 1
    outer loop
      vertex -16.617 -16.617 60.1
      vertex -17.0357 -16.5599 60.1
      vertex -16.9748 -16.6556 60.1
    endloop
  endfacet
  facet normal 0 0 1
    outer loop
      vertex -16.617 -16.617 60.1
      vertex -17.0881 -16.4593 60.1
      vertex -17.0357 -16.5599 60.1
    endloop
  endfacet
  facet normal 0 0 1
    outer loop
      vertex -16.617 -16.617 60.1
      vertex -17.1315 -16.3545 60.1
      vertex -17.0881 -16.4593 60.1
    endloop
  endfacet
  facet normal 0 0 1
    outer loop
      vertex -16.617 -16.617 60.1
      vertex -17.1656 -16.2464 60.1
      vertex -17.1315 -16.3545 60.1
    endloop
  endfacet
  facet normal 0 0 1
    outer loop
      vertex -16.617 -16.617 60.1
      vertex -17.1902 -16.1356 60.1
      vertex -17.1656 -16.2464 60.1
    endloop
  endfacet
  facet normal 0 0 1
    outer loop
      vertex -16.617 -16.617 60.1
      vertex -17.205 -16.0232 60.1
      vertex -17.1902 -16.1356 60.1
    endloop
  endfacet
  facet normal -0 -0 1
    outer loop
      vertex -17.205 -16.0232 60.1
      vertex -16.617 -16.617 60.1
      vertex -17.2071 -15.973 60.1
    endloop
  endfacet
  facet normal 0.923909 0.382611 0
    outer loop
      vertex -17.0881 -16.4593 70
      vertex -17.1315 -16.3545 60.1
      vertex -17.1315 -16.3545 70
    endloop
  endfacet
  facet normal 0.923909 0.382611 0
    outer loop
      vertex -17.1315 -16.3545 60.1
      vertex -17.0881 -16.4593 70
      vertex -17.0881 -16.4593 60.1
    endloop
  endfacet
  facet normal 0.536875 0.843661 -0
    outer loop
      vertex -16.5599 -17.0357 60.1
      vertex -16.6556 -16.9748 70
      vertex -16.5599 -17.0357 70
    endloop
  endfacet
  facet normal 0.536875 0.843661 0
    outer loop
      vertex -16.6556 -16.9748 70
      vertex -16.5599 -17.0357 60.1
      vertex -16.6556 -16.9748 60.1
    endloop
  endfacet
  facet normal -0.736861 0.676044 0
    outer loop
      vertex 16.8291 -16.8291 60.1
      vertex 16.9058 -16.7455 70
      vertex 16.9058 -16.7455 60.1
    endloop
  endfacet
  facet normal -0.736861 0.676044 0
    outer loop
      vertex 16.9058 -16.7455 70
      vertex 16.8291 -16.8291 60.1
      vertex 16.8291 -16.8291 70
    endloop
  endfacet
  facet normal -0.300836 0.953676 0
    outer loop
      vertex 16.3545 -17.1315 60.1
      vertex 16.2464 -17.1656 70
      vertex 16.3545 -17.1315 70
    endloop
  endfacet
  facet normal -0.300836 0.953676 0
    outer loop
      vertex 16.2464 -17.1656 70
      vertex 16.3545 -17.1315 60.1
      vertex 16.2464 -17.1656 60.1
    endloop
  endfacet
  facet normal -0.991442 0.130546 0
    outer loop
      vertex 17.1902 -16.1356 60.1
      vertex 17.205 -16.0232 70
      vertex 17.205 -16.0232 60.1
    endloop
  endfacet
  facet normal -0.991442 0.130546 0
    outer loop
      vertex 17.205 -16.0232 70
      vertex 17.1902 -16.1356 60.1
      vertex 17.1902 -16.1356 70
    endloop
  endfacet
  facet normal -0.461963 0.886899 0
    outer loop
      vertex 16.5599 -17.0357 60.1
      vertex 16.4593 -17.0881 70
      vertex 16.5599 -17.0357 70
    endloop
  endfacet
  facet normal -0.461963 0.886899 0
    outer loop
      vertex 16.4593 -17.0881 70
      vertex 16.5599 -17.0357 60.1
      vertex 16.4593 -17.0881 60.1
    endloop
  endfacet
  facet normal -0.130546 0.991442 0
    outer loop
      vertex 16.1356 -17.1902 60.1
      vertex 16.0232 -17.205 70
      vertex 16.1356 -17.1902 70
    endloop
  endfacet
  facet normal -0.130546 0.991442 0
    outer loop
      vertex 16.0232 -17.205 70
      vertex 16.1356 -17.1902 60.1
      vertex 16.0232 -17.205 60.1
    endloop
  endfacet
  facet normal -0.79328 0.608858 0
    outer loop
      vertex 16.9058 -16.7455 60.1
      vertex 16.9748 -16.6556 70
      vertex 16.9748 -16.6556 60.1
    endloop
  endfacet
  facet normal -0.79328 0.608858 0
    outer loop
      vertex 16.9748 -16.6556 70
      vertex 16.9058 -16.7455 60.1
      vertex 16.9058 -16.7455 70
    endloop
  endfacet
  facet normal -0.676044 0.736861 0
    outer loop
      vertex 16.8291 -16.8291 60.1
      vertex 16.7455 -16.9058 70
      vertex 16.8291 -16.8291 70
    endloop
  endfacet
  facet normal -0.676044 0.736861 0
    outer loop
      vertex 16.7455 -16.9058 70
      vertex 16.8291 -16.8291 60.1
      vertex 16.7455 -16.9058 60.1
    endloop
  endfacet
  facet normal 0 0 1
    outer loop
      vertex 16.617 -16.617 60.1
      vertex 17.205 -16.0232 60.1
      vertex 17.2071 -15.973 60.1
    endloop
  endfacet
  facet normal 0 0 1
    outer loop
      vertex 17.205 -16.0232 60.1
      vertex 16.617 -16.617 60.1
      vertex 17.1902 -16.1356 60.1
    endloop
  endfacet
  facet normal 0 0 1
    outer loop
      vertex 17.1902 -16.1356 60.1
      vertex 16.617 -16.617 60.1
      vertex 17.1656 -16.2464 60.1
    endloop
  endfacet
  facet normal 0 0 1
    outer loop
      vertex 17.1656 -16.2464 60.1
      vertex 16.617 -16.617 60.1
      vertex 17.1315 -16.3545 60.1
    endloop
  endfacet
  facet normal 0 0 1
    outer loop
      vertex 17.1315 -16.3545 60.1
      vertex 16.617 -16.617 60.1
      vertex 17.0881 -16.4593 60.1
    endloop
  endfacet
  facet normal 0 0 1
    outer loop
      vertex 17.0881 -16.4593 60.1
      vertex 16.617 -16.617 60.1
      vertex 17.0357 -16.5599 60.1
    endloop
  endfacet
  facet normal 0 0 1
    outer loop
      vertex 17.0357 -16.5599 60.1
      vertex 16.617 -16.617 60.1
      vertex 16.9748 -16.6556 60.1
    endloop
  endfacet
  facet normal 0 0 1
    outer loop
      vertex 16.9748 -16.6556 60.1
      vertex 16.617 -16.617 60.1
      vertex 16.9058 -16.7455 60.1
    endloop
  endfacet
  facet normal 0 0 1
    outer loop
      vertex 16.9058 -16.7455 60.1
      vertex 16.617 -16.617 60.1
      vertex 16.8291 -16.8291 60.1
    endloop
  endfacet
  facet normal 0 0 1
    outer loop
      vertex 16.8291 -16.8291 60.1
      vertex 16.617 -16.617 60.1
      vertex 16.7455 -16.9058 60.1
    endloop
  endfacet
  facet normal 0 0 1
    outer loop
      vertex 16.7455 -16.9058 60.1
      vertex 16.617 -16.617 60.1
      vertex 16.6556 -16.9748 60.1
    endloop
  endfacet
  facet normal 0 0 1
    outer loop
      vertex 16.617 -16.617 60.1
      vertex 16.5599 -17.0357 60.1
      vertex 16.6556 -16.9748 60.1
    endloop
  endfacet
  facet normal 0 0 1
    outer loop
      vertex 16.617 -16.617 60.1
      vertex 16.4593 -17.0881 60.1
      vertex 16.5599 -17.0357 60.1
    endloop
  endfacet
  facet normal 0 0 1
    outer loop
      vertex 16.617 -16.617 60.1
      vertex 16.3545 -17.1315 60.1
      vertex 16.4593 -17.0881 60.1
    endloop
  endfacet
  facet normal 0 0 1
    outer loop
      vertex 16.617 -16.617 60.1
      vertex 16.2464 -17.1656 60.1
      vertex 16.3545 -17.1315 60.1
    endloop
  endfacet
  facet normal 0 0 1
    outer loop
      vertex 16.617 -16.617 60.1
      vertex 16.1356 -17.1902 60.1
      vertex 16.2464 -17.1656 60.1
    endloop
  endfacet
  facet normal 0 0 1
    outer loop
      vertex 16.617 -16.617 60.1
      vertex 16.0232 -17.205 60.1
      vertex 16.1356 -17.1902 60.1
    endloop
  endfacet
  facet normal 0 -0 1
    outer loop
      vertex 16.0232 -17.205 60.1
      vertex 16.617 -16.617 60.1
      vertex 15.973 -17.2071 60.1
    endloop
  endfacet
  facet normal -0.923909 0.382611 0
    outer loop
      vertex 17.0881 -16.4593 60.1
      vertex 17.1315 -16.3545 70
      vertex 17.1315 -16.3545 60.1
    endloop
  endfacet
  facet normal -0.923909 0.382611 0
    outer loop
      vertex 17.1315 -16.3545 70
      vertex 17.0881 -16.4593 60.1
      vertex 17.0881 -16.4593 70
    endloop
  endfacet
  facet normal -0.216744 0.976229 0
    outer loop
      vertex 16.2464 -17.1656 60.1
      vertex 16.1356 -17.1902 70
      vertex 16.2464 -17.1656 70
    endloop
  endfacet
  facet normal -0.216744 0.976229 0
    outer loop
      vertex 16.1356 -17.1902 70
      vertex 16.2464 -17.1656 60.1
      vertex 16.1356 -17.1902 60.1
    endloop
  endfacet
  facet normal -0.953676 0.300836 0
    outer loop
      vertex 17.1315 -16.3545 60.1
      vertex 17.1656 -16.2464 70
      vertex 17.1656 -16.2464 60.1
    endloop
  endfacet
  facet normal -0.953676 0.300836 0
    outer loop
      vertex 17.1656 -16.2464 70
      vertex 17.1315 -16.3545 60.1
      vertex 17.1315 -16.3545 70
    endloop
  endfacet
  facet normal -0.976229 0.216744 0
    outer loop
      vertex 17.1656 -16.2464 60.1
      vertex 17.1902 -16.1356 70
      vertex 17.1902 -16.1356 60.1
    endloop
  endfacet
  facet normal -0.976229 0.216744 0
    outer loop
      vertex 17.1902 -16.1356 70
      vertex 17.1656 -16.2464 60.1
      vertex 17.1656 -16.2464 70
    endloop
  endfacet
  facet normal -0.608858 0.79328 0
    outer loop
      vertex 16.7455 -16.9058 60.1
      vertex 16.6556 -16.9748 70
      vertex 16.7455 -16.9058 70
    endloop
  endfacet
  facet normal -0.608858 0.79328 0
    outer loop
      vertex 16.6556 -16.9748 70
      vertex 16.7455 -16.9058 60.1
      vertex 16.6556 -16.9748 60.1
    endloop
  endfacet
  facet normal -0.536875 0.843661 0
    outer loop
      vertex 16.6556 -16.9748 60.1
      vertex 16.5599 -17.0357 70
      vertex 16.6556 -16.9748 70
    endloop
  endfacet
  facet normal -0.536875 0.843661 0
    outer loop
      vertex 16.5599 -17.0357 70
      vertex 16.6556 -16.9748 60.1
      vertex 16.5599 -17.0357 60.1
    endloop
  endfacet
  facet normal -0.999126 0.0417961 0
    outer loop
      vertex 17.205 -16.0232 60.1
      vertex 17.2071 -15.973 70
      vertex 17.2071 -15.973 60.1
    endloop
  endfacet
  facet normal -0.999126 0.0417961 0
    outer loop
      vertex 17.2071 -15.973 70
      vertex 17.205 -16.0232 60.1
      vertex 17.205 -16.0232 70
    endloop
  endfacet
  facet normal -0.886899 0.461963 0
    outer loop
      vertex 17.0357 -16.5599 60.1
      vertex 17.0881 -16.4593 70
      vertex 17.0881 -16.4593 60.1
    endloop
  endfacet
  facet normal -0.886899 0.461963 0
    outer loop
      vertex 17.0881 -16.4593 70
      vertex 17.0357 -16.5599 60.1
      vertex 17.0357 -16.5599 70
    endloop
  endfacet
  facet normal -0.0417961 0.999126 0
    outer loop
      vertex 16.0232 -17.205 60.1
      vertex 15.973 -17.2071 70
      vertex 16.0232 -17.205 70
    endloop
  endfacet
  facet normal -0.0417961 0.999126 0
    outer loop
      vertex 15.973 -17.2071 70
      vertex 16.0232 -17.205 60.1
      vertex 15.973 -17.2071 60.1
    endloop
  endfacet
  facet normal -0.382611 0.923909 0
    outer loop
      vertex 16.4593 -17.0881 60.1
      vertex 16.3545 -17.1315 70
      vertex 16.4593 -17.0881 70
    endloop
  endfacet
  facet normal -0.382611 0.923909 0
    outer loop
      vertex 16.3545 -17.1315 70
      vertex 16.4593 -17.0881 60.1
      vertex 16.3545 -17.1315 60.1
    endloop
  endfacet
  facet normal -0.843661 0.536875 0
    outer loop
      vertex 16.9748 -16.6556 60.1
      vertex 17.0357 -16.5599 70
      vertex 17.0357 -16.5599 60.1
    endloop
  endfacet
  facet normal -0.843661 0.536875 0
    outer loop
      vertex 17.0357 -16.5599 70
      vertex 16.9748 -16.6556 60.1
      vertex 16.9748 -16.6556 70
    endloop
  endfacet
  facet normal -1 0 0
    outer loop
      vertex 14 22.5 24
      vertex 14 27.0645 46
      vertex 14 27.0645 24
    endloop
  endfacet
  facet normal -1 -0 0
    outer loop
      vertex 14 27.0645 46
      vertex 14 22.5 24
      vertex 14 22.5 46
    endloop
  endfacet
  facet normal 0 0 -1
    outer loop
      vertex 14 22.5 46
      vertex 12.8899 27.6424 46
      vertex 14 27.0645 46
    endloop
  endfacet
  facet normal 0 0 -1
    outer loop
      vertex 6.71421 22.5 46
      vertex 12.8899 27.6424 46
      vertex 14 22.5 46
    endloop
  endfacet
  facet normal -0 0 -1
    outer loop
      vertex 12.8899 27.6424 46
      vertex 6.71421 22.5 46
      vertex 10.4316 28.6606 46
    endloop
  endfacet
  facet normal -0 0 -1
    outer loop
      vertex 10.4316 28.6606 46
      vertex 6.71421 22.5 46
      vertex 7.89398 29.4607 46
    endloop
  endfacet
  facet normal 0 0 -1
    outer loop
      vertex 6.08225 22.6993 46
      vertex 7.89398 29.4607 46
      vertex 6.71421 22.5 46
    endloop
  endfacet
  facet normal 0 0 -1
    outer loop
      vertex 6.08225 22.6993 46
      vertex 5.29627 30.0366 46
      vertex 7.89398 29.4607 46
    endloop
  endfacet
  facet normal 0 0 -1
    outer loop
      vertex 4.08073 23.143 46
      vertex 5.29627 30.0366 46
      vertex 6.08225 22.6993 46
    endloop
  endfacet
  facet normal 0 0 -1
    outer loop
      vertex 4.08073 23.143 46
      vertex 2.65825 30.3839 46
      vertex 5.29627 30.0366 46
    endloop
  endfacet
  facet normal 0 0 -1
    outer loop
      vertex 2.04816 23.4106 46
      vertex 2.65825 30.3839 46
      vertex 4.08073 23.143 46
    endloop
  endfacet
  facet normal 0 0 -1
    outer loop
      vertex 0 23.5 46
      vertex 2.65825 30.3839 46
      vertex 2.04816 23.4106 46
    endloop
  endfacet
  facet normal 0 0 -1
    outer loop
      vertex 0 23.5 46
      vertex 0 30.5 46
      vertex 2.65825 30.3839 46
    endloop
  endfacet
  facet normal 0 0 -1
    outer loop
      vertex -2.04816 23.4106 46
      vertex 0 30.5 46
      vertex 0 23.5 46
    endloop
  endfacet
  facet normal 0 0 -1
    outer loop
      vertex -2.04816 23.4106 46
      vertex -2.65825 30.3839 46
      vertex 0 30.5 46
    endloop
  endfacet
  facet normal 0 0 -1
    outer loop
      vertex -4.08073 23.143 46
      vertex -2.65825 30.3839 46
      vertex -2.04816 23.4106 46
    endloop
  endfacet
  facet normal 0 0 -1
    outer loop
      vertex -4.08073 23.143 46
      vertex -5.29627 30.0366 46
      vertex -2.65825 30.3839 46
    endloop
  endfacet
  facet normal 0 0 -1
    outer loop
      vertex -6.08225 22.6993 46
      vertex -5.29627 30.0366 46
      vertex -4.08073 23.143 46
    endloop
  endfacet
  facet normal 0 0 -1
    outer loop
      vertex -7.89398 29.4607 46
      vertex -6.08225 22.6993 46
      vertex -6.71421 22.5 46
    endloop
  endfacet
  facet normal 0 0 -1
    outer loop
      vertex -6.08225 22.6993 46
      vertex -7.89398 29.4607 46
      vertex -5.29627 30.0366 46
    endloop
  endfacet
  facet normal 0 0 -1
    outer loop
      vertex -6.71421 22.5 46
      vertex -10.4316 28.6606 46
      vertex -7.89398 29.4607 46
    endloop
  endfacet
  facet normal 0 0 -1
    outer loop
      vertex -6.71421 22.5 46
      vertex -12.8899 27.6424 46
      vertex -10.4316 28.6606 46
    endloop
  endfacet
  facet normal 0 0 -1
    outer loop
      vertex -14 22.5 46
      vertex -12.8899 27.6424 46
      vertex -6.71421 22.5 46
    endloop
  endfacet
  facet normal 0 0 -1
    outer loop
      vertex -12.8899 27.6424 46
      vertex -14 22.5 46
      vertex -14 27.0645 46
    endloop
  endfacet
  facet normal 0 0 1
    outer loop
      vertex 12.8899 27.6424 24
      vertex 14 22.5 24
      vertex 14 27.0645 24
    endloop
  endfacet
  facet normal 0 0 1
    outer loop
      vertex 6.71421 22.5 24
      vertex 12.8899 27.6424 24
      vertex 10.4316 28.6606 24
    endloop
  endfacet
  facet normal 0 0 1
    outer loop
      vertex 6.71421 22.5 24
      vertex 10.4316 28.6606 24
      vertex 7.89398 29.4607 24
    endloop
  endfacet
  facet normal 0 0 1
    outer loop
      vertex 12.8899 27.6424 24
      vertex 6.71421 22.5 24
      vertex 14 22.5 24
    endloop
  endfacet
  facet normal 0 0 1
    outer loop
      vertex 7.89398 29.4607 24
      vertex 6.08225 22.6993 24
      vertex 6.71421 22.5 24
    endloop
  endfacet
  facet normal 0 0 1
    outer loop
      vertex 5.29627 30.0366 24
      vertex 6.08225 22.6993 24
      vertex 7.89398 29.4607 24
    endloop
  endfacet
  facet normal 0 0 1
    outer loop
      vertex 5.29627 30.0366 24
      vertex 4.08073 23.143 24
      vertex 6.08225 22.6993 24
    endloop
  endfacet
  facet normal 0 0 1
    outer loop
      vertex 2.65825 30.3839 24
      vertex 4.08073 23.143 24
      vertex 5.29627 30.0366 24
    endloop
  endfacet
  facet normal 0 0 1
    outer loop
      vertex 2.65825 30.3839 24
      vertex 2.04816 23.4106 24
      vertex 4.08073 23.143 24
    endloop
  endfacet
  facet normal 0 0 1
    outer loop
      vertex 0 30.5 24
      vertex 2.04816 23.4106 24
      vertex 2.65825 30.3839 24
    endloop
  endfacet
  facet normal 0 0 1
    outer loop
      vertex 0 30.5 24
      vertex 0 23.5 24
      vertex 2.04816 23.4106 24
    endloop
  endfacet
  facet normal 0 0 1
    outer loop
      vertex 0 30.5 24
      vertex -2.04816 23.4106 24
      vertex 0 23.5 24
    endloop
  endfacet
  facet normal -0 0 1
    outer loop
      vertex -2.65825 30.3839 24
      vertex -2.04816 23.4106 24
      vertex 0 30.5 24
    endloop
  endfacet
  facet normal 0 0 1
    outer loop
      vertex -2.65825 30.3839 24
      vertex -4.08073 23.143 24
      vertex -2.04816 23.4106 24
    endloop
  endfacet
  facet normal -0 0 1
    outer loop
      vertex -5.29627 30.0366 24
      vertex -4.08073 23.143 24
      vertex -2.65825 30.3839 24
    endloop
  endfacet
  facet normal 0 0 1
    outer loop
      vertex -5.29627 30.0366 24
      vertex -6.08225 22.6993 24
      vertex -4.08073 23.143 24
    endloop
  endfacet
  facet normal -0 0 1
    outer loop
      vertex -7.89398 29.4607 24
      vertex -6.08225 22.6993 24
      vertex -5.29627 30.0366 24
    endloop
  endfacet
  facet normal 0 0 1
    outer loop
      vertex -6.08225 22.6993 24
      vertex -7.89398 29.4607 24
      vertex -6.71421 22.5 24
    endloop
  endfacet
  facet normal -0 0 1
    outer loop
      vertex -10.4316 28.6606 24
      vertex -6.71421 22.5 24
      vertex -7.89398 29.4607 24
    endloop
  endfacet
  facet normal -0 0 1
    outer loop
      vertex -12.8899 27.6424 24
      vertex -6.71421 22.5 24
      vertex -10.4316 28.6606 24
    endloop
  endfacet
  facet normal 0 0 1
    outer loop
      vertex -14 22.5 24
      vertex -12.8899 27.6424 24
      vertex -14 27.0645 24
    endloop
  endfacet
  facet normal 0 0 1
    outer loop
      vertex -12.8899 27.6424 24
      vertex -14 22.5 24
      vertex -6.71421 22.5 24
    endloop
  endfacet
  facet normal 1 -0 0
    outer loop
      vertex -14 22.5 46
      vertex -14 27.0645 24
      vertex -14 27.0645 46
    endloop
  endfacet
  facet normal 1 0 0
    outer loop
      vertex -14 27.0645 24
      vertex -14 22.5 46
      vertex -14 22.5 24
    endloop
  endfacet
  facet normal 0 1 -0
    outer loop
      vertex -6.71421 22.5 24
      vertex -14 22.5 46
      vertex -6.71421 22.5 46
    endloop
  endfacet
  facet normal 0 1 0
    outer loop
      vertex -14 22.5 46
      vertex -6.71421 22.5 24
      vertex -14 22.5 24
    endloop
  endfacet
  facet normal 0 1 -0
    outer loop
      vertex 14 22.5 24
      vertex 6.71421 22.5 46
      vertex 14 22.5 46
    endloop
  endfacet
  facet normal 0 1 0
    outer loop
      vertex 6.71421 22.5 46
      vertex 14 22.5 24
      vertex 6.71421 22.5 24
    endloop
  endfacet
  facet normal 0 -1 0
    outer loop
      vertex -0.498077 -31 39.3838
      vertex 0.0146332 -31 38.2364
      vertex 0.734818 -31 39.3838
    endloop
  endfacet
  facet normal 0 -1 -0
    outer loop
      vertex -0.498077 -31 39.3838
      vertex -1.31581 -31 34.1229
      vertex 0.0146332 -31 38.2364
    endloop
  endfacet
  facet normal 0 -1 0
    outer loop
      vertex 1.5648 -31 33.3173
      vertex -1.31581 -31 34.1229
      vertex -1.621 -31 33.3173
    endloop
  endfacet
  facet normal 0 -1 0
    outer loop
      vertex -3.28105 -31 30.815
      vertex -1.31581 -31 34.1229
      vertex -0.498077 -31 39.3838
    endloop
  endfacet
  facet normal 0 -1 0
    outer loop
      vertex -1.31581 -31 34.1229
      vertex -3.28105 -31 30.815
      vertex -1.621 -31 33.3173
    endloop
  endfacet
  facet normal 0 -1 0
    outer loop
      vertex -1.621 -31 33.3173
      vertex -3.28105 -31 30.815
      vertex -2.37781 -31 30.815
    endloop
  endfacet
  facet normal 0 -1 0
    outer loop
      vertex 1.32072 -31 34.1229
      vertex 0.734818 -31 39.3838
      vertex 0.0146332 -31 38.2364
    endloop
  endfacet
  facet normal 0 -1 0
    outer loop
      vertex -1.31581 -31 34.1229
      vertex 1.5648 -31 33.3173
      vertex 1.32072 -31 34.1229
    endloop
  endfacet
  facet normal 0 -1 0
    outer loop
      vertex 3.51781 -31 30.815
      vertex 1.32072 -31 34.1229
      vertex 1.5648 -31 33.3173
    endloop
  endfacet
  facet normal 0 -1 0
    outer loop
      vertex 3.51781 -31 30.815
      vertex 1.5648 -31 33.3173
      vertex 2.41927 -31 30.815
    endloop
  endfacet
  facet normal 0 -1 0
    outer loop
      vertex 1.32072 -31 34.1229
      vertex 3.51781 -31 30.815
      vertex 0.734818 -31 39.3838
    endloop
  endfacet
  facet normal 0 0 -1
    outer loop
      vertex 1.5648 -31 33.3173
      vertex 0 -30.5 33.3173
      vertex 1.5648 -30.4317 33.3173
    endloop
  endfacet
  facet normal 0 0 -1
    outer loop
      vertex -1.621 -31 33.3173
      vertex 0 -30.5 33.3173
      vertex 1.5648 -31 33.3173
    endloop
  endfacet
  facet normal -0 0 -1
    outer loop
      vertex 0 -30.5 33.3173
      vertex -1.621 -31 33.3173
      vertex -1.621 -30.4292 33.3173
    endloop
  endfacet
  facet normal -0.946347 0 -0.323153
    outer loop
      vertex 2.41927 -31 30.815
      vertex 1.5648 -30.4317 33.3173
      vertex 2.41927 -30.3944 30.815
    endloop
  endfacet
  facet normal -0.946347 -0 -0.323153
    outer loop
      vertex 1.5648 -30.4317 33.3173
      vertex 2.41927 -31 30.815
      vertex 1.5648 -31 33.3173
    endloop
  endfacet
  facet normal 0 0 -1
    outer loop
      vertex 3.51781 -31 30.815
      vertex 2.65825 -30.3839 30.815
      vertex 3.51781 -30.2708 30.815
    endloop
  endfacet
  facet normal 0 0 -1
    outer loop
      vertex 2.41927 -31 30.815
      vertex 2.65825 -30.3839 30.815
      vertex 3.51781 -31 30.815
    endloop
  endfacet
  facet normal 0 0 -1
    outer loop
      vertex 2.65825 -30.3839 30.815
      vertex 2.41927 -31 30.815
      vertex 2.41927 -30.3944 30.815
    endloop
  endfacet
  facet normal 0.951095 -0 0.3089
    outer loop
      vertex 0.734818 -31 39.3838
      vertex 2.65825 -30.3839 33.4616
      vertex 0.734818 -30.4679 39.3838
    endloop
  endfacet
  facet normal 0.951095 -1.24127e-05 0.308899
    outer loop
      vertex 3.51781 -31 30.815
      vertex 2.65825 -30.3839 33.4616
      vertex 0.734818 -31 39.3838
    endloop
  endfacet
  facet normal 0.951096 0 0.308896
    outer loop
      vertex 2.65825 -30.3839 33.4616
      vertex 3.51781 -31 30.815
      vertex 3.51781 -30.2708 30.815
    endloop
  endfacet
  facet normal -0 0 1
    outer loop
      vertex 0 -30.5 39.3838
      vertex 0.734818 -31 39.3838
      vertex 0.734818 -30.4679 39.3838
    endloop
  endfacet
  facet normal 0 0 1
    outer loop
      vertex -0.498077 -31 39.3838
      vertex 0 -30.5 39.3838
      vertex -0.498077 -30.4783 39.3838
    endloop
  endfacet
  facet normal 0 0 1
    outer loop
      vertex 0 -30.5 39.3838
      vertex -0.498077 -31 39.3838
      vertex 0.734818 -31 39.3838
    endloop
  endfacet
  facet normal -0.951095 0 0.308898
    outer loop
      vertex -3.28105 -31 30.815
      vertex -2.65825 -30.3839 32.7326
      vertex -3.28105 -30.3019 30.815
    endloop
  endfacet
  facet normal -0.951096 3.53383e-06 0.308897
    outer loop
      vertex -0.498077 -31 39.3838
      vertex -2.65825 -30.3839 32.7326
      vertex -3.28105 -31 30.815
    endloop
  endfacet
  facet normal -0.951096 0 0.308896
    outer loop
      vertex -2.65825 -30.3839 32.7326
      vertex -0.498077 -31 39.3838
      vertex -0.498077 -30.4783 39.3838
    endloop
  endfacet
  facet normal 0 0 -1
    outer loop
      vertex -2.37781 -31 30.815
      vertex -2.65825 -30.3839 30.815
      vertex -2.37781 -30.3962 30.815
    endloop
  endfacet
  facet normal 0 0 -1
    outer loop
      vertex -3.28105 -31 30.815
      vertex -2.65825 -30.3839 30.815
      vertex -2.37781 -31 30.815
    endloop
  endfacet
  facet normal -0 0 -1
    outer loop
      vertex -2.65825 -30.3839 30.815
      vertex -3.28105 -31 30.815
      vertex -3.28105 -30.3019 30.815
    endloop
  endfacet
  facet normal 0.95718 0 -0.289495
    outer loop
      vertex -2.37781 -31 30.815
      vertex -1.621 -30.4292 33.3173
      vertex -1.621 -31 33.3173
    endloop
  endfacet
  facet normal 0.95718 0 -0.289495
    outer loop
      vertex -1.621 -30.4292 33.3173
      vertex -2.37781 -31 30.815
      vertex -2.37781 -30.3962 30.815
    endloop
  endfacet
  facet normal 0.951584 0 -0.307389
    outer loop
      vertex 0.0146332 -30.4994 38.2364
      vertex 0.0146332 -31 38.2364
      vertex 0 -30.5 38.1911
    endloop
  endfacet
  facet normal 0.951471 -3.48848e-05 -0.307738
    outer loop
      vertex -1.31581 -31 34.1229
      vertex 0 -30.5 38.1911
      vertex 0.0146332 -31 38.2364
    endloop
  endfacet
  facet normal 0.95147 0 -0.307741
    outer loop
      vertex 0 -30.5 38.1911
      vertex -1.31581 -31 34.1229
      vertex -1.31581 -30.4426 34.1229
    endloop
  endfacet
  facet normal -0.95311 0 -0.302624
    outer loop
      vertex 1.32072 -31 34.1229
      vertex 0.0146332 -30.4994 38.2364
      vertex 1.32072 -30.4423 34.1229
    endloop
  endfacet
  facet normal -0.95311 -0 -0.302624
    outer loop
      vertex 0.0146332 -30.4994 38.2364
      vertex 1.32072 -31 34.1229
      vertex 0.0146332 -31 38.2364
    endloop
  endfacet
  facet normal -0 0 1
    outer loop
      vertex 0 -30.5 34.1229
      vertex 1.32072 -31 34.1229
      vertex 1.32072 -30.4423 34.1229
    endloop
  endfacet
  facet normal 0 0 1
    outer loop
      vertex -1.31581 -31 34.1229
      vertex 0 -30.5 34.1229
      vertex -1.31581 -30.4426 34.1229
    endloop
  endfacet
  facet normal 0 0 1
    outer loop
      vertex 0 -30.5 34.1229
      vertex -1.31581 -31 34.1229
      vertex 1.32072 -31 34.1229
    endloop
  endfacet
endsolid OpenSCAD_Model
