solid OpenSCAD_Model
  facet normal -0.991445 -0.130526 0
    outer loop
      vertex 5.32964 0.466283 0
      vertex 5.26872 0.929017 6
      vertex 5.26872 0.929017 0
    endloop
  endfacet
  facet normal -0.991445 -0.130526 0
    outer loop
      vertex 5.26872 0.929017 6
      vertex 5.32964 0.466283 0
      vertex 5.32964 0.466283 6
    endloop
  endfacet
  facet normal -0.999048 -0.0436229 0
    outer loop
      vertex 5.35 0 0
      vertex 5.32964 0.466283 6
      vertex 5.32964 0.466283 0
    endloop
  endfacet
  facet normal -0.999048 -0.0436229 0
    outer loop
      vertex 5.32964 0.466283 6
      vertex 5.35 0 0
      vertex 5.35 0 6
    endloop
  endfacet
  facet normal -0.976295 -0.216444 0
    outer loop
      vertex 5.26872 0.929017 0
      vertex 5.1677 1.38468 6
      vertex 5.1677 1.38468 0
    endloop
  endfacet
  facet normal -0.976295 -0.216444 0
    outer loop
      vertex 5.1677 1.38468 6
      vertex 5.26872 0.929017 0
      vertex 5.26872 0.929017 6
    endloop
  endfacet
  facet normal 0.5373 -0.843391 0
    outer loop
      vertex -3.06863 4.38246 0
      vertex -2.675 4.63323 6
      vertex -3.06863 4.38246 6
    endloop
  endfacet
  facet normal 0.5373 -0.843391 0
    outer loop
      vertex -2.675 4.63323 6
      vertex -3.06863 4.38246 0
      vertex -2.675 4.63323 0
    endloop
  endfacet
  facet normal 0.991445 -0.130526 0
    outer loop
      vertex -5.32964 0.466283 6
      vertex -5.26872 0.929017 0
      vertex -5.26872 0.929017 6
    endloop
  endfacet
  facet normal 0.991445 -0.130526 0
    outer loop
      vertex -5.26872 0.929017 0
      vertex -5.32964 0.466283 6
      vertex -5.32964 0.466283 0
    endloop
  endfacet
  facet normal 0.737276 -0.675592 0
    outer loop
      vertex -4.09834 3.43891 6
      vertex -3.78302 3.78302 0
      vertex -3.78302 3.78302 6
    endloop
  endfacet
  facet normal 0.737276 -0.675592 0
    outer loop
      vertex -3.78302 3.78302 0
      vertex -4.09834 3.43891 6
      vertex -4.09834 3.43891 0
    endloop
  endfacet
  facet normal 0.953722 0.300688 0
    outer loop
      vertex -5.02736 -1.82981 6
      vertex -5.1677 -1.38468 0
      vertex -5.1677 -1.38468 6
    endloop
  endfacet
  facet normal 0.953722 0.300688 0
    outer loop
      vertex -5.1677 -1.38468 0
      vertex -5.02736 -1.82981 6
      vertex -5.02736 -1.82981 0
    endloop
  endfacet
  facet normal 0.216512 -0.97628 0
    outer loop
      vertex -1.38468 5.1677 0
      vertex -1.31064 5.18412 2.08228
      vertex -1.38468 5.1677 2.1985
    endloop
  endfacet
  facet normal 0.216365 -0.976312 5.454e-06
    outer loop
      vertex -1.38468 5.1677 0
      vertex -1.22567 5.20295 1.97154
      vertex -1.31064 5.18412 2.08228
    endloop
  endfacet
  facet normal 0.216477 -0.976288 -3.97745e-06
    outer loop
      vertex -1.38468 5.1677 0
      vertex -1.13137 5.22386 1.86863
      vertex -1.22567 5.20295 1.97154
    endloop
  endfacet
  facet normal 0.216484 -0.976286 -5.00634e-06
    outer loop
      vertex -1.38468 5.1677 0
      vertex -1.02846 5.24668 1.77433
      vertex -1.13137 5.22386 1.86863
    endloop
  endfacet
  facet normal 0.216394 -0.976306 1.3997e-05
    outer loop
      vertex -1.38468 5.1677 0
      vertex -0.929017 5.26872 1.69802
      vertex -1.02846 5.24668 1.77433
    endloop
  endfacet
  facet normal 0.216444 -0.976295 0
    outer loop
      vertex -0.929017 5.26872 1.69802
      vertex -1.38468 5.1677 0
      vertex -0.929017 5.26872 0
    endloop
  endfacet
  facet normal 0.216444 -0.976295 0
    outer loop
      vertex -1.38468 5.1677 6
      vertex -0.929017 5.26872 4.30198
      vertex -0.929017 5.26872 6
    endloop
  endfacet
  facet normal 0.216394 -0.976306 -1.3997e-05
    outer loop
      vertex -1.38468 5.1677 6
      vertex -1.02846 5.24668 4.22567
      vertex -0.929017 5.26872 4.30198
    endloop
  endfacet
  facet normal 0.216484 -0.976286 5.00634e-06
    outer loop
      vertex -1.38468 5.1677 6
      vertex -1.13137 5.22386 4.13137
      vertex -1.02846 5.24668 4.22567
    endloop
  endfacet
  facet normal 0.216477 -0.976288 3.97745e-06
    outer loop
      vertex -1.38468 5.1677 6
      vertex -1.22567 5.20295 4.02846
      vertex -1.13137 5.22386 4.13137
    endloop
  endfacet
  facet normal 0.216365 -0.976312 -5.454e-06
    outer loop
      vertex -1.38468 5.1677 6
      vertex -1.31064 5.18412 3.91772
      vertex -1.22567 5.20295 4.02846
    endloop
  endfacet
  facet normal 0.216512 -0.97628 0
    outer loop
      vertex -1.31064 5.18412 3.91772
      vertex -1.38468 5.1677 6
      vertex -1.38468 5.1677 3.8015
    endloop
  endfacet
  facet normal -0.5373 -0.843391 0
    outer loop
      vertex 2.675 4.63323 0
      vertex 3.06863 4.38246 6
      vertex 2.675 4.63323 6
    endloop
  endfacet
  facet normal -0.5373 -0.843391 -0
    outer loop
      vertex 3.06863 4.38246 6
      vertex 2.675 4.63323 0
      vertex 3.06863 4.38246 0
    endloop
  endfacet
  facet normal 0.991445 0.130526 0
    outer loop
      vertex -5.26872 -0.929017 6
      vertex -5.32964 -0.466283 0
      vertex -5.32964 -0.466283 6
    endloop
  endfacet
  facet normal 0.991445 0.130526 0
    outer loop
      vertex -5.32964 -0.466283 0
      vertex -5.26872 -0.929017 6
      vertex -5.26872 -0.929017 0
    endloop
  endfacet
  facet normal 0.953722 -0.300688 0
    outer loop
      vertex -5.1677 1.38468 6
      vertex -5.02736 1.82981 0
      vertex -5.02736 1.82981 6
    endloop
  endfacet
  facet normal 0.953722 -0.300688 0
    outer loop
      vertex -5.02736 1.82981 0
      vertex -5.1677 1.38468 6
      vertex -5.1677 1.38468 0
    endloop
  endfacet
  facet normal -0.976295 0.216444 0
    outer loop
      vertex 5.1677 -1.38468 0
      vertex 5.26872 -0.929017 6
      vertex 5.26872 -0.929017 0
    endloop
  endfacet
  facet normal -0.976295 0.216444 0
    outer loop
      vertex 5.26872 -0.929017 6
      vertex 5.1677 -1.38468 0
      vertex 5.1677 -1.38468 6
    endloop
  endfacet
  facet normal 0.300688 -0.953722 0
    outer loop
      vertex -1.82981 5.02736 6
      vertex -1.38468 5.1677 3.8015
      vertex -1.38468 5.1677 6
    endloop
  endfacet
  facet normal 0.298855 -0.954298 -0.000407858
    outer loop
      vertex -1.82981 5.02736 6
      vertex -1.38564 5.1674 3.8
      vertex -1.38468 5.1677 3.8015
    endloop
  endfacet
  facet normal 0.300693 -0.953721 -2.1131e-07
    outer loop
      vertex -1.82981 5.02736 6
      vertex -1.45009 5.14708 3.67619
      vertex -1.38564 5.1674 3.8
    endloop
  endfacet
  facet normal 0.300664 -0.95373 -5.27589e-06
    outer loop
      vertex -1.82981 5.02736 6
      vertex -1.50351 5.13024 3.54723
      vertex -1.45009 5.14708 3.67619
    endloop
  endfacet
  facet normal 0.300805 -0.953686 1.5235e-05
    outer loop
      vertex -1.82981 5.02736 6
      vertex -1.54548 5.117 3.41411
      vertex -1.50351 5.13024 3.54723
    endloop
  endfacet
  facet normal 0.300597 -0.953751 -9.81618e-06
    outer loop
      vertex -1.82981 5.02736 6
      vertex -1.57569 5.10748 3.27784
      vertex -1.54548 5.117 3.41411
    endloop
  endfacet
  facet normal 0.300847 -0.953672 1.57915e-05
    outer loop
      vertex -1.82981 5.02736 6
      vertex -1.59391 5.10173 3.13945
      vertex -1.57569 5.10748 3.27784
    endloop
  endfacet
  facet normal 0.300676 -0.953726 2.78629e-07
    outer loop
      vertex -1.82981 5.02736 6
      vertex -1.6 5.09981 3
      vertex -1.59391 5.10173 3.13945
    endloop
  endfacet
  facet normal 0.300673 -0.953727 0
    outer loop
      vertex -1.82981 5.02736 0
      vertex -1.6 5.09981 3
      vertex -1.82981 5.02736 6
    endloop
  endfacet
  facet normal 0.300676 -0.953726 -2.78629e-07
    outer loop
      vertex -1.6 5.09981 3
      vertex -1.82981 5.02736 0
      vertex -1.59391 5.10173 2.86055
    endloop
  endfacet
  facet normal 0.300847 -0.953672 -1.57915e-05
    outer loop
      vertex -1.82981 5.02736 0
      vertex -1.57569 5.10748 2.72216
      vertex -1.59391 5.10173 2.86055
    endloop
  endfacet
  facet normal 0.300597 -0.953751 9.81618e-06
    outer loop
      vertex -1.82981 5.02736 0
      vertex -1.54548 5.117 2.58589
      vertex -1.57569 5.10748 2.72216
    endloop
  endfacet
  facet normal 0.300805 -0.953686 -1.5235e-05
    outer loop
      vertex -1.82981 5.02736 0
      vertex -1.50351 5.13024 2.45277
      vertex -1.54548 5.117 2.58589
    endloop
  endfacet
  facet normal 0.300664 -0.95373 5.27589e-06
    outer loop
      vertex -1.82981 5.02736 0
      vertex -1.45009 5.14708 2.32381
      vertex -1.50351 5.13024 2.45277
    endloop
  endfacet
  facet normal 0.300693 -0.953721 2.1131e-07
    outer loop
      vertex -1.82981 5.02736 0
      vertex -1.38564 5.1674 2.2
      vertex -1.45009 5.14708 2.32381
    endloop
  endfacet
  facet normal 0.298855 -0.954298 0.000407858
    outer loop
      vertex -1.82981 5.02736 0
      vertex -1.38468 5.1677 2.1985
      vertex -1.38564 5.1674 2.2
    endloop
  endfacet
  facet normal 0.300688 -0.953722 0
    outer loop
      vertex -1.38468 5.1677 2.1985
      vertex -1.82981 5.02736 0
      vertex -1.38468 5.1677 0
    endloop
  endfacet
  facet normal -0.793359 -0.608754 0
    outer loop
      vertex 4.38246 3.06863 0
      vertex 4.09834 3.43891 6
      vertex 4.09834 3.43891 0
    endloop
  endfacet
  facet normal -0.793359 -0.608754 0
    outer loop
      vertex 4.09834 3.43891 6
      vertex 4.38246 3.06863 0
      vertex 4.38246 3.06863 6
    endloop
  endfacet
  facet normal -0.608754 -0.793359 0
    outer loop
      vertex 3.06863 4.38246 0
      vertex 3.43891 4.09834 6
      vertex 3.06863 4.38246 6
    endloop
  endfacet
  facet normal -0.608754 -0.793359 -0
    outer loop
      vertex 3.43891 4.09834 6
      vertex 3.06863 4.38246 0
      vertex 3.43891 4.09834 0
    endloop
  endfacet
  facet normal -0.382685 -0.923879 0
    outer loop
      vertex 1.82981 5.02736 0
      vertex 2.26101 4.84875 6
      vertex 1.82981 5.02736 6
    endloop
  endfacet
  facet normal -0.382685 -0.923879 -0
    outer loop
      vertex 2.26101 4.84875 6
      vertex 1.82981 5.02736 0
      vertex 2.26101 4.84875 0
    endloop
  endfacet
  facet normal -0.843391 -0.5373 0
    outer loop
      vertex 4.63323 2.675 0
      vertex 4.38246 3.06863 6
      vertex 4.38246 3.06863 0
    endloop
  endfacet
  facet normal -0.843391 -0.5373 0
    outer loop
      vertex 4.38246 3.06863 6
      vertex 4.63323 2.675 0
      vertex 4.63323 2.675 6
    endloop
  endfacet
  facet normal -0.953722 0.300688 0
    outer loop
      vertex 5.02736 -1.82981 0
      vertex 5.1677 -1.38468 6
      vertex 5.1677 -1.38468 0
    endloop
  endfacet
  facet normal -0.953722 0.300688 0
    outer loop
      vertex 5.1677 -1.38468 6
      vertex 5.02736 -1.82981 0
      vertex 5.02736 -1.82981 6
    endloop
  endfacet
  facet normal 0.923879 0.382685 0
    outer loop
      vertex -4.84875 -2.26101 6
      vertex -5.02736 -1.82981 0
      vertex -5.02736 -1.82981 6
    endloop
  endfacet
  facet normal 0.923879 0.382685 0
    outer loop
      vertex -5.02736 -1.82981 0
      vertex -4.84875 -2.26101 6
      vertex -4.84875 -2.26101 0
    endloop
  endfacet
  facet normal 0.976295 -0.216444 0
    outer loop
      vertex -5.26872 0.929017 6
      vertex -5.1677 1.38468 0
      vertex -5.1677 1.38468 6
    endloop
  endfacet
  facet normal 0.976295 -0.216444 0
    outer loop
      vertex -5.1677 1.38468 0
      vertex -5.26872 0.929017 6
      vertex -5.26872 0.929017 0
    endloop
  endfacet
  facet normal 0.608754 -0.793359 0
    outer loop
      vertex -3.43891 4.09834 0
      vertex -3.06863 4.38246 6
      vertex -3.43891 4.09834 6
    endloop
  endfacet
  facet normal 0.608754 -0.793359 0
    outer loop
      vertex -3.06863 4.38246 6
      vertex -3.43891 4.09834 0
      vertex -3.06863 4.38246 0
    endloop
  endfacet
  facet normal 0.843391 -0.5373 0
    outer loop
      vertex -4.63323 2.675 6
      vertex -4.38246 3.06863 0
      vertex -4.38246 3.06863 6
    endloop
  endfacet
  facet normal 0.843391 -0.5373 0
    outer loop
      vertex -4.38246 3.06863 0
      vertex -4.63323 2.675 6
      vertex -4.63323 2.675 0
    endloop
  endfacet
  facet normal -0.461766 -0.887002 0
    outer loop
      vertex 2.26101 4.84875 0
      vertex 2.675 4.63323 6
      vertex 2.26101 4.84875 6
    endloop
  endfacet
  facet normal -0.461766 -0.887002 -0
    outer loop
      vertex 2.675 4.63323 6
      vertex 2.26101 4.84875 0
      vertex 2.675 4.63323 0
    endloop
  endfacet
  facet normal -0.953722 -0.300688 0
    outer loop
      vertex 5.1677 1.38468 0
      vertex 5.02736 1.82981 6
      vertex 5.02736 1.82981 0
    endloop
  endfacet
  facet normal -0.953722 -0.300688 0
    outer loop
      vertex 5.02736 1.82981 6
      vertex 5.1677 1.38468 0
      vertex 5.1677 1.38468 6
    endloop
  endfacet
  facet normal -0.675592 -0.737276 0
    outer loop
      vertex 3.43891 4.09834 0
      vertex 3.78302 3.78302 6
      vertex 3.43891 4.09834 6
    endloop
  endfacet
  facet normal -0.675592 -0.737276 -0
    outer loop
      vertex 3.78302 3.78302 6
      vertex 3.43891 4.09834 0
      vertex 3.78302 3.78302 0
    endloop
  endfacet
  facet normal -0.999048 0.0436229 0
    outer loop
      vertex 5.32964 -0.466283 0
      vertex 5.35 0 6
      vertex 5.35 0 0
    endloop
  endfacet
  facet normal -0.999048 0.0436229 0
    outer loop
      vertex 5.35 0 6
      vertex 5.32964 -0.466283 0
      vertex 5.32964 -0.466283 6
    endloop
  endfacet
  facet normal -0.923879 -0.382685 0
    outer loop
      vertex 5.02736 1.82981 0
      vertex 4.84875 2.26101 6
      vertex 4.84875 2.26101 0
    endloop
  endfacet
  facet normal -0.923879 -0.382685 0
    outer loop
      vertex 4.84875 2.26101 6
      vertex 5.02736 1.82981 0
      vertex 5.02736 1.82981 6
    endloop
  endfacet
  facet normal 0.0436591 -0.999046 0
    outer loop
      vertex -0.466283 5.32964 0
      vertex -0.41411 5.33192 1.45452
      vertex -0.466283 5.32964 1.47097
    endloop
  endfacet
  facet normal 0.0436211 -0.999048 1.3656e-06
    outer loop
      vertex -0.466283 5.32964 0
      vertex -0.277837 5.33787 1.42431
      vertex -0.41411 5.33192 1.45452
    endloop
  endfacet
  facet normal 0.0436044 -0.999049 3.58389e-06
    outer loop
      vertex -0.466283 5.32964 0
      vertex -0.139449 5.34391 1.40609
      vertex -0.277837 5.33787 1.42431
    endloop
  endfacet
  facet normal 0.0436229 -0.999048 -7.34205e-07
    outer loop
      vertex 0 5.35 0
      vertex -0.139449 5.34391 1.40609
      vertex -0.466283 5.32964 0
    endloop
  endfacet
  facet normal 0.0436303 -0.999048 0
    outer loop
      vertex -0.139449 5.34391 1.40609
      vertex 0 5.35 0
      vertex 0 5.35 1.4
    endloop
  endfacet
  facet normal 0.0436229 -0.999048 7.34205e-07
    outer loop
      vertex -0.139449 5.34391 4.59391
      vertex 0 5.35 6
      vertex -0.466283 5.32964 6
    endloop
  endfacet
  facet normal 0.0436303 -0.999048 0
    outer loop
      vertex 0 5.35 6
      vertex -0.139449 5.34391 4.59391
      vertex 0 5.35 4.6
    endloop
  endfacet
  facet normal 0.0436044 -0.999049 -3.58389e-06
    outer loop
      vertex -0.466283 5.32964 6
      vertex -0.277837 5.33787 4.57569
      vertex -0.139449 5.34391 4.59391
    endloop
  endfacet
  facet normal 0.0436211 -0.999048 -1.3656e-06
    outer loop
      vertex -0.466283 5.32964 6
      vertex -0.41411 5.33192 4.54548
      vertex -0.277837 5.33787 4.57569
    endloop
  endfacet
  facet normal 0.0436591 -0.999046 0
    outer loop
      vertex -0.41411 5.33192 4.54548
      vertex -0.466283 5.32964 6
      vertex -0.466283 5.32964 4.52903
    endloop
  endfacet
  facet normal 0.130784 -0.991411 0
    outer loop
      vertex -0.929017 5.26872 0
      vertex -0.917722 5.27021 1.68936
      vertex -0.929017 5.26872 1.69802
    endloop
  endfacet
  facet normal 0.130539 -0.991443 1.66182e-06
    outer loop
      vertex -0.929017 5.26872 0
      vertex -0.799999 5.28571 1.61436
      vertex -0.917722 5.27021 1.68936
    endloop
  endfacet
  facet normal 0.130527 -0.991445 2.64535e-06
    outer loop
      vertex -0.929017 5.26872 0
      vertex -0.676188 5.30201 1.54991
      vertex -0.799999 5.28571 1.61436
    endloop
  endfacet
  facet normal 0.130475 -0.991452 1.1324e-05
    outer loop
      vertex -0.929017 5.26872 0
      vertex -0.547232 5.31898 1.49649
      vertex -0.676188 5.30201 1.54991
    endloop
  endfacet
  facet normal 0.130558 -0.991441 -1.00851e-05
    outer loop
      vertex -0.929017 5.26872 0
      vertex -0.466283 5.32964 1.47097
      vertex -0.547232 5.31898 1.49649
    endloop
  endfacet
  facet normal 0.130526 -0.991445 0
    outer loop
      vertex -0.466283 5.32964 1.47097
      vertex -0.929017 5.26872 0
      vertex -0.466283 5.32964 0
    endloop
  endfacet
  facet normal 0.130526 -0.991445 0
    outer loop
      vertex -0.929017 5.26872 6
      vertex -0.466283 5.32964 4.52903
      vertex -0.466283 5.32964 6
    endloop
  endfacet
  facet normal 0.130558 -0.991441 1.00851e-05
    outer loop
      vertex -0.929017 5.26872 6
      vertex -0.547232 5.31898 4.50351
      vertex -0.466283 5.32964 4.52903
    endloop
  endfacet
  facet normal 0.130475 -0.991452 -1.1324e-05
    outer loop
      vertex -0.929017 5.26872 6
      vertex -0.676188 5.30201 4.45009
      vertex -0.547232 5.31898 4.50351
    endloop
  endfacet
  facet normal 0.130527 -0.991445 -2.64535e-06
    outer loop
      vertex -0.929017 5.26872 6
      vertex -0.799999 5.28571 4.38564
      vertex -0.676188 5.30201 4.45009
    endloop
  endfacet
  facet normal 0.130539 -0.991443 -1.66182e-06
    outer loop
      vertex -0.929017 5.26872 6
      vertex -0.917722 5.27021 4.31064
      vertex -0.799999 5.28571 4.38564
    endloop
  endfacet
  facet normal 0.130784 -0.991411 0
    outer loop
      vertex -0.917722 5.27021 4.31064
      vertex -0.929017 5.26872 6
      vertex -0.929017 5.26872 4.30198
    endloop
  endfacet
  facet normal 0.382685 -0.923879 0
    outer loop
      vertex -2.26101 4.84875 0
      vertex -1.82981 5.02736 6
      vertex -2.26101 4.84875 6
    endloop
  endfacet
  facet normal 0.382685 -0.923879 0
    outer loop
      vertex -1.82981 5.02736 6
      vertex -2.26101 4.84875 0
      vertex -1.82981 5.02736 0
    endloop
  endfacet
  facet normal -0.923879 0.382685 0
    outer loop
      vertex 4.84875 -2.26101 0
      vertex 5.02736 -1.82981 6
      vertex 5.02736 -1.82981 0
    endloop
  endfacet
  facet normal -0.923879 0.382685 0
    outer loop
      vertex 5.02736 -1.82981 6
      vertex 4.84875 -2.26101 0
      vertex 4.84875 -2.26101 6
    endloop
  endfacet
  facet normal 0.461766 -0.887002 0
    outer loop
      vertex -2.675 4.63323 0
      vertex -2.26101 4.84875 6
      vertex -2.675 4.63323 6
    endloop
  endfacet
  facet normal 0.461766 -0.887002 0
    outer loop
      vertex -2.26101 4.84875 6
      vertex -2.675 4.63323 0
      vertex -2.26101 4.84875 0
    endloop
  endfacet
  facet normal -0.0436303 -0.999048 0
    outer loop
      vertex 0 5.35 0
      vertex 0.139449 5.34391 1.40609
      vertex 0 5.35 1.4
    endloop
  endfacet
  facet normal -0.0436229 -0.999048 -7.34205e-07
    outer loop
      vertex 0.466283 5.32964 0
      vertex 0.139449 5.34391 1.40609
      vertex 0 5.35 0
    endloop
  endfacet
  facet normal -0.0436044 -0.999049 3.58389e-06
    outer loop
      vertex 0.139449 5.34391 1.40609
      vertex 0.466283 5.32964 0
      vertex 0.277837 5.33787 1.42431
    endloop
  endfacet
  facet normal -0.0436211 -0.999048 1.3656e-06
    outer loop
      vertex 0.277837 5.33787 1.42431
      vertex 0.466283 5.32964 0
      vertex 0.41411 5.33192 1.45452
    endloop
  endfacet
  facet normal -0.0436591 -0.999046 0
    outer loop
      vertex 0.41411 5.33192 1.45452
      vertex 0.466283 5.32964 0
      vertex 0.466283 5.32964 1.47097
    endloop
  endfacet
  facet normal -0.0436303 -0.999048 0
    outer loop
      vertex 0.139449 5.34391 4.59391
      vertex 0 5.35 6
      vertex 0 5.35 4.6
    endloop
  endfacet
  facet normal -0.0436229 -0.999048 7.34205e-07
    outer loop
      vertex 0 5.35 6
      vertex 0.139449 5.34391 4.59391
      vertex 0.466283 5.32964 6
    endloop
  endfacet
  facet normal -0.0436044 -0.999049 -3.58389e-06
    outer loop
      vertex 0.277837 5.33787 4.57569
      vertex 0.466283 5.32964 6
      vertex 0.139449 5.34391 4.59391
    endloop
  endfacet
  facet normal -0.0436211 -0.999048 -1.3656e-06
    outer loop
      vertex 0.41411 5.33192 4.54548
      vertex 0.466283 5.32964 6
      vertex 0.277837 5.33787 4.57569
    endloop
  endfacet
  facet normal -0.0436591 -0.999046 -0
    outer loop
      vertex 0.466283 5.32964 6
      vertex 0.41411 5.33192 4.54548
      vertex 0.466283 5.32964 4.52903
    endloop
  endfacet
  facet normal 0.976295 0.216444 0
    outer loop
      vertex -5.1677 -1.38468 6
      vertex -5.26872 -0.929017 0
      vertex -5.26872 -0.929017 6
    endloop
  endfacet
  facet normal 0.976295 0.216444 0
    outer loop
      vertex -5.26872 -0.929017 0
      vertex -5.1677 -1.38468 6
      vertex -5.1677 -1.38468 0
    endloop
  endfacet
  facet normal 0.675592 -0.737276 0
    outer loop
      vertex -3.78302 3.78302 0
      vertex -3.43891 4.09834 6
      vertex -3.78302 3.78302 6
    endloop
  endfacet
  facet normal 0.675592 -0.737276 0
    outer loop
      vertex -3.43891 4.09834 6
      vertex -3.78302 3.78302 0
      vertex -3.43891 4.09834 0
    endloop
  endfacet
  facet normal -0.300688 -0.953722 0
    outer loop
      vertex 1.38468 5.1677 3.8015
      vertex 1.82981 5.02736 6
      vertex 1.38468 5.1677 6
    endloop
  endfacet
  facet normal -0.298855 -0.954298 -0.000407858
    outer loop
      vertex 1.38564 5.1674 3.8
      vertex 1.82981 5.02736 6
      vertex 1.38468 5.1677 3.8015
    endloop
  endfacet
  facet normal -0.300693 -0.953721 -2.1131e-07
    outer loop
      vertex 1.45009 5.14708 3.67619
      vertex 1.82981 5.02736 6
      vertex 1.38564 5.1674 3.8
    endloop
  endfacet
  facet normal -0.300664 -0.95373 -5.27589e-06
    outer loop
      vertex 1.50351 5.13024 3.54723
      vertex 1.82981 5.02736 6
      vertex 1.45009 5.14708 3.67619
    endloop
  endfacet
  facet normal -0.300805 -0.953686 1.5235e-05
    outer loop
      vertex 1.54548 5.117 3.41411
      vertex 1.82981 5.02736 6
      vertex 1.50351 5.13024 3.54723
    endloop
  endfacet
  facet normal -0.300597 -0.953751 -9.81618e-06
    outer loop
      vertex 1.57569 5.10748 3.27784
      vertex 1.82981 5.02736 6
      vertex 1.54548 5.117 3.41411
    endloop
  endfacet
  facet normal -0.300847 -0.953672 1.57915e-05
    outer loop
      vertex 1.59391 5.10173 3.13945
      vertex 1.82981 5.02736 6
      vertex 1.57569 5.10748 3.27784
    endloop
  endfacet
  facet normal -0.300676 -0.953726 2.78629e-07
    outer loop
      vertex 1.6 5.09981 3
      vertex 1.82981 5.02736 6
      vertex 1.59391 5.10173 3.13945
    endloop
  endfacet
  facet normal -0.300676 -0.953726 -2.78629e-07
    outer loop
      vertex 1.82981 5.02736 0
      vertex 1.6 5.09981 3
      vertex 1.59391 5.10173 2.86055
    endloop
  endfacet
  facet normal -0.300688 -0.953722 0
    outer loop
      vertex 1.82981 5.02736 0
      vertex 1.38468 5.1677 2.1985
      vertex 1.38468 5.1677 0
    endloop
  endfacet
  facet normal -0.298855 -0.954298 0.000407858
    outer loop
      vertex 1.38468 5.1677 2.1985
      vertex 1.82981 5.02736 0
      vertex 1.38564 5.1674 2.2
    endloop
  endfacet
  facet normal -0.300693 -0.953721 2.1131e-07
    outer loop
      vertex 1.38564 5.1674 2.2
      vertex 1.82981 5.02736 0
      vertex 1.45009 5.14708 2.32381
    endloop
  endfacet
  facet normal -0.300664 -0.95373 5.27589e-06
    outer loop
      vertex 1.45009 5.14708 2.32381
      vertex 1.82981 5.02736 0
      vertex 1.50351 5.13024 2.45277
    endloop
  endfacet
  facet normal -0.300805 -0.953686 -1.5235e-05
    outer loop
      vertex 1.50351 5.13024 2.45277
      vertex 1.82981 5.02736 0
      vertex 1.54548 5.117 2.58589
    endloop
  endfacet
  facet normal -0.300597 -0.953751 9.81618e-06
    outer loop
      vertex 1.54548 5.117 2.58589
      vertex 1.82981 5.02736 0
      vertex 1.57569 5.10748 2.72216
    endloop
  endfacet
  facet normal -0.300847 -0.953672 -1.57915e-05
    outer loop
      vertex 1.57569 5.10748 2.72216
      vertex 1.82981 5.02736 0
      vertex 1.59391 5.10173 2.86055
    endloop
  endfacet
  facet normal -0.300673 -0.953727 0
    outer loop
      vertex 1.6 5.09981 3
      vertex 1.82981 5.02736 0
      vertex 1.82981 5.02736 6
    endloop
  endfacet
  facet normal -0.737276 -0.675592 0
    outer loop
      vertex 4.09834 3.43891 0
      vertex 3.78302 3.78302 6
      vertex 3.78302 3.78302 0
    endloop
  endfacet
  facet normal -0.737276 -0.675592 0
    outer loop
      vertex 3.78302 3.78302 6
      vertex 4.09834 3.43891 0
      vertex 4.09834 3.43891 6
    endloop
  endfacet
  facet normal -0.887002 -0.461766 0
    outer loop
      vertex 4.84875 2.26101 0
      vertex 4.63323 2.675 6
      vertex 4.63323 2.675 0
    endloop
  endfacet
  facet normal -0.887002 -0.461766 0
    outer loop
      vertex 4.63323 2.675 6
      vertex 4.84875 2.26101 0
      vertex 4.84875 2.26101 6
    endloop
  endfacet
  facet normal 0.887002 -0.461766 0
    outer loop
      vertex -4.84875 2.26101 6
      vertex -4.63323 2.675 0
      vertex -4.63323 2.675 6
    endloop
  endfacet
  facet normal 0.887002 -0.461766 0
    outer loop
      vertex -4.63323 2.675 0
      vertex -4.84875 2.26101 6
      vertex -4.84875 2.26101 0
    endloop
  endfacet
  facet normal 0.999048 0.0436229 0
    outer loop
      vertex -5.32964 -0.466283 6
      vertex -5.35 0 0
      vertex -5.35 0 6
    endloop
  endfacet
  facet normal 0.999048 0.0436229 0
    outer loop
      vertex -5.35 0 0
      vertex -5.32964 -0.466283 6
      vertex -5.32964 -0.466283 0
    endloop
  endfacet
  facet normal 0.793359 -0.608754 0
    outer loop
      vertex -4.38246 3.06863 6
      vertex -4.09834 3.43891 0
      vertex -4.09834 3.43891 6
    endloop
  endfacet
  facet normal 0.793359 -0.608754 0
    outer loop
      vertex -4.09834 3.43891 0
      vertex -4.38246 3.06863 6
      vertex -4.38246 3.06863 0
    endloop
  endfacet
  facet normal -0.991445 0.130526 0
    outer loop
      vertex 5.26872 -0.929017 0
      vertex 5.32964 -0.466283 6
      vertex 5.32964 -0.466283 0
    endloop
  endfacet
  facet normal -0.991445 0.130526 0
    outer loop
      vertex 5.32964 -0.466283 6
      vertex 5.26872 -0.929017 0
      vertex 5.26872 -0.929017 6
    endloop
  endfacet
  facet normal 0.999048 -0.0436229 0
    outer loop
      vertex -5.35 0 6
      vertex -5.32964 0.466283 0
      vertex -5.32964 0.466283 6
    endloop
  endfacet
  facet normal 0.999048 -0.0436229 0
    outer loop
      vertex -5.32964 0.466283 0
      vertex -5.35 0 6
      vertex -5.35 0 0
    endloop
  endfacet
  facet normal 0.923879 -0.382685 0
    outer loop
      vertex -5.02736 1.82981 6
      vertex -4.84875 2.26101 0
      vertex -4.84875 2.26101 6
    endloop
  endfacet
  facet normal 0.923879 -0.382685 0
    outer loop
      vertex -4.84875 2.26101 0
      vertex -5.02736 1.82981 6
      vertex -5.02736 1.82981 0
    endloop
  endfacet
  facet normal -0.130526 -0.991445 0
    outer loop
      vertex 0.929017 5.26872 0
      vertex 0.466283 5.32964 1.47097
      vertex 0.466283 5.32964 0
    endloop
  endfacet
  facet normal -0.130558 -0.991441 -1.00851e-05
    outer loop
      vertex 0.466283 5.32964 1.47097
      vertex 0.929017 5.26872 0
      vertex 0.547232 5.31898 1.49649
    endloop
  endfacet
  facet normal -0.130475 -0.991452 1.1324e-05
    outer loop
      vertex 0.547232 5.31898 1.49649
      vertex 0.929017 5.26872 0
      vertex 0.676188 5.30201 1.54991
    endloop
  endfacet
  facet normal -0.130527 -0.991445 2.64535e-06
    outer loop
      vertex 0.676188 5.30201 1.54991
      vertex 0.929017 5.26872 0
      vertex 0.799999 5.28571 1.61436
    endloop
  endfacet
  facet normal -0.130539 -0.991443 1.66182e-06
    outer loop
      vertex 0.799999 5.28571 1.61436
      vertex 0.929017 5.26872 0
      vertex 0.917722 5.27021 1.68936
    endloop
  endfacet
  facet normal -0.130784 -0.991411 0
    outer loop
      vertex 0.917722 5.27021 1.68936
      vertex 0.929017 5.26872 0
      vertex 0.929017 5.26872 1.69802
    endloop
  endfacet
  facet normal -0.130526 -0.991445 0
    outer loop
      vertex 0.466283 5.32964 4.52903
      vertex 0.929017 5.26872 6
      vertex 0.466283 5.32964 6
    endloop
  endfacet
  facet normal -0.130558 -0.991441 1.00851e-05
    outer loop
      vertex 0.547232 5.31898 4.50351
      vertex 0.929017 5.26872 6
      vertex 0.466283 5.32964 4.52903
    endloop
  endfacet
  facet normal -0.130475 -0.991452 -1.1324e-05
    outer loop
      vertex 0.676188 5.30201 4.45009
      vertex 0.929017 5.26872 6
      vertex 0.547232 5.31898 4.50351
    endloop
  endfacet
  facet normal -0.130527 -0.991445 -2.64535e-06
    outer loop
      vertex 0.799999 5.28571 4.38564
      vertex 0.929017 5.26872 6
      vertex 0.676188 5.30201 4.45009
    endloop
  endfacet
  facet normal -0.130539 -0.991443 -1.66182e-06
    outer loop
      vertex 0.917722 5.27021 4.31064
      vertex 0.929017 5.26872 6
      vertex 0.799999 5.28571 4.38564
    endloop
  endfacet
  facet normal -0.130784 -0.991411 -0
    outer loop
      vertex 0.929017 5.26872 6
      vertex 0.917722 5.27021 4.31064
      vertex 0.929017 5.26872 4.30198
    endloop
  endfacet
  facet normal -0.216444 -0.976295 0
    outer loop
      vertex 1.38468 5.1677 0
      vertex 0.929017 5.26872 1.69802
      vertex 0.929017 5.26872 0
    endloop
  endfacet
  facet normal -0.216394 -0.976306 1.3997e-05
    outer loop
      vertex 0.929017 5.26872 1.69802
      vertex 1.38468 5.1677 0
      vertex 1.02846 5.24668 1.77433
    endloop
  endfacet
  facet normal -0.216484 -0.976286 -5.00634e-06
    outer loop
      vertex 1.02846 5.24668 1.77433
      vertex 1.38468 5.1677 0
      vertex 1.13137 5.22386 1.86863
    endloop
  endfacet
  facet normal -0.216477 -0.976288 -3.97745e-06
    outer loop
      vertex 1.13137 5.22386 1.86863
      vertex 1.38468 5.1677 0
      vertex 1.22567 5.20295 1.97154
    endloop
  endfacet
  facet normal -0.216365 -0.976312 5.454e-06
    outer loop
      vertex 1.22567 5.20295 1.97154
      vertex 1.38468 5.1677 0
      vertex 1.31064 5.18412 2.08228
    endloop
  endfacet
  facet normal -0.216512 -0.97628 0
    outer loop
      vertex 1.31064 5.18412 2.08228
      vertex 1.38468 5.1677 0
      vertex 1.38468 5.1677 2.1985
    endloop
  endfacet
  facet normal -0.216444 -0.976295 0
    outer loop
      vertex 0.929017 5.26872 4.30198
      vertex 1.38468 5.1677 6
      vertex 0.929017 5.26872 6
    endloop
  endfacet
  facet normal -0.216394 -0.976306 -1.3997e-05
    outer loop
      vertex 1.02846 5.24668 4.22567
      vertex 1.38468 5.1677 6
      vertex 0.929017 5.26872 4.30198
    endloop
  endfacet
  facet normal -0.216484 -0.976286 5.00634e-06
    outer loop
      vertex 1.13137 5.22386 4.13137
      vertex 1.38468 5.1677 6
      vertex 1.02846 5.24668 4.22567
    endloop
  endfacet
  facet normal -0.216477 -0.976288 3.97745e-06
    outer loop
      vertex 1.22567 5.20295 4.02846
      vertex 1.38468 5.1677 6
      vertex 1.13137 5.22386 4.13137
    endloop
  endfacet
  facet normal -0.216365 -0.976312 -5.454e-06
    outer loop
      vertex 1.31064 5.18412 3.91772
      vertex 1.38468 5.1677 6
      vertex 1.22567 5.20295 4.02846
    endloop
  endfacet
  facet normal -0.216512 -0.97628 -0
    outer loop
      vertex 1.38468 5.1677 6
      vertex 1.31064 5.18412 3.91772
      vertex 1.38468 5.1677 3.8015
    endloop
  endfacet
  facet normal 0 0 -1
    outer loop
      vertex -1.56827 -15.9229 0
      vertex 1.56827 -15.9229 0
      vertex 1.67227 -17.9221 0
    endloop
  endfacet
  facet normal 0 0 -1
    outer loop
      vertex 3.98038 -13.428 0
      vertex 0.929017 -5.26872 0
      vertex 1.38468 -5.1677 0
    endloop
  endfacet
  facet normal 0 0 -1
    outer loop
      vertex -1.56871 -14.953 0
      vertex 1.56827 -15.9229 0
      vertex -1.56827 -15.9229 0
    endloop
  endfacet
  facet normal 0 -0 -1
    outer loop
      vertex 0 -5.35 0
      vertex 1.46129 -13.9291 0
      vertex -1.46129 -13.9291 0
    endloop
  endfacet
  facet normal 0 0 -1
    outer loop
      vertex 1.46129 -13.9291 0
      vertex 0.466283 -5.32964 0
      vertex 0.929017 -5.26872 0
    endloop
  endfacet
  facet normal 0 0 -1
    outer loop
      vertex 1.46129 -13.9291 0
      vertex 0 -5.35 0
      vertex 0.466283 -5.32964 0
    endloop
  endfacet
  facet normal -0 0 -1
    outer loop
      vertex 0 -5.35 0
      vertex -1.46129 -13.9291 0
      vertex -0.466283 -5.32964 0
    endloop
  endfacet
  facet normal -0 0 -1
    outer loop
      vertex -0.466283 -5.32964 0
      vertex -1.46129 -13.9291 0
      vertex -0.929017 -5.26872 0
    endloop
  endfacet
  facet normal 0 0 -1
    outer loop
      vertex -3.98038 -13.428 0
      vertex -0.929017 -5.26872 0
      vertex -1.46129 -13.9291 0
    endloop
  endfacet
  facet normal 0 0 -1
    outer loop
      vertex 1.56827 -15.9229 0
      vertex -1.56871 -14.953 0
      vertex 1.46129 -13.9291 0
    endloop
  endfacet
  facet normal 0 -0 -1
    outer loop
      vertex -1.56827 -15.9229 0
      vertex 1.67227 -17.9221 0
      vertex -1.67227 -17.9221 0
    endloop
  endfacet
  facet normal -0 0 -1
    outer loop
      vertex 1.56871 -14.953 0
      vertex 1.56827 -15.9229 0
      vertex 1.46129 -13.9291 0
    endloop
  endfacet
  facet normal 0 0 -1
    outer loop
      vertex 4.27296 -14.4151 0
      vertex 7.17157 -13.2145 0
      vertex 7.54233 -14.1107 0
    endloop
  endfacet
  facet normal 0 0 -1
    outer loop
      vertex 4.64455 -15.311 0
      vertex 7.54233 -14.1107 0
      vertex 8.40347 -15.918 0
    endloop
  endfacet
  facet normal 0 0 -1
    outer loop
      vertex 5.02736 1.82981 0
      vertex 13.428 3.98038 0
      vertex 5.1677 1.38468 0
    endloop
  endfacet
  facet normal 0 0 -1
    outer loop
      vertex 8.81606 -10.8826 0
      vertex 5.32964 -0.466283 0
      vertex 5.35 0 0
    endloop
  endfacet
  facet normal 0 0 -1
    outer loop
      vertex 4.64455 -15.311 0
      vertex 8.40347 -15.918 0
      vertex 5.31352 -17.1978 0
    endloop
  endfacet
  facet normal 0 0 -1
    outer loop
      vertex 4.27296 -14.4151 0
      vertex 7.54233 -14.1107 0
      vertex 4.64455 -15.311 0
    endloop
  endfacet
  facet normal 0 0 -1
    outer loop
      vertex 8.81606 -10.8826 0
      vertex 5.26872 -0.929017 0
      vertex 5.32964 -0.466283 0
    endloop
  endfacet
  facet normal 0 0 -1
    outer loop
      vertex 8.81606 -10.8826 0
      vertex 5.1677 -1.38468 0
      vertex 5.26872 -0.929017 0
    endloop
  endfacet
  facet normal 0 0 -1
    outer loop
      vertex 8.81606 -10.8826 0
      vertex 5.02736 -1.82981 0
      vertex 5.1677 -1.38468 0
    endloop
  endfacet
  facet normal -0 0 -1
    outer loop
      vertex 7.17157 -13.2145 0
      vertex 4.27296 -14.4151 0
      vertex 6.68048 -12.3096 0
    endloop
  endfacet
  facet normal 0 0 -1
    outer loop
      vertex 8.81606 -10.8826 0
      vertex 4.84875 -2.26101 0
      vertex 5.02736 -1.82981 0
    endloop
  endfacet
  facet normal 0 0 -1
    outer loop
      vertex 2.26101 -4.84875 0
      vertex 6.68048 -12.3096 0
      vertex 3.98038 -13.428 0
    endloop
  endfacet
  facet normal 0 0 -1
    outer loop
      vertex 8.81606 -10.8826 0
      vertex 4.63323 -2.675 0
      vertex 4.84875 -2.26101 0
    endloop
  endfacet
  facet normal 0 0 -1
    outer loop
      vertex 6.68048 -12.3096 0
      vertex 4.27296 -14.4151 0
      vertex 3.98038 -13.428 0
    endloop
  endfacet
  facet normal 0 0 -1
    outer loop
      vertex 8.81606 -10.8826 0
      vertex 4.38246 -3.06863 0
      vertex 4.63323 -2.675 0
    endloop
  endfacet
  facet normal 0 0 -1
    outer loop
      vertex 8.81606 -10.8826 0
      vertex 4.09834 -3.43891 0
      vertex 4.38246 -3.06863 0
    endloop
  endfacet
  facet normal 0 0 -1
    outer loop
      vertex 8.81606 -10.8826 0
      vertex 3.78302 -3.78302 0
      vertex 4.09834 -3.43891 0
    endloop
  endfacet
  facet normal 0 0 -1
    outer loop
      vertex 8.81606 -10.8826 0
      vertex 3.43891 -4.09834 0
      vertex 3.78302 -3.78302 0
    endloop
  endfacet
  facet normal 0 0 -1
    outer loop
      vertex 8.81606 -10.8826 0
      vertex 3.06863 -4.38246 0
      vertex 3.43891 -4.09834 0
    endloop
  endfacet
  facet normal 0 0 -1
    outer loop
      vertex 6.68048 -12.3096 0
      vertex 2.675 -4.63323 0
      vertex 3.06863 -4.38246 0
    endloop
  endfacet
  facet normal 0 0 -1
    outer loop
      vertex 6.68048 -12.3096 0
      vertex 2.26101 -4.84875 0
      vertex 2.675 -4.63323 0
    endloop
  endfacet
  facet normal 0 0 -1
    outer loop
      vertex 3.98038 -13.428 0
      vertex 1.82981 -5.02736 0
      vertex 2.26101 -4.84875 0
    endloop
  endfacet
  facet normal 0 0 -1
    outer loop
      vertex 0.929017 -5.26872 0
      vertex 3.98038 -13.428 0
      vertex 1.46129 -13.9291 0
    endloop
  endfacet
  facet normal 0 0 -1
    outer loop
      vertex 3.98038 -13.428 0
      vertex 1.38468 -5.1677 0
      vertex 1.82981 -5.02736 0
    endloop
  endfacet
  facet normal 0 0 -1
    outer loop
      vertex 11.4904 -13.8553 0
      vertex 12.3681 -10.1503 0
      vertex 13.8553 -11.4904 0
    endloop
  endfacet
  facet normal 0 0 -1
    outer loop
      vertex 10.1503 -12.3681 0
      vertex 12.3681 -10.1503 0
      vertex 11.4904 -13.8553 0
    endloop
  endfacet
  facet normal -0 0 -1
    outer loop
      vertex 12.3681 -10.1503 0
      vertex 10.1503 -12.3681 0
      vertex 11.6826 -9.46413 0
    endloop
  endfacet
  facet normal -0 0 -1
    outer loop
      vertex 11.6826 -9.46413 0
      vertex 9.46413 -11.6826 0
      vertex 10.8826 -8.81606 0
    endloop
  endfacet
  facet normal 0 0 -1
    outer loop
      vertex 9.46413 -11.6826 0
      vertex 11.6826 -9.46413 0
      vertex 10.1503 -12.3681 0
    endloop
  endfacet
  facet normal 0 0 -1
    outer loop
      vertex 15.918 -8.40347 0
      vertex 15.311 -4.64455 0
      vertex 17.1978 -5.31352 0
    endloop
  endfacet
  facet normal 0 0 -1
    outer loop
      vertex 14.1107 -7.54233 0
      vertex 15.311 -4.64455 0
      vertex 15.918 -8.40347 0
    endloop
  endfacet
  facet normal -0 0 -1
    outer loop
      vertex 15.311 -4.64455 0
      vertex 14.1107 -7.54233 0
      vertex 14.4151 -4.27296 0
    endloop
  endfacet
  facet normal 0 0 -1
    outer loop
      vertex 13.2145 -7.17157 0
      vertex 14.4151 -4.27296 0
      vertex 14.1107 -7.54233 0
    endloop
  endfacet
  facet normal 0 0 -1
    outer loop
      vertex 12.3096 -6.68048 0
      vertex 13.428 -3.98038 0
      vertex 13.2145 -7.17157 0
    endloop
  endfacet
  facet normal -0 0 -1
    outer loop
      vertex 14.4151 -4.27296 0
      vertex 13.2145 -7.17157 0
      vertex 13.428 -3.98038 0
    endloop
  endfacet
  facet normal 0 0 -1
    outer loop
      vertex 15.9229 -1.56827 0
      vertex 17.9221 1.67227 0
      vertex 17.9221 -1.67227 0
    endloop
  endfacet
  facet normal 0 0 -1
    outer loop
      vertex 15.9229 -1.56827 0
      vertex 15.9229 1.56827 0
      vertex 17.9221 1.67227 0
    endloop
  endfacet
  facet normal 0 0 -1
    outer loop
      vertex 14.953 -1.56871 0
      vertex 15.9229 1.56827 0
      vertex 15.9229 -1.56827 0
    endloop
  endfacet
  facet normal 0 0 -1
    outer loop
      vertex 14.953 -1.56871 0
      vertex 14.953 1.56871 0
      vertex 15.9229 1.56827 0
    endloop
  endfacet
  facet normal 0 0 -1
    outer loop
      vertex 13.9291 -1.46129 0
      vertex 14.953 1.56871 0
      vertex 14.953 -1.56871 0
    endloop
  endfacet
  facet normal 0 0 -1
    outer loop
      vertex 13.9291 -1.46129 0
      vertex 13.9291 1.46129 0
      vertex 14.953 1.56871 0
    endloop
  endfacet
  facet normal 0 0 -1
    outer loop
      vertex 5.35 0 0
      vertex 13.9291 -1.46129 0
      vertex 13.428 -3.98038 0
    endloop
  endfacet
  facet normal 0 0 -1
    outer loop
      vertex 13.9291 -1.46129 0
      vertex 5.35 0 0
      vertex 13.9291 1.46129 0
    endloop
  endfacet
  facet normal 0 0 -1
    outer loop
      vertex 15.311 4.64455 0
      vertex 15.918 8.40347 0
      vertex 17.1978 5.31352 0
    endloop
  endfacet
  facet normal 0 0 -1
    outer loop
      vertex 14.1107 7.54233 0
      vertex 15.311 4.64455 0
      vertex 14.4151 4.27296 0
    endloop
  endfacet
  facet normal 0 0 -1
    outer loop
      vertex 15.311 4.64455 0
      vertex 14.1107 7.54233 0
      vertex 15.918 8.40347 0
    endloop
  endfacet
  facet normal 0 0 -1
    outer loop
      vertex 13.2145 7.17157 0
      vertex 14.4151 4.27296 0
      vertex 13.428 3.98038 0
    endloop
  endfacet
  facet normal 0 0 -1
    outer loop
      vertex 14.4151 4.27296 0
      vertex 13.2145 7.17157 0
      vertex 14.1107 7.54233 0
    endloop
  endfacet
  facet normal 0 0 -1
    outer loop
      vertex 5.35 0 0
      vertex 13.428 -3.98038 0
      vertex 12.3096 -6.68048 0
    endloop
  endfacet
  facet normal 0 0 -1
    outer loop
      vertex 5.32964 0.466283 0
      vertex 13.9291 1.46129 0
      vertex 5.35 0 0
    endloop
  endfacet
  facet normal 0 0 -1
    outer loop
      vertex 13.428 3.98038 0
      vertex 12.3096 6.68048 0
      vertex 13.2145 7.17157 0
    endloop
  endfacet
  facet normal 0 0 -1
    outer loop
      vertex 5.35 0 0
      vertex 12.3096 -6.68048 0
      vertex 10.8826 -8.81606 0
    endloop
  endfacet
  facet normal 0 0 -1
    outer loop
      vertex 5.26872 0.929017 0
      vertex 13.9291 1.46129 0
      vertex 5.32964 0.466283 0
    endloop
  endfacet
  facet normal 0 0 -1
    outer loop
      vertex 12.3681 10.1503 0
      vertex 11.4904 13.8553 0
      vertex 13.8553 11.4904 0
    endloop
  endfacet
  facet normal 0 0 -1
    outer loop
      vertex 10.1503 12.3681 0
      vertex 12.3681 10.1503 0
      vertex 11.6826 9.46413 0
    endloop
  endfacet
  facet normal 0 0 -1
    outer loop
      vertex 9.46413 11.6826 0
      vertex 11.6826 9.46413 0
      vertex 10.8826 8.81606 0
    endloop
  endfacet
  facet normal 0 0 -1
    outer loop
      vertex 12.3681 10.1503 0
      vertex 10.1503 12.3681 0
      vertex 11.4904 13.8553 0
    endloop
  endfacet
  facet normal 0 0 -1
    outer loop
      vertex 5.35 0 0
      vertex 10.8826 -8.81606 0
      vertex 8.81606 -10.8826 0
    endloop
  endfacet
  facet normal 0 0 -1
    outer loop
      vertex 10.8826 -8.81606 0
      vertex 9.46413 -11.6826 0
      vertex 8.81606 -10.8826 0
    endloop
  endfacet
  facet normal -0 0 -1
    outer loop
      vertex 13.9291 1.46129 0
      vertex 5.26872 0.929017 0
      vertex 13.428 3.98038 0
    endloop
  endfacet
  facet normal 0 -0 -1
    outer loop
      vertex 9.46413 11.6826 0
      vertex 10.8826 8.81606 0
      vertex 8.81606 10.8826 0
    endloop
  endfacet
  facet normal 0 0 -1
    outer loop
      vertex 11.6826 9.46413 0
      vertex 9.46413 11.6826 0
      vertex 10.1503 12.3681 0
    endloop
  endfacet
  facet normal 0 0 -1
    outer loop
      vertex 3.06863 -4.38246 0
      vertex 8.81606 -10.8826 0
      vertex 6.68048 -12.3096 0
    endloop
  endfacet
  facet normal 0 0 -1
    outer loop
      vertex 5.1677 1.38468 0
      vertex 13.428 3.98038 0
      vertex 5.26872 0.929017 0
    endloop
  endfacet
  facet normal 0 0 -1
    outer loop
      vertex 4.27296 14.4151 0
      vertex 7.17157 13.2145 0
      vertex 6.68048 12.3096 0
    endloop
  endfacet
  facet normal 0 0 -1
    outer loop
      vertex 7.17157 13.2145 0
      vertex 4.27296 14.4151 0
      vertex 7.54233 14.1107 0
    endloop
  endfacet
  facet normal -0 0 -1
    outer loop
      vertex 13.428 3.98038 0
      vertex 5.02736 1.82981 0
      vertex 12.3096 6.68048 0
    endloop
  endfacet
  facet normal 0 0 -1
    outer loop
      vertex 7.54233 14.1107 0
      vertex 4.64455 15.311 0
      vertex 8.40347 15.918 0
    endloop
  endfacet
  facet normal 0 0 -1
    outer loop
      vertex 4.84875 2.26101 0
      vertex 12.3096 6.68048 0
      vertex 5.02736 1.82981 0
    endloop
  endfacet
  facet normal 0 0 -1
    outer loop
      vertex 4.63323 2.675 0
      vertex 12.3096 6.68048 0
      vertex 4.84875 2.26101 0
    endloop
  endfacet
  facet normal 0 0 -1
    outer loop
      vertex 4.38246 3.06863 0
      vertex 12.3096 6.68048 0
      vertex 4.63323 2.675 0
    endloop
  endfacet
  facet normal -0 0 -1
    outer loop
      vertex 12.3096 6.68048 0
      vertex 4.38246 3.06863 0
      vertex 10.8826 8.81606 0
    endloop
  endfacet
  facet normal 0 0 -1
    outer loop
      vertex 4.09834 3.43891 0
      vertex 10.8826 8.81606 0
      vertex 4.38246 3.06863 0
    endloop
  endfacet
  facet normal -0 0 -1
    outer loop
      vertex 8.40347 15.918 0
      vertex 4.64455 15.311 0
      vertex 5.31352 17.1978 0
    endloop
  endfacet
  facet normal 0 0 -1
    outer loop
      vertex 3.78302 3.78302 0
      vertex 10.8826 8.81606 0
      vertex 4.09834 3.43891 0
    endloop
  endfacet
  facet normal -0 0 -1
    outer loop
      vertex 10.8826 8.81606 0
      vertex 3.78302 3.78302 0
      vertex 8.81606 10.8826 0
    endloop
  endfacet
  facet normal 0 -0 -1
    outer loop
      vertex 4.27296 14.4151 0
      vertex 6.68048 12.3096 0
      vertex 3.98038 13.428 0
    endloop
  endfacet
  facet normal 0 0 -1
    outer loop
      vertex 3.43891 4.09834 0
      vertex 8.81606 10.8826 0
      vertex 3.78302 3.78302 0
    endloop
  endfacet
  facet normal 0 0 -1
    outer loop
      vertex 7.54233 14.1107 0
      vertex 4.27296 14.4151 0
      vertex 4.64455 15.311 0
    endloop
  endfacet
  facet normal 0 0 -1
    outer loop
      vertex 3.06863 4.38246 0
      vertex 8.81606 10.8826 0
      vertex 3.43891 4.09834 0
    endloop
  endfacet
  facet normal -0 0 -1
    outer loop
      vertex 8.81606 10.8826 0
      vertex 3.06863 4.38246 0
      vertex 6.68048 12.3096 0
    endloop
  endfacet
  facet normal 0 0 -1
    outer loop
      vertex 2.675 4.63323 0
      vertex 6.68048 12.3096 0
      vertex 3.06863 4.38246 0
    endloop
  endfacet
  facet normal 0 0 -1
    outer loop
      vertex 2.26101 4.84875 0
      vertex 6.68048 12.3096 0
      vertex 2.675 4.63323 0
    endloop
  endfacet
  facet normal -0 0 -1
    outer loop
      vertex 6.68048 12.3096 0
      vertex 2.26101 4.84875 0
      vertex 3.98038 13.428 0
    endloop
  endfacet
  facet normal 0 0 -1
    outer loop
      vertex 1.82981 5.02736 0
      vertex 3.98038 13.428 0
      vertex 2.26101 4.84875 0
    endloop
  endfacet
  facet normal 0 0 -1
    outer loop
      vertex 1.38468 5.1677 0
      vertex 3.98038 13.428 0
      vertex 1.82981 5.02736 0
    endloop
  endfacet
  facet normal 0 0 -1
    outer loop
      vertex 0.929017 5.26872 0
      vertex 3.98038 13.428 0
      vertex 1.38468 5.1677 0
    endloop
  endfacet
  facet normal 0 0 -1
    outer loop
      vertex -1.56871 14.953 0
      vertex 1.56871 14.953 0
      vertex 1.46129 13.9291 0
    endloop
  endfacet
  facet normal 0 0 -1
    outer loop
      vertex 1.56871 14.953 0
      vertex -1.56871 14.953 0
      vertex 1.56827 15.9229 0
    endloop
  endfacet
  facet normal -0 0 -1
    outer loop
      vertex 3.98038 13.428 0
      vertex 0.929017 5.26872 0
      vertex 1.46129 13.9291 0
    endloop
  endfacet
  facet normal 0 0 -1
    outer loop
      vertex 0.466283 5.32964 0
      vertex 1.46129 13.9291 0
      vertex 0.929017 5.26872 0
    endloop
  endfacet
  facet normal 0 0 -1
    outer loop
      vertex 0 5.35 0
      vertex 1.46129 13.9291 0
      vertex 0.466283 5.32964 0
    endloop
  endfacet
  facet normal -0 0 -1
    outer loop
      vertex 1.46129 13.9291 0
      vertex 0 5.35 0
      vertex -1.46129 13.9291 0
    endloop
  endfacet
  facet normal 0 0 -1
    outer loop
      vertex -1.46129 13.9291 0
      vertex 0 5.35 0
      vertex -0.466283 5.32964 0
    endloop
  endfacet
  facet normal 0 0 -1
    outer loop
      vertex -1.46129 13.9291 0
      vertex -0.466283 5.32964 0
      vertex -0.929017 5.26872 0
    endloop
  endfacet
  facet normal 0 0 -1
    outer loop
      vertex -3.98038 13.428 0
      vertex -0.929017 5.26872 0
      vertex -1.38468 5.1677 0
    endloop
  endfacet
  facet normal 0 0 -1
    outer loop
      vertex -1.56871 14.953 0
      vertex 1.46129 13.9291 0
      vertex -1.46129 13.9291 0
    endloop
  endfacet
  facet normal -0 0 -1
    outer loop
      vertex 1.56827 15.9229 0
      vertex -1.56871 14.953 0
      vertex -1.56827 15.9229 0
    endloop
  endfacet
  facet normal -0 0 -1
    outer loop
      vertex 1.67227 17.9221 0
      vertex -1.56827 15.9229 0
      vertex -1.67227 17.9221 0
    endloop
  endfacet
  facet normal 0 0 -1
    outer loop
      vertex -5.35 0 0
      vertex -13.9291 1.46129 0
      vertex -5.32964 0.466283 0
    endloop
  endfacet
  facet normal 0 0 -1
    outer loop
      vertex -5.32964 0.466283 0
      vertex -13.9291 1.46129 0
      vertex -13.428 3.98038 0
    endloop
  endfacet
  facet normal 0 0 -1
    outer loop
      vertex -14.953 -1.56871 0
      vertex -13.9291 1.46129 0
      vertex -13.9291 -1.46129 0
    endloop
  endfacet
  facet normal 0 0 -1
    outer loop
      vertex -14.953 -1.56871 0
      vertex -14.953 1.56871 0
      vertex -13.9291 1.46129 0
    endloop
  endfacet
  facet normal 0 0 -1
    outer loop
      vertex -15.9229 -1.56827 0
      vertex -14.953 1.56871 0
      vertex -14.953 -1.56871 0
    endloop
  endfacet
  facet normal 0 0 -1
    outer loop
      vertex -15.9229 -1.56827 0
      vertex -15.9229 1.56827 0
      vertex -14.953 1.56871 0
    endloop
  endfacet
  facet normal 0 0 -1
    outer loop
      vertex -17.9221 -1.67227 0
      vertex -15.9229 1.56827 0
      vertex -15.9229 -1.56827 0
    endloop
  endfacet
  facet normal -0 0 -1
    outer loop
      vertex -15.9229 1.56827 0
      vertex -17.9221 -1.67227 0
      vertex -17.9221 1.67227 0
    endloop
  endfacet
  facet normal -0 0 -1
    outer loop
      vertex -5.32964 -0.466283 0
      vertex -13.9291 -1.46129 0
      vertex -5.35 0 0
    endloop
  endfacet
  facet normal 0 0 -1
    outer loop
      vertex -5.32964 0.466283 0
      vertex -12.3096 6.68048 0
      vertex -10.8826 8.81606 0
    endloop
  endfacet
  facet normal 0 0 -1
    outer loop
      vertex -13.428 -3.98038 0
      vertex -12.3096 -6.68048 0
      vertex -13.2145 -7.17157 0
    endloop
  endfacet
  facet normal 0 0 -1
    outer loop
      vertex -13.9291 1.46129 0
      vertex -5.35 0 0
      vertex -13.9291 -1.46129 0
    endloop
  endfacet
  facet normal 0 0 -1
    outer loop
      vertex -5.32964 0.466283 0
      vertex -13.428 3.98038 0
      vertex -12.3096 6.68048 0
    endloop
  endfacet
  facet normal 0 0 -1
    outer loop
      vertex -14.4151 -4.27296 0
      vertex -13.2145 -7.17157 0
      vertex -14.1107 -7.54233 0
    endloop
  endfacet
  facet normal 0 0 -1
    outer loop
      vertex -13.2145 -7.17157 0
      vertex -14.4151 -4.27296 0
      vertex -13.428 -3.98038 0
    endloop
  endfacet
  facet normal 0 0 -1
    outer loop
      vertex -14.1107 -7.54233 0
      vertex -15.311 -4.64455 0
      vertex -14.4151 -4.27296 0
    endloop
  endfacet
  facet normal 0 0 -1
    outer loop
      vertex -15.918 -8.40347 0
      vertex -15.311 -4.64455 0
      vertex -14.1107 -7.54233 0
    endloop
  endfacet
  facet normal 0 0 -1
    outer loop
      vertex -15.311 -4.64455 0
      vertex -15.918 -8.40347 0
      vertex -17.1978 -5.31352 0
    endloop
  endfacet
  facet normal 0 0 -1
    outer loop
      vertex -13.9291 -1.46129 0
      vertex -5.26872 -0.929017 0
      vertex -13.428 -3.98038 0
    endloop
  endfacet
  facet normal 0 0 -1
    outer loop
      vertex -5.32964 0.466283 0
      vertex -8.81606 10.8826 0
      vertex -6.68048 12.3096 0
    endloop
  endfacet
  facet normal 0 0 -1
    outer loop
      vertex -10.8826 -8.81606 0
      vertex -8.81606 -10.8826 0
      vertex -9.46413 -11.6826 0
    endloop
  endfacet
  facet normal -0 0 -1
    outer loop
      vertex -5.26872 -0.929017 0
      vertex -13.9291 -1.46129 0
      vertex -5.32964 -0.466283 0
    endloop
  endfacet
  facet normal 0 0 -1
    outer loop
      vertex -11.6826 -9.46413 0
      vertex -9.46413 -11.6826 0
      vertex -10.1503 -12.3681 0
    endloop
  endfacet
  facet normal 0 0 -1
    outer loop
      vertex -5.32964 0.466283 0
      vertex -10.8826 8.81606 0
      vertex -8.81606 10.8826 0
    endloop
  endfacet
  facet normal -0 0 -1
    outer loop
      vertex -8.81606 10.8826 0
      vertex -10.8826 8.81606 0
      vertex -9.46413 11.6826 0
    endloop
  endfacet
  facet normal 0 0 -1
    outer loop
      vertex -12.3681 -10.1503 0
      vertex -10.1503 -12.3681 0
      vertex -11.4904 -13.8553 0
    endloop
  endfacet
  facet normal 0 0 -1
    outer loop
      vertex -9.46413 -11.6826 0
      vertex -11.6826 -9.46413 0
      vertex -10.8826 -8.81606 0
    endloop
  endfacet
  facet normal 0 0 -1
    outer loop
      vertex -10.1503 -12.3681 0
      vertex -12.3681 -10.1503 0
      vertex -11.6826 -9.46413 0
    endloop
  endfacet
  facet normal 0 -0 -1
    outer loop
      vertex -12.3681 -10.1503 0
      vertex -11.4904 -13.8553 0
      vertex -13.8553 -11.4904 0
    endloop
  endfacet
  facet normal 0 0 -1
    outer loop
      vertex 1.56827 15.9229 0
      vertex -1.56827 15.9229 0
      vertex 1.67227 17.9221 0
    endloop
  endfacet
  facet normal 0 0 -1
    outer loop
      vertex -3.98038 13.428 0
      vertex -1.38468 5.1677 0
      vertex -1.82981 5.02736 0
    endloop
  endfacet
  facet normal 0 0 -1
    outer loop
      vertex -3.98038 13.428 0
      vertex -1.82981 5.02736 0
      vertex -2.26101 4.84875 0
    endloop
  endfacet
  facet normal 0 0 -1
    outer loop
      vertex -6.68048 12.3096 0
      vertex -2.26101 4.84875 0
      vertex -2.675 4.63323 0
    endloop
  endfacet
  facet normal 0 0 -1
    outer loop
      vertex -6.68048 12.3096 0
      vertex -2.675 4.63323 0
      vertex -3.06863 4.38246 0
    endloop
  endfacet
  facet normal 0 0 -1
    outer loop
      vertex -6.68048 12.3096 0
      vertex -3.06863 4.38246 0
      vertex -3.43891 4.09834 0
    endloop
  endfacet
  facet normal 0 0 -1
    outer loop
      vertex -6.68048 12.3096 0
      vertex -3.43891 4.09834 0
      vertex -3.78302 3.78302 0
    endloop
  endfacet
  facet normal 0 0 -1
    outer loop
      vertex -0.929017 5.26872 0
      vertex -3.98038 13.428 0
      vertex -1.46129 13.9291 0
    endloop
  endfacet
  facet normal 0 0 -1
    outer loop
      vertex -6.68048 12.3096 0
      vertex -3.78302 3.78302 0
      vertex -4.09834 3.43891 0
    endloop
  endfacet
  facet normal 0 0 -1
    outer loop
      vertex -2.26101 4.84875 0
      vertex -6.68048 12.3096 0
      vertex -3.98038 13.428 0
    endloop
  endfacet
  facet normal 0 0 -1
    outer loop
      vertex -6.68048 12.3096 0
      vertex -4.09834 3.43891 0
      vertex -4.38246 3.06863 0
    endloop
  endfacet
  facet normal 0 0 -1
    outer loop
      vertex -6.68048 12.3096 0
      vertex -4.38246 3.06863 0
      vertex -4.63323 2.675 0
    endloop
  endfacet
  facet normal -0 0 -1
    outer loop
      vertex -3.98038 13.428 0
      vertex -6.68048 12.3096 0
      vertex -4.27296 14.4151 0
    endloop
  endfacet
  facet normal 0 0 -1
    outer loop
      vertex -6.68048 12.3096 0
      vertex -4.63323 2.675 0
      vertex -4.84875 2.26101 0
    endloop
  endfacet
  facet normal 0 0 -1
    outer loop
      vertex -6.68048 12.3096 0
      vertex -4.84875 2.26101 0
      vertex -5.02736 1.82981 0
    endloop
  endfacet
  facet normal 0 0 -1
    outer loop
      vertex -6.68048 12.3096 0
      vertex -5.02736 1.82981 0
      vertex -5.1677 1.38468 0
    endloop
  endfacet
  facet normal 0 0 -1
    outer loop
      vertex -6.68048 12.3096 0
      vertex -5.1677 1.38468 0
      vertex -5.26872 0.929017 0
    endloop
  endfacet
  facet normal 0 0 -1
    outer loop
      vertex -7.17157 13.2145 0
      vertex -4.27296 14.4151 0
      vertex -6.68048 12.3096 0
    endloop
  endfacet
  facet normal 0 0 -1
    outer loop
      vertex -6.68048 12.3096 0
      vertex -5.26872 0.929017 0
      vertex -5.32964 0.466283 0
    endloop
  endfacet
  facet normal -0 0 -1
    outer loop
      vertex -5.1677 -1.38468 0
      vertex -13.428 -3.98038 0
      vertex -5.26872 -0.929017 0
    endloop
  endfacet
  facet normal -0 0 -1
    outer loop
      vertex -5.02736 -1.82981 0
      vertex -13.428 -3.98038 0
      vertex -5.1677 -1.38468 0
    endloop
  endfacet
  facet normal -0 0 -1
    outer loop
      vertex -4.27296 14.4151 0
      vertex -7.17157 13.2145 0
      vertex -4.64455 15.311 0
    endloop
  endfacet
  facet normal 0 0 -1
    outer loop
      vertex -7.54233 14.1107 0
      vertex -4.64455 15.311 0
      vertex -7.17157 13.2145 0
    endloop
  endfacet
  facet normal -0 0 -1
    outer loop
      vertex -4.64455 15.311 0
      vertex -7.54233 14.1107 0
      vertex -5.31352 17.1978 0
    endloop
  endfacet
  facet normal 0 0 -1
    outer loop
      vertex -5.31352 17.1978 0
      vertex -7.54233 14.1107 0
      vertex -8.40347 15.918 0
    endloop
  endfacet
  facet normal -0 0 -1
    outer loop
      vertex -0.929017 -5.26872 0
      vertex -3.98038 -13.428 0
      vertex -1.38468 -5.1677 0
    endloop
  endfacet
  facet normal -0 0 -1
    outer loop
      vertex -1.38468 -5.1677 0
      vertex -3.98038 -13.428 0
      vertex -1.82981 -5.02736 0
    endloop
  endfacet
  facet normal -0 0 -1
    outer loop
      vertex -1.82981 -5.02736 0
      vertex -3.98038 -13.428 0
      vertex -2.26101 -4.84875 0
    endloop
  endfacet
  facet normal 0 0 -1
    outer loop
      vertex -6.68048 -12.3096 0
      vertex -2.26101 -4.84875 0
      vertex -3.98038 -13.428 0
    endloop
  endfacet
  facet normal -0 0 -1
    outer loop
      vertex -2.26101 -4.84875 0
      vertex -6.68048 -12.3096 0
      vertex -2.675 -4.63323 0
    endloop
  endfacet
  facet normal -0 0 -1
    outer loop
      vertex -2.675 -4.63323 0
      vertex -6.68048 -12.3096 0
      vertex -3.06863 -4.38246 0
    endloop
  endfacet
  facet normal 0 0 -1
    outer loop
      vertex -8.81606 -10.8826 0
      vertex -3.06863 -4.38246 0
      vertex -6.68048 -12.3096 0
    endloop
  endfacet
  facet normal -0 0 -1
    outer loop
      vertex -3.06863 -4.38246 0
      vertex -8.81606 -10.8826 0
      vertex -3.43891 -4.09834 0
    endloop
  endfacet
  facet normal 0 0 -1
    outer loop
      vertex -6.68048 -12.3096 0
      vertex -3.98038 -13.428 0
      vertex -4.27296 -14.4151 0
    endloop
  endfacet
  facet normal -0 0 -1
    outer loop
      vertex -3.43891 -4.09834 0
      vertex -8.81606 -10.8826 0
      vertex -3.78302 -3.78302 0
    endloop
  endfacet
  facet normal 0 0 -1
    outer loop
      vertex -10.8826 -8.81606 0
      vertex -3.78302 -3.78302 0
      vertex -8.81606 -10.8826 0
    endloop
  endfacet
  facet normal 0 0 -1
    outer loop
      vertex -7.17157 -13.2145 0
      vertex -4.27296 -14.4151 0
      vertex -4.64455 -15.311 0
    endloop
  endfacet
  facet normal -0 0 -1
    outer loop
      vertex -3.78302 -3.78302 0
      vertex -10.8826 -8.81606 0
      vertex -4.09834 -3.43891 0
    endloop
  endfacet
  facet normal -0 0 -1
    outer loop
      vertex -4.09834 -3.43891 0
      vertex -10.8826 -8.81606 0
      vertex -4.38246 -3.06863 0
    endloop
  endfacet
  facet normal 0 0 -1
    outer loop
      vertex -12.3096 -6.68048 0
      vertex -4.38246 -3.06863 0
      vertex -10.8826 -8.81606 0
    endloop
  endfacet
  facet normal -0 0 -1
    outer loop
      vertex -4.38246 -3.06863 0
      vertex -12.3096 -6.68048 0
      vertex -4.63323 -2.675 0
    endloop
  endfacet
  facet normal 0 0 -1
    outer loop
      vertex -7.54233 -14.1107 0
      vertex -4.64455 -15.311 0
      vertex -5.31352 -17.1978 0
    endloop
  endfacet
  facet normal -0 0 -1
    outer loop
      vertex -4.63323 -2.675 0
      vertex -12.3096 -6.68048 0
      vertex -4.84875 -2.26101 0
    endloop
  endfacet
  facet normal -0 0 -1
    outer loop
      vertex -4.84875 -2.26101 0
      vertex -12.3096 -6.68048 0
      vertex -5.02736 -1.82981 0
    endloop
  endfacet
  facet normal 0 0 -1
    outer loop
      vertex -13.428 -3.98038 0
      vertex -5.02736 -1.82981 0
      vertex -12.3096 -6.68048 0
    endloop
  endfacet
  facet normal 0 0 -1
    outer loop
      vertex -4.27296 -14.4151 0
      vertex -7.17157 -13.2145 0
      vertex -6.68048 -12.3096 0
    endloop
  endfacet
  facet normal 0 0 -1
    outer loop
      vertex -4.64455 -15.311 0
      vertex -7.54233 -14.1107 0
      vertex -7.17157 -13.2145 0
    endloop
  endfacet
  facet normal 0 -0 -1
    outer loop
      vertex -7.54233 -14.1107 0
      vertex -5.31352 -17.1978 0
      vertex -8.40347 -15.918 0
    endloop
  endfacet
  facet normal -0 0 -1
    outer loop
      vertex 1.46129 -13.9291 0
      vertex -1.56871 -14.953 0
      vertex -1.46129 -13.9291 0
    endloop
  endfacet
  facet normal 0 0 -1
    outer loop
      vertex -11.6826 9.46413 0
      vertex -9.46413 11.6826 0
      vertex -10.8826 8.81606 0
    endloop
  endfacet
  facet normal -0 0 -1
    outer loop
      vertex -9.46413 11.6826 0
      vertex -11.6826 9.46413 0
      vertex -10.1503 12.3681 0
    endloop
  endfacet
  facet normal 0 0 -1
    outer loop
      vertex -12.3681 10.1503 0
      vertex -10.1503 12.3681 0
      vertex -11.6826 9.46413 0
    endloop
  endfacet
  facet normal -0 0 -1
    outer loop
      vertex -10.1503 12.3681 0
      vertex -12.3681 10.1503 0
      vertex -11.4904 13.8553 0
    endloop
  endfacet
  facet normal 0 0 -1
    outer loop
      vertex -11.4904 13.8553 0
      vertex -12.3681 10.1503 0
      vertex -13.8553 11.4904 0
    endloop
  endfacet
  facet normal -0 0 -1
    outer loop
      vertex -12.3096 6.68048 0
      vertex -13.428 3.98038 0
      vertex -13.2145 7.17157 0
    endloop
  endfacet
  facet normal 0 0 -1
    outer loop
      vertex -14.4151 4.27296 0
      vertex -13.2145 7.17157 0
      vertex -13.428 3.98038 0
    endloop
  endfacet
  facet normal -0 0 -1
    outer loop
      vertex -13.2145 7.17157 0
      vertex -14.4151 4.27296 0
      vertex -14.1107 7.54233 0
    endloop
  endfacet
  facet normal 0 0 -1
    outer loop
      vertex -15.311 4.64455 0
      vertex -14.1107 7.54233 0
      vertex -14.4151 4.27296 0
    endloop
  endfacet
  facet normal 0 0 -1
    outer loop
      vertex -15.311 4.64455 0
      vertex -15.918 8.40347 0
      vertex -14.1107 7.54233 0
    endloop
  endfacet
  facet normal 0 -0 -1
    outer loop
      vertex -15.918 8.40347 0
      vertex -15.311 4.64455 0
      vertex -17.1978 5.31352 0
    endloop
  endfacet
  facet normal 0 0 1
    outer loop
      vertex -1.56827 15.9229 6
      vertex 1.56827 15.9229 6
      vertex 1.67227 17.9221 6
    endloop
  endfacet
  facet normal 0 0 1
    outer loop
      vertex 3.98038 13.428 6
      vertex 0.929017 5.26872 6
      vertex 1.38468 5.1677 6
    endloop
  endfacet
  facet normal 0 0 1
    outer loop
      vertex -1.56871 14.953 6
      vertex 1.56827 15.9229 6
      vertex -1.56827 15.9229 6
    endloop
  endfacet
  facet normal 0 -0 1
    outer loop
      vertex 0 5.35 6
      vertex 1.46129 13.9291 6
      vertex -1.46129 13.9291 6
    endloop
  endfacet
  facet normal 0 0 1
    outer loop
      vertex 1.46129 13.9291 6
      vertex 0.466283 5.32964 6
      vertex 0.929017 5.26872 6
    endloop
  endfacet
  facet normal 0 0 1
    outer loop
      vertex 1.46129 13.9291 6
      vertex 0 5.35 6
      vertex 0.466283 5.32964 6
    endloop
  endfacet
  facet normal 0 0 1
    outer loop
      vertex 0 5.35 6
      vertex -1.46129 13.9291 6
      vertex -0.466283 5.32964 6
    endloop
  endfacet
  facet normal 0 0 1
    outer loop
      vertex -0.466283 5.32964 6
      vertex -1.46129 13.9291 6
      vertex -0.929017 5.26872 6
    endloop
  endfacet
  facet normal -0 0 1
    outer loop
      vertex -3.98038 13.428 6
      vertex -0.929017 5.26872 6
      vertex -1.46129 13.9291 6
    endloop
  endfacet
  facet normal 0 0 1
    outer loop
      vertex 1.56827 15.9229 6
      vertex -1.56871 14.953 6
      vertex 1.46129 13.9291 6
    endloop
  endfacet
  facet normal 0 -0 1
    outer loop
      vertex -1.56827 15.9229 6
      vertex 1.67227 17.9221 6
      vertex -1.67227 17.9221 6
    endloop
  endfacet
  facet normal 0 0 1
    outer loop
      vertex 1.56871 14.953 6
      vertex 1.56827 15.9229 6
      vertex 1.46129 13.9291 6
    endloop
  endfacet
  facet normal 0 0 1
    outer loop
      vertex 4.27296 14.4151 6
      vertex 7.17157 13.2145 6
      vertex 7.54233 14.1107 6
    endloop
  endfacet
  facet normal -0 0 1
    outer loop
      vertex 4.64455 15.311 6
      vertex 7.54233 14.1107 6
      vertex 8.40347 15.918 6
    endloop
  endfacet
  facet normal -0 0 1
    outer loop
      vertex 5.02736 -1.82981 6
      vertex 13.428 -3.98038 6
      vertex 5.1677 -1.38468 6
    endloop
  endfacet
  facet normal 0 0 1
    outer loop
      vertex 8.81606 10.8826 6
      vertex 5.32964 0.466283 6
      vertex 5.35 0 6
    endloop
  endfacet
  facet normal 0 0 1
    outer loop
      vertex 4.64455 15.311 6
      vertex 8.40347 15.918 6
      vertex 5.31352 17.1978 6
    endloop
  endfacet
  facet normal -0 0 1
    outer loop
      vertex 4.27296 14.4151 6
      vertex 7.54233 14.1107 6
      vertex 4.64455 15.311 6
    endloop
  endfacet
  facet normal 0 0 1
    outer loop
      vertex 8.81606 10.8826 6
      vertex 5.26872 0.929017 6
      vertex 5.32964 0.466283 6
    endloop
  endfacet
  facet normal 0 0 1
    outer loop
      vertex 8.81606 10.8826 6
      vertex 5.1677 1.38468 6
      vertex 5.26872 0.929017 6
    endloop
  endfacet
  facet normal 0 0 1
    outer loop
      vertex 8.81606 10.8826 6
      vertex 5.02736 1.82981 6
      vertex 5.1677 1.38468 6
    endloop
  endfacet
  facet normal 0 0 1
    outer loop
      vertex 7.17157 13.2145 6
      vertex 4.27296 14.4151 6
      vertex 6.68048 12.3096 6
    endloop
  endfacet
  facet normal 0 0 1
    outer loop
      vertex 8.81606 10.8826 6
      vertex 4.84875 2.26101 6
      vertex 5.02736 1.82981 6
    endloop
  endfacet
  facet normal 0 0 1
    outer loop
      vertex 2.26101 4.84875 6
      vertex 6.68048 12.3096 6
      vertex 3.98038 13.428 6
    endloop
  endfacet
  facet normal 0 0 1
    outer loop
      vertex 8.81606 10.8826 6
      vertex 4.63323 2.675 6
      vertex 4.84875 2.26101 6
    endloop
  endfacet
  facet normal 0 0 1
    outer loop
      vertex 6.68048 12.3096 6
      vertex 4.27296 14.4151 6
      vertex 3.98038 13.428 6
    endloop
  endfacet
  facet normal 0 0 1
    outer loop
      vertex 8.81606 10.8826 6
      vertex 4.38246 3.06863 6
      vertex 4.63323 2.675 6
    endloop
  endfacet
  facet normal 0 0 1
    outer loop
      vertex 8.81606 10.8826 6
      vertex 4.09834 3.43891 6
      vertex 4.38246 3.06863 6
    endloop
  endfacet
  facet normal 0 0 1
    outer loop
      vertex 8.81606 10.8826 6
      vertex 3.78302 3.78302 6
      vertex 4.09834 3.43891 6
    endloop
  endfacet
  facet normal 0 0 1
    outer loop
      vertex 8.81606 10.8826 6
      vertex 3.43891 4.09834 6
      vertex 3.78302 3.78302 6
    endloop
  endfacet
  facet normal 0 0 1
    outer loop
      vertex 8.81606 10.8826 6
      vertex 3.06863 4.38246 6
      vertex 3.43891 4.09834 6
    endloop
  endfacet
  facet normal 0 0 1
    outer loop
      vertex 6.68048 12.3096 6
      vertex 2.675 4.63323 6
      vertex 3.06863 4.38246 6
    endloop
  endfacet
  facet normal 0 0 1
    outer loop
      vertex 6.68048 12.3096 6
      vertex 2.26101 4.84875 6
      vertex 2.675 4.63323 6
    endloop
  endfacet
  facet normal 0 0 1
    outer loop
      vertex 3.98038 13.428 6
      vertex 1.82981 5.02736 6
      vertex 2.26101 4.84875 6
    endloop
  endfacet
  facet normal 0 0 1
    outer loop
      vertex 0.929017 5.26872 6
      vertex 3.98038 13.428 6
      vertex 1.46129 13.9291 6
    endloop
  endfacet
  facet normal 0 0 1
    outer loop
      vertex 3.98038 13.428 6
      vertex 1.38468 5.1677 6
      vertex 1.82981 5.02736 6
    endloop
  endfacet
  facet normal 0 0 1
    outer loop
      vertex 11.4904 13.8553 6
      vertex 12.3681 10.1503 6
      vertex 13.8553 11.4904 6
    endloop
  endfacet
  facet normal -0 0 1
    outer loop
      vertex 10.1503 12.3681 6
      vertex 12.3681 10.1503 6
      vertex 11.4904 13.8553 6
    endloop
  endfacet
  facet normal 0 0 1
    outer loop
      vertex 12.3681 10.1503 6
      vertex 10.1503 12.3681 6
      vertex 11.6826 9.46413 6
    endloop
  endfacet
  facet normal 0 0 1
    outer loop
      vertex 11.6826 9.46413 6
      vertex 9.46413 11.6826 6
      vertex 10.8826 8.81606 6
    endloop
  endfacet
  facet normal -0 0 1
    outer loop
      vertex 9.46413 11.6826 6
      vertex 11.6826 9.46413 6
      vertex 10.1503 12.3681 6
    endloop
  endfacet
  facet normal 0 0 1
    outer loop
      vertex 15.918 8.40347 6
      vertex 15.311 4.64455 6
      vertex 17.1978 5.31352 6
    endloop
  endfacet
  facet normal -0 0 1
    outer loop
      vertex 14.1107 7.54233 6
      vertex 15.311 4.64455 6
      vertex 15.918 8.40347 6
    endloop
  endfacet
  facet normal 0 0 1
    outer loop
      vertex 15.311 4.64455 6
      vertex 14.1107 7.54233 6
      vertex 14.4151 4.27296 6
    endloop
  endfacet
  facet normal -0 0 1
    outer loop
      vertex 13.2145 7.17157 6
      vertex 14.4151 4.27296 6
      vertex 14.1107 7.54233 6
    endloop
  endfacet
  facet normal -0 0 1
    outer loop
      vertex 12.3096 6.68048 6
      vertex 13.428 3.98038 6
      vertex 13.2145 7.17157 6
    endloop
  endfacet
  facet normal 0 0 1
    outer loop
      vertex 14.4151 4.27296 6
      vertex 13.2145 7.17157 6
      vertex 13.428 3.98038 6
    endloop
  endfacet
  facet normal -0 0 1
    outer loop
      vertex 15.9229 1.56827 6
      vertex 17.9221 -1.67227 6
      vertex 17.9221 1.67227 6
    endloop
  endfacet
  facet normal 0 0 1
    outer loop
      vertex 15.9229 1.56827 6
      vertex 15.9229 -1.56827 6
      vertex 17.9221 -1.67227 6
    endloop
  endfacet
  facet normal 0 0 1
    outer loop
      vertex 14.953 1.56871 6
      vertex 15.9229 -1.56827 6
      vertex 15.9229 1.56827 6
    endloop
  endfacet
  facet normal 0 0 1
    outer loop
      vertex 14.953 1.56871 6
      vertex 14.953 -1.56871 6
      vertex 15.9229 -1.56827 6
    endloop
  endfacet
  facet normal -0 0 1
    outer loop
      vertex 13.9291 1.46129 6
      vertex 14.953 -1.56871 6
      vertex 14.953 1.56871 6
    endloop
  endfacet
  facet normal 0 0 1
    outer loop
      vertex 13.9291 1.46129 6
      vertex 13.9291 -1.46129 6
      vertex 14.953 -1.56871 6
    endloop
  endfacet
  facet normal 0 0 1
    outer loop
      vertex 5.35 0 6
      vertex 13.9291 1.46129 6
      vertex 13.428 3.98038 6
    endloop
  endfacet
  facet normal 0 0 1
    outer loop
      vertex 13.9291 1.46129 6
      vertex 5.35 0 6
      vertex 13.9291 -1.46129 6
    endloop
  endfacet
  facet normal 0 0 1
    outer loop
      vertex 15.311 -4.64455 6
      vertex 15.918 -8.40347 6
      vertex 17.1978 -5.31352 6
    endloop
  endfacet
  facet normal 0 0 1
    outer loop
      vertex 14.1107 -7.54233 6
      vertex 15.311 -4.64455 6
      vertex 14.4151 -4.27296 6
    endloop
  endfacet
  facet normal 0 0 1
    outer loop
      vertex 15.311 -4.64455 6
      vertex 14.1107 -7.54233 6
      vertex 15.918 -8.40347 6
    endloop
  endfacet
  facet normal 0 0 1
    outer loop
      vertex 13.2145 -7.17157 6
      vertex 14.4151 -4.27296 6
      vertex 13.428 -3.98038 6
    endloop
  endfacet
  facet normal 0 0 1
    outer loop
      vertex 14.4151 -4.27296 6
      vertex 13.2145 -7.17157 6
      vertex 14.1107 -7.54233 6
    endloop
  endfacet
  facet normal 0 0 1
    outer loop
      vertex 5.35 0 6
      vertex 13.428 3.98038 6
      vertex 12.3096 6.68048 6
    endloop
  endfacet
  facet normal -0 0 1
    outer loop
      vertex 5.32964 -0.466283 6
      vertex 13.9291 -1.46129 6
      vertex 5.35 0 6
    endloop
  endfacet
  facet normal 0 0 1
    outer loop
      vertex 13.428 -3.98038 6
      vertex 12.3096 -6.68048 6
      vertex 13.2145 -7.17157 6
    endloop
  endfacet
  facet normal 0 0 1
    outer loop
      vertex 5.35 0 6
      vertex 12.3096 6.68048 6
      vertex 10.8826 8.81606 6
    endloop
  endfacet
  facet normal -0 0 1
    outer loop
      vertex 5.26872 -0.929017 6
      vertex 13.9291 -1.46129 6
      vertex 5.32964 -0.466283 6
    endloop
  endfacet
  facet normal 0 0 1
    outer loop
      vertex 12.3681 -10.1503 6
      vertex 11.4904 -13.8553 6
      vertex 13.8553 -11.4904 6
    endloop
  endfacet
  facet normal 0 0 1
    outer loop
      vertex 10.1503 -12.3681 6
      vertex 12.3681 -10.1503 6
      vertex 11.6826 -9.46413 6
    endloop
  endfacet
  facet normal 0 0 1
    outer loop
      vertex 9.46413 -11.6826 6
      vertex 11.6826 -9.46413 6
      vertex 10.8826 -8.81606 6
    endloop
  endfacet
  facet normal 0 0 1
    outer loop
      vertex 12.3681 -10.1503 6
      vertex 10.1503 -12.3681 6
      vertex 11.4904 -13.8553 6
    endloop
  endfacet
  facet normal 0 0 1
    outer loop
      vertex 5.35 0 6
      vertex 10.8826 8.81606 6
      vertex 8.81606 10.8826 6
    endloop
  endfacet
  facet normal 0 0 1
    outer loop
      vertex 10.8826 8.81606 6
      vertex 9.46413 11.6826 6
      vertex 8.81606 10.8826 6
    endloop
  endfacet
  facet normal 0 0 1
    outer loop
      vertex 13.9291 -1.46129 6
      vertex 5.26872 -0.929017 6
      vertex 13.428 -3.98038 6
    endloop
  endfacet
  facet normal 0 -0 1
    outer loop
      vertex 9.46413 -11.6826 6
      vertex 10.8826 -8.81606 6
      vertex 8.81606 -10.8826 6
    endloop
  endfacet
  facet normal 0 0 1
    outer loop
      vertex 11.6826 -9.46413 6
      vertex 9.46413 -11.6826 6
      vertex 10.1503 -12.3681 6
    endloop
  endfacet
  facet normal 0 0 1
    outer loop
      vertex 3.06863 4.38246 6
      vertex 8.81606 10.8826 6
      vertex 6.68048 12.3096 6
    endloop
  endfacet
  facet normal -0 0 1
    outer loop
      vertex 5.1677 -1.38468 6
      vertex 13.428 -3.98038 6
      vertex 5.26872 -0.929017 6
    endloop
  endfacet
  facet normal 0 0 1
    outer loop
      vertex 4.27296 -14.4151 6
      vertex 7.17157 -13.2145 6
      vertex 6.68048 -12.3096 6
    endloop
  endfacet
  facet normal 0 0 1
    outer loop
      vertex 7.17157 -13.2145 6
      vertex 4.27296 -14.4151 6
      vertex 7.54233 -14.1107 6
    endloop
  endfacet
  facet normal 0 0 1
    outer loop
      vertex 13.428 -3.98038 6
      vertex 5.02736 -1.82981 6
      vertex 12.3096 -6.68048 6
    endloop
  endfacet
  facet normal 0 0 1
    outer loop
      vertex 7.54233 -14.1107 6
      vertex 4.64455 -15.311 6
      vertex 8.40347 -15.918 6
    endloop
  endfacet
  facet normal -0 0 1
    outer loop
      vertex 4.84875 -2.26101 6
      vertex 12.3096 -6.68048 6
      vertex 5.02736 -1.82981 6
    endloop
  endfacet
  facet normal -0 0 1
    outer loop
      vertex 4.63323 -2.675 6
      vertex 12.3096 -6.68048 6
      vertex 4.84875 -2.26101 6
    endloop
  endfacet
  facet normal -0 0 1
    outer loop
      vertex 4.38246 -3.06863 6
      vertex 12.3096 -6.68048 6
      vertex 4.63323 -2.675 6
    endloop
  endfacet
  facet normal 0 0 1
    outer loop
      vertex 12.3096 -6.68048 6
      vertex 4.38246 -3.06863 6
      vertex 10.8826 -8.81606 6
    endloop
  endfacet
  facet normal -0 0 1
    outer loop
      vertex 4.09834 -3.43891 6
      vertex 10.8826 -8.81606 6
      vertex 4.38246 -3.06863 6
    endloop
  endfacet
  facet normal 0 0 1
    outer loop
      vertex 8.40347 -15.918 6
      vertex 4.64455 -15.311 6
      vertex 5.31352 -17.1978 6
    endloop
  endfacet
  facet normal -0 0 1
    outer loop
      vertex 3.78302 -3.78302 6
      vertex 10.8826 -8.81606 6
      vertex 4.09834 -3.43891 6
    endloop
  endfacet
  facet normal 0 0 1
    outer loop
      vertex 10.8826 -8.81606 6
      vertex 3.78302 -3.78302 6
      vertex 8.81606 -10.8826 6
    endloop
  endfacet
  facet normal 0 -0 1
    outer loop
      vertex 4.27296 -14.4151 6
      vertex 6.68048 -12.3096 6
      vertex 3.98038 -13.428 6
    endloop
  endfacet
  facet normal -0 0 1
    outer loop
      vertex 3.43891 -4.09834 6
      vertex 8.81606 -10.8826 6
      vertex 3.78302 -3.78302 6
    endloop
  endfacet
  facet normal 0 0 1
    outer loop
      vertex 7.54233 -14.1107 6
      vertex 4.27296 -14.4151 6
      vertex 4.64455 -15.311 6
    endloop
  endfacet
  facet normal -0 0 1
    outer loop
      vertex 3.06863 -4.38246 6
      vertex 8.81606 -10.8826 6
      vertex 3.43891 -4.09834 6
    endloop
  endfacet
  facet normal 0 0 1
    outer loop
      vertex 8.81606 -10.8826 6
      vertex 3.06863 -4.38246 6
      vertex 6.68048 -12.3096 6
    endloop
  endfacet
  facet normal -0 0 1
    outer loop
      vertex 2.675 -4.63323 6
      vertex 6.68048 -12.3096 6
      vertex 3.06863 -4.38246 6
    endloop
  endfacet
  facet normal -0 0 1
    outer loop
      vertex 2.26101 -4.84875 6
      vertex 6.68048 -12.3096 6
      vertex 2.675 -4.63323 6
    endloop
  endfacet
  facet normal 0 0 1
    outer loop
      vertex 6.68048 -12.3096 6
      vertex 2.26101 -4.84875 6
      vertex 3.98038 -13.428 6
    endloop
  endfacet
  facet normal -0 0 1
    outer loop
      vertex 1.82981 -5.02736 6
      vertex 3.98038 -13.428 6
      vertex 2.26101 -4.84875 6
    endloop
  endfacet
  facet normal -0 0 1
    outer loop
      vertex 1.38468 -5.1677 6
      vertex 3.98038 -13.428 6
      vertex 1.82981 -5.02736 6
    endloop
  endfacet
  facet normal -0 0 1
    outer loop
      vertex 0.929017 -5.26872 6
      vertex 3.98038 -13.428 6
      vertex 1.38468 -5.1677 6
    endloop
  endfacet
  facet normal 0 0 1
    outer loop
      vertex -1.56871 -14.953 6
      vertex 1.56871 -14.953 6
      vertex 1.46129 -13.9291 6
    endloop
  endfacet
  facet normal 0 0 1
    outer loop
      vertex 1.56871 -14.953 6
      vertex -1.56871 -14.953 6
      vertex 1.56827 -15.9229 6
    endloop
  endfacet
  facet normal 0 0 1
    outer loop
      vertex 3.98038 -13.428 6
      vertex 0.929017 -5.26872 6
      vertex 1.46129 -13.9291 6
    endloop
  endfacet
  facet normal -0 0 1
    outer loop
      vertex 0.466283 -5.32964 6
      vertex 1.46129 -13.9291 6
      vertex 0.929017 -5.26872 6
    endloop
  endfacet
  facet normal -0 0 1
    outer loop
      vertex 0 -5.35 6
      vertex 1.46129 -13.9291 6
      vertex 0.466283 -5.32964 6
    endloop
  endfacet
  facet normal 0 0 1
    outer loop
      vertex 1.46129 -13.9291 6
      vertex 0 -5.35 6
      vertex -1.46129 -13.9291 6
    endloop
  endfacet
  facet normal 0 0 1
    outer loop
      vertex -1.46129 -13.9291 6
      vertex 0 -5.35 6
      vertex -0.466283 -5.32964 6
    endloop
  endfacet
  facet normal 0 0 1
    outer loop
      vertex -1.46129 -13.9291 6
      vertex -0.466283 -5.32964 6
      vertex -0.929017 -5.26872 6
    endloop
  endfacet
  facet normal 0 0 1
    outer loop
      vertex -3.98038 -13.428 6
      vertex -0.929017 -5.26872 6
      vertex -1.38468 -5.1677 6
    endloop
  endfacet
  facet normal 0 0 1
    outer loop
      vertex -1.56871 -14.953 6
      vertex 1.46129 -13.9291 6
      vertex -1.46129 -13.9291 6
    endloop
  endfacet
  facet normal 0 0 1
    outer loop
      vertex 1.56827 -15.9229 6
      vertex -1.56871 -14.953 6
      vertex -1.56827 -15.9229 6
    endloop
  endfacet
  facet normal 0 0 1
    outer loop
      vertex 1.67227 -17.9221 6
      vertex -1.56827 -15.9229 6
      vertex -1.67227 -17.9221 6
    endloop
  endfacet
  facet normal 0 0 1
    outer loop
      vertex -5.35 0 6
      vertex -13.9291 -1.46129 6
      vertex -5.32964 -0.466283 6
    endloop
  endfacet
  facet normal 0 0 1
    outer loop
      vertex -5.32964 -0.466283 6
      vertex -13.9291 -1.46129 6
      vertex -13.428 -3.98038 6
    endloop
  endfacet
  facet normal 0 0 1
    outer loop
      vertex -14.953 1.56871 6
      vertex -13.9291 -1.46129 6
      vertex -13.9291 1.46129 6
    endloop
  endfacet
  facet normal 0 0 1
    outer loop
      vertex -14.953 1.56871 6
      vertex -14.953 -1.56871 6
      vertex -13.9291 -1.46129 6
    endloop
  endfacet
  facet normal -0 0 1
    outer loop
      vertex -15.9229 1.56827 6
      vertex -14.953 -1.56871 6
      vertex -14.953 1.56871 6
    endloop
  endfacet
  facet normal 0 0 1
    outer loop
      vertex -15.9229 1.56827 6
      vertex -15.9229 -1.56827 6
      vertex -14.953 -1.56871 6
    endloop
  endfacet
  facet normal 0 0 1
    outer loop
      vertex -17.9221 1.67227 6
      vertex -15.9229 -1.56827 6
      vertex -15.9229 1.56827 6
    endloop
  endfacet
  facet normal 0 0 1
    outer loop
      vertex -15.9229 -1.56827 6
      vertex -17.9221 1.67227 6
      vertex -17.9221 -1.67227 6
    endloop
  endfacet
  facet normal 0 0 1
    outer loop
      vertex -5.32964 0.466283 6
      vertex -13.9291 1.46129 6
      vertex -5.35 0 6
    endloop
  endfacet
  facet normal 0 0 1
    outer loop
      vertex -5.32964 -0.466283 6
      vertex -12.3096 -6.68048 6
      vertex -10.8826 -8.81606 6
    endloop
  endfacet
  facet normal 0 0 1
    outer loop
      vertex -13.428 3.98038 6
      vertex -12.3096 6.68048 6
      vertex -13.2145 7.17157 6
    endloop
  endfacet
  facet normal 0 0 1
    outer loop
      vertex -13.9291 -1.46129 6
      vertex -5.35 0 6
      vertex -13.9291 1.46129 6
    endloop
  endfacet
  facet normal 0 0 1
    outer loop
      vertex -5.32964 -0.466283 6
      vertex -13.428 -3.98038 6
      vertex -12.3096 -6.68048 6
    endloop
  endfacet
  facet normal 0 0 1
    outer loop
      vertex -14.4151 4.27296 6
      vertex -13.2145 7.17157 6
      vertex -14.1107 7.54233 6
    endloop
  endfacet
  facet normal 0 0 1
    outer loop
      vertex -13.2145 7.17157 6
      vertex -14.4151 4.27296 6
      vertex -13.428 3.98038 6
    endloop
  endfacet
  facet normal 0 0 1
    outer loop
      vertex -14.1107 7.54233 6
      vertex -15.311 4.64455 6
      vertex -14.4151 4.27296 6
    endloop
  endfacet
  facet normal 0 0 1
    outer loop
      vertex -15.918 8.40347 6
      vertex -15.311 4.64455 6
      vertex -14.1107 7.54233 6
    endloop
  endfacet
  facet normal 0 0 1
    outer loop
      vertex -15.311 4.64455 6
      vertex -15.918 8.40347 6
      vertex -17.1978 5.31352 6
    endloop
  endfacet
  facet normal -0 0 1
    outer loop
      vertex -13.9291 1.46129 6
      vertex -5.26872 0.929017 6
      vertex -13.428 3.98038 6
    endloop
  endfacet
  facet normal 0 0 1
    outer loop
      vertex -5.32964 -0.466283 6
      vertex -8.81606 -10.8826 6
      vertex -6.68048 -12.3096 6
    endloop
  endfacet
  facet normal 0 0 1
    outer loop
      vertex -10.8826 8.81606 6
      vertex -8.81606 10.8826 6
      vertex -9.46413 11.6826 6
    endloop
  endfacet
  facet normal 0 0 1
    outer loop
      vertex -5.26872 0.929017 6
      vertex -13.9291 1.46129 6
      vertex -5.32964 0.466283 6
    endloop
  endfacet
  facet normal 0 0 1
    outer loop
      vertex -11.6826 9.46413 6
      vertex -9.46413 11.6826 6
      vertex -10.1503 12.3681 6
    endloop
  endfacet
  facet normal 0 0 1
    outer loop
      vertex -5.32964 -0.466283 6
      vertex -10.8826 -8.81606 6
      vertex -8.81606 -10.8826 6
    endloop
  endfacet
  facet normal 0 0 1
    outer loop
      vertex -8.81606 -10.8826 6
      vertex -10.8826 -8.81606 6
      vertex -9.46413 -11.6826 6
    endloop
  endfacet
  facet normal 0 0 1
    outer loop
      vertex -12.3681 10.1503 6
      vertex -10.1503 12.3681 6
      vertex -11.4904 13.8553 6
    endloop
  endfacet
  facet normal 0 0 1
    outer loop
      vertex -9.46413 11.6826 6
      vertex -11.6826 9.46413 6
      vertex -10.8826 8.81606 6
    endloop
  endfacet
  facet normal 0 0 1
    outer loop
      vertex -10.1503 12.3681 6
      vertex -12.3681 10.1503 6
      vertex -11.6826 9.46413 6
    endloop
  endfacet
  facet normal 0 -0 1
    outer loop
      vertex -12.3681 10.1503 6
      vertex -11.4904 13.8553 6
      vertex -13.8553 11.4904 6
    endloop
  endfacet
  facet normal 0 0 1
    outer loop
      vertex 1.56827 -15.9229 6
      vertex -1.56827 -15.9229 6
      vertex 1.67227 -17.9221 6
    endloop
  endfacet
  facet normal 0 0 1
    outer loop
      vertex -3.98038 -13.428 6
      vertex -1.38468 -5.1677 6
      vertex -1.82981 -5.02736 6
    endloop
  endfacet
  facet normal 0 0 1
    outer loop
      vertex -3.98038 -13.428 6
      vertex -1.82981 -5.02736 6
      vertex -2.26101 -4.84875 6
    endloop
  endfacet
  facet normal 0 0 1
    outer loop
      vertex -6.68048 -12.3096 6
      vertex -2.26101 -4.84875 6
      vertex -2.675 -4.63323 6
    endloop
  endfacet
  facet normal 0 0 1
    outer loop
      vertex -6.68048 -12.3096 6
      vertex -2.675 -4.63323 6
      vertex -3.06863 -4.38246 6
    endloop
  endfacet
  facet normal 0 0 1
    outer loop
      vertex -6.68048 -12.3096 6
      vertex -3.06863 -4.38246 6
      vertex -3.43891 -4.09834 6
    endloop
  endfacet
  facet normal 0 0 1
    outer loop
      vertex -6.68048 -12.3096 6
      vertex -3.43891 -4.09834 6
      vertex -3.78302 -3.78302 6
    endloop
  endfacet
  facet normal 0 0 1
    outer loop
      vertex -0.929017 -5.26872 6
      vertex -3.98038 -13.428 6
      vertex -1.46129 -13.9291 6
    endloop
  endfacet
  facet normal 0 0 1
    outer loop
      vertex -6.68048 -12.3096 6
      vertex -3.78302 -3.78302 6
      vertex -4.09834 -3.43891 6
    endloop
  endfacet
  facet normal 0 0 1
    outer loop
      vertex -2.26101 -4.84875 6
      vertex -6.68048 -12.3096 6
      vertex -3.98038 -13.428 6
    endloop
  endfacet
  facet normal 0 0 1
    outer loop
      vertex -6.68048 -12.3096 6
      vertex -4.09834 -3.43891 6
      vertex -4.38246 -3.06863 6
    endloop
  endfacet
  facet normal 0 0 1
    outer loop
      vertex -6.68048 -12.3096 6
      vertex -4.38246 -3.06863 6
      vertex -4.63323 -2.675 6
    endloop
  endfacet
  facet normal 0 0 1
    outer loop
      vertex -3.98038 -13.428 6
      vertex -6.68048 -12.3096 6
      vertex -4.27296 -14.4151 6
    endloop
  endfacet
  facet normal 0 0 1
    outer loop
      vertex -6.68048 -12.3096 6
      vertex -4.63323 -2.675 6
      vertex -4.84875 -2.26101 6
    endloop
  endfacet
  facet normal 0 0 1
    outer loop
      vertex -6.68048 -12.3096 6
      vertex -4.84875 -2.26101 6
      vertex -5.02736 -1.82981 6
    endloop
  endfacet
  facet normal 0 0 1
    outer loop
      vertex -6.68048 -12.3096 6
      vertex -5.02736 -1.82981 6
      vertex -5.1677 -1.38468 6
    endloop
  endfacet
  facet normal 0 0 1
    outer loop
      vertex -6.68048 -12.3096 6
      vertex -5.1677 -1.38468 6
      vertex -5.26872 -0.929017 6
    endloop
  endfacet
  facet normal -0 0 1
    outer loop
      vertex -7.17157 -13.2145 6
      vertex -4.27296 -14.4151 6
      vertex -6.68048 -12.3096 6
    endloop
  endfacet
  facet normal 0 0 1
    outer loop
      vertex -6.68048 -12.3096 6
      vertex -5.26872 -0.929017 6
      vertex -5.32964 -0.466283 6
    endloop
  endfacet
  facet normal 0 0 1
    outer loop
      vertex -5.1677 1.38468 6
      vertex -13.428 3.98038 6
      vertex -5.26872 0.929017 6
    endloop
  endfacet
  facet normal 0 0 1
    outer loop
      vertex -5.02736 1.82981 6
      vertex -13.428 3.98038 6
      vertex -5.1677 1.38468 6
    endloop
  endfacet
  facet normal 0 0 1
    outer loop
      vertex -4.27296 -14.4151 6
      vertex -7.17157 -13.2145 6
      vertex -4.64455 -15.311 6
    endloop
  endfacet
  facet normal -0 0 1
    outer loop
      vertex -7.54233 -14.1107 6
      vertex -4.64455 -15.311 6
      vertex -7.17157 -13.2145 6
    endloop
  endfacet
  facet normal 0 0 1
    outer loop
      vertex -4.64455 -15.311 6
      vertex -7.54233 -14.1107 6
      vertex -5.31352 -17.1978 6
    endloop
  endfacet
  facet normal 0 0 1
    outer loop
      vertex -5.31352 -17.1978 6
      vertex -7.54233 -14.1107 6
      vertex -8.40347 -15.918 6
    endloop
  endfacet
  facet normal 0 0 1
    outer loop
      vertex -0.929017 5.26872 6
      vertex -3.98038 13.428 6
      vertex -1.38468 5.1677 6
    endloop
  endfacet
  facet normal 0 0 1
    outer loop
      vertex -1.38468 5.1677 6
      vertex -3.98038 13.428 6
      vertex -1.82981 5.02736 6
    endloop
  endfacet
  facet normal 0 0 1
    outer loop
      vertex -1.82981 5.02736 6
      vertex -3.98038 13.428 6
      vertex -2.26101 4.84875 6
    endloop
  endfacet
  facet normal -0 0 1
    outer loop
      vertex -6.68048 12.3096 6
      vertex -2.26101 4.84875 6
      vertex -3.98038 13.428 6
    endloop
  endfacet
  facet normal 0 0 1
    outer loop
      vertex -2.26101 4.84875 6
      vertex -6.68048 12.3096 6
      vertex -2.675 4.63323 6
    endloop
  endfacet
  facet normal 0 0 1
    outer loop
      vertex -2.675 4.63323 6
      vertex -6.68048 12.3096 6
      vertex -3.06863 4.38246 6
    endloop
  endfacet
  facet normal -0 0 1
    outer loop
      vertex -8.81606 10.8826 6
      vertex -3.06863 4.38246 6
      vertex -6.68048 12.3096 6
    endloop
  endfacet
  facet normal 0 0 1
    outer loop
      vertex -3.06863 4.38246 6
      vertex -8.81606 10.8826 6
      vertex -3.43891 4.09834 6
    endloop
  endfacet
  facet normal 0 0 1
    outer loop
      vertex -6.68048 12.3096 6
      vertex -3.98038 13.428 6
      vertex -4.27296 14.4151 6
    endloop
  endfacet
  facet normal 0 0 1
    outer loop
      vertex -3.43891 4.09834 6
      vertex -8.81606 10.8826 6
      vertex -3.78302 3.78302 6
    endloop
  endfacet
  facet normal -0 0 1
    outer loop
      vertex -10.8826 8.81606 6
      vertex -3.78302 3.78302 6
      vertex -8.81606 10.8826 6
    endloop
  endfacet
  facet normal 0 0 1
    outer loop
      vertex -7.17157 13.2145 6
      vertex -4.27296 14.4151 6
      vertex -4.64455 15.311 6
    endloop
  endfacet
  facet normal 0 0 1
    outer loop
      vertex -3.78302 3.78302 6
      vertex -10.8826 8.81606 6
      vertex -4.09834 3.43891 6
    endloop
  endfacet
  facet normal 0 0 1
    outer loop
      vertex -4.09834 3.43891 6
      vertex -10.8826 8.81606 6
      vertex -4.38246 3.06863 6
    endloop
  endfacet
  facet normal -0 0 1
    outer loop
      vertex -12.3096 6.68048 6
      vertex -4.38246 3.06863 6
      vertex -10.8826 8.81606 6
    endloop
  endfacet
  facet normal 0 0 1
    outer loop
      vertex -4.38246 3.06863 6
      vertex -12.3096 6.68048 6
      vertex -4.63323 2.675 6
    endloop
  endfacet
  facet normal 0 0 1
    outer loop
      vertex -7.54233 14.1107 6
      vertex -4.64455 15.311 6
      vertex -5.31352 17.1978 6
    endloop
  endfacet
  facet normal 0 0 1
    outer loop
      vertex -4.63323 2.675 6
      vertex -12.3096 6.68048 6
      vertex -4.84875 2.26101 6
    endloop
  endfacet
  facet normal 0 0 1
    outer loop
      vertex -4.84875 2.26101 6
      vertex -12.3096 6.68048 6
      vertex -5.02736 1.82981 6
    endloop
  endfacet
  facet normal -0 0 1
    outer loop
      vertex -13.428 3.98038 6
      vertex -5.02736 1.82981 6
      vertex -12.3096 6.68048 6
    endloop
  endfacet
  facet normal 0 0 1
    outer loop
      vertex -4.27296 14.4151 6
      vertex -7.17157 13.2145 6
      vertex -6.68048 12.3096 6
    endloop
  endfacet
  facet normal 0 0 1
    outer loop
      vertex -4.64455 15.311 6
      vertex -7.54233 14.1107 6
      vertex -7.17157 13.2145 6
    endloop
  endfacet
  facet normal 0 -0 1
    outer loop
      vertex -7.54233 14.1107 6
      vertex -5.31352 17.1978 6
      vertex -8.40347 15.918 6
    endloop
  endfacet
  facet normal 0 0 1
    outer loop
      vertex 1.46129 13.9291 6
      vertex -1.56871 14.953 6
      vertex -1.46129 13.9291 6
    endloop
  endfacet
  facet normal -0 0 1
    outer loop
      vertex -11.6826 -9.46413 6
      vertex -9.46413 -11.6826 6
      vertex -10.8826 -8.81606 6
    endloop
  endfacet
  facet normal 0 0 1
    outer loop
      vertex -9.46413 -11.6826 6
      vertex -11.6826 -9.46413 6
      vertex -10.1503 -12.3681 6
    endloop
  endfacet
  facet normal -0 0 1
    outer loop
      vertex -12.3681 -10.1503 6
      vertex -10.1503 -12.3681 6
      vertex -11.6826 -9.46413 6
    endloop
  endfacet
  facet normal 0 0 1
    outer loop
      vertex -10.1503 -12.3681 6
      vertex -12.3681 -10.1503 6
      vertex -11.4904 -13.8553 6
    endloop
  endfacet
  facet normal 0 0 1
    outer loop
      vertex -11.4904 -13.8553 6
      vertex -12.3681 -10.1503 6
      vertex -13.8553 -11.4904 6
    endloop
  endfacet
  facet normal 0 0 1
    outer loop
      vertex -12.3096 -6.68048 6
      vertex -13.428 -3.98038 6
      vertex -13.2145 -7.17157 6
    endloop
  endfacet
  facet normal -0 0 1
    outer loop
      vertex -14.4151 -4.27296 6
      vertex -13.2145 -7.17157 6
      vertex -13.428 -3.98038 6
    endloop
  endfacet
  facet normal 0 0 1
    outer loop
      vertex -13.2145 -7.17157 6
      vertex -14.4151 -4.27296 6
      vertex -14.1107 -7.54233 6
    endloop
  endfacet
  facet normal -0 0 1
    outer loop
      vertex -15.311 -4.64455 6
      vertex -14.1107 -7.54233 6
      vertex -14.4151 -4.27296 6
    endloop
  endfacet
  facet normal 0 0 1
    outer loop
      vertex -15.311 -4.64455 6
      vertex -15.918 -8.40347 6
      vertex -14.1107 -7.54233 6
    endloop
  endfacet
  facet normal 0 -0 1
    outer loop
      vertex -15.918 -8.40347 6
      vertex -15.311 -4.64455 6
      vertex -17.1978 -5.31352 6
    endloop
  endfacet
  facet normal 1 -0.000453655 0
    outer loop
      vertex 1.56827 -15.9229 6
      vertex 1.56871 -14.953 0
      vertex 1.56871 -14.953 6
    endloop
  endfacet
  facet normal 1 -0.000453655 0
    outer loop
      vertex 1.56871 -14.953 0
      vertex 1.56827 -15.9229 6
      vertex 1.56827 -15.9229 0
    endloop
  endfacet
  facet normal 0.994542 0.10434 0
    outer loop
      vertex 1.56871 -14.953 6
      vertex 1.46129 -13.9291 0
      vertex 1.46129 -13.9291 6
    endloop
  endfacet
  facet normal 0.994542 0.10434 0
    outer loop
      vertex 1.46129 -13.9291 0
      vertex 1.56871 -14.953 6
      vertex 1.56871 -14.953 0
    endloop
  endfacet
  facet normal 0.195099 -0.980784 0
    outer loop
      vertex 1.46129 -13.9291 0
      vertex 3.98038 -13.428 6
      vertex 1.46129 -13.9291 6
    endloop
  endfacet
  facet normal 0.195099 -0.980784 0
    outer loop
      vertex 3.98038 -13.428 6
      vertex 1.46129 -13.9291 0
      vertex 3.98038 -13.428 0
    endloop
  endfacet
  facet normal -0.95877 -0.284183 0
    outer loop
      vertex 4.27296 -14.4151 0
      vertex 3.98038 -13.428 6
      vertex 3.98038 -13.428 0
    endloop
  endfacet
  facet normal -0.95877 -0.284183 0
    outer loop
      vertex 3.98038 -13.428 6
      vertex 4.27296 -14.4151 0
      vertex 4.27296 -14.4151 6
    endloop
  endfacet
  facet normal -0.923699 -0.38312 0
    outer loop
      vertex 4.64455 -15.311 0
      vertex 4.27296 -14.4151 6
      vertex 4.27296 -14.4151 0
    endloop
  endfacet
  facet normal -0.923699 -0.38312 0
    outer loop
      vertex 4.27296 -14.4151 6
      vertex 4.64455 -15.311 0
      vertex 4.64455 -15.311 6
    endloop
  endfacet
  facet normal -0.942513 -0.33417 0
    outer loop
      vertex 5.31352 -17.1978 0
      vertex 4.64455 -15.311 6
      vertex 4.64455 -15.311 0
    endloop
  endfacet
  facet normal -0.942513 -0.33417 0
    outer loop
      vertex 4.64455 -15.311 6
      vertex 5.31352 -17.1978 0
      vertex 5.31352 -17.1978 6
    endloop
  endfacet
  facet normal 0.382658 -0.92389 0
    outer loop
      vertex 5.31352 -17.1978 0
      vertex 8.40347 -15.918 6
      vertex 5.31352 -17.1978 6
    endloop
  endfacet
  facet normal 0.382658 -0.92389 0
    outer loop
      vertex 8.40347 -15.918 6
      vertex 5.31352 -17.1978 0
      vertex 8.40347 -15.918 0
    endloop
  endfacet
  facet normal 0.902759 0.430146 0
    outer loop
      vertex 8.40347 -15.918 6
      vertex 7.54233 -14.1107 0
      vertex 7.54233 -14.1107 6
    endloop
  endfacet
  facet normal 0.902759 0.430146 0
    outer loop
      vertex 7.54233 -14.1107 0
      vertex 8.40347 -15.918 6
      vertex 8.40347 -15.918 0
    endloop
  endfacet
  facet normal 0.924046 0.38228 0
    outer loop
      vertex 7.54233 -14.1107 6
      vertex 7.17157 -13.2145 0
      vertex 7.17157 -13.2145 6
    endloop
  endfacet
  facet normal 0.924046 0.38228 0
    outer loop
      vertex 7.17157 -13.2145 0
      vertex 7.54233 -14.1107 6
      vertex 7.54233 -14.1107 0
    endloop
  endfacet
  facet normal 0.878911 0.476986 0
    outer loop
      vertex 7.17157 -13.2145 6
      vertex 6.68048 -12.3096 0
      vertex 6.68048 -12.3096 6
    endloop
  endfacet
  facet normal 0.878911 0.476986 0
    outer loop
      vertex 6.68048 -12.3096 0
      vertex 7.17157 -13.2145 6
      vertex 7.17157 -13.2145 0
    endloop
  endfacet
  facet normal 0.555584 -0.83146 0
    outer loop
      vertex 6.68048 -12.3096 0
      vertex 8.81606 -10.8826 6
      vertex 6.68048 -12.3096 6
    endloop
  endfacet
  facet normal 0.555584 -0.83146 0
    outer loop
      vertex 8.81606 -10.8826 6
      vertex 6.68048 -12.3096 0
      vertex 8.81606 -10.8826 0
    endloop
  endfacet
  facet normal -0.777031 -0.629463 0
    outer loop
      vertex 9.46413 -11.6826 0
      vertex 8.81606 -10.8826 6
      vertex 8.81606 -10.8826 0
    endloop
  endfacet
  facet normal -0.777031 -0.629463 0
    outer loop
      vertex 8.81606 -10.8826 6
      vertex 9.46413 -11.6826 0
      vertex 9.46413 -11.6826 6
    endloop
  endfacet
  facet normal -0.706761 -0.707452 0
    outer loop
      vertex 9.46413 -11.6826 0
      vertex 10.1503 -12.3681 6
      vertex 9.46413 -11.6826 6
    endloop
  endfacet
  facet normal -0.706761 -0.707452 -0
    outer loop
      vertex 10.1503 -12.3681 6
      vertex 9.46413 -11.6826 0
      vertex 10.1503 -12.3681 0
    endloop
  endfacet
  facet normal -0.742892 -0.669412 0
    outer loop
      vertex 11.4904 -13.8553 0
      vertex 10.1503 -12.3681 6
      vertex 10.1503 -12.3681 0
    endloop
  endfacet
  facet normal -0.742892 -0.669412 0
    outer loop
      vertex 10.1503 -12.3681 6
      vertex 11.4904 -13.8553 0
      vertex 11.4904 -13.8553 6
    endloop
  endfacet
  facet normal 0.707107 -0.707107 0
    outer loop
      vertex 11.4904 -13.8553 6
      vertex 13.8553 -11.4904 0
      vertex 13.8553 -11.4904 6
    endloop
  endfacet
  facet normal 0.707107 -0.707107 0
    outer loop
      vertex 13.8553 -11.4904 0
      vertex 11.4904 -13.8553 6
      vertex 11.4904 -13.8553 0
    endloop
  endfacet
  facet normal 0.669412 0.742892 -0
    outer loop
      vertex 13.8553 -11.4904 0
      vertex 12.3681 -10.1503 6
      vertex 13.8553 -11.4904 6
    endloop
  endfacet
  facet normal 0.669412 0.742892 0
    outer loop
      vertex 12.3681 -10.1503 6
      vertex 13.8553 -11.4904 0
      vertex 12.3681 -10.1503 0
    endloop
  endfacet
  facet normal 0.707452 0.706761 0
    outer loop
      vertex 12.3681 -10.1503 6
      vertex 11.6826 -9.46413 0
      vertex 11.6826 -9.46413 6
    endloop
  endfacet
  facet normal 0.707452 0.706761 0
    outer loop
      vertex 11.6826 -9.46413 0
      vertex 12.3681 -10.1503 6
      vertex 12.3681 -10.1503 0
    endloop
  endfacet
  facet normal 0.629463 0.777031 -0
    outer loop
      vertex 11.6826 -9.46413 0
      vertex 10.8826 -8.81606 6
      vertex 11.6826 -9.46413 6
    endloop
  endfacet
  facet normal 0.629463 0.777031 0
    outer loop
      vertex 10.8826 -8.81606 6
      vertex 11.6826 -9.46413 0
      vertex 10.8826 -8.81606 0
    endloop
  endfacet
  facet normal 0.83146 -0.555584 0
    outer loop
      vertex 10.8826 -8.81606 6
      vertex 12.3096 -6.68048 0
      vertex 12.3096 -6.68048 6
    endloop
  endfacet
  facet normal 0.83146 -0.555584 0
    outer loop
      vertex 12.3096 -6.68048 0
      vertex 10.8826 -8.81606 6
      vertex 10.8826 -8.81606 0
    endloop
  endfacet
  facet normal -0.476986 -0.878911 0
    outer loop
      vertex 12.3096 -6.68048 0
      vertex 13.2145 -7.17157 6
      vertex 12.3096 -6.68048 6
    endloop
  endfacet
  facet normal -0.476986 -0.878911 -0
    outer loop
      vertex 13.2145 -7.17157 6
      vertex 12.3096 -6.68048 0
      vertex 13.2145 -7.17157 0
    endloop
  endfacet
  facet normal -0.38228 -0.924046 0
    outer loop
      vertex 13.2145 -7.17157 0
      vertex 14.1107 -7.54233 6
      vertex 13.2145 -7.17157 6
    endloop
  endfacet
  facet normal -0.38228 -0.924046 -0
    outer loop
      vertex 14.1107 -7.54233 6
      vertex 13.2145 -7.17157 0
      vertex 14.1107 -7.54233 0
    endloop
  endfacet
  facet normal -0.430146 -0.902759 0
    outer loop
      vertex 14.1107 -7.54233 0
      vertex 15.918 -8.40347 6
      vertex 14.1107 -7.54233 6
    endloop
  endfacet
  facet normal -0.430146 -0.902759 -0
    outer loop
      vertex 15.918 -8.40347 6
      vertex 14.1107 -7.54233 0
      vertex 15.918 -8.40347 0
    endloop
  endfacet
  facet normal 0.92389 -0.382658 0
    outer loop
      vertex 15.918 -8.40347 6
      vertex 17.1978 -5.31352 0
      vertex 17.1978 -5.31352 6
    endloop
  endfacet
  facet normal 0.92389 -0.382658 0
    outer loop
      vertex 17.1978 -5.31352 0
      vertex 15.918 -8.40347 6
      vertex 15.918 -8.40347 0
    endloop
  endfacet
  facet normal 0.33417 0.942513 -0
    outer loop
      vertex 17.1978 -5.31352 0
      vertex 15.311 -4.64455 6
      vertex 17.1978 -5.31352 6
    endloop
  endfacet
  facet normal 0.33417 0.942513 0
    outer loop
      vertex 15.311 -4.64455 6
      vertex 17.1978 -5.31352 0
      vertex 15.311 -4.64455 0
    endloop
  endfacet
  facet normal 0.38312 0.923699 -0
    outer loop
      vertex 15.311 -4.64455 0
      vertex 14.4151 -4.27296 6
      vertex 15.311 -4.64455 6
    endloop
  endfacet
  facet normal 0.38312 0.923699 0
    outer loop
      vertex 14.4151 -4.27296 6
      vertex 15.311 -4.64455 0
      vertex 14.4151 -4.27296 0
    endloop
  endfacet
  facet normal 0.284183 0.95877 -0
    outer loop
      vertex 14.4151 -4.27296 0
      vertex 13.428 -3.98038 6
      vertex 14.4151 -4.27296 6
    endloop
  endfacet
  facet normal 0.284183 0.95877 0
    outer loop
      vertex 13.428 -3.98038 6
      vertex 14.4151 -4.27296 0
      vertex 13.428 -3.98038 0
    endloop
  endfacet
  facet normal 0.980784 -0.195099 0
    outer loop
      vertex 13.428 -3.98038 6
      vertex 13.9291 -1.46129 0
      vertex 13.9291 -1.46129 6
    endloop
  endfacet
  facet normal 0.980784 -0.195099 0
    outer loop
      vertex 13.9291 -1.46129 0
      vertex 13.428 -3.98038 6
      vertex 13.428 -3.98038 0
    endloop
  endfacet
  facet normal -0.10434 -0.994542 0
    outer loop
      vertex 13.9291 -1.46129 0
      vertex 14.953 -1.56871 6
      vertex 13.9291 -1.46129 6
    endloop
  endfacet
  facet normal -0.10434 -0.994542 -0
    outer loop
      vertex 14.953 -1.56871 6
      vertex 13.9291 -1.46129 0
      vertex 14.953 -1.56871 0
    endloop
  endfacet
  facet normal 0.000453655 -1 0
    outer loop
      vertex 14.953 -1.56871 0
      vertex 15.9229 -1.56827 6
      vertex 14.953 -1.56871 6
    endloop
  endfacet
  facet normal 0.000453655 -1 0
    outer loop
      vertex 15.9229 -1.56827 6
      vertex 14.953 -1.56871 0
      vertex 15.9229 -1.56827 0
    endloop
  endfacet
  facet normal -0.0519506 -0.99865 0
    outer loop
      vertex 15.9229 -1.56827 0
      vertex 17.9221 -1.67227 6
      vertex 15.9229 -1.56827 6
    endloop
  endfacet
  facet normal -0.0519506 -0.99865 -0
    outer loop
      vertex 17.9221 -1.67227 6
      vertex 15.9229 -1.56827 0
      vertex 17.9221 -1.67227 0
    endloop
  endfacet
  facet normal 1 -0 0
    outer loop
      vertex 17.9221 -1.67227 6
      vertex 17.9221 1.67227 0
      vertex 17.9221 1.67227 6
    endloop
  endfacet
  facet normal 1 0 0
    outer loop
      vertex 17.9221 1.67227 0
      vertex 17.9221 -1.67227 6
      vertex 17.9221 -1.67227 0
    endloop
  endfacet
  facet normal -0.0519506 0.99865 0
    outer loop
      vertex 17.9221 1.67227 0
      vertex 15.9229 1.56827 6
      vertex 17.9221 1.67227 6
    endloop
  endfacet
  facet normal -0.0519506 0.99865 0
    outer loop
      vertex 15.9229 1.56827 6
      vertex 17.9221 1.67227 0
      vertex 15.9229 1.56827 0
    endloop
  endfacet
  facet normal 0.000453655 1 -0
    outer loop
      vertex 15.9229 1.56827 0
      vertex 14.953 1.56871 6
      vertex 15.9229 1.56827 6
    endloop
  endfacet
  facet normal 0.000453655 1 0
    outer loop
      vertex 14.953 1.56871 6
      vertex 15.9229 1.56827 0
      vertex 14.953 1.56871 0
    endloop
  endfacet
  facet normal -0.10434 0.994542 0
    outer loop
      vertex 14.953 1.56871 0
      vertex 13.9291 1.46129 6
      vertex 14.953 1.56871 6
    endloop
  endfacet
  facet normal -0.10434 0.994542 0
    outer loop
      vertex 13.9291 1.46129 6
      vertex 14.953 1.56871 0
      vertex 13.9291 1.46129 0
    endloop
  endfacet
  facet normal 0.980784 0.195099 0
    outer loop
      vertex 13.9291 1.46129 6
      vertex 13.428 3.98038 0
      vertex 13.428 3.98038 6
    endloop
  endfacet
  facet normal 0.980784 0.195099 0
    outer loop
      vertex 13.428 3.98038 0
      vertex 13.9291 1.46129 6
      vertex 13.9291 1.46129 0
    endloop
  endfacet
  facet normal 0.284183 -0.95877 0
    outer loop
      vertex 13.428 3.98038 0
      vertex 14.4151 4.27296 6
      vertex 13.428 3.98038 6
    endloop
  endfacet
  facet normal 0.284183 -0.95877 0
    outer loop
      vertex 14.4151 4.27296 6
      vertex 13.428 3.98038 0
      vertex 14.4151 4.27296 0
    endloop
  endfacet
  facet normal 0.38312 -0.923699 0
    outer loop
      vertex 14.4151 4.27296 0
      vertex 15.311 4.64455 6
      vertex 14.4151 4.27296 6
    endloop
  endfacet
  facet normal 0.38312 -0.923699 0
    outer loop
      vertex 15.311 4.64455 6
      vertex 14.4151 4.27296 0
      vertex 15.311 4.64455 0
    endloop
  endfacet
  facet normal 0.33417 -0.942513 0
    outer loop
      vertex 15.311 4.64455 0
      vertex 17.1978 5.31352 6
      vertex 15.311 4.64455 6
    endloop
  endfacet
  facet normal 0.33417 -0.942513 0
    outer loop
      vertex 17.1978 5.31352 6
      vertex 15.311 4.64455 0
      vertex 17.1978 5.31352 0
    endloop
  endfacet
  facet normal 0.92389 0.382658 0
    outer loop
      vertex 17.1978 5.31352 6
      vertex 15.918 8.40347 0
      vertex 15.918 8.40347 6
    endloop
  endfacet
  facet normal 0.92389 0.382658 0
    outer loop
      vertex 15.918 8.40347 0
      vertex 17.1978 5.31352 6
      vertex 17.1978 5.31352 0
    endloop
  endfacet
  facet normal -0.430146 0.902759 0
    outer loop
      vertex 15.918 8.40347 0
      vertex 14.1107 7.54233 6
      vertex 15.918 8.40347 6
    endloop
  endfacet
  facet normal -0.430146 0.902759 0
    outer loop
      vertex 14.1107 7.54233 6
      vertex 15.918 8.40347 0
      vertex 14.1107 7.54233 0
    endloop
  endfacet
  facet normal -0.38228 0.924046 0
    outer loop
      vertex 14.1107 7.54233 0
      vertex 13.2145 7.17157 6
      vertex 14.1107 7.54233 6
    endloop
  endfacet
  facet normal -0.38228 0.924046 0
    outer loop
      vertex 13.2145 7.17157 6
      vertex 14.1107 7.54233 0
      vertex 13.2145 7.17157 0
    endloop
  endfacet
  facet normal -0.476986 0.878911 0
    outer loop
      vertex 13.2145 7.17157 0
      vertex 12.3096 6.68048 6
      vertex 13.2145 7.17157 6
    endloop
  endfacet
  facet normal -0.476986 0.878911 0
    outer loop
      vertex 12.3096 6.68048 6
      vertex 13.2145 7.17157 0
      vertex 12.3096 6.68048 0
    endloop
  endfacet
  facet normal 0.83146 0.555584 0
    outer loop
      vertex 12.3096 6.68048 6
      vertex 10.8826 8.81606 0
      vertex 10.8826 8.81606 6
    endloop
  endfacet
  facet normal 0.83146 0.555584 0
    outer loop
      vertex 10.8826 8.81606 0
      vertex 12.3096 6.68048 6
      vertex 12.3096 6.68048 0
    endloop
  endfacet
  facet normal 0.629463 -0.777031 0
    outer loop
      vertex 10.8826 8.81606 0
      vertex 11.6826 9.46413 6
      vertex 10.8826 8.81606 6
    endloop
  endfacet
  facet normal 0.629463 -0.777031 0
    outer loop
      vertex 11.6826 9.46413 6
      vertex 10.8826 8.81606 0
      vertex 11.6826 9.46413 0
    endloop
  endfacet
  facet normal 0.707452 -0.706761 0
    outer loop
      vertex 11.6826 9.46413 6
      vertex 12.3681 10.1503 0
      vertex 12.3681 10.1503 6
    endloop
  endfacet
  facet normal 0.707452 -0.706761 0
    outer loop
      vertex 12.3681 10.1503 0
      vertex 11.6826 9.46413 6
      vertex 11.6826 9.46413 0
    endloop
  endfacet
  facet normal 0.669412 -0.742892 0
    outer loop
      vertex 12.3681 10.1503 0
      vertex 13.8553 11.4904 6
      vertex 12.3681 10.1503 6
    endloop
  endfacet
  facet normal 0.669412 -0.742892 0
    outer loop
      vertex 13.8553 11.4904 6
      vertex 12.3681 10.1503 0
      vertex 13.8553 11.4904 0
    endloop
  endfacet
  facet normal 0.707107 0.707107 0
    outer loop
      vertex 13.8553 11.4904 6
      vertex 11.4904 13.8553 0
      vertex 11.4904 13.8553 6
    endloop
  endfacet
  facet normal 0.707107 0.707107 0
    outer loop
      vertex 11.4904 13.8553 0
      vertex 13.8553 11.4904 6
      vertex 13.8553 11.4904 0
    endloop
  endfacet
  facet normal -0.742892 0.669412 0
    outer loop
      vertex 10.1503 12.3681 0
      vertex 11.4904 13.8553 6
      vertex 11.4904 13.8553 0
    endloop
  endfacet
  facet normal -0.742892 0.669412 0
    outer loop
      vertex 11.4904 13.8553 6
      vertex 10.1503 12.3681 0
      vertex 10.1503 12.3681 6
    endloop
  endfacet
  facet normal -0.706761 0.707452 0
    outer loop
      vertex 10.1503 12.3681 0
      vertex 9.46413 11.6826 6
      vertex 10.1503 12.3681 6
    endloop
  endfacet
  facet normal -0.706761 0.707452 0
    outer loop
      vertex 9.46413 11.6826 6
      vertex 10.1503 12.3681 0
      vertex 9.46413 11.6826 0
    endloop
  endfacet
  facet normal -0.777031 0.629463 0
    outer loop
      vertex 8.81606 10.8826 0
      vertex 9.46413 11.6826 6
      vertex 9.46413 11.6826 0
    endloop
  endfacet
  facet normal -0.777031 0.629463 0
    outer loop
      vertex 9.46413 11.6826 6
      vertex 8.81606 10.8826 0
      vertex 8.81606 10.8826 6
    endloop
  endfacet
  facet normal 0.555584 0.83146 -0
    outer loop
      vertex 8.81606 10.8826 0
      vertex 6.68048 12.3096 6
      vertex 8.81606 10.8826 6
    endloop
  endfacet
  facet normal 0.555584 0.83146 0
    outer loop
      vertex 6.68048 12.3096 6
      vertex 8.81606 10.8826 0
      vertex 6.68048 12.3096 0
    endloop
  endfacet
  facet normal 0.878911 -0.476986 0
    outer loop
      vertex 6.68048 12.3096 6
      vertex 7.17157 13.2145 0
      vertex 7.17157 13.2145 6
    endloop
  endfacet
  facet normal 0.878911 -0.476986 0
    outer loop
      vertex 7.17157 13.2145 0
      vertex 6.68048 12.3096 6
      vertex 6.68048 12.3096 0
    endloop
  endfacet
  facet normal 0.924046 -0.38228 0
    outer loop
      vertex 7.17157 13.2145 6
      vertex 7.54233 14.1107 0
      vertex 7.54233 14.1107 6
    endloop
  endfacet
  facet normal 0.924046 -0.38228 0
    outer loop
      vertex 7.54233 14.1107 0
      vertex 7.17157 13.2145 6
      vertex 7.17157 13.2145 0
    endloop
  endfacet
  facet normal 0.902759 -0.430146 0
    outer loop
      vertex 7.54233 14.1107 6
      vertex 8.40347 15.918 0
      vertex 8.40347 15.918 6
    endloop
  endfacet
  facet normal 0.902759 -0.430146 0
    outer loop
      vertex 8.40347 15.918 0
      vertex 7.54233 14.1107 6
      vertex 7.54233 14.1107 0
    endloop
  endfacet
  facet normal 0.382658 0.92389 -0
    outer loop
      vertex 8.40347 15.918 0
      vertex 5.31352 17.1978 6
      vertex 8.40347 15.918 6
    endloop
  endfacet
  facet normal 0.382658 0.92389 0
    outer loop
      vertex 5.31352 17.1978 6
      vertex 8.40347 15.918 0
      vertex 5.31352 17.1978 0
    endloop
  endfacet
  facet normal -0.942513 0.33417 0
    outer loop
      vertex 4.64455 15.311 0
      vertex 5.31352 17.1978 6
      vertex 5.31352 17.1978 0
    endloop
  endfacet
  facet normal -0.942513 0.33417 0
    outer loop
      vertex 5.31352 17.1978 6
      vertex 4.64455 15.311 0
      vertex 4.64455 15.311 6
    endloop
  endfacet
  facet normal -0.923699 0.38312 0
    outer loop
      vertex 4.27296 14.4151 0
      vertex 4.64455 15.311 6
      vertex 4.64455 15.311 0
    endloop
  endfacet
  facet normal -0.923699 0.38312 0
    outer loop
      vertex 4.64455 15.311 6
      vertex 4.27296 14.4151 0
      vertex 4.27296 14.4151 6
    endloop
  endfacet
  facet normal -0.95877 0.284183 0
    outer loop
      vertex 3.98038 13.428 0
      vertex 4.27296 14.4151 6
      vertex 4.27296 14.4151 0
    endloop
  endfacet
  facet normal -0.95877 0.284183 0
    outer loop
      vertex 4.27296 14.4151 6
      vertex 3.98038 13.428 0
      vertex 3.98038 13.428 6
    endloop
  endfacet
  facet normal 0.195099 0.980784 -0
    outer loop
      vertex 3.98038 13.428 0
      vertex 1.46129 13.9291 6
      vertex 3.98038 13.428 6
    endloop
  endfacet
  facet normal 0.195099 0.980784 0
    outer loop
      vertex 1.46129 13.9291 6
      vertex 3.98038 13.428 0
      vertex 1.46129 13.9291 0
    endloop
  endfacet
  facet normal 0.994542 -0.10434 0
    outer loop
      vertex 1.46129 13.9291 6
      vertex 1.56871 14.953 0
      vertex 1.56871 14.953 6
    endloop
  endfacet
  facet normal 0.994542 -0.10434 0
    outer loop
      vertex 1.56871 14.953 0
      vertex 1.46129 13.9291 6
      vertex 1.46129 13.9291 0
    endloop
  endfacet
  facet normal 1 0.000453655 0
    outer loop
      vertex 1.56871 14.953 6
      vertex 1.56827 15.9229 0
      vertex 1.56827 15.9229 6
    endloop
  endfacet
  facet normal 1 0.000453655 0
    outer loop
      vertex 1.56827 15.9229 0
      vertex 1.56871 14.953 6
      vertex 1.56871 14.953 0
    endloop
  endfacet
  facet normal 0.99865 -0.0519506 0
    outer loop
      vertex 1.56827 15.9229 6
      vertex 1.67227 17.9221 0
      vertex 1.67227 17.9221 6
    endloop
  endfacet
  facet normal 0.99865 -0.0519506 0
    outer loop
      vertex 1.67227 17.9221 0
      vertex 1.56827 15.9229 6
      vertex 1.56827 15.9229 0
    endloop
  endfacet
  facet normal 0 1 -0
    outer loop
      vertex 1.67227 17.9221 0
      vertex -1.67227 17.9221 6
      vertex 1.67227 17.9221 6
    endloop
  endfacet
  facet normal 0 1 0
    outer loop
      vertex -1.67227 17.9221 6
      vertex 1.67227 17.9221 0
      vertex -1.67227 17.9221 0
    endloop
  endfacet
  facet normal -0.99865 -0.0519506 0
    outer loop
      vertex -1.56827 15.9229 0
      vertex -1.67227 17.9221 6
      vertex -1.67227 17.9221 0
    endloop
  endfacet
  facet normal -0.99865 -0.0519506 0
    outer loop
      vertex -1.67227 17.9221 6
      vertex -1.56827 15.9229 0
      vertex -1.56827 15.9229 6
    endloop
  endfacet
  facet normal -1 0.000453655 0
    outer loop
      vertex -1.56871 14.953 0
      vertex -1.56827 15.9229 6
      vertex -1.56827 15.9229 0
    endloop
  endfacet
  facet normal -1 0.000453655 0
    outer loop
      vertex -1.56827 15.9229 6
      vertex -1.56871 14.953 0
      vertex -1.56871 14.953 6
    endloop
  endfacet
  facet normal -0.994542 -0.10434 0
    outer loop
      vertex -1.46129 13.9291 0
      vertex -1.56871 14.953 6
      vertex -1.56871 14.953 0
    endloop
  endfacet
  facet normal -0.994542 -0.10434 0
    outer loop
      vertex -1.56871 14.953 6
      vertex -1.46129 13.9291 0
      vertex -1.46129 13.9291 6
    endloop
  endfacet
  facet normal -0.195099 0.980784 0
    outer loop
      vertex -1.46129 13.9291 0
      vertex -3.98038 13.428 6
      vertex -1.46129 13.9291 6
    endloop
  endfacet
  facet normal -0.195099 0.980784 0
    outer loop
      vertex -3.98038 13.428 6
      vertex -1.46129 13.9291 0
      vertex -3.98038 13.428 0
    endloop
  endfacet
  facet normal 0.95877 0.284183 0
    outer loop
      vertex -3.98038 13.428 6
      vertex -4.27296 14.4151 0
      vertex -4.27296 14.4151 6
    endloop
  endfacet
  facet normal 0.95877 0.284183 0
    outer loop
      vertex -4.27296 14.4151 0
      vertex -3.98038 13.428 6
      vertex -3.98038 13.428 0
    endloop
  endfacet
  facet normal 0.923699 0.38312 0
    outer loop
      vertex -4.27296 14.4151 6
      vertex -4.64455 15.311 0
      vertex -4.64455 15.311 6
    endloop
  endfacet
  facet normal 0.923699 0.38312 0
    outer loop
      vertex -4.64455 15.311 0
      vertex -4.27296 14.4151 6
      vertex -4.27296 14.4151 0
    endloop
  endfacet
  facet normal 0.942513 0.33417 0
    outer loop
      vertex -4.64455 15.311 6
      vertex -5.31352 17.1978 0
      vertex -5.31352 17.1978 6
    endloop
  endfacet
  facet normal 0.942513 0.33417 0
    outer loop
      vertex -5.31352 17.1978 0
      vertex -4.64455 15.311 6
      vertex -4.64455 15.311 0
    endloop
  endfacet
  facet normal -0.382658 0.92389 0
    outer loop
      vertex -5.31352 17.1978 0
      vertex -8.40347 15.918 6
      vertex -5.31352 17.1978 6
    endloop
  endfacet
  facet normal -0.382658 0.92389 0
    outer loop
      vertex -8.40347 15.918 6
      vertex -5.31352 17.1978 0
      vertex -8.40347 15.918 0
    endloop
  endfacet
  facet normal -0.902759 -0.430146 0
    outer loop
      vertex -7.54233 14.1107 0
      vertex -8.40347 15.918 6
      vertex -8.40347 15.918 0
    endloop
  endfacet
  facet normal -0.902759 -0.430146 0
    outer loop
      vertex -8.40347 15.918 6
      vertex -7.54233 14.1107 0
      vertex -7.54233 14.1107 6
    endloop
  endfacet
  facet normal -0.924046 -0.38228 0
    outer loop
      vertex -7.17157 13.2145 0
      vertex -7.54233 14.1107 6
      vertex -7.54233 14.1107 0
    endloop
  endfacet
  facet normal -0.924046 -0.38228 0
    outer loop
      vertex -7.54233 14.1107 6
      vertex -7.17157 13.2145 0
      vertex -7.17157 13.2145 6
    endloop
  endfacet
  facet normal -0.878911 -0.476986 0
    outer loop
      vertex -6.68048 12.3096 0
      vertex -7.17157 13.2145 6
      vertex -7.17157 13.2145 0
    endloop
  endfacet
  facet normal -0.878911 -0.476986 0
    outer loop
      vertex -7.17157 13.2145 6
      vertex -6.68048 12.3096 0
      vertex -6.68048 12.3096 6
    endloop
  endfacet
  facet normal -0.555584 0.83146 0
    outer loop
      vertex -6.68048 12.3096 0
      vertex -8.81606 10.8826 6
      vertex -6.68048 12.3096 6
    endloop
  endfacet
  facet normal -0.555584 0.83146 0
    outer loop
      vertex -8.81606 10.8826 6
      vertex -6.68048 12.3096 0
      vertex -8.81606 10.8826 0
    endloop
  endfacet
  facet normal 0.777031 0.629463 0
    outer loop
      vertex -8.81606 10.8826 6
      vertex -9.46413 11.6826 0
      vertex -9.46413 11.6826 6
    endloop
  endfacet
  facet normal 0.777031 0.629463 0
    outer loop
      vertex -9.46413 11.6826 0
      vertex -8.81606 10.8826 6
      vertex -8.81606 10.8826 0
    endloop
  endfacet
  facet normal 0.706761 0.707452 -0
    outer loop
      vertex -9.46413 11.6826 0
      vertex -10.1503 12.3681 6
      vertex -9.46413 11.6826 6
    endloop
  endfacet
  facet normal 0.706761 0.707452 0
    outer loop
      vertex -10.1503 12.3681 6
      vertex -9.46413 11.6826 0
      vertex -10.1503 12.3681 0
    endloop
  endfacet
  facet normal 0.742892 0.669412 0
    outer loop
      vertex -10.1503 12.3681 6
      vertex -11.4904 13.8553 0
      vertex -11.4904 13.8553 6
    endloop
  endfacet
  facet normal 0.742892 0.669412 0
    outer loop
      vertex -11.4904 13.8553 0
      vertex -10.1503 12.3681 6
      vertex -10.1503 12.3681 0
    endloop
  endfacet
  facet normal -0.707107 0.707107 0
    outer loop
      vertex -13.8553 11.4904 0
      vertex -11.4904 13.8553 6
      vertex -11.4904 13.8553 0
    endloop
  endfacet
  facet normal -0.707107 0.707107 0
    outer loop
      vertex -11.4904 13.8553 6
      vertex -13.8553 11.4904 0
      vertex -13.8553 11.4904 6
    endloop
  endfacet
  facet normal -0.669412 -0.742892 0
    outer loop
      vertex -13.8553 11.4904 0
      vertex -12.3681 10.1503 6
      vertex -13.8553 11.4904 6
    endloop
  endfacet
  facet normal -0.669412 -0.742892 -0
    outer loop
      vertex -12.3681 10.1503 6
      vertex -13.8553 11.4904 0
      vertex -12.3681 10.1503 0
    endloop
  endfacet
  facet normal -0.707452 -0.706761 0
    outer loop
      vertex -11.6826 9.46413 0
      vertex -12.3681 10.1503 6
      vertex -12.3681 10.1503 0
    endloop
  endfacet
  facet normal -0.707452 -0.706761 0
    outer loop
      vertex -12.3681 10.1503 6
      vertex -11.6826 9.46413 0
      vertex -11.6826 9.46413 6
    endloop
  endfacet
  facet normal -0.629463 -0.777031 0
    outer loop
      vertex -11.6826 9.46413 0
      vertex -10.8826 8.81606 6
      vertex -11.6826 9.46413 6
    endloop
  endfacet
  facet normal -0.629463 -0.777031 -0
    outer loop
      vertex -10.8826 8.81606 6
      vertex -11.6826 9.46413 0
      vertex -10.8826 8.81606 0
    endloop
  endfacet
  facet normal -0.83146 0.555584 0
    outer loop
      vertex -12.3096 6.68048 0
      vertex -10.8826 8.81606 6
      vertex -10.8826 8.81606 0
    endloop
  endfacet
  facet normal -0.83146 0.555584 0
    outer loop
      vertex -10.8826 8.81606 6
      vertex -12.3096 6.68048 0
      vertex -12.3096 6.68048 6
    endloop
  endfacet
  facet normal 0.476986 0.878911 -0
    outer loop
      vertex -12.3096 6.68048 0
      vertex -13.2145 7.17157 6
      vertex -12.3096 6.68048 6
    endloop
  endfacet
  facet normal 0.476986 0.878911 0
    outer loop
      vertex -13.2145 7.17157 6
      vertex -12.3096 6.68048 0
      vertex -13.2145 7.17157 0
    endloop
  endfacet
  facet normal 0.38228 0.924046 -0
    outer loop
      vertex -13.2145 7.17157 0
      vertex -14.1107 7.54233 6
      vertex -13.2145 7.17157 6
    endloop
  endfacet
  facet normal 0.38228 0.924046 0
    outer loop
      vertex -14.1107 7.54233 6
      vertex -13.2145 7.17157 0
      vertex -14.1107 7.54233 0
    endloop
  endfacet
  facet normal 0.430146 0.902759 -0
    outer loop
      vertex -14.1107 7.54233 0
      vertex -15.918 8.40347 6
      vertex -14.1107 7.54233 6
    endloop
  endfacet
  facet normal 0.430146 0.902759 0
    outer loop
      vertex -15.918 8.40347 6
      vertex -14.1107 7.54233 0
      vertex -15.918 8.40347 0
    endloop
  endfacet
  facet normal -0.92389 0.382658 0
    outer loop
      vertex -17.1978 5.31352 0
      vertex -15.918 8.40347 6
      vertex -15.918 8.40347 0
    endloop
  endfacet
  facet normal -0.92389 0.382658 0
    outer loop
      vertex -15.918 8.40347 6
      vertex -17.1978 5.31352 0
      vertex -17.1978 5.31352 6
    endloop
  endfacet
  facet normal -0.33417 -0.942513 0
    outer loop
      vertex -17.1978 5.31352 0
      vertex -15.311 4.64455 6
      vertex -17.1978 5.31352 6
    endloop
  endfacet
  facet normal -0.33417 -0.942513 -0
    outer loop
      vertex -15.311 4.64455 6
      vertex -17.1978 5.31352 0
      vertex -15.311 4.64455 0
    endloop
  endfacet
  facet normal -0.38312 -0.923699 0
    outer loop
      vertex -15.311 4.64455 0
      vertex -14.4151 4.27296 6
      vertex -15.311 4.64455 6
    endloop
  endfacet
  facet normal -0.38312 -0.923699 -0
    outer loop
      vertex -14.4151 4.27296 6
      vertex -15.311 4.64455 0
      vertex -14.4151 4.27296 0
    endloop
  endfacet
  facet normal -0.284183 -0.95877 0
    outer loop
      vertex -14.4151 4.27296 0
      vertex -13.428 3.98038 6
      vertex -14.4151 4.27296 6
    endloop
  endfacet
  facet normal -0.284183 -0.95877 -0
    outer loop
      vertex -13.428 3.98038 6
      vertex -14.4151 4.27296 0
      vertex -13.428 3.98038 0
    endloop
  endfacet
  facet normal -0.980784 0.195099 0
    outer loop
      vertex -13.9291 1.46129 0
      vertex -13.428 3.98038 6
      vertex -13.428 3.98038 0
    endloop
  endfacet
  facet normal -0.980784 0.195099 0
    outer loop
      vertex -13.428 3.98038 6
      vertex -13.9291 1.46129 0
      vertex -13.9291 1.46129 6
    endloop
  endfacet
  facet normal 0.10434 0.994542 -0
    outer loop
      vertex -13.9291 1.46129 0
      vertex -14.953 1.56871 6
      vertex -13.9291 1.46129 6
    endloop
  endfacet
  facet normal 0.10434 0.994542 0
    outer loop
      vertex -14.953 1.56871 6
      vertex -13.9291 1.46129 0
      vertex -14.953 1.56871 0
    endloop
  endfacet
  facet normal -0.000453655 1 0
    outer loop
      vertex -14.953 1.56871 0
      vertex -15.9229 1.56827 6
      vertex -14.953 1.56871 6
    endloop
  endfacet
  facet normal -0.000453655 1 0
    outer loop
      vertex -15.9229 1.56827 6
      vertex -14.953 1.56871 0
      vertex -15.9229 1.56827 0
    endloop
  endfacet
  facet normal 0.0519506 0.99865 -0
    outer loop
      vertex -15.9229 1.56827 0
      vertex -17.9221 1.67227 6
      vertex -15.9229 1.56827 6
    endloop
  endfacet
  facet normal 0.0519506 0.99865 0
    outer loop
      vertex -17.9221 1.67227 6
      vertex -15.9229 1.56827 0
      vertex -17.9221 1.67227 0
    endloop
  endfacet
  facet normal -1 0 0
    outer loop
      vertex -17.9221 -1.67227 0
      vertex -17.9221 1.67227 6
      vertex -17.9221 1.67227 0
    endloop
  endfacet
  facet normal -1 -0 0
    outer loop
      vertex -17.9221 1.67227 6
      vertex -17.9221 -1.67227 0
      vertex -17.9221 -1.67227 6
    endloop
  endfacet
  facet normal 0.0519506 -0.99865 0
    outer loop
      vertex -17.9221 -1.67227 0
      vertex -15.9229 -1.56827 6
      vertex -17.9221 -1.67227 6
    endloop
  endfacet
  facet normal 0.0519506 -0.99865 0
    outer loop
      vertex -15.9229 -1.56827 6
      vertex -17.9221 -1.67227 0
      vertex -15.9229 -1.56827 0
    endloop
  endfacet
  facet normal -0.000453655 -1 0
    outer loop
      vertex -15.9229 -1.56827 0
      vertex -14.953 -1.56871 6
      vertex -15.9229 -1.56827 6
    endloop
  endfacet
  facet normal -0.000453655 -1 -0
    outer loop
      vertex -14.953 -1.56871 6
      vertex -15.9229 -1.56827 0
      vertex -14.953 -1.56871 0
    endloop
  endfacet
  facet normal 0.10434 -0.994542 0
    outer loop
      vertex -14.953 -1.56871 0
      vertex -13.9291 -1.46129 6
      vertex -14.953 -1.56871 6
    endloop
  endfacet
  facet normal 0.10434 -0.994542 0
    outer loop
      vertex -13.9291 -1.46129 6
      vertex -14.953 -1.56871 0
      vertex -13.9291 -1.46129 0
    endloop
  endfacet
  facet normal -0.980784 -0.195099 0
    outer loop
      vertex -13.428 -3.98038 0
      vertex -13.9291 -1.46129 6
      vertex -13.9291 -1.46129 0
    endloop
  endfacet
  facet normal -0.980784 -0.195099 0
    outer loop
      vertex -13.9291 -1.46129 6
      vertex -13.428 -3.98038 0
      vertex -13.428 -3.98038 6
    endloop
  endfacet
  facet normal -0.284183 0.95877 0
    outer loop
      vertex -13.428 -3.98038 0
      vertex -14.4151 -4.27296 6
      vertex -13.428 -3.98038 6
    endloop
  endfacet
  facet normal -0.284183 0.95877 0
    outer loop
      vertex -14.4151 -4.27296 6
      vertex -13.428 -3.98038 0
      vertex -14.4151 -4.27296 0
    endloop
  endfacet
  facet normal -0.38312 0.923699 0
    outer loop
      vertex -14.4151 -4.27296 0
      vertex -15.311 -4.64455 6
      vertex -14.4151 -4.27296 6
    endloop
  endfacet
  facet normal -0.38312 0.923699 0
    outer loop
      vertex -15.311 -4.64455 6
      vertex -14.4151 -4.27296 0
      vertex -15.311 -4.64455 0
    endloop
  endfacet
  facet normal -0.33417 0.942513 0
    outer loop
      vertex -15.311 -4.64455 0
      vertex -17.1978 -5.31352 6
      vertex -15.311 -4.64455 6
    endloop
  endfacet
  facet normal -0.33417 0.942513 0
    outer loop
      vertex -17.1978 -5.31352 6
      vertex -15.311 -4.64455 0
      vertex -17.1978 -5.31352 0
    endloop
  endfacet
  facet normal -0.92389 -0.382658 0
    outer loop
      vertex -15.918 -8.40347 0
      vertex -17.1978 -5.31352 6
      vertex -17.1978 -5.31352 0
    endloop
  endfacet
  facet normal -0.92389 -0.382658 0
    outer loop
      vertex -17.1978 -5.31352 6
      vertex -15.918 -8.40347 0
      vertex -15.918 -8.40347 6
    endloop
  endfacet
  facet normal 0.430146 -0.902759 0
    outer loop
      vertex -15.918 -8.40347 0
      vertex -14.1107 -7.54233 6
      vertex -15.918 -8.40347 6
    endloop
  endfacet
  facet normal 0.430146 -0.902759 0
    outer loop
      vertex -14.1107 -7.54233 6
      vertex -15.918 -8.40347 0
      vertex -14.1107 -7.54233 0
    endloop
  endfacet
  facet normal 0.38228 -0.924046 0
    outer loop
      vertex -14.1107 -7.54233 0
      vertex -13.2145 -7.17157 6
      vertex -14.1107 -7.54233 6
    endloop
  endfacet
  facet normal 0.38228 -0.924046 0
    outer loop
      vertex -13.2145 -7.17157 6
      vertex -14.1107 -7.54233 0
      vertex -13.2145 -7.17157 0
    endloop
  endfacet
  facet normal 0.476986 -0.878911 0
    outer loop
      vertex -13.2145 -7.17157 0
      vertex -12.3096 -6.68048 6
      vertex -13.2145 -7.17157 6
    endloop
  endfacet
  facet normal 0.476986 -0.878911 0
    outer loop
      vertex -12.3096 -6.68048 6
      vertex -13.2145 -7.17157 0
      vertex -12.3096 -6.68048 0
    endloop
  endfacet
  facet normal -0.83146 -0.555584 0
    outer loop
      vertex -10.8826 -8.81606 0
      vertex -12.3096 -6.68048 6
      vertex -12.3096 -6.68048 0
    endloop
  endfacet
  facet normal -0.83146 -0.555584 0
    outer loop
      vertex -12.3096 -6.68048 6
      vertex -10.8826 -8.81606 0
      vertex -10.8826 -8.81606 6
    endloop
  endfacet
  facet normal -0.629463 0.777031 0
    outer loop
      vertex -10.8826 -8.81606 0
      vertex -11.6826 -9.46413 6
      vertex -10.8826 -8.81606 6
    endloop
  endfacet
  facet normal -0.629463 0.777031 0
    outer loop
      vertex -11.6826 -9.46413 6
      vertex -10.8826 -8.81606 0
      vertex -11.6826 -9.46413 0
    endloop
  endfacet
  facet normal -0.707452 0.706761 0
    outer loop
      vertex -12.3681 -10.1503 0
      vertex -11.6826 -9.46413 6
      vertex -11.6826 -9.46413 0
    endloop
  endfacet
  facet normal -0.707452 0.706761 0
    outer loop
      vertex -11.6826 -9.46413 6
      vertex -12.3681 -10.1503 0
      vertex -12.3681 -10.1503 6
    endloop
  endfacet
  facet normal -0.669412 0.742892 0
    outer loop
      vertex -12.3681 -10.1503 0
      vertex -13.8553 -11.4904 6
      vertex -12.3681 -10.1503 6
    endloop
  endfacet
  facet normal -0.669412 0.742892 0
    outer loop
      vertex -13.8553 -11.4904 6
      vertex -12.3681 -10.1503 0
      vertex -13.8553 -11.4904 0
    endloop
  endfacet
  facet normal -0.707107 -0.707107 0
    outer loop
      vertex -11.4904 -13.8553 0
      vertex -13.8553 -11.4904 6
      vertex -13.8553 -11.4904 0
    endloop
  endfacet
  facet normal -0.707107 -0.707107 0
    outer loop
      vertex -13.8553 -11.4904 6
      vertex -11.4904 -13.8553 0
      vertex -11.4904 -13.8553 6
    endloop
  endfacet
  facet normal 0.742892 -0.669412 0
    outer loop
      vertex -11.4904 -13.8553 6
      vertex -10.1503 -12.3681 0
      vertex -10.1503 -12.3681 6
    endloop
  endfacet
  facet normal 0.742892 -0.669412 0
    outer loop
      vertex -10.1503 -12.3681 0
      vertex -11.4904 -13.8553 6
      vertex -11.4904 -13.8553 0
    endloop
  endfacet
  facet normal 0.706761 -0.707452 0
    outer loop
      vertex -10.1503 -12.3681 0
      vertex -9.46413 -11.6826 6
      vertex -10.1503 -12.3681 6
    endloop
  endfacet
  facet normal 0.706761 -0.707452 0
    outer loop
      vertex -9.46413 -11.6826 6
      vertex -10.1503 -12.3681 0
      vertex -9.46413 -11.6826 0
    endloop
  endfacet
  facet normal 0.777031 -0.629463 0
    outer loop
      vertex -9.46413 -11.6826 6
      vertex -8.81606 -10.8826 0
      vertex -8.81606 -10.8826 6
    endloop
  endfacet
  facet normal 0.777031 -0.629463 0
    outer loop
      vertex -8.81606 -10.8826 0
      vertex -9.46413 -11.6826 6
      vertex -9.46413 -11.6826 0
    endloop
  endfacet
  facet normal -0.555584 -0.83146 0
    outer loop
      vertex -8.81606 -10.8826 0
      vertex -6.68048 -12.3096 6
      vertex -8.81606 -10.8826 6
    endloop
  endfacet
  facet normal -0.555584 -0.83146 -0
    outer loop
      vertex -6.68048 -12.3096 6
      vertex -8.81606 -10.8826 0
      vertex -6.68048 -12.3096 0
    endloop
  endfacet
  facet normal -0.878911 0.476986 0
    outer loop
      vertex -7.17157 -13.2145 0
      vertex -6.68048 -12.3096 6
      vertex -6.68048 -12.3096 0
    endloop
  endfacet
  facet normal -0.878911 0.476986 0
    outer loop
      vertex -6.68048 -12.3096 6
      vertex -7.17157 -13.2145 0
      vertex -7.17157 -13.2145 6
    endloop
  endfacet
  facet normal -0.924046 0.38228 0
    outer loop
      vertex -7.54233 -14.1107 0
      vertex -7.17157 -13.2145 6
      vertex -7.17157 -13.2145 0
    endloop
  endfacet
  facet normal -0.924046 0.38228 0
    outer loop
      vertex -7.17157 -13.2145 6
      vertex -7.54233 -14.1107 0
      vertex -7.54233 -14.1107 6
    endloop
  endfacet
  facet normal -0.902759 0.430146 0
    outer loop
      vertex -8.40347 -15.918 0
      vertex -7.54233 -14.1107 6
      vertex -7.54233 -14.1107 0
    endloop
  endfacet
  facet normal -0.902759 0.430146 0
    outer loop
      vertex -7.54233 -14.1107 6
      vertex -8.40347 -15.918 0
      vertex -8.40347 -15.918 6
    endloop
  endfacet
  facet normal -0.382658 -0.92389 0
    outer loop
      vertex -8.40347 -15.918 0
      vertex -5.31352 -17.1978 6
      vertex -8.40347 -15.918 6
    endloop
  endfacet
  facet normal -0.382658 -0.92389 -0
    outer loop
      vertex -5.31352 -17.1978 6
      vertex -8.40347 -15.918 0
      vertex -5.31352 -17.1978 0
    endloop
  endfacet
  facet normal 0.942513 -0.33417 0
    outer loop
      vertex -5.31352 -17.1978 6
      vertex -4.64455 -15.311 0
      vertex -4.64455 -15.311 6
    endloop
  endfacet
  facet normal 0.942513 -0.33417 0
    outer loop
      vertex -4.64455 -15.311 0
      vertex -5.31352 -17.1978 6
      vertex -5.31352 -17.1978 0
    endloop
  endfacet
  facet normal 0.923699 -0.38312 0
    outer loop
      vertex -4.64455 -15.311 6
      vertex -4.27296 -14.4151 0
      vertex -4.27296 -14.4151 6
    endloop
  endfacet
  facet normal 0.923699 -0.38312 0
    outer loop
      vertex -4.27296 -14.4151 0
      vertex -4.64455 -15.311 6
      vertex -4.64455 -15.311 0
    endloop
  endfacet
  facet normal 0.95877 -0.284183 0
    outer loop
      vertex -4.27296 -14.4151 6
      vertex -3.98038 -13.428 0
      vertex -3.98038 -13.428 6
    endloop
  endfacet
  facet normal 0.95877 -0.284183 0
    outer loop
      vertex -3.98038 -13.428 0
      vertex -4.27296 -14.4151 6
      vertex -4.27296 -14.4151 0
    endloop
  endfacet
  facet normal -0.195099 -0.980784 0
    outer loop
      vertex -3.98038 -13.428 0
      vertex -1.46129 -13.9291 6
      vertex -3.98038 -13.428 6
    endloop
  endfacet
  facet normal -0.195099 -0.980784 -0
    outer loop
      vertex -1.46129 -13.9291 6
      vertex -3.98038 -13.428 0
      vertex -1.46129 -13.9291 0
    endloop
  endfacet
  facet normal -0.994542 0.10434 0
    outer loop
      vertex -1.56871 -14.953 0
      vertex -1.46129 -13.9291 6
      vertex -1.46129 -13.9291 0
    endloop
  endfacet
  facet normal -0.994542 0.10434 0
    outer loop
      vertex -1.46129 -13.9291 6
      vertex -1.56871 -14.953 0
      vertex -1.56871 -14.953 6
    endloop
  endfacet
  facet normal -1 -0.000453655 0
    outer loop
      vertex -1.56827 -15.9229 0
      vertex -1.56871 -14.953 6
      vertex -1.56871 -14.953 0
    endloop
  endfacet
  facet normal -1 -0.000453655 0
    outer loop
      vertex -1.56871 -14.953 6
      vertex -1.56827 -15.9229 0
      vertex -1.56827 -15.9229 6
    endloop
  endfacet
  facet normal -0.99865 0.0519506 0
    outer loop
      vertex -1.67227 -17.9221 0
      vertex -1.56827 -15.9229 6
      vertex -1.56827 -15.9229 0
    endloop
  endfacet
  facet normal -0.99865 0.0519506 0
    outer loop
      vertex -1.56827 -15.9229 6
      vertex -1.67227 -17.9221 0
      vertex -1.67227 -17.9221 6
    endloop
  endfacet
  facet normal 0 -1 0
    outer loop
      vertex -1.67227 -17.9221 0
      vertex 1.67227 -17.9221 6
      vertex -1.67227 -17.9221 6
    endloop
  endfacet
  facet normal 0 -1 -0
    outer loop
      vertex 1.67227 -17.9221 6
      vertex -1.67227 -17.9221 0
      vertex 1.67227 -17.9221 0
    endloop
  endfacet
  facet normal 0.99865 0.0519506 0
    outer loop
      vertex 1.67227 -17.9221 6
      vertex 1.56827 -15.9229 0
      vertex 1.56827 -15.9229 6
    endloop
  endfacet
  facet normal 0.99865 0.0519506 0
    outer loop
      vertex 1.56827 -15.9229 0
      vertex 1.67227 -17.9221 6
      vertex 1.67227 -17.9221 0
    endloop
  endfacet
  facet normal -0.300688 0.953722 0
    outer loop
      vertex 1.82981 -5.02736 6
      vertex 1.38468 -5.1677 3.8015
      vertex 1.38468 -5.1677 6
    endloop
  endfacet
  facet normal -0.298855 0.954298 -0.000407858
    outer loop
      vertex 1.82981 -5.02736 6
      vertex 1.38564 -5.1674 3.8
      vertex 1.38468 -5.1677 3.8015
    endloop
  endfacet
  facet normal -0.300693 0.953721 -2.1131e-07
    outer loop
      vertex 1.82981 -5.02736 6
      vertex 1.45009 -5.14708 3.67619
      vertex 1.38564 -5.1674 3.8
    endloop
  endfacet
  facet normal -0.300664 0.95373 -5.27589e-06
    outer loop
      vertex 1.82981 -5.02736 6
      vertex 1.50351 -5.13024 3.54723
      vertex 1.45009 -5.14708 3.67619
    endloop
  endfacet
  facet normal -0.300805 0.953686 1.5235e-05
    outer loop
      vertex 1.82981 -5.02736 6
      vertex 1.54548 -5.117 3.41411
      vertex 1.50351 -5.13024 3.54723
    endloop
  endfacet
  facet normal -0.300597 0.953751 -9.81618e-06
    outer loop
      vertex 1.82981 -5.02736 6
      vertex 1.57569 -5.10748 3.27784
      vertex 1.54548 -5.117 3.41411
    endloop
  endfacet
  facet normal -0.300847 0.953672 1.57915e-05
    outer loop
      vertex 1.82981 -5.02736 6
      vertex 1.59391 -5.10173 3.13945
      vertex 1.57569 -5.10748 3.27784
    endloop
  endfacet
  facet normal -0.300676 0.953726 2.78629e-07
    outer loop
      vertex 1.82981 -5.02736 6
      vertex 1.6 -5.09981 3
      vertex 1.59391 -5.10173 3.13945
    endloop
  endfacet
  facet normal -0.300673 0.953727 0
    outer loop
      vertex 1.82981 -5.02736 0
      vertex 1.6 -5.09981 3
      vertex 1.82981 -5.02736 6
    endloop
  endfacet
  facet normal -0.300676 0.953726 -2.78629e-07
    outer loop
      vertex 1.6 -5.09981 3
      vertex 1.82981 -5.02736 0
      vertex 1.59391 -5.10173 2.86055
    endloop
  endfacet
  facet normal -0.300847 0.953672 -1.57915e-05
    outer loop
      vertex 1.82981 -5.02736 0
      vertex 1.57569 -5.10748 2.72216
      vertex 1.59391 -5.10173 2.86055
    endloop
  endfacet
  facet normal -0.300597 0.953751 9.81618e-06
    outer loop
      vertex 1.82981 -5.02736 0
      vertex 1.54548 -5.117 2.58589
      vertex 1.57569 -5.10748 2.72216
    endloop
  endfacet
  facet normal -0.300805 0.953686 -1.5235e-05
    outer loop
      vertex 1.82981 -5.02736 0
      vertex 1.50351 -5.13024 2.45277
      vertex 1.54548 -5.117 2.58589
    endloop
  endfacet
  facet normal -0.300664 0.95373 5.27589e-06
    outer loop
      vertex 1.82981 -5.02736 0
      vertex 1.45009 -5.14708 2.32381
      vertex 1.50351 -5.13024 2.45277
    endloop
  endfacet
  facet normal -0.300693 0.953721 2.1131e-07
    outer loop
      vertex 1.82981 -5.02736 0
      vertex 1.38564 -5.1674 2.2
      vertex 1.45009 -5.14708 2.32381
    endloop
  endfacet
  facet normal -0.298855 0.954298 0.000407858
    outer loop
      vertex 1.82981 -5.02736 0
      vertex 1.38468 -5.1677 2.1985
      vertex 1.38564 -5.1674 2.2
    endloop
  endfacet
  facet normal -0.300688 0.953722 0
    outer loop
      vertex 1.38468 -5.1677 2.1985
      vertex 1.82981 -5.02736 0
      vertex 1.38468 -5.1677 0
    endloop
  endfacet
  facet normal 0.608754 0.793359 -0
    outer loop
      vertex -3.06863 -4.38246 0
      vertex -3.43891 -4.09834 6
      vertex -3.06863 -4.38246 6
    endloop
  endfacet
  facet normal 0.608754 0.793359 0
    outer loop
      vertex -3.43891 -4.09834 6
      vertex -3.06863 -4.38246 0
      vertex -3.43891 -4.09834 0
    endloop
  endfacet
  facet normal 0.737276 0.675592 0
    outer loop
      vertex -3.78302 -3.78302 6
      vertex -4.09834 -3.43891 0
      vertex -4.09834 -3.43891 6
    endloop
  endfacet
  facet normal 0.737276 0.675592 0
    outer loop
      vertex -4.09834 -3.43891 0
      vertex -3.78302 -3.78302 6
      vertex -3.78302 -3.78302 0
    endloop
  endfacet
  facet normal -0.737276 0.675592 0
    outer loop
      vertex 3.78302 -3.78302 0
      vertex 4.09834 -3.43891 6
      vertex 4.09834 -3.43891 0
    endloop
  endfacet
  facet normal -0.737276 0.675592 0
    outer loop
      vertex 4.09834 -3.43891 6
      vertex 3.78302 -3.78302 0
      vertex 3.78302 -3.78302 6
    endloop
  endfacet
  facet normal -0.130784 0.991411 0
    outer loop
      vertex 0.929017 -5.26872 0
      vertex 0.917722 -5.27021 1.68936
      vertex 0.929017 -5.26872 1.69802
    endloop
  endfacet
  facet normal -0.130539 0.991443 1.66182e-06
    outer loop
      vertex 0.929017 -5.26872 0
      vertex 0.799999 -5.28571 1.61436
      vertex 0.917722 -5.27021 1.68936
    endloop
  endfacet
  facet normal -0.130527 0.991445 2.64535e-06
    outer loop
      vertex 0.929017 -5.26872 0
      vertex 0.676188 -5.30201 1.54991
      vertex 0.799999 -5.28571 1.61436
    endloop
  endfacet
  facet normal -0.130475 0.991452 1.1324e-05
    outer loop
      vertex 0.929017 -5.26872 0
      vertex 0.547232 -5.31898 1.49649
      vertex 0.676188 -5.30201 1.54991
    endloop
  endfacet
  facet normal -0.130558 0.991441 -1.00851e-05
    outer loop
      vertex 0.929017 -5.26872 0
      vertex 0.466283 -5.32964 1.47097
      vertex 0.547232 -5.31898 1.49649
    endloop
  endfacet
  facet normal -0.130526 0.991445 0
    outer loop
      vertex 0.466283 -5.32964 1.47097
      vertex 0.929017 -5.26872 0
      vertex 0.466283 -5.32964 0
    endloop
  endfacet
  facet normal -0.130526 0.991445 0
    outer loop
      vertex 0.929017 -5.26872 6
      vertex 0.466283 -5.32964 4.52903
      vertex 0.466283 -5.32964 6
    endloop
  endfacet
  facet normal -0.130558 0.991441 1.00851e-05
    outer loop
      vertex 0.929017 -5.26872 6
      vertex 0.547232 -5.31898 4.50351
      vertex 0.466283 -5.32964 4.52903
    endloop
  endfacet
  facet normal -0.130475 0.991452 -1.1324e-05
    outer loop
      vertex 0.929017 -5.26872 6
      vertex 0.676188 -5.30201 4.45009
      vertex 0.547232 -5.31898 4.50351
    endloop
  endfacet
  facet normal -0.130527 0.991445 -2.64535e-06
    outer loop
      vertex 0.929017 -5.26872 6
      vertex 0.799999 -5.28571 4.38564
      vertex 0.676188 -5.30201 4.45009
    endloop
  endfacet
  facet normal -0.130539 0.991443 -1.66182e-06
    outer loop
      vertex 0.929017 -5.26872 6
      vertex 0.917722 -5.27021 4.31064
      vertex 0.799999 -5.28571 4.38564
    endloop
  endfacet
  facet normal -0.130784 0.991411 0
    outer loop
      vertex 0.917722 -5.27021 4.31064
      vertex 0.929017 -5.26872 6
      vertex 0.929017 -5.26872 4.30198
    endloop
  endfacet
  facet normal -0.843391 0.5373 0
    outer loop
      vertex 4.38246 -3.06863 0
      vertex 4.63323 -2.675 6
      vertex 4.63323 -2.675 0
    endloop
  endfacet
  facet normal -0.843391 0.5373 0
    outer loop
      vertex 4.63323 -2.675 6
      vertex 4.38246 -3.06863 0
      vertex 4.38246 -3.06863 6
    endloop
  endfacet
  facet normal 0.216444 0.976295 0
    outer loop
      vertex -1.38468 -5.1677 0
      vertex -0.929017 -5.26872 1.69802
      vertex -0.929017 -5.26872 0
    endloop
  endfacet
  facet normal 0.216394 0.976306 1.3997e-05
    outer loop
      vertex -0.929017 -5.26872 1.69802
      vertex -1.38468 -5.1677 0
      vertex -1.02846 -5.24668 1.77433
    endloop
  endfacet
  facet normal 0.216484 0.976286 -5.00634e-06
    outer loop
      vertex -1.02846 -5.24668 1.77433
      vertex -1.38468 -5.1677 0
      vertex -1.13137 -5.22386 1.86863
    endloop
  endfacet
  facet normal 0.216477 0.976288 -3.97745e-06
    outer loop
      vertex -1.13137 -5.22386 1.86863
      vertex -1.38468 -5.1677 0
      vertex -1.22567 -5.20295 1.97154
    endloop
  endfacet
  facet normal 0.216365 0.976312 5.454e-06
    outer loop
      vertex -1.22567 -5.20295 1.97154
      vertex -1.38468 -5.1677 0
      vertex -1.31064 -5.18412 2.08228
    endloop
  endfacet
  facet normal 0.216512 0.97628 0
    outer loop
      vertex -1.31064 -5.18412 2.08228
      vertex -1.38468 -5.1677 0
      vertex -1.38468 -5.1677 2.1985
    endloop
  endfacet
  facet normal 0.216444 0.976295 -0
    outer loop
      vertex -0.929017 -5.26872 4.30198
      vertex -1.38468 -5.1677 6
      vertex -0.929017 -5.26872 6
    endloop
  endfacet
  facet normal 0.216394 0.976306 -1.3997e-05
    outer loop
      vertex -1.02846 -5.24668 4.22567
      vertex -1.38468 -5.1677 6
      vertex -0.929017 -5.26872 4.30198
    endloop
  endfacet
  facet normal 0.216484 0.976286 5.00634e-06
    outer loop
      vertex -1.13137 -5.22386 4.13137
      vertex -1.38468 -5.1677 6
      vertex -1.02846 -5.24668 4.22567
    endloop
  endfacet
  facet normal 0.216477 0.976288 3.97745e-06
    outer loop
      vertex -1.22567 -5.20295 4.02846
      vertex -1.38468 -5.1677 6
      vertex -1.13137 -5.22386 4.13137
    endloop
  endfacet
  facet normal 0.216365 0.976312 -5.454e-06
    outer loop
      vertex -1.31064 -5.18412 3.91772
      vertex -1.38468 -5.1677 6
      vertex -1.22567 -5.20295 4.02846
    endloop
  endfacet
  facet normal 0.216512 0.97628 0
    outer loop
      vertex -1.38468 -5.1677 6
      vertex -1.31064 -5.18412 3.91772
      vertex -1.38468 -5.1677 3.8015
    endloop
  endfacet
  facet normal -0.675592 0.737276 0
    outer loop
      vertex 3.78302 -3.78302 0
      vertex 3.43891 -4.09834 6
      vertex 3.78302 -3.78302 6
    endloop
  endfacet
  facet normal -0.675592 0.737276 0
    outer loop
      vertex 3.43891 -4.09834 6
      vertex 3.78302 -3.78302 0
      vertex 3.43891 -4.09834 0
    endloop
  endfacet
  facet normal -0.887002 0.461766 0
    outer loop
      vertex 4.63323 -2.675 0
      vertex 4.84875 -2.26101 6
      vertex 4.84875 -2.26101 0
    endloop
  endfacet
  facet normal -0.887002 0.461766 0
    outer loop
      vertex 4.84875 -2.26101 6
      vertex 4.63323 -2.675 0
      vertex 4.63323 -2.675 6
    endloop
  endfacet
  facet normal 0.0436303 0.999048 -0
    outer loop
      vertex 0 -5.35 0
      vertex -0.139449 -5.34391 1.40609
      vertex 0 -5.35 1.4
    endloop
  endfacet
  facet normal 0.0436229 0.999048 -7.34205e-07
    outer loop
      vertex -0.466283 -5.32964 0
      vertex -0.139449 -5.34391 1.40609
      vertex 0 -5.35 0
    endloop
  endfacet
  facet normal 0.0436044 0.999049 3.58389e-06
    outer loop
      vertex -0.139449 -5.34391 1.40609
      vertex -0.466283 -5.32964 0
      vertex -0.277837 -5.33787 1.42431
    endloop
  endfacet
  facet normal 0.0436211 0.999048 1.3656e-06
    outer loop
      vertex -0.277837 -5.33787 1.42431
      vertex -0.466283 -5.32964 0
      vertex -0.41411 -5.33192 1.45452
    endloop
  endfacet
  facet normal 0.0436591 0.999046 0
    outer loop
      vertex -0.41411 -5.33192 1.45452
      vertex -0.466283 -5.32964 0
      vertex -0.466283 -5.32964 1.47097
    endloop
  endfacet
  facet normal 0.0436303 0.999048 0
    outer loop
      vertex -0.139449 -5.34391 4.59391
      vertex 0 -5.35 6
      vertex 0 -5.35 4.6
    endloop
  endfacet
  facet normal 0.0436229 0.999048 7.34205e-07
    outer loop
      vertex 0 -5.35 6
      vertex -0.139449 -5.34391 4.59391
      vertex -0.466283 -5.32964 6
    endloop
  endfacet
  facet normal 0.0436044 0.999049 -3.58389e-06
    outer loop
      vertex -0.277837 -5.33787 4.57569
      vertex -0.466283 -5.32964 6
      vertex -0.139449 -5.34391 4.59391
    endloop
  endfacet
  facet normal 0.0436211 0.999048 -1.3656e-06
    outer loop
      vertex -0.41411 -5.33192 4.54548
      vertex -0.466283 -5.32964 6
      vertex -0.277837 -5.33787 4.57569
    endloop
  endfacet
  facet normal 0.0436591 0.999046 0
    outer loop
      vertex -0.466283 -5.32964 6
      vertex -0.41411 -5.33192 4.54548
      vertex -0.466283 -5.32964 4.52903
    endloop
  endfacet
  facet normal -0.0436591 0.999046 0
    outer loop
      vertex 0.466283 -5.32964 0
      vertex 0.41411 -5.33192 1.45452
      vertex 0.466283 -5.32964 1.47097
    endloop
  endfacet
  facet normal -0.0436211 0.999048 1.3656e-06
    outer loop
      vertex 0.466283 -5.32964 0
      vertex 0.277837 -5.33787 1.42431
      vertex 0.41411 -5.33192 1.45452
    endloop
  endfacet
  facet normal -0.0436044 0.999049 3.58389e-06
    outer loop
      vertex 0.466283 -5.32964 0
      vertex 0.139449 -5.34391 1.40609
      vertex 0.277837 -5.33787 1.42431
    endloop
  endfacet
  facet normal -0.0436229 0.999048 -7.34205e-07
    outer loop
      vertex 0 -5.35 0
      vertex 0.139449 -5.34391 1.40609
      vertex 0.466283 -5.32964 0
    endloop
  endfacet
  facet normal -0.0436303 0.999048 0
    outer loop
      vertex 0.139449 -5.34391 1.40609
      vertex 0 -5.35 0
      vertex 0 -5.35 1.4
    endloop
  endfacet
  facet normal -0.0436229 0.999048 7.34205e-07
    outer loop
      vertex 0.139449 -5.34391 4.59391
      vertex 0 -5.35 6
      vertex 0.466283 -5.32964 6
    endloop
  endfacet
  facet normal -0.0436303 0.999048 0
    outer loop
      vertex 0 -5.35 6
      vertex 0.139449 -5.34391 4.59391
      vertex 0 -5.35 4.6
    endloop
  endfacet
  facet normal -0.0436044 0.999049 -3.58389e-06
    outer loop
      vertex 0.466283 -5.32964 6
      vertex 0.277837 -5.33787 4.57569
      vertex 0.139449 -5.34391 4.59391
    endloop
  endfacet
  facet normal -0.0436211 0.999048 -1.3656e-06
    outer loop
      vertex 0.466283 -5.32964 6
      vertex 0.41411 -5.33192 4.54548
      vertex 0.277837 -5.33787 4.57569
    endloop
  endfacet
  facet normal -0.0436591 0.999046 0
    outer loop
      vertex 0.41411 -5.33192 4.54548
      vertex 0.466283 -5.32964 6
      vertex 0.466283 -5.32964 4.52903
    endloop
  endfacet
  facet normal 0.887002 0.461766 0
    outer loop
      vertex -4.63323 -2.675 6
      vertex -4.84875 -2.26101 0
      vertex -4.84875 -2.26101 6
    endloop
  endfacet
  facet normal 0.887002 0.461766 0
    outer loop
      vertex -4.84875 -2.26101 0
      vertex -4.63323 -2.675 6
      vertex -4.63323 -2.675 0
    endloop
  endfacet
  facet normal -0.216512 0.97628 0
    outer loop
      vertex 1.38468 -5.1677 0
      vertex 1.31064 -5.18412 2.08228
      vertex 1.38468 -5.1677 2.1985
    endloop
  endfacet
  facet normal -0.216365 0.976312 5.454e-06
    outer loop
      vertex 1.38468 -5.1677 0
      vertex 1.22567 -5.20295 1.97154
      vertex 1.31064 -5.18412 2.08228
    endloop
  endfacet
  facet normal -0.216477 0.976288 -3.97745e-06
    outer loop
      vertex 1.38468 -5.1677 0
      vertex 1.13137 -5.22386 1.86863
      vertex 1.22567 -5.20295 1.97154
    endloop
  endfacet
  facet normal -0.216484 0.976286 -5.00634e-06
    outer loop
      vertex 1.38468 -5.1677 0
      vertex 1.02846 -5.24668 1.77433
      vertex 1.13137 -5.22386 1.86863
    endloop
  endfacet
  facet normal -0.216394 0.976306 1.3997e-05
    outer loop
      vertex 1.38468 -5.1677 0
      vertex 0.929017 -5.26872 1.69802
      vertex 1.02846 -5.24668 1.77433
    endloop
  endfacet
  facet normal -0.216444 0.976295 0
    outer loop
      vertex 0.929017 -5.26872 1.69802
      vertex 1.38468 -5.1677 0
      vertex 0.929017 -5.26872 0
    endloop
  endfacet
  facet normal -0.216444 0.976295 0
    outer loop
      vertex 1.38468 -5.1677 6
      vertex 0.929017 -5.26872 4.30198
      vertex 0.929017 -5.26872 6
    endloop
  endfacet
  facet normal -0.216394 0.976306 -1.3997e-05
    outer loop
      vertex 1.38468 -5.1677 6
      vertex 1.02846 -5.24668 4.22567
      vertex 0.929017 -5.26872 4.30198
    endloop
  endfacet
  facet normal -0.216484 0.976286 5.00634e-06
    outer loop
      vertex 1.38468 -5.1677 6
      vertex 1.13137 -5.22386 4.13137
      vertex 1.02846 -5.24668 4.22567
    endloop
  endfacet
  facet normal -0.216477 0.976288 3.97745e-06
    outer loop
      vertex 1.38468 -5.1677 6
      vertex 1.22567 -5.20295 4.02846
      vertex 1.13137 -5.22386 4.13137
    endloop
  endfacet
  facet normal -0.216365 0.976312 -5.454e-06
    outer loop
      vertex 1.38468 -5.1677 6
      vertex 1.31064 -5.18412 3.91772
      vertex 1.22567 -5.20295 4.02846
    endloop
  endfacet
  facet normal -0.216512 0.97628 0
    outer loop
      vertex 1.31064 -5.18412 3.91772
      vertex 1.38468 -5.1677 6
      vertex 1.38468 -5.1677 3.8015
    endloop
  endfacet
  facet normal 0.843391 0.5373 0
    outer loop
      vertex -4.38246 -3.06863 6
      vertex -4.63323 -2.675 0
      vertex -4.63323 -2.675 6
    endloop
  endfacet
  facet normal 0.843391 0.5373 0
    outer loop
      vertex -4.63323 -2.675 0
      vertex -4.38246 -3.06863 6
      vertex -4.38246 -3.06863 0
    endloop
  endfacet
  facet normal -0.5373 0.843391 0
    outer loop
      vertex 3.06863 -4.38246 0
      vertex 2.675 -4.63323 6
      vertex 3.06863 -4.38246 6
    endloop
  endfacet
  facet normal -0.5373 0.843391 0
    outer loop
      vertex 2.675 -4.63323 6
      vertex 3.06863 -4.38246 0
      vertex 2.675 -4.63323 0
    endloop
  endfacet
  facet normal 0.300688 0.953722 -0
    outer loop
      vertex -1.38468 -5.1677 3.8015
      vertex -1.82981 -5.02736 6
      vertex -1.38468 -5.1677 6
    endloop
  endfacet
  facet normal 0.298855 0.954298 -0.000407858
    outer loop
      vertex -1.38564 -5.1674 3.8
      vertex -1.82981 -5.02736 6
      vertex -1.38468 -5.1677 3.8015
    endloop
  endfacet
  facet normal 0.300693 0.953721 -2.1131e-07
    outer loop
      vertex -1.45009 -5.14708 3.67619
      vertex -1.82981 -5.02736 6
      vertex -1.38564 -5.1674 3.8
    endloop
  endfacet
  facet normal 0.300664 0.95373 -5.27589e-06
    outer loop
      vertex -1.50351 -5.13024 3.54723
      vertex -1.82981 -5.02736 6
      vertex -1.45009 -5.14708 3.67619
    endloop
  endfacet
  facet normal 0.300805 0.953686 1.5235e-05
    outer loop
      vertex -1.54548 -5.117 3.41411
      vertex -1.82981 -5.02736 6
      vertex -1.50351 -5.13024 3.54723
    endloop
  endfacet
  facet normal 0.300597 0.953751 -9.81618e-06
    outer loop
      vertex -1.57569 -5.10748 3.27784
      vertex -1.82981 -5.02736 6
      vertex -1.54548 -5.117 3.41411
    endloop
  endfacet
  facet normal 0.300847 0.953672 1.57915e-05
    outer loop
      vertex -1.59391 -5.10173 3.13945
      vertex -1.82981 -5.02736 6
      vertex -1.57569 -5.10748 3.27784
    endloop
  endfacet
  facet normal 0.300676 0.953726 2.78629e-07
    outer loop
      vertex -1.6 -5.09981 3
      vertex -1.82981 -5.02736 6
      vertex -1.59391 -5.10173 3.13945
    endloop
  endfacet
  facet normal 0.300676 0.953726 -2.78629e-07
    outer loop
      vertex -1.82981 -5.02736 0
      vertex -1.6 -5.09981 3
      vertex -1.59391 -5.10173 2.86055
    endloop
  endfacet
  facet normal 0.300688 0.953722 0
    outer loop
      vertex -1.82981 -5.02736 0
      vertex -1.38468 -5.1677 2.1985
      vertex -1.38468 -5.1677 0
    endloop
  endfacet
  facet normal 0.298855 0.954298 0.000407858
    outer loop
      vertex -1.38468 -5.1677 2.1985
      vertex -1.82981 -5.02736 0
      vertex -1.38564 -5.1674 2.2
    endloop
  endfacet
  facet normal 0.300693 0.953721 2.1131e-07
    outer loop
      vertex -1.38564 -5.1674 2.2
      vertex -1.82981 -5.02736 0
      vertex -1.45009 -5.14708 2.32381
    endloop
  endfacet
  facet normal 0.300664 0.95373 5.27589e-06
    outer loop
      vertex -1.45009 -5.14708 2.32381
      vertex -1.82981 -5.02736 0
      vertex -1.50351 -5.13024 2.45277
    endloop
  endfacet
  facet normal 0.300805 0.953686 -1.5235e-05
    outer loop
      vertex -1.50351 -5.13024 2.45277
      vertex -1.82981 -5.02736 0
      vertex -1.54548 -5.117 2.58589
    endloop
  endfacet
  facet normal 0.300597 0.953751 9.81618e-06
    outer loop
      vertex -1.54548 -5.117 2.58589
      vertex -1.82981 -5.02736 0
      vertex -1.57569 -5.10748 2.72216
    endloop
  endfacet
  facet normal 0.300847 0.953672 -1.57915e-05
    outer loop
      vertex -1.57569 -5.10748 2.72216
      vertex -1.82981 -5.02736 0
      vertex -1.59391 -5.10173 2.86055
    endloop
  endfacet
  facet normal 0.300673 0.953727 0
    outer loop
      vertex -1.6 -5.09981 3
      vertex -1.82981 -5.02736 0
      vertex -1.82981 -5.02736 6
    endloop
  endfacet
  facet normal -0.382685 0.923879 0
    outer loop
      vertex 2.26101 -4.84875 0
      vertex 1.82981 -5.02736 6
      vertex 2.26101 -4.84875 6
    endloop
  endfacet
  facet normal -0.382685 0.923879 0
    outer loop
      vertex 1.82981 -5.02736 6
      vertex 2.26101 -4.84875 0
      vertex 1.82981 -5.02736 0
    endloop
  endfacet
  facet normal 0.382685 0.923879 -0
    outer loop
      vertex -1.82981 -5.02736 0
      vertex -2.26101 -4.84875 6
      vertex -1.82981 -5.02736 6
    endloop
  endfacet
  facet normal 0.382685 0.923879 0
    outer loop
      vertex -2.26101 -4.84875 6
      vertex -1.82981 -5.02736 0
      vertex -2.26101 -4.84875 0
    endloop
  endfacet
  facet normal 0.675592 0.737276 -0
    outer loop
      vertex -3.43891 -4.09834 0
      vertex -3.78302 -3.78302 6
      vertex -3.43891 -4.09834 6
    endloop
  endfacet
  facet normal 0.675592 0.737276 0
    outer loop
      vertex -3.78302 -3.78302 6
      vertex -3.43891 -4.09834 0
      vertex -3.78302 -3.78302 0
    endloop
  endfacet
  facet normal -0.461766 0.887002 0
    outer loop
      vertex 2.675 -4.63323 0
      vertex 2.26101 -4.84875 6
      vertex 2.675 -4.63323 6
    endloop
  endfacet
  facet normal -0.461766 0.887002 0
    outer loop
      vertex 2.26101 -4.84875 6
      vertex 2.675 -4.63323 0
      vertex 2.26101 -4.84875 0
    endloop
  endfacet
  facet normal 0.5373 0.843391 -0
    outer loop
      vertex -2.675 -4.63323 0
      vertex -3.06863 -4.38246 6
      vertex -2.675 -4.63323 6
    endloop
  endfacet
  facet normal 0.5373 0.843391 0
    outer loop
      vertex -3.06863 -4.38246 6
      vertex -2.675 -4.63323 0
      vertex -3.06863 -4.38246 0
    endloop
  endfacet
  facet normal -0.793359 0.608754 0
    outer loop
      vertex 4.09834 -3.43891 0
      vertex 4.38246 -3.06863 6
      vertex 4.38246 -3.06863 0
    endloop
  endfacet
  facet normal -0.793359 0.608754 0
    outer loop
      vertex 4.38246 -3.06863 6
      vertex 4.09834 -3.43891 0
      vertex 4.09834 -3.43891 6
    endloop
  endfacet
  facet normal 0.130526 0.991445 0
    outer loop
      vertex -0.929017 -5.26872 0
      vertex -0.466283 -5.32964 1.47097
      vertex -0.466283 -5.32964 0
    endloop
  endfacet
  facet normal 0.130558 0.991441 -1.00851e-05
    outer loop
      vertex -0.466283 -5.32964 1.47097
      vertex -0.929017 -5.26872 0
      vertex -0.547232 -5.31898 1.49649
    endloop
  endfacet
  facet normal 0.130475 0.991452 1.1324e-05
    outer loop
      vertex -0.547232 -5.31898 1.49649
      vertex -0.929017 -5.26872 0
      vertex -0.676188 -5.30201 1.54991
    endloop
  endfacet
  facet normal 0.130527 0.991445 2.64535e-06
    outer loop
      vertex -0.676188 -5.30201 1.54991
      vertex -0.929017 -5.26872 0
      vertex -0.799999 -5.28571 1.61436
    endloop
  endfacet
  facet normal 0.130539 0.991443 1.66182e-06
    outer loop
      vertex -0.799999 -5.28571 1.61436
      vertex -0.929017 -5.26872 0
      vertex -0.917722 -5.27021 1.68936
    endloop
  endfacet
  facet normal 0.130784 0.991411 0
    outer loop
      vertex -0.917722 -5.27021 1.68936
      vertex -0.929017 -5.26872 0
      vertex -0.929017 -5.26872 1.69802
    endloop
  endfacet
  facet normal 0.130526 0.991445 -0
    outer loop
      vertex -0.466283 -5.32964 4.52903
      vertex -0.929017 -5.26872 6
      vertex -0.466283 -5.32964 6
    endloop
  endfacet
  facet normal 0.130558 0.991441 1.00851e-05
    outer loop
      vertex -0.547232 -5.31898 4.50351
      vertex -0.929017 -5.26872 6
      vertex -0.466283 -5.32964 4.52903
    endloop
  endfacet
  facet normal 0.130475 0.991452 -1.1324e-05
    outer loop
      vertex -0.676188 -5.30201 4.45009
      vertex -0.929017 -5.26872 6
      vertex -0.547232 -5.31898 4.50351
    endloop
  endfacet
  facet normal 0.130527 0.991445 -2.64535e-06
    outer loop
      vertex -0.799999 -5.28571 4.38564
      vertex -0.929017 -5.26872 6
      vertex -0.676188 -5.30201 4.45009
    endloop
  endfacet
  facet normal 0.130539 0.991443 -1.66182e-06
    outer loop
      vertex -0.917722 -5.27021 4.31064
      vertex -0.929017 -5.26872 6
      vertex -0.799999 -5.28571 4.38564
    endloop
  endfacet
  facet normal 0.130784 0.991411 0
    outer loop
      vertex -0.929017 -5.26872 6
      vertex -0.917722 -5.27021 4.31064
      vertex -0.929017 -5.26872 4.30198
    endloop
  endfacet
  facet normal 0.461766 0.887002 -0
    outer loop
      vertex -2.26101 -4.84875 0
      vertex -2.675 -4.63323 6
      vertex -2.26101 -4.84875 6
    endloop
  endfacet
  facet normal 0.461766 0.887002 0
    outer loop
      vertex -2.675 -4.63323 6
      vertex -2.26101 -4.84875 0
      vertex -2.675 -4.63323 0
    endloop
  endfacet
  facet normal -0.608754 0.793359 0
    outer loop
      vertex 3.43891 -4.09834 0
      vertex 3.06863 -4.38246 6
      vertex 3.43891 -4.09834 6
    endloop
  endfacet
  facet normal -0.608754 0.793359 0
    outer loop
      vertex 3.06863 -4.38246 6
      vertex 3.43891 -4.09834 0
      vertex 3.06863 -4.38246 0
    endloop
  endfacet
  facet normal 0.793359 0.608754 0
    outer loop
      vertex -4.09834 -3.43891 6
      vertex -4.38246 -3.06863 0
      vertex -4.38246 -3.06863 6
    endloop
  endfacet
  facet normal 0.793359 0.608754 0
    outer loop
      vertex -4.38246 -3.06863 0
      vertex -4.09834 -3.43891 6
      vertex -4.09834 -3.43891 0
    endloop
  endfacet
  facet normal -0.991444 0 -0.13053
    outer loop
      vertex 1.59391 7 3.13945
      vertex 1.57569 5.10748 3.27784
      vertex 1.57569 7 3.27784
    endloop
  endfacet
  facet normal -0.991444 0 -0.13053
    outer loop
      vertex 1.57569 5.10748 3.27784
      vertex 1.59391 7 3.13945
      vertex 1.59391 5.10173 3.13945
    endloop
  endfacet
  facet normal -0.991444 0 -0.13053
    outer loop
      vertex 1.59391 -7 3.13945
      vertex 1.57569 -5.10748 3.27784
      vertex 1.59391 -5.10173 3.13945
    endloop
  endfacet
  facet normal -0.991444 -0 -0.13053
    outer loop
      vertex 1.57569 -5.10748 3.27784
      vertex 1.59391 -7 3.13945
      vertex 1.57569 -7 3.27784
    endloop
  endfacet
  facet normal -0.999048 0 -0.04363
    outer loop
      vertex 1.6 7 3
      vertex 1.59391 5.10173 3.13945
      vertex 1.59391 7 3.13945
    endloop
  endfacet
  facet normal -0.999048 0 -0.04363
    outer loop
      vertex 1.59391 5.10173 3.13945
      vertex 1.6 7 3
      vertex 1.6 5.09981 3
    endloop
  endfacet
  facet normal -0.999048 0 -0.04363
    outer loop
      vertex 1.6 -7 3
      vertex 1.59391 -5.10173 3.13945
      vertex 1.6 -5.09981 3
    endloop
  endfacet
  facet normal -0.999048 -0 -0.04363
    outer loop
      vertex 1.59391 -5.10173 3.13945
      vertex 1.6 -7 3
      vertex 1.59391 -7 3.13945
    endloop
  endfacet
  facet normal 0.976297 0 -0.216437
    outer loop
      vertex -1.54548 5.117 3.41411
      vertex -1.57569 7 3.27784
      vertex -1.54548 7 3.41411
    endloop
  endfacet
  facet normal 0.976297 0 -0.216437
    outer loop
      vertex -1.57569 7 3.27784
      vertex -1.54548 5.117 3.41411
      vertex -1.57569 5.10748 3.27784
    endloop
  endfacet
  facet normal 0.976297 0 -0.216437
    outer loop
      vertex -1.57569 -7 3.27784
      vertex -1.54548 -5.117 3.41411
      vertex -1.54548 -7 3.41411
    endloop
  endfacet
  facet normal 0.976297 0 -0.216437
    outer loop
      vertex -1.54548 -5.117 3.41411
      vertex -1.57569 -7 3.27784
      vertex -1.57569 -5.10748 3.27784
    endloop
  endfacet
  facet normal -0.793366 0 0.608744
    outer loop
      vertex 1.31064 -7 2.08228
      vertex 1.22567 -5.20295 1.97154
      vertex 1.22567 -7 1.97154
    endloop
  endfacet
  facet normal -0.793366 0 0.608744
    outer loop
      vertex 1.22567 -5.20295 1.97154
      vertex 1.31064 -7 2.08228
      vertex 1.31064 -5.18412 2.08228
    endloop
  endfacet
  facet normal -0.793366 0 0.608744
    outer loop
      vertex 1.22567 5.20295 1.97154
      vertex 1.31064 7 2.08228
      vertex 1.22567 7 1.97154
    endloop
  endfacet
  facet normal -0.793366 0 0.608744
    outer loop
      vertex 1.31064 7 2.08228
      vertex 1.22567 5.20295 1.97154
      vertex 1.31064 5.18412 2.08228
    endloop
  endfacet
  facet normal -0.300672 0 0.953727
    outer loop
      vertex 0.547232 7 1.49649
      vertex 0.466283 5.32964 1.47097
      vertex 0.547232 5.31898 1.49649
    endloop
  endfacet
  facet normal -0.300685 6.6948e-07 0.953724
    outer loop
      vertex 0.41411 7 1.45452
      vertex 0.466283 5.32964 1.47097
      vertex 0.547232 7 1.49649
    endloop
  endfacet
  facet normal -0.300704 0 0.953717
    outer loop
      vertex 0.466283 5.32964 1.47097
      vertex 0.41411 7 1.45452
      vertex 0.41411 5.33192 1.45452
    endloop
  endfacet
  facet normal -0.300672 0 0.953727
    outer loop
      vertex 0.466283 -5.32964 1.47097
      vertex 0.547232 -7 1.49649
      vertex 0.547232 -5.31898 1.49649
    endloop
  endfacet
  facet normal -0.300704 -1.70459e-06 0.953717
    outer loop
      vertex 0.41411 -5.33192 1.45452
      vertex 0.547232 -7 1.49649
      vertex 0.466283 -5.32964 1.47097
    endloop
  endfacet
  facet normal -0.300685 0 0.953724
    outer loop
      vertex 0.547232 -7 1.49649
      vertex 0.41411 -5.33192 1.45452
      vertex 0.41411 -7 1.45452
    endloop
  endfacet
  facet normal 0.923872 -0 0.382702
    outer loop
      vertex -1.50351 -7 2.45277
      vertex -1.45009 -5.14708 2.32381
      vertex -1.50351 -5.13024 2.45277
    endloop
  endfacet
  facet normal 0.923872 0 0.382702
    outer loop
      vertex -1.45009 -5.14708 2.32381
      vertex -1.50351 -7 2.45277
      vertex -1.45009 -7 2.32381
    endloop
  endfacet
  facet normal 0.923872 0 0.382702
    outer loop
      vertex -1.50351 7 2.45277
      vertex -1.45009 5.14708 2.32381
      vertex -1.45009 7 2.32381
    endloop
  endfacet
  facet normal 0.923872 0 0.382702
    outer loop
      vertex -1.45009 5.14708 2.32381
      vertex -1.50351 7 2.45277
      vertex -1.50351 5.13024 2.45277
    endloop
  endfacet
  facet normal 0.216433 0 -0.976298
    outer loop
      vertex -0.41411 7 4.54548
      vertex -0.277837 5.33787 4.57569
      vertex -0.41411 5.33192 4.54548
    endloop
  endfacet
  facet normal 0.216433 0 -0.976298
    outer loop
      vertex -0.277837 5.33787 4.57569
      vertex -0.41411 7 4.54548
      vertex -0.277837 7 4.57569
    endloop
  endfacet
  facet normal 0.216433 0 -0.976298
    outer loop
      vertex -0.41411 -7 4.54548
      vertex -0.277837 -5.33787 4.57569
      vertex -0.277837 -7 4.57569
    endloop
  endfacet
  facet normal 0.216433 0 -0.976298
    outer loop
      vertex -0.277837 -5.33787 4.57569
      vertex -0.41411 -7 4.54548
      vertex -0.41411 -5.33192 4.54548
    endloop
  endfacet
  facet normal -0.300672 0 -0.953727
    outer loop
      vertex 0.466283 5.32964 4.52903
      vertex 0.547232 7 4.50351
      vertex 0.547232 5.31898 4.50351
    endloop
  endfacet
  facet normal -0.300704 1.70459e-06 -0.953717
    outer loop
      vertex 0.41411 5.33192 4.54548
      vertex 0.547232 7 4.50351
      vertex 0.466283 5.32964 4.52903
    endloop
  endfacet
  facet normal -0.300685 0 -0.953724
    outer loop
      vertex 0.547232 7 4.50351
      vertex 0.41411 5.33192 4.54548
      vertex 0.41411 7 4.54548
    endloop
  endfacet
  facet normal -0.300672 0 -0.953727
    outer loop
      vertex 0.547232 -7 4.50351
      vertex 0.466283 -5.32964 4.52903
      vertex 0.547232 -5.31898 4.50351
    endloop
  endfacet
  facet normal -0.300685 -6.6948e-07 -0.953724
    outer loop
      vertex 0.41411 -7 4.54548
      vertex 0.466283 -5.32964 4.52903
      vertex 0.547232 -7 4.50351
    endloop
  endfacet
  facet normal -0.300704 0 -0.953717
    outer loop
      vertex 0.466283 -5.32964 4.52903
      vertex 0.41411 -7 4.54548
      vertex 0.41411 -5.33192 4.54548
    endloop
  endfacet
  facet normal -0.976297 0 -0.216437
    outer loop
      vertex 1.57569 7 3.27784
      vertex 1.54548 5.117 3.41411
      vertex 1.54548 7 3.41411
    endloop
  endfacet
  facet normal -0.976297 0 -0.216437
    outer loop
      vertex 1.54548 5.117 3.41411
      vertex 1.57569 7 3.27784
      vertex 1.57569 5.10748 3.27784
    endloop
  endfacet
  facet normal -0.976297 0 -0.216437
    outer loop
      vertex 1.57569 -7 3.27784
      vertex 1.54548 -5.117 3.41411
      vertex 1.57569 -5.10748 3.27784
    endloop
  endfacet
  facet normal -0.976297 -0 -0.216437
    outer loop
      vertex 1.54548 -5.117 3.41411
      vertex 1.57569 -7 3.27784
      vertex 1.54548 -7 3.41411
    endloop
  endfacet
  facet normal 0.793366 0 0.608744
    outer loop
      vertex -1.31064 7 2.08228
      vertex -1.22567 5.20295 1.97154
      vertex -1.22567 7 1.97154
    endloop
  endfacet
  facet normal 0.793366 0 0.608744
    outer loop
      vertex -1.22567 5.20295 1.97154
      vertex -1.31064 7 2.08228
      vertex -1.31064 5.18412 2.08228
    endloop
  endfacet
  facet normal 0.793366 -0 0.608744
    outer loop
      vertex -1.31064 -7 2.08228
      vertex -1.22567 -5.20295 1.97154
      vertex -1.31064 -5.18412 2.08228
    endloop
  endfacet
  facet normal 0.793366 0 0.608744
    outer loop
      vertex -1.22567 -5.20295 1.97154
      vertex -1.31064 -7 2.08228
      vertex -1.22567 -7 1.97154
    endloop
  endfacet
  facet normal 0.953722 -0 0.300689
    outer loop
      vertex -1.54548 -7 2.58589
      vertex -1.50351 -5.13024 2.45277
      vertex -1.54548 -5.117 2.58589
    endloop
  endfacet
  facet normal 0.953722 0 0.300689
    outer loop
      vertex -1.50351 -5.13024 2.45277
      vertex -1.54548 -7 2.58589
      vertex -1.50351 -7 2.45277
    endloop
  endfacet
  facet normal 0.953722 0 0.300689
    outer loop
      vertex -1.54548 7 2.58589
      vertex -1.50351 5.13024 2.45277
      vertex -1.50351 7 2.45277
    endloop
  endfacet
  facet normal 0.953722 0 0.300689
    outer loop
      vertex -1.50351 5.13024 2.45277
      vertex -1.54548 7 2.58589
      vertex -1.54548 5.117 2.58589
    endloop
  endfacet
  facet normal -0.0436303 -0 -0.999048
    outer loop
      vertex 0 -5.35 4.6
      vertex 0.139449 -7 4.59391
      vertex 0 -7 4.6
    endloop
  endfacet
  facet normal -0.0436303 0 -0.999048
    outer loop
      vertex 0.139449 -7 4.59391
      vertex 0 -5.35 4.6
      vertex 0.139449 -5.34391 4.59391
    endloop
  endfacet
  facet normal -0.0436303 0 -0.999048
    outer loop
      vertex 0 5.35 4.6
      vertex 0.139449 7 4.59391
      vertex 0.139449 5.34391 4.59391
    endloop
  endfacet
  facet normal -0.0436303 0 -0.999048
    outer loop
      vertex 0.139449 7 4.59391
      vertex 0 5.35 4.6
      vertex 0 7 4.6
    endloop
  endfacet
  facet normal -0.216433 0 0.976298
    outer loop
      vertex 0.277837 -5.33787 1.42431
      vertex 0.41411 -7 1.45452
      vertex 0.41411 -5.33192 1.45452
    endloop
  endfacet
  facet normal -0.216433 0 0.976298
    outer loop
      vertex 0.41411 -7 1.45452
      vertex 0.277837 -5.33787 1.42431
      vertex 0.277837 -7 1.42431
    endloop
  endfacet
  facet normal -0.216433 0 0.976298
    outer loop
      vertex 0.277837 5.33787 1.42431
      vertex 0.41411 7 1.45452
      vertex 0.277837 7 1.42431
    endloop
  endfacet
  facet normal -0.216433 0 0.976298
    outer loop
      vertex 0.41411 7 1.45452
      vertex 0.277837 5.33787 1.42431
      vertex 0.41411 5.33192 1.45452
    endloop
  endfacet
  facet normal -0.843378 0 -0.53732
    outer loop
      vertex 1.38564 7 3.8
      vertex 1.31064 5.18412 3.91772
      vertex 1.31064 7 3.91772
    endloop
  endfacet
  facet normal -0.843392 2.02438e-06 -0.537298
    outer loop
      vertex 1.38564 7 3.8
      vertex 1.38468 5.1677 3.8015
      vertex 1.31064 5.18412 3.91772
    endloop
  endfacet
  facet normal -0.842271 0 -0.539054
    outer loop
      vertex 1.38468 5.1677 3.8015
      vertex 1.38564 7 3.8
      vertex 1.38564 5.1674 3.8
    endloop
  endfacet
  facet normal -0.842271 0 -0.539054
    outer loop
      vertex 1.38564 -7 3.8
      vertex 1.38468 -5.1677 3.8015
      vertex 1.38564 -5.1674 3.8
    endloop
  endfacet
  facet normal -0.843392 -2.02438e-06 -0.537298
    outer loop
      vertex 1.38564 -7 3.8
      vertex 1.31064 -5.18412 3.91772
      vertex 1.38468 -5.1677 3.8015
    endloop
  endfacet
  facet normal -0.843378 -0 -0.53732
    outer loop
      vertex 1.31064 -5.18412 3.91772
      vertex 1.38564 -7 3.8
      vertex 1.31064 -7 3.91772
    endloop
  endfacet
  facet normal 0.999048 -0 0.04363
    outer loop
      vertex -1.6 -7 3
      vertex -1.59391 -5.10173 2.86055
      vertex -1.6 -5.09981 3
    endloop
  endfacet
  facet normal 0.999048 0 0.04363
    outer loop
      vertex -1.59391 -5.10173 2.86055
      vertex -1.6 -7 3
      vertex -1.59391 -7 2.86055
    endloop
  endfacet
  facet normal 0.999048 0 0.04363
    outer loop
      vertex -1.6 7 3
      vertex -1.59391 5.10173 2.86055
      vertex -1.59391 7 2.86055
    endloop
  endfacet
  facet normal 0.999048 0 0.04363
    outer loop
      vertex -1.59391 5.10173 2.86055
      vertex -1.6 7 3
      vertex -1.6 5.09981 3
    endloop
  endfacet
  facet normal -0.675592 -0 -0.737276
    outer loop
      vertex 1.02846 -5.24668 4.22567
      vertex 1.13137 -7 4.13137
      vertex 1.02846 -7 4.22567
    endloop
  endfacet
  facet normal -0.675592 0 -0.737276
    outer loop
      vertex 1.13137 -7 4.13137
      vertex 1.02846 -5.24668 4.22567
      vertex 1.13137 -5.22386 4.13137
    endloop
  endfacet
  facet normal -0.675592 0 -0.737276
    outer loop
      vertex 1.02846 5.24668 4.22567
      vertex 1.13137 7 4.13137
      vertex 1.13137 5.22386 4.13137
    endloop
  endfacet
  facet normal -0.675592 0 -0.737276
    outer loop
      vertex 1.13137 7 4.13137
      vertex 1.02846 5.24668 4.22567
      vertex 1.02846 7 4.22567
    endloop
  endfacet
  facet normal -0.843378 0 0.53732
    outer loop
      vertex 1.31064 5.18412 2.08228
      vertex 1.38564 7 2.2
      vertex 1.31064 7 2.08228
    endloop
  endfacet
  facet normal -0.843392 2.02438e-06 0.537298
    outer loop
      vertex 1.38468 5.1677 2.1985
      vertex 1.38564 7 2.2
      vertex 1.31064 5.18412 2.08228
    endloop
  endfacet
  facet normal -0.842271 0 0.539054
    outer loop
      vertex 1.38564 7 2.2
      vertex 1.38468 5.1677 2.1985
      vertex 1.38564 5.1674 2.2
    endloop
  endfacet
  facet normal -0.843378 0 0.53732
    outer loop
      vertex 1.38564 -7 2.2
      vertex 1.31064 -5.18412 2.08228
      vertex 1.31064 -7 2.08228
    endloop
  endfacet
  facet normal -0.843392 -2.02438e-06 0.537298
    outer loop
      vertex 1.31064 -5.18412 2.08228
      vertex 1.38564 -7 2.2
      vertex 1.38468 -5.1677 2.1985
    endloop
  endfacet
  facet normal -0.842271 0 0.539054
    outer loop
      vertex 1.38468 -5.1677 2.1985
      vertex 1.38564 -7 2.2
      vertex 1.38564 -5.1674 2.2
    endloop
  endfacet
  facet normal 0.991444 -0 0.13053
    outer loop
      vertex -1.59391 -7 2.86055
      vertex -1.57569 -5.10748 2.72216
      vertex -1.59391 -5.10173 2.86055
    endloop
  endfacet
  facet normal 0.991444 0 0.13053
    outer loop
      vertex -1.57569 -5.10748 2.72216
      vertex -1.59391 -7 2.86055
      vertex -1.57569 -7 2.72216
    endloop
  endfacet
  facet normal 0.991444 0 0.13053
    outer loop
      vertex -1.59391 7 2.86055
      vertex -1.57569 5.10748 2.72216
      vertex -1.57569 7 2.72216
    endloop
  endfacet
  facet normal 0.991444 0 0.13053
    outer loop
      vertex -1.57569 5.10748 2.72216
      vertex -1.59391 7 2.86055
      vertex -1.59391 5.10173 2.86055
    endloop
  endfacet
  facet normal 0.843378 0 -0.53732
    outer loop
      vertex -1.38564 -7 3.8
      vertex -1.31064 -5.18412 3.91772
      vertex -1.31064 -7 3.91772
    endloop
  endfacet
  facet normal 0.843392 -2.02438e-06 -0.537298
    outer loop
      vertex -1.31064 -5.18412 3.91772
      vertex -1.38564 -7 3.8
      vertex -1.38468 -5.1677 3.8015
    endloop
  endfacet
  facet normal 0.842271 0 -0.539054
    outer loop
      vertex -1.38468 -5.1677 3.8015
      vertex -1.38564 -7 3.8
      vertex -1.38564 -5.1674 3.8
    endloop
  endfacet
  facet normal 0.843378 0 -0.53732
    outer loop
      vertex -1.31064 5.18412 3.91772
      vertex -1.38564 7 3.8
      vertex -1.31064 7 3.91772
    endloop
  endfacet
  facet normal 0.843392 2.02438e-06 -0.537298
    outer loop
      vertex -1.38468 5.1677 3.8015
      vertex -1.38564 7 3.8
      vertex -1.31064 5.18412 3.91772
    endloop
  endfacet
  facet normal 0.842271 0 -0.539054
    outer loop
      vertex -1.38564 7 3.8
      vertex -1.38468 5.1677 3.8015
      vertex -1.38564 5.1674 3.8
    endloop
  endfacet
  facet normal -0.675592 0 0.737276
    outer loop
      vertex 1.02846 5.24668 1.77433
      vertex 1.13137 7 1.86863
      vertex 1.02846 7 1.77433
    endloop
  endfacet
  facet normal -0.675592 0 0.737276
    outer loop
      vertex 1.13137 7 1.86863
      vertex 1.02846 5.24668 1.77433
      vertex 1.13137 5.22386 1.86863
    endloop
  endfacet
  facet normal -0.675592 0 0.737276
    outer loop
      vertex 1.02846 -5.24668 1.77433
      vertex 1.13137 -7 1.86863
      vertex 1.13137 -5.22386 1.86863
    endloop
  endfacet
  facet normal -0.675592 0 0.737276
    outer loop
      vertex 1.13137 -7 1.86863
      vertex 1.02846 -5.24668 1.77433
      vertex 1.02846 -7 1.77433
    endloop
  endfacet
  facet normal -0.887015 0 0.461741
    outer loop
      vertex 1.45009 -7 2.32381
      vertex 1.38564 -5.1674 2.2
      vertex 1.38564 -7 2.2
    endloop
  endfacet
  facet normal -0.887015 0 0.461741
    outer loop
      vertex 1.38564 -5.1674 2.2
      vertex 1.45009 -7 2.32381
      vertex 1.45009 -5.14708 2.32381
    endloop
  endfacet
  facet normal -0.887015 0 0.461741
    outer loop
      vertex 1.38564 5.1674 2.2
      vertex 1.45009 7 2.32381
      vertex 1.38564 7 2.2
    endloop
  endfacet
  facet normal -0.887015 0 0.461741
    outer loop
      vertex 1.45009 7 2.32381
      vertex 1.38564 5.1674 2.2
      vertex 1.45009 5.14708 2.32381
    endloop
  endfacet
  facet normal 0.382712 0 0.923868
    outer loop
      vertex -0.676188 7 1.54991
      vertex -0.547232 5.31898 1.49649
      vertex -0.547232 7 1.49649
    endloop
  endfacet
  facet normal 0.382712 0 0.923868
    outer loop
      vertex -0.547232 5.31898 1.49649
      vertex -0.676188 7 1.54991
      vertex -0.676188 5.30201 1.54991
    endloop
  endfacet
  facet normal 0.382712 -0 0.923868
    outer loop
      vertex -0.676188 -7 1.54991
      vertex -0.547232 -5.31898 1.49649
      vertex -0.676188 -5.30201 1.54991
    endloop
  endfacet
  facet normal 0.382712 0 0.923868
    outer loop
      vertex -0.547232 -5.31898 1.49649
      vertex -0.676188 -7 1.54991
      vertex -0.547232 -7 1.49649
    endloop
  endfacet
  facet normal -0.923872 0 -0.382702
    outer loop
      vertex 1.50351 -7 3.54723
      vertex 1.45009 -5.14708 3.67619
      vertex 1.50351 -5.13024 3.54723
    endloop
  endfacet
  facet normal -0.923872 -0 -0.382702
    outer loop
      vertex 1.45009 -5.14708 3.67619
      vertex 1.50351 -7 3.54723
      vertex 1.45009 -7 3.67619
    endloop
  endfacet
  facet normal -0.923872 0 -0.382702
    outer loop
      vertex 1.50351 7 3.54723
      vertex 1.45009 5.14708 3.67619
      vertex 1.45009 7 3.67619
    endloop
  endfacet
  facet normal -0.923872 0 -0.382702
    outer loop
      vertex 1.45009 5.14708 3.67619
      vertex 1.50351 7 3.54723
      vertex 1.50351 5.13024 3.54723
    endloop
  endfacet
  facet normal 0.737276 0 0.675592
    outer loop
      vertex -1.22567 7 1.97154
      vertex -1.13137 5.22386 1.86863
      vertex -1.13137 7 1.86863
    endloop
  endfacet
  facet normal 0.737276 0 0.675592
    outer loop
      vertex -1.13137 5.22386 1.86863
      vertex -1.22567 7 1.97154
      vertex -1.22567 5.20295 1.97154
    endloop
  endfacet
  facet normal 0.737276 -0 0.675592
    outer loop
      vertex -1.22567 -7 1.97154
      vertex -1.13137 -5.22386 1.86863
      vertex -1.22567 -5.20295 1.97154
    endloop
  endfacet
  facet normal 0.737276 0 0.675592
    outer loop
      vertex -1.13137 -5.22386 1.86863
      vertex -1.22567 -7 1.97154
      vertex -1.13137 -7 1.86863
    endloop
  endfacet
  facet normal -0.537311 0 -0.843384
    outer loop
      vertex 0.799999 5.28571 4.38564
      vertex 0.917722 7 4.31064
      vertex 0.917722 5.27021 4.31064
    endloop
  endfacet
  facet normal -0.537311 0 -0.843384
    outer loop
      vertex 0.917722 7 4.31064
      vertex 0.799999 5.28571 4.38564
      vertex 0.799999 7 4.38564
    endloop
  endfacet
  facet normal -0.537311 -0 -0.843384
    outer loop
      vertex 0.799999 -5.28571 4.38564
      vertex 0.917722 -7 4.31064
      vertex 0.799999 -7 4.38564
    endloop
  endfacet
  facet normal -0.537311 0 -0.843384
    outer loop
      vertex 0.917722 -7 4.31064
      vertex 0.799999 -5.28571 4.38564
      vertex 0.917722 -5.27021 4.31064
    endloop
  endfacet
  facet normal -0.953722 0 0.300689
    outer loop
      vertex 1.54548 -7 2.58589
      vertex 1.50351 -5.13024 2.45277
      vertex 1.50351 -7 2.45277
    endloop
  endfacet
  facet normal -0.953722 0 0.300689
    outer loop
      vertex 1.50351 -5.13024 2.45277
      vertex 1.54548 -7 2.58589
      vertex 1.54548 -5.117 2.58589
    endloop
  endfacet
  facet normal -0.953722 0 0.300689
    outer loop
      vertex 1.50351 5.13024 2.45277
      vertex 1.54548 7 2.58589
      vertex 1.50351 7 2.45277
    endloop
  endfacet
  facet normal -0.953722 0 0.300689
    outer loop
      vertex 1.54548 7 2.58589
      vertex 1.50351 5.13024 2.45277
      vertex 1.54548 5.117 2.58589
    endloop
  endfacet
  facet normal -0.991444 0 0.13053
    outer loop
      vertex 1.57569 5.10748 2.72216
      vertex 1.59391 7 2.86055
      vertex 1.57569 7 2.72216
    endloop
  endfacet
  facet normal -0.991444 0 0.13053
    outer loop
      vertex 1.59391 7 2.86055
      vertex 1.57569 5.10748 2.72216
      vertex 1.59391 5.10173 2.86055
    endloop
  endfacet
  facet normal -0.991444 0 0.13053
    outer loop
      vertex 1.59391 -7 2.86055
      vertex 1.57569 -5.10748 2.72216
      vertex 1.57569 -7 2.72216
    endloop
  endfacet
  facet normal -0.991444 0 0.13053
    outer loop
      vertex 1.57569 -5.10748 2.72216
      vertex 1.59391 -7 2.86055
      vertex 1.59391 -5.10173 2.86055
    endloop
  endfacet
  facet normal -0.887015 0 -0.461741
    outer loop
      vertex 1.45009 -7 3.67619
      vertex 1.38564 -5.1674 3.8
      vertex 1.45009 -5.14708 3.67619
    endloop
  endfacet
  facet normal -0.887015 -0 -0.461741
    outer loop
      vertex 1.38564 -5.1674 3.8
      vertex 1.45009 -7 3.67619
      vertex 1.38564 -7 3.8
    endloop
  endfacet
  facet normal -0.887015 0 -0.461741
    outer loop
      vertex 1.45009 7 3.67619
      vertex 1.38564 5.1674 3.8
      vertex 1.38564 7 3.8
    endloop
  endfacet
  facet normal -0.887015 0 -0.461741
    outer loop
      vertex 1.38564 5.1674 3.8
      vertex 1.45009 7 3.67619
      vertex 1.45009 5.14708 3.67619
    endloop
  endfacet
  facet normal 0.537311 0 -0.843384
    outer loop
      vertex -0.917722 7 4.31064
      vertex -0.799999 5.28571 4.38564
      vertex -0.917722 5.27021 4.31064
    endloop
  endfacet
  facet normal 0.537311 0 -0.843384
    outer loop
      vertex -0.799999 5.28571 4.38564
      vertex -0.917722 7 4.31064
      vertex -0.799999 7 4.38564
    endloop
  endfacet
  facet normal 0.537311 0 -0.843384
    outer loop
      vertex -0.917722 -7 4.31064
      vertex -0.799999 -5.28571 4.38564
      vertex -0.799999 -7 4.38564
    endloop
  endfacet
  facet normal 0.537311 0 -0.843384
    outer loop
      vertex -0.799999 -5.28571 4.38564
      vertex -0.917722 -7 4.31064
      vertex -0.917722 -5.27021 4.31064
    endloop
  endfacet
  facet normal -0.953722 0 -0.300689
    outer loop
      vertex 1.54548 7 3.41411
      vertex 1.50351 5.13024 3.54723
      vertex 1.50351 7 3.54723
    endloop
  endfacet
  facet normal -0.953722 0 -0.300689
    outer loop
      vertex 1.50351 5.13024 3.54723
      vertex 1.54548 7 3.41411
      vertex 1.54548 5.117 3.41411
    endloop
  endfacet
  facet normal -0.953722 0 -0.300689
    outer loop
      vertex 1.54548 -7 3.41411
      vertex 1.50351 -5.13024 3.54723
      vertex 1.54548 -5.117 3.41411
    endloop
  endfacet
  facet normal -0.953722 -0 -0.300689
    outer loop
      vertex 1.50351 -5.13024 3.54723
      vertex 1.54548 -7 3.41411
      vertex 1.50351 -7 3.54723
    endloop
  endfacet
  facet normal -0.461738 0 0.887016
    outer loop
      vertex 0.676188 5.30201 1.54991
      vertex 0.799999 7 1.61436
      vertex 0.676188 7 1.54991
    endloop
  endfacet
  facet normal -0.461738 0 0.887016
    outer loop
      vertex 0.799999 7 1.61436
      vertex 0.676188 5.30201 1.54991
      vertex 0.799999 5.28571 1.61436
    endloop
  endfacet
  facet normal -0.461738 0 0.887016
    outer loop
      vertex 0.676188 -5.30201 1.54991
      vertex 0.799999 -7 1.61436
      vertex 0.799999 -5.28571 1.61436
    endloop
  endfacet
  facet normal -0.461738 0 0.887016
    outer loop
      vertex 0.799999 -7 1.61436
      vertex 0.676188 -5.30201 1.54991
      vertex 0.676188 -7 1.54991
    endloop
  endfacet
  facet normal -0.999048 0 0.04363
    outer loop
      vertex 1.6 -7 3
      vertex 1.59391 -5.10173 2.86055
      vertex 1.59391 -7 2.86055
    endloop
  endfacet
  facet normal -0.999048 0 0.04363
    outer loop
      vertex 1.59391 -5.10173 2.86055
      vertex 1.6 -7 3
      vertex 1.6 -5.09981 3
    endloop
  endfacet
  facet normal -0.999048 0 0.04363
    outer loop
      vertex 1.59391 5.10173 2.86055
      vertex 1.6 7 3
      vertex 1.59391 7 2.86055
    endloop
  endfacet
  facet normal -0.999048 0 0.04363
    outer loop
      vertex 1.6 7 3
      vertex 1.59391 5.10173 2.86055
      vertex 1.6 5.09981 3
    endloop
  endfacet
  facet normal -0.130532 0 0.991444
    outer loop
      vertex 0.139449 -5.34391 1.40609
      vertex 0.277837 -7 1.42431
      vertex 0.277837 -5.33787 1.42431
    endloop
  endfacet
  facet normal -0.130532 0 0.991444
    outer loop
      vertex 0.277837 -7 1.42431
      vertex 0.139449 -5.34391 1.40609
      vertex 0.139449 -7 1.40609
    endloop
  endfacet
  facet normal -0.130532 0 0.991444
    outer loop
      vertex 0.139449 5.34391 1.40609
      vertex 0.277837 7 1.42431
      vertex 0.139449 7 1.40609
    endloop
  endfacet
  facet normal -0.130532 0 0.991444
    outer loop
      vertex 0.277837 7 1.42431
      vertex 0.139449 5.34391 1.40609
      vertex 0.277837 5.33787 1.42431
    endloop
  endfacet
  facet normal -0.608785 0 -0.793335
    outer loop
      vertex 1.02846 -7 4.22567
      vertex 0.929017 -5.26872 4.30198
      vertex 1.02846 -5.24668 4.22567
    endloop
  endfacet
  facet normal -0.608751 -0 -0.793361
    outer loop
      vertex 0.917722 -5.27021 4.31064
      vertex 1.02846 -7 4.22567
      vertex 0.917722 -7 4.31064
    endloop
  endfacet
  facet normal -0.608456 3.00096e-05 -0.793587
    outer loop
      vertex 1.02846 -7 4.22567
      vertex 0.917722 -5.27021 4.31064
      vertex 0.929017 -5.26872 4.30198
    endloop
  endfacet
  facet normal -0.608785 0 -0.793335
    outer loop
      vertex 0.929017 5.26872 4.30198
      vertex 1.02846 7 4.22567
      vertex 1.02846 5.24668 4.22567
    endloop
  endfacet
  facet normal -0.608456 -3.00096e-05 -0.793587
    outer loop
      vertex 0.917722 5.27021 4.31064
      vertex 1.02846 7 4.22567
      vertex 0.929017 5.26872 4.30198
    endloop
  endfacet
  facet normal -0.608751 0 -0.793361
    outer loop
      vertex 1.02846 7 4.22567
      vertex 0.917722 5.27021 4.31064
      vertex 0.917722 7 4.31064
    endloop
  endfacet
  facet normal 0.0436303 0 0.999048
    outer loop
      vertex -0.139449 7 1.40609
      vertex 0 5.35 1.4
      vertex 0 7 1.4
    endloop
  endfacet
  facet normal 0.0436303 0 0.999048
    outer loop
      vertex 0 5.35 1.4
      vertex -0.139449 7 1.40609
      vertex -0.139449 5.34391 1.40609
    endloop
  endfacet
  facet normal 0.0436303 -0 0.999048
    outer loop
      vertex -0.139449 -7 1.40609
      vertex 0 -5.35 1.4
      vertex -0.139449 -5.34391 1.40609
    endloop
  endfacet
  facet normal 0.0436303 0 0.999048
    outer loop
      vertex 0 -5.35 1.4
      vertex -0.139449 -7 1.40609
      vertex 0 -7 1.4
    endloop
  endfacet
  facet normal 0.461738 0 -0.887016
    outer loop
      vertex -0.799999 -7 4.38564
      vertex -0.676188 -5.30201 4.45009
      vertex -0.676188 -7 4.45009
    endloop
  endfacet
  facet normal 0.461738 0 -0.887016
    outer loop
      vertex -0.676188 -5.30201 4.45009
      vertex -0.799999 -7 4.38564
      vertex -0.799999 -5.28571 4.38564
    endloop
  endfacet
  facet normal 0.461738 0 -0.887016
    outer loop
      vertex -0.799999 7 4.38564
      vertex -0.676188 5.30201 4.45009
      vertex -0.799999 5.28571 4.38564
    endloop
  endfacet
  facet normal 0.461738 0 -0.887016
    outer loop
      vertex -0.676188 5.30201 4.45009
      vertex -0.799999 7 4.38564
      vertex -0.676188 7 4.45009
    endloop
  endfacet
  facet normal -0.216433 -0 -0.976298
    outer loop
      vertex 0.277837 -5.33787 4.57569
      vertex 0.41411 -7 4.54548
      vertex 0.277837 -7 4.57569
    endloop
  endfacet
  facet normal -0.216433 0 -0.976298
    outer loop
      vertex 0.41411 -7 4.54548
      vertex 0.277837 -5.33787 4.57569
      vertex 0.41411 -5.33192 4.54548
    endloop
  endfacet
  facet normal -0.216433 0 -0.976298
    outer loop
      vertex 0.277837 5.33787 4.57569
      vertex 0.41411 7 4.54548
      vertex 0.41411 5.33192 4.54548
    endloop
  endfacet
  facet normal -0.216433 0 -0.976298
    outer loop
      vertex 0.41411 7 4.54548
      vertex 0.277837 5.33787 4.57569
      vertex 0.277837 7 4.57569
    endloop
  endfacet
  facet normal -0.382712 0 -0.923868
    outer loop
      vertex 0.547232 5.31898 4.50351
      vertex 0.676188 7 4.45009
      vertex 0.676188 5.30201 4.45009
    endloop
  endfacet
  facet normal -0.382712 0 -0.923868
    outer loop
      vertex 0.676188 7 4.45009
      vertex 0.547232 5.31898 4.50351
      vertex 0.547232 7 4.50351
    endloop
  endfacet
  facet normal -0.382712 -0 -0.923868
    outer loop
      vertex 0.547232 -5.31898 4.50351
      vertex 0.676188 -7 4.45009
      vertex 0.547232 -7 4.50351
    endloop
  endfacet
  facet normal -0.382712 0 -0.923868
    outer loop
      vertex 0.676188 -7 4.45009
      vertex 0.547232 -5.31898 4.50351
      vertex 0.676188 -5.30201 4.45009
    endloop
  endfacet
  facet normal 0.130532 -0 0.991444
    outer loop
      vertex -0.277837 -7 1.42431
      vertex -0.139449 -5.34391 1.40609
      vertex -0.277837 -5.33787 1.42431
    endloop
  endfacet
  facet normal 0.130532 0 0.991444
    outer loop
      vertex -0.139449 -5.34391 1.40609
      vertex -0.277837 -7 1.42431
      vertex -0.139449 -7 1.40609
    endloop
  endfacet
  facet normal 0.130532 0 0.991444
    outer loop
      vertex -0.277837 7 1.42431
      vertex -0.139449 5.34391 1.40609
      vertex -0.139449 7 1.40609
    endloop
  endfacet
  facet normal 0.130532 0 0.991444
    outer loop
      vertex -0.139449 5.34391 1.40609
      vertex -0.277837 7 1.42431
      vertex -0.277837 5.33787 1.42431
    endloop
  endfacet
  facet normal 0 -1 0
    outer loop
      vertex -0.139449 7 4.59391
      vertex 0.139449 7 4.59391
      vertex 0 7 4.6
    endloop
  endfacet
  facet normal 0 -1 0
    outer loop
      vertex -0.277837 7 4.57569
      vertex 0.139449 7 4.59391
      vertex -0.139449 7 4.59391
    endloop
  endfacet
  facet normal 0 -1 0
    outer loop
      vertex -0.277837 7 4.57569
      vertex 0.277837 7 4.57569
      vertex 0.139449 7 4.59391
    endloop
  endfacet
  facet normal 0 -1 0
    outer loop
      vertex -0.41411 7 4.54548
      vertex 0.277837 7 4.57569
      vertex -0.277837 7 4.57569
    endloop
  endfacet
  facet normal 0 -1 0
    outer loop
      vertex -0.41411 7 4.54548
      vertex 0.41411 7 4.54548
      vertex 0.277837 7 4.57569
    endloop
  endfacet
  facet normal 0 -1 0
    outer loop
      vertex -0.547232 7 4.50351
      vertex 0.41411 7 4.54548
      vertex -0.41411 7 4.54548
    endloop
  endfacet
  facet normal 0 -1 0
    outer loop
      vertex -0.547232 7 4.50351
      vertex 0.547232 7 4.50351
      vertex 0.41411 7 4.54548
    endloop
  endfacet
  facet normal 0 -1 0
    outer loop
      vertex -0.676188 7 4.45009
      vertex 0.547232 7 4.50351
      vertex -0.547232 7 4.50351
    endloop
  endfacet
  facet normal 0 -1 0
    outer loop
      vertex -0.676188 7 4.45009
      vertex 0.676188 7 4.45009
      vertex 0.547232 7 4.50351
    endloop
  endfacet
  facet normal 0 -1 0
    outer loop
      vertex -0.799999 7 4.38564
      vertex 0.676188 7 4.45009
      vertex -0.676188 7 4.45009
    endloop
  endfacet
  facet normal 0 -1 0
    outer loop
      vertex -0.799999 7 4.38564
      vertex 0.799999 7 4.38564
      vertex 0.676188 7 4.45009
    endloop
  endfacet
  facet normal 0 -1 0
    outer loop
      vertex -0.917722 7 4.31064
      vertex 0.799999 7 4.38564
      vertex -0.799999 7 4.38564
    endloop
  endfacet
  facet normal 0 -1 0
    outer loop
      vertex -0.917722 7 4.31064
      vertex 0.917722 7 4.31064
      vertex 0.799999 7 4.38564
    endloop
  endfacet
  facet normal 0 -1 0
    outer loop
      vertex -1.02846 7 4.22567
      vertex 0.917722 7 4.31064
      vertex -0.917722 7 4.31064
    endloop
  endfacet
  facet normal 0 -1 0
    outer loop
      vertex -1.02846 7 4.22567
      vertex 1.02846 7 4.22567
      vertex 0.917722 7 4.31064
    endloop
  endfacet
  facet normal 0 -1 0
    outer loop
      vertex -1.13137 7 4.13137
      vertex 1.02846 7 4.22567
      vertex -1.02846 7 4.22567
    endloop
  endfacet
  facet normal 0 -1 0
    outer loop
      vertex -1.13137 7 4.13137
      vertex 1.13137 7 4.13137
      vertex 1.02846 7 4.22567
    endloop
  endfacet
  facet normal 0 -1 0
    outer loop
      vertex -1.22567 7 4.02846
      vertex 1.13137 7 4.13137
      vertex -1.13137 7 4.13137
    endloop
  endfacet
  facet normal 0 -1 0
    outer loop
      vertex -1.22567 7 4.02846
      vertex 1.22567 7 4.02846
      vertex 1.13137 7 4.13137
    endloop
  endfacet
  facet normal 0 -1 0
    outer loop
      vertex -1.31064 7 3.91772
      vertex 1.22567 7 4.02846
      vertex -1.22567 7 4.02846
    endloop
  endfacet
  facet normal 0 -1 0
    outer loop
      vertex -1.31064 7 3.91772
      vertex 1.31064 7 3.91772
      vertex 1.22567 7 4.02846
    endloop
  endfacet
  facet normal 0 -1 0
    outer loop
      vertex -1.38564 7 3.8
      vertex 1.31064 7 3.91772
      vertex -1.31064 7 3.91772
    endloop
  endfacet
  facet normal 0 -1 0
    outer loop
      vertex -1.38564 7 3.8
      vertex 1.38564 7 3.8
      vertex 1.31064 7 3.91772
    endloop
  endfacet
  facet normal 0 -1 0
    outer loop
      vertex -1.45009 7 3.67619
      vertex 1.38564 7 3.8
      vertex -1.38564 7 3.8
    endloop
  endfacet
  facet normal 0 -1 0
    outer loop
      vertex -1.45009 7 3.67619
      vertex 1.45009 7 3.67619
      vertex 1.38564 7 3.8
    endloop
  endfacet
  facet normal 0 -1 0
    outer loop
      vertex -1.50351 7 3.54723
      vertex 1.45009 7 3.67619
      vertex -1.45009 7 3.67619
    endloop
  endfacet
  facet normal 0 -1 0
    outer loop
      vertex -1.50351 7 3.54723
      vertex 1.50351 7 3.54723
      vertex 1.45009 7 3.67619
    endloop
  endfacet
  facet normal 0 -1 0
    outer loop
      vertex -1.54548 7 3.41411
      vertex 1.50351 7 3.54723
      vertex -1.50351 7 3.54723
    endloop
  endfacet
  facet normal 0 -1 0
    outer loop
      vertex -1.54548 7 3.41411
      vertex 1.54548 7 3.41411
      vertex 1.50351 7 3.54723
    endloop
  endfacet
  facet normal 0 -1 0
    outer loop
      vertex -1.57569 7 3.27784
      vertex 1.54548 7 3.41411
      vertex -1.54548 7 3.41411
    endloop
  endfacet
  facet normal 0 -1 0
    outer loop
      vertex -1.57569 7 3.27784
      vertex 1.57569 7 3.27784
      vertex 1.54548 7 3.41411
    endloop
  endfacet
  facet normal 0 -1 0
    outer loop
      vertex -1.59391 7 3.13945
      vertex 1.57569 7 3.27784
      vertex -1.57569 7 3.27784
    endloop
  endfacet
  facet normal 0 -1 0
    outer loop
      vertex -1.59391 7 3.13945
      vertex 1.59391 7 3.13945
      vertex 1.57569 7 3.27784
    endloop
  endfacet
  facet normal 0 -1 0
    outer loop
      vertex -1.6 7 3
      vertex 1.59391 7 3.13945
      vertex -1.59391 7 3.13945
    endloop
  endfacet
  facet normal 0 -1 0
    outer loop
      vertex -1.6 7 3
      vertex 1.6 7 3
      vertex 1.59391 7 3.13945
    endloop
  endfacet
  facet normal 0 -1 0
    outer loop
      vertex -1.59391 7 2.86055
      vertex 1.6 7 3
      vertex -1.6 7 3
    endloop
  endfacet
  facet normal 0 -1 0
    outer loop
      vertex -1.59391 7 2.86055
      vertex 1.59391 7 2.86055
      vertex 1.6 7 3
    endloop
  endfacet
  facet normal 0 -1 0
    outer loop
      vertex -1.57569 7 2.72216
      vertex 1.59391 7 2.86055
      vertex -1.59391 7 2.86055
    endloop
  endfacet
  facet normal 0 -1 0
    outer loop
      vertex -1.57569 7 2.72216
      vertex 1.57569 7 2.72216
      vertex 1.59391 7 2.86055
    endloop
  endfacet
  facet normal 0 -1 0
    outer loop
      vertex -1.54548 7 2.58589
      vertex 1.57569 7 2.72216
      vertex -1.57569 7 2.72216
    endloop
  endfacet
  facet normal 0 -1 0
    outer loop
      vertex -1.54548 7 2.58589
      vertex 1.54548 7 2.58589
      vertex 1.57569 7 2.72216
    endloop
  endfacet
  facet normal 0 -1 0
    outer loop
      vertex -1.50351 7 2.45277
      vertex 1.54548 7 2.58589
      vertex -1.54548 7 2.58589
    endloop
  endfacet
  facet normal 0 -1 0
    outer loop
      vertex -1.50351 7 2.45277
      vertex 1.50351 7 2.45277
      vertex 1.54548 7 2.58589
    endloop
  endfacet
  facet normal 0 -1 0
    outer loop
      vertex -1.45009 7 2.32381
      vertex 1.50351 7 2.45277
      vertex -1.50351 7 2.45277
    endloop
  endfacet
  facet normal 0 -1 0
    outer loop
      vertex -1.45009 7 2.32381
      vertex 1.45009 7 2.32381
      vertex 1.50351 7 2.45277
    endloop
  endfacet
  facet normal 0 -1 0
    outer loop
      vertex -1.38564 7 2.2
      vertex 1.45009 7 2.32381
      vertex -1.45009 7 2.32381
    endloop
  endfacet
  facet normal 0 -1 0
    outer loop
      vertex -1.38564 7 2.2
      vertex 1.38564 7 2.2
      vertex 1.45009 7 2.32381
    endloop
  endfacet
  facet normal 0 -1 0
    outer loop
      vertex -1.31064 7 2.08228
      vertex 1.38564 7 2.2
      vertex -1.38564 7 2.2
    endloop
  endfacet
  facet normal 0 -1 0
    outer loop
      vertex -1.31064 7 2.08228
      vertex 1.31064 7 2.08228
      vertex 1.38564 7 2.2
    endloop
  endfacet
  facet normal 0 -1 0
    outer loop
      vertex -1.22567 7 1.97154
      vertex 1.31064 7 2.08228
      vertex -1.31064 7 2.08228
    endloop
  endfacet
  facet normal 0 -1 0
    outer loop
      vertex -1.22567 7 1.97154
      vertex 1.22567 7 1.97154
      vertex 1.31064 7 2.08228
    endloop
  endfacet
  facet normal 0 -1 0
    outer loop
      vertex -1.13137 7 1.86863
      vertex 1.22567 7 1.97154
      vertex -1.22567 7 1.97154
    endloop
  endfacet
  facet normal 0 -1 0
    outer loop
      vertex -1.13137 7 1.86863
      vertex 1.13137 7 1.86863
      vertex 1.22567 7 1.97154
    endloop
  endfacet
  facet normal 0 -1 0
    outer loop
      vertex -1.02846 7 1.77433
      vertex 1.13137 7 1.86863
      vertex -1.13137 7 1.86863
    endloop
  endfacet
  facet normal 0 -1 0
    outer loop
      vertex -1.02846 7 1.77433
      vertex 1.02846 7 1.77433
      vertex 1.13137 7 1.86863
    endloop
  endfacet
  facet normal 0 -1 0
    outer loop
      vertex -0.917722 7 1.68936
      vertex 1.02846 7 1.77433
      vertex -1.02846 7 1.77433
    endloop
  endfacet
  facet normal 0 -1 0
    outer loop
      vertex -0.917722 7 1.68936
      vertex 0.917722 7 1.68936
      vertex 1.02846 7 1.77433
    endloop
  endfacet
  facet normal 0 -1 0
    outer loop
      vertex -0.799999 7 1.61436
      vertex 0.917722 7 1.68936
      vertex -0.917722 7 1.68936
    endloop
  endfacet
  facet normal 0 -1 0
    outer loop
      vertex -0.799999 7 1.61436
      vertex 0.799999 7 1.61436
      vertex 0.917722 7 1.68936
    endloop
  endfacet
  facet normal 0 -1 0
    outer loop
      vertex -0.676188 7 1.54991
      vertex 0.799999 7 1.61436
      vertex -0.799999 7 1.61436
    endloop
  endfacet
  facet normal 0 -1 0
    outer loop
      vertex -0.676188 7 1.54991
      vertex 0.676188 7 1.54991
      vertex 0.799999 7 1.61436
    endloop
  endfacet
  facet normal 0 -1 0
    outer loop
      vertex -0.547232 7 1.49649
      vertex 0.676188 7 1.54991
      vertex -0.676188 7 1.54991
    endloop
  endfacet
  facet normal 0 -1 0
    outer loop
      vertex -0.547232 7 1.49649
      vertex 0.547232 7 1.49649
      vertex 0.676188 7 1.54991
    endloop
  endfacet
  facet normal 0 -1 0
    outer loop
      vertex -0.41411 7 1.45452
      vertex 0.547232 7 1.49649
      vertex -0.547232 7 1.49649
    endloop
  endfacet
  facet normal 0 -1 0
    outer loop
      vertex -0.41411 7 1.45452
      vertex 0.41411 7 1.45452
      vertex 0.547232 7 1.49649
    endloop
  endfacet
  facet normal 0 -1 0
    outer loop
      vertex -0.277837 7 1.42431
      vertex 0.41411 7 1.45452
      vertex -0.41411 7 1.45452
    endloop
  endfacet
  facet normal 0 -1 0
    outer loop
      vertex -0.277837 7 1.42431
      vertex 0.277837 7 1.42431
      vertex 0.41411 7 1.45452
    endloop
  endfacet
  facet normal 0 -1 0
    outer loop
      vertex -0.139449 7 1.40609
      vertex 0.277837 7 1.42431
      vertex -0.277837 7 1.42431
    endloop
  endfacet
  facet normal 0 -1 0
    outer loop
      vertex -0.139449 7 1.40609
      vertex 0.139449 7 1.40609
      vertex 0.277837 7 1.42431
    endloop
  endfacet
  facet normal -0 -1 0
    outer loop
      vertex 0.139449 7 1.40609
      vertex -0.139449 7 1.40609
      vertex 0 7 1.4
    endloop
  endfacet
  facet normal 0.887015 0 0.461741
    outer loop
      vertex -1.45009 7 2.32381
      vertex -1.38564 5.1674 2.2
      vertex -1.38564 7 2.2
    endloop
  endfacet
  facet normal 0.887015 0 0.461741
    outer loop
      vertex -1.38564 5.1674 2.2
      vertex -1.45009 7 2.32381
      vertex -1.45009 5.14708 2.32381
    endloop
  endfacet
  facet normal 0.887015 -0 0.461741
    outer loop
      vertex -1.45009 -7 2.32381
      vertex -1.38564 -5.1674 2.2
      vertex -1.45009 -5.14708 2.32381
    endloop
  endfacet
  facet normal 0.887015 0 0.461741
    outer loop
      vertex -1.38564 -5.1674 2.2
      vertex -1.45009 -7 2.32381
      vertex -1.38564 -7 2.2
    endloop
  endfacet
  facet normal 0.737276 0 -0.675592
    outer loop
      vertex -1.22567 -7 4.02846
      vertex -1.13137 -5.22386 4.13137
      vertex -1.13137 -7 4.13137
    endloop
  endfacet
  facet normal 0.737276 0 -0.675592
    outer loop
      vertex -1.13137 -5.22386 4.13137
      vertex -1.22567 -7 4.02846
      vertex -1.22567 -5.20295 4.02846
    endloop
  endfacet
  facet normal 0.737276 0 -0.675592
    outer loop
      vertex -1.13137 5.22386 4.13137
      vertex -1.22567 7 4.02846
      vertex -1.13137 7 4.13137
    endloop
  endfacet
  facet normal 0.737276 0 -0.675592
    outer loop
      vertex -1.22567 7 4.02846
      vertex -1.13137 5.22386 4.13137
      vertex -1.22567 5.20295 4.02846
    endloop
  endfacet
  facet normal -0.461738 0 -0.887016
    outer loop
      vertex 0.676188 5.30201 4.45009
      vertex 0.799999 7 4.38564
      vertex 0.799999 5.28571 4.38564
    endloop
  endfacet
  facet normal -0.461738 0 -0.887016
    outer loop
      vertex 0.799999 7 4.38564
      vertex 0.676188 5.30201 4.45009
      vertex 0.676188 7 4.45009
    endloop
  endfacet
  facet normal -0.461738 -0 -0.887016
    outer loop
      vertex 0.676188 -5.30201 4.45009
      vertex 0.799999 -7 4.38564
      vertex 0.676188 -7 4.45009
    endloop
  endfacet
  facet normal -0.461738 0 -0.887016
    outer loop
      vertex 0.799999 -7 4.38564
      vertex 0.676188 -5.30201 4.45009
      vertex 0.799999 -5.28571 4.38564
    endloop
  endfacet
  facet normal 0.130532 0 -0.991444
    outer loop
      vertex -0.277837 7 4.57569
      vertex -0.139449 5.34391 4.59391
      vertex -0.277837 5.33787 4.57569
    endloop
  endfacet
  facet normal 0.130532 0 -0.991444
    outer loop
      vertex -0.139449 5.34391 4.59391
      vertex -0.277837 7 4.57569
      vertex -0.139449 7 4.59391
    endloop
  endfacet
  facet normal 0.130532 0 -0.991444
    outer loop
      vertex -0.277837 -7 4.57569
      vertex -0.139449 -5.34391 4.59391
      vertex -0.139449 -7 4.59391
    endloop
  endfacet
  facet normal 0.130532 0 -0.991444
    outer loop
      vertex -0.139449 -5.34391 4.59391
      vertex -0.277837 -7 4.57569
      vertex -0.277837 -5.33787 4.57569
    endloop
  endfacet
  facet normal -0.793366 0 -0.608744
    outer loop
      vertex 1.31064 7 3.91772
      vertex 1.22567 5.20295 4.02846
      vertex 1.22567 7 4.02846
    endloop
  endfacet
  facet normal -0.793366 0 -0.608744
    outer loop
      vertex 1.22567 5.20295 4.02846
      vertex 1.31064 7 3.91772
      vertex 1.31064 5.18412 3.91772
    endloop
  endfacet
  facet normal -0.793366 0 -0.608744
    outer loop
      vertex 1.31064 -7 3.91772
      vertex 1.22567 -5.20295 4.02846
      vertex 1.31064 -5.18412 3.91772
    endloop
  endfacet
  facet normal -0.793366 -0 -0.608744
    outer loop
      vertex 1.22567 -5.20295 4.02846
      vertex 1.31064 -7 3.91772
      vertex 1.22567 -7 4.02846
    endloop
  endfacet
  facet normal 0.300704 0 -0.953717
    outer loop
      vertex -0.466283 5.32964 4.52903
      vertex -0.41411 7 4.54548
      vertex -0.41411 5.33192 4.54548
    endloop
  endfacet
  facet normal 0.300672 0 -0.953727
    outer loop
      vertex -0.547232 7 4.50351
      vertex -0.466283 5.32964 4.52903
      vertex -0.547232 5.31898 4.50351
    endloop
  endfacet
  facet normal 0.300685 6.6948e-07 -0.953724
    outer loop
      vertex -0.466283 5.32964 4.52903
      vertex -0.547232 7 4.50351
      vertex -0.41411 7 4.54548
    endloop
  endfacet
  facet normal 0.300704 0 -0.953717
    outer loop
      vertex -0.41411 -7 4.54548
      vertex -0.466283 -5.32964 4.52903
      vertex -0.41411 -5.33192 4.54548
    endloop
  endfacet
  facet normal 0.300685 -6.6948e-07 -0.953724
    outer loop
      vertex -0.547232 -7 4.50351
      vertex -0.466283 -5.32964 4.52903
      vertex -0.41411 -7 4.54548
    endloop
  endfacet
  facet normal 0.300672 0 -0.953727
    outer loop
      vertex -0.466283 -5.32964 4.52903
      vertex -0.547232 -7 4.50351
      vertex -0.547232 -5.31898 4.50351
    endloop
  endfacet
  facet normal 0.382712 0 -0.923868
    outer loop
      vertex -0.676188 -7 4.45009
      vertex -0.547232 -5.31898 4.50351
      vertex -0.547232 -7 4.50351
    endloop
  endfacet
  facet normal 0.382712 0 -0.923868
    outer loop
      vertex -0.547232 -5.31898 4.50351
      vertex -0.676188 -7 4.45009
      vertex -0.676188 -5.30201 4.45009
    endloop
  endfacet
  facet normal 0.382712 0 -0.923868
    outer loop
      vertex -0.676188 7 4.45009
      vertex -0.547232 5.31898 4.50351
      vertex -0.676188 5.30201 4.45009
    endloop
  endfacet
  facet normal 0.382712 0 -0.923868
    outer loop
      vertex -0.547232 5.31898 4.50351
      vertex -0.676188 7 4.45009
      vertex -0.547232 7 4.50351
    endloop
  endfacet
  facet normal 0.0436303 0 -0.999048
    outer loop
      vertex -0.139449 7 4.59391
      vertex 0 5.35 4.6
      vertex -0.139449 5.34391 4.59391
    endloop
  endfacet
  facet normal 0.0436303 0 -0.999048
    outer loop
      vertex 0 5.35 4.6
      vertex -0.139449 7 4.59391
      vertex 0 7 4.6
    endloop
  endfacet
  facet normal 0.0436303 0 -0.999048
    outer loop
      vertex -0.139449 -7 4.59391
      vertex 0 -5.35 4.6
      vertex 0 -7 4.6
    endloop
  endfacet
  facet normal 0.0436303 0 -0.999048
    outer loop
      vertex 0 -5.35 4.6
      vertex -0.139449 -7 4.59391
      vertex -0.139449 -5.34391 4.59391
    endloop
  endfacet
  facet normal 0.999048 0 -0.04363
    outer loop
      vertex -1.6 -7 3
      vertex -1.59391 -5.10173 3.13945
      vertex -1.59391 -7 3.13945
    endloop
  endfacet
  facet normal 0.999048 0 -0.04363
    outer loop
      vertex -1.59391 -5.10173 3.13945
      vertex -1.6 -7 3
      vertex -1.6 -5.09981 3
    endloop
  endfacet
  facet normal 0.999048 0 -0.04363
    outer loop
      vertex -1.59391 5.10173 3.13945
      vertex -1.6 7 3
      vertex -1.59391 7 3.13945
    endloop
  endfacet
  facet normal 0.999048 0 -0.04363
    outer loop
      vertex -1.6 7 3
      vertex -1.59391 5.10173 3.13945
      vertex -1.6 5.09981 3
    endloop
  endfacet
  facet normal 0.887015 0 -0.461741
    outer loop
      vertex -1.45009 -7 3.67619
      vertex -1.38564 -5.1674 3.8
      vertex -1.38564 -7 3.8
    endloop
  endfacet
  facet normal 0.887015 0 -0.461741
    outer loop
      vertex -1.38564 -5.1674 3.8
      vertex -1.45009 -7 3.67619
      vertex -1.45009 -5.14708 3.67619
    endloop
  endfacet
  facet normal 0.887015 0 -0.461741
    outer loop
      vertex -1.38564 5.1674 3.8
      vertex -1.45009 7 3.67619
      vertex -1.38564 7 3.8
    endloop
  endfacet
  facet normal 0.887015 0 -0.461741
    outer loop
      vertex -1.45009 7 3.67619
      vertex -1.38564 5.1674 3.8
      vertex -1.45009 5.14708 3.67619
    endloop
  endfacet
  facet normal 0.675592 0 0.737276
    outer loop
      vertex -1.13137 7 1.86863
      vertex -1.02846 5.24668 1.77433
      vertex -1.02846 7 1.77433
    endloop
  endfacet
  facet normal 0.675592 0 0.737276
    outer loop
      vertex -1.02846 5.24668 1.77433
      vertex -1.13137 7 1.86863
      vertex -1.13137 5.22386 1.86863
    endloop
  endfacet
  facet normal 0.675592 -0 0.737276
    outer loop
      vertex -1.13137 -7 1.86863
      vertex -1.02846 -5.24668 1.77433
      vertex -1.13137 -5.22386 1.86863
    endloop
  endfacet
  facet normal 0.675592 0 0.737276
    outer loop
      vertex -1.02846 -5.24668 1.77433
      vertex -1.13137 -7 1.86863
      vertex -1.02846 -7 1.77433
    endloop
  endfacet
  facet normal 0.953722 0 -0.300689
    outer loop
      vertex -1.50351 5.13024 3.54723
      vertex -1.54548 7 3.41411
      vertex -1.50351 7 3.54723
    endloop
  endfacet
  facet normal 0.953722 0 -0.300689
    outer loop
      vertex -1.54548 7 3.41411
      vertex -1.50351 5.13024 3.54723
      vertex -1.54548 5.117 3.41411
    endloop
  endfacet
  facet normal 0.953722 0 -0.300689
    outer loop
      vertex -1.54548 -7 3.41411
      vertex -1.50351 -5.13024 3.54723
      vertex -1.50351 -7 3.54723
    endloop
  endfacet
  facet normal 0.953722 0 -0.300689
    outer loop
      vertex -1.50351 -5.13024 3.54723
      vertex -1.54548 -7 3.41411
      vertex -1.54548 -5.117 3.41411
    endloop
  endfacet
  facet normal -0.923872 0 0.382702
    outer loop
      vertex 1.50351 -7 2.45277
      vertex 1.45009 -5.14708 2.32381
      vertex 1.45009 -7 2.32381
    endloop
  endfacet
  facet normal -0.923872 0 0.382702
    outer loop
      vertex 1.45009 -5.14708 2.32381
      vertex 1.50351 -7 2.45277
      vertex 1.50351 -5.13024 2.45277
    endloop
  endfacet
  facet normal -0.923872 0 0.382702
    outer loop
      vertex 1.45009 5.14708 2.32381
      vertex 1.50351 7 2.45277
      vertex 1.45009 7 2.32381
    endloop
  endfacet
  facet normal -0.923872 0 0.382702
    outer loop
      vertex 1.50351 7 2.45277
      vertex 1.45009 5.14708 2.32381
      vertex 1.50351 5.13024 2.45277
    endloop
  endfacet
  facet normal 0.976297 -0 0.216437
    outer loop
      vertex -1.57569 -7 2.72216
      vertex -1.54548 -5.117 2.58589
      vertex -1.57569 -5.10748 2.72216
    endloop
  endfacet
  facet normal 0.976297 0 0.216437
    outer loop
      vertex -1.54548 -5.117 2.58589
      vertex -1.57569 -7 2.72216
      vertex -1.54548 -7 2.58589
    endloop
  endfacet
  facet normal 0.976297 0 0.216437
    outer loop
      vertex -1.57569 7 2.72216
      vertex -1.54548 5.117 2.58589
      vertex -1.54548 7 2.58589
    endloop
  endfacet
  facet normal 0.976297 0 0.216437
    outer loop
      vertex -1.54548 5.117 2.58589
      vertex -1.57569 7 2.72216
      vertex -1.57569 5.10748 2.72216
    endloop
  endfacet
  facet normal 0 1 0
    outer loop
      vertex 0.139449 -7 4.59391
      vertex -0.139449 -7 4.59391
      vertex 0 -7 4.6
    endloop
  endfacet
  facet normal 0 1 0
    outer loop
      vertex 0.277837 -7 4.57569
      vertex -0.139449 -7 4.59391
      vertex 0.139449 -7 4.59391
    endloop
  endfacet
  facet normal 0 1 0
    outer loop
      vertex 0.277837 -7 4.57569
      vertex -0.277837 -7 4.57569
      vertex -0.139449 -7 4.59391
    endloop
  endfacet
  facet normal 0 1 0
    outer loop
      vertex 0.41411 -7 4.54548
      vertex -0.277837 -7 4.57569
      vertex 0.277837 -7 4.57569
    endloop
  endfacet
  facet normal 0 1 0
    outer loop
      vertex 0.41411 -7 4.54548
      vertex -0.41411 -7 4.54548
      vertex -0.277837 -7 4.57569
    endloop
  endfacet
  facet normal 0 1 0
    outer loop
      vertex 0.547232 -7 4.50351
      vertex -0.41411 -7 4.54548
      vertex 0.41411 -7 4.54548
    endloop
  endfacet
  facet normal 0 1 0
    outer loop
      vertex 0.547232 -7 4.50351
      vertex -0.547232 -7 4.50351
      vertex -0.41411 -7 4.54548
    endloop
  endfacet
  facet normal 0 1 0
    outer loop
      vertex 0.676188 -7 4.45009
      vertex -0.547232 -7 4.50351
      vertex 0.547232 -7 4.50351
    endloop
  endfacet
  facet normal 0 1 0
    outer loop
      vertex 0.676188 -7 4.45009
      vertex -0.676188 -7 4.45009
      vertex -0.547232 -7 4.50351
    endloop
  endfacet
  facet normal 0 1 0
    outer loop
      vertex 0.799999 -7 4.38564
      vertex -0.676188 -7 4.45009
      vertex 0.676188 -7 4.45009
    endloop
  endfacet
  facet normal 0 1 0
    outer loop
      vertex 0.799999 -7 4.38564
      vertex -0.799999 -7 4.38564
      vertex -0.676188 -7 4.45009
    endloop
  endfacet
  facet normal 0 1 0
    outer loop
      vertex 0.917722 -7 4.31064
      vertex -0.799999 -7 4.38564
      vertex 0.799999 -7 4.38564
    endloop
  endfacet
  facet normal 0 1 0
    outer loop
      vertex 0.917722 -7 4.31064
      vertex -0.917722 -7 4.31064
      vertex -0.799999 -7 4.38564
    endloop
  endfacet
  facet normal 0 1 0
    outer loop
      vertex 1.02846 -7 4.22567
      vertex -0.917722 -7 4.31064
      vertex 0.917722 -7 4.31064
    endloop
  endfacet
  facet normal 0 1 0
    outer loop
      vertex 1.02846 -7 4.22567
      vertex -1.02846 -7 4.22567
      vertex -0.917722 -7 4.31064
    endloop
  endfacet
  facet normal 0 1 0
    outer loop
      vertex 1.13137 -7 4.13137
      vertex -1.02846 -7 4.22567
      vertex 1.02846 -7 4.22567
    endloop
  endfacet
  facet normal 0 1 0
    outer loop
      vertex 1.13137 -7 4.13137
      vertex -1.13137 -7 4.13137
      vertex -1.02846 -7 4.22567
    endloop
  endfacet
  facet normal 0 1 0
    outer loop
      vertex 1.22567 -7 4.02846
      vertex -1.13137 -7 4.13137
      vertex 1.13137 -7 4.13137
    endloop
  endfacet
  facet normal 0 1 0
    outer loop
      vertex 1.22567 -7 4.02846
      vertex -1.22567 -7 4.02846
      vertex -1.13137 -7 4.13137
    endloop
  endfacet
  facet normal 0 1 0
    outer loop
      vertex 1.31064 -7 3.91772
      vertex -1.22567 -7 4.02846
      vertex 1.22567 -7 4.02846
    endloop
  endfacet
  facet normal 0 1 0
    outer loop
      vertex 1.31064 -7 3.91772
      vertex -1.31064 -7 3.91772
      vertex -1.22567 -7 4.02846
    endloop
  endfacet
  facet normal 0 1 0
    outer loop
      vertex 1.38564 -7 3.8
      vertex -1.31064 -7 3.91772
      vertex 1.31064 -7 3.91772
    endloop
  endfacet
  facet normal 0 1 0
    outer loop
      vertex 1.38564 -7 3.8
      vertex -1.38564 -7 3.8
      vertex -1.31064 -7 3.91772
    endloop
  endfacet
  facet normal 0 1 0
    outer loop
      vertex 1.45009 -7 3.67619
      vertex -1.38564 -7 3.8
      vertex 1.38564 -7 3.8
    endloop
  endfacet
  facet normal 0 1 0
    outer loop
      vertex 1.45009 -7 3.67619
      vertex -1.45009 -7 3.67619
      vertex -1.38564 -7 3.8
    endloop
  endfacet
  facet normal 0 1 0
    outer loop
      vertex 1.50351 -7 3.54723
      vertex -1.45009 -7 3.67619
      vertex 1.45009 -7 3.67619
    endloop
  endfacet
  facet normal 0 1 0
    outer loop
      vertex 1.50351 -7 3.54723
      vertex -1.50351 -7 3.54723
      vertex -1.45009 -7 3.67619
    endloop
  endfacet
  facet normal 0 1 0
    outer loop
      vertex 1.54548 -7 3.41411
      vertex -1.50351 -7 3.54723
      vertex 1.50351 -7 3.54723
    endloop
  endfacet
  facet normal 0 1 0
    outer loop
      vertex 1.54548 -7 3.41411
      vertex -1.54548 -7 3.41411
      vertex -1.50351 -7 3.54723
    endloop
  endfacet
  facet normal 0 1 0
    outer loop
      vertex 1.57569 -7 3.27784
      vertex -1.54548 -7 3.41411
      vertex 1.54548 -7 3.41411
    endloop
  endfacet
  facet normal 0 1 0
    outer loop
      vertex 1.57569 -7 3.27784
      vertex -1.57569 -7 3.27784
      vertex -1.54548 -7 3.41411
    endloop
  endfacet
  facet normal 0 1 0
    outer loop
      vertex 1.59391 -7 3.13945
      vertex -1.57569 -7 3.27784
      vertex 1.57569 -7 3.27784
    endloop
  endfacet
  facet normal 0 1 0
    outer loop
      vertex 1.59391 -7 3.13945
      vertex -1.59391 -7 3.13945
      vertex -1.57569 -7 3.27784
    endloop
  endfacet
  facet normal 0 1 0
    outer loop
      vertex 1.6 -7 3
      vertex -1.59391 -7 3.13945
      vertex 1.59391 -7 3.13945
    endloop
  endfacet
  facet normal 0 1 0
    outer loop
      vertex 1.6 -7 3
      vertex -1.6 -7 3
      vertex -1.59391 -7 3.13945
    endloop
  endfacet
  facet normal 0 1 -0
    outer loop
      vertex 1.59391 -7 2.86055
      vertex -1.6 -7 3
      vertex 1.6 -7 3
    endloop
  endfacet
  facet normal 0 1 0
    outer loop
      vertex 1.59391 -7 2.86055
      vertex -1.59391 -7 2.86055
      vertex -1.6 -7 3
    endloop
  endfacet
  facet normal 0 1 -0
    outer loop
      vertex 1.57569 -7 2.72216
      vertex -1.59391 -7 2.86055
      vertex 1.59391 -7 2.86055
    endloop
  endfacet
  facet normal 0 1 0
    outer loop
      vertex 1.57569 -7 2.72216
      vertex -1.57569 -7 2.72216
      vertex -1.59391 -7 2.86055
    endloop
  endfacet
  facet normal 0 1 -0
    outer loop
      vertex 1.54548 -7 2.58589
      vertex -1.57569 -7 2.72216
      vertex 1.57569 -7 2.72216
    endloop
  endfacet
  facet normal 0 1 0
    outer loop
      vertex 1.54548 -7 2.58589
      vertex -1.54548 -7 2.58589
      vertex -1.57569 -7 2.72216
    endloop
  endfacet
  facet normal 0 1 -0
    outer loop
      vertex 1.50351 -7 2.45277
      vertex -1.54548 -7 2.58589
      vertex 1.54548 -7 2.58589
    endloop
  endfacet
  facet normal 0 1 0
    outer loop
      vertex 1.50351 -7 2.45277
      vertex -1.50351 -7 2.45277
      vertex -1.54548 -7 2.58589
    endloop
  endfacet
  facet normal 0 1 -0
    outer loop
      vertex 1.45009 -7 2.32381
      vertex -1.50351 -7 2.45277
      vertex 1.50351 -7 2.45277
    endloop
  endfacet
  facet normal 0 1 0
    outer loop
      vertex 1.45009 -7 2.32381
      vertex -1.45009 -7 2.32381
      vertex -1.50351 -7 2.45277
    endloop
  endfacet
  facet normal 0 1 -0
    outer loop
      vertex 1.38564 -7 2.2
      vertex -1.45009 -7 2.32381
      vertex 1.45009 -7 2.32381
    endloop
  endfacet
  facet normal 0 1 0
    outer loop
      vertex 1.38564 -7 2.2
      vertex -1.38564 -7 2.2
      vertex -1.45009 -7 2.32381
    endloop
  endfacet
  facet normal 0 1 -0
    outer loop
      vertex 1.31064 -7 2.08228
      vertex -1.38564 -7 2.2
      vertex 1.38564 -7 2.2
    endloop
  endfacet
  facet normal 0 1 0
    outer loop
      vertex 1.31064 -7 2.08228
      vertex -1.31064 -7 2.08228
      vertex -1.38564 -7 2.2
    endloop
  endfacet
  facet normal 0 1 -0
    outer loop
      vertex 1.22567 -7 1.97154
      vertex -1.31064 -7 2.08228
      vertex 1.31064 -7 2.08228
    endloop
  endfacet
  facet normal 0 1 0
    outer loop
      vertex 1.22567 -7 1.97154
      vertex -1.22567 -7 1.97154
      vertex -1.31064 -7 2.08228
    endloop
  endfacet
  facet normal 0 1 -0
    outer loop
      vertex 1.13137 -7 1.86863
      vertex -1.22567 -7 1.97154
      vertex 1.22567 -7 1.97154
    endloop
  endfacet
  facet normal 0 1 0
    outer loop
      vertex 1.13137 -7 1.86863
      vertex -1.13137 -7 1.86863
      vertex -1.22567 -7 1.97154
    endloop
  endfacet
  facet normal 0 1 -0
    outer loop
      vertex 1.02846 -7 1.77433
      vertex -1.13137 -7 1.86863
      vertex 1.13137 -7 1.86863
    endloop
  endfacet
  facet normal 0 1 0
    outer loop
      vertex 1.02846 -7 1.77433
      vertex -1.02846 -7 1.77433
      vertex -1.13137 -7 1.86863
    endloop
  endfacet
  facet normal 0 1 -0
    outer loop
      vertex 0.917722 -7 1.68936
      vertex -1.02846 -7 1.77433
      vertex 1.02846 -7 1.77433
    endloop
  endfacet
  facet normal 0 1 0
    outer loop
      vertex 0.917722 -7 1.68936
      vertex -0.917722 -7 1.68936
      vertex -1.02846 -7 1.77433
    endloop
  endfacet
  facet normal 0 1 -0
    outer loop
      vertex 0.799999 -7 1.61436
      vertex -0.917722 -7 1.68936
      vertex 0.917722 -7 1.68936
    endloop
  endfacet
  facet normal 0 1 0
    outer loop
      vertex 0.799999 -7 1.61436
      vertex -0.799999 -7 1.61436
      vertex -0.917722 -7 1.68936
    endloop
  endfacet
  facet normal 0 1 -0
    outer loop
      vertex 0.676188 -7 1.54991
      vertex -0.799999 -7 1.61436
      vertex 0.799999 -7 1.61436
    endloop
  endfacet
  facet normal 0 1 0
    outer loop
      vertex 0.676188 -7 1.54991
      vertex -0.676188 -7 1.54991
      vertex -0.799999 -7 1.61436
    endloop
  endfacet
  facet normal 0 1 -0
    outer loop
      vertex 0.547232 -7 1.49649
      vertex -0.676188 -7 1.54991
      vertex 0.676188 -7 1.54991
    endloop
  endfacet
  facet normal 0 1 0
    outer loop
      vertex 0.547232 -7 1.49649
      vertex -0.547232 -7 1.49649
      vertex -0.676188 -7 1.54991
    endloop
  endfacet
  facet normal 0 1 -0
    outer loop
      vertex 0.41411 -7 1.45452
      vertex -0.547232 -7 1.49649
      vertex 0.547232 -7 1.49649
    endloop
  endfacet
  facet normal 0 1 0
    outer loop
      vertex 0.41411 -7 1.45452
      vertex -0.41411 -7 1.45452
      vertex -0.547232 -7 1.49649
    endloop
  endfacet
  facet normal 0 1 -0
    outer loop
      vertex 0.277837 -7 1.42431
      vertex -0.41411 -7 1.45452
      vertex 0.41411 -7 1.45452
    endloop
  endfacet
  facet normal 0 1 0
    outer loop
      vertex 0.277837 -7 1.42431
      vertex -0.277837 -7 1.42431
      vertex -0.41411 -7 1.45452
    endloop
  endfacet
  facet normal 0 1 -0
    outer loop
      vertex 0.139449 -7 1.40609
      vertex -0.277837 -7 1.42431
      vertex 0.277837 -7 1.42431
    endloop
  endfacet
  facet normal 0 1 0
    outer loop
      vertex 0.139449 -7 1.40609
      vertex -0.139449 -7 1.40609
      vertex -0.277837 -7 1.42431
    endloop
  endfacet
  facet normal -0 1 0
    outer loop
      vertex -0.139449 -7 1.40609
      vertex 0.139449 -7 1.40609
      vertex 0 -7 1.4
    endloop
  endfacet
  facet normal 0.300704 0 0.953717
    outer loop
      vertex -0.466283 -5.32964 1.47097
      vertex -0.41411 -7 1.45452
      vertex -0.41411 -5.33192 1.45452
    endloop
  endfacet
  facet normal 0.300672 -0 0.953727
    outer loop
      vertex -0.547232 -7 1.49649
      vertex -0.466283 -5.32964 1.47097
      vertex -0.547232 -5.31898 1.49649
    endloop
  endfacet
  facet normal 0.300685 -6.6948e-07 0.953724
    outer loop
      vertex -0.466283 -5.32964 1.47097
      vertex -0.547232 -7 1.49649
      vertex -0.41411 -7 1.45452
    endloop
  endfacet
  facet normal 0.300704 0 0.953717
    outer loop
      vertex -0.41411 7 1.45452
      vertex -0.466283 5.32964 1.47097
      vertex -0.41411 5.33192 1.45452
    endloop
  endfacet
  facet normal 0.300685 6.6948e-07 0.953724
    outer loop
      vertex -0.547232 7 1.49649
      vertex -0.466283 5.32964 1.47097
      vertex -0.41411 7 1.45452
    endloop
  endfacet
  facet normal 0.300672 0 0.953727
    outer loop
      vertex -0.466283 5.32964 1.47097
      vertex -0.547232 7 1.49649
      vertex -0.547232 5.31898 1.49649
    endloop
  endfacet
  facet normal -0.382712 0 0.923868
    outer loop
      vertex 0.547232 5.31898 1.49649
      vertex 0.676188 7 1.54991
      vertex 0.547232 7 1.49649
    endloop
  endfacet
  facet normal -0.382712 0 0.923868
    outer loop
      vertex 0.676188 7 1.54991
      vertex 0.547232 5.31898 1.49649
      vertex 0.676188 5.30201 1.54991
    endloop
  endfacet
  facet normal -0.382712 0 0.923868
    outer loop
      vertex 0.547232 -5.31898 1.49649
      vertex 0.676188 -7 1.54991
      vertex 0.676188 -5.30201 1.54991
    endloop
  endfacet
  facet normal -0.382712 0 0.923868
    outer loop
      vertex 0.676188 -7 1.54991
      vertex 0.547232 -5.31898 1.49649
      vertex 0.547232 -7 1.49649
    endloop
  endfacet
  facet normal -0.537311 0 0.843384
    outer loop
      vertex 0.799999 5.28571 1.61436
      vertex 0.917722 7 1.68936
      vertex 0.799999 7 1.61436
    endloop
  endfacet
  facet normal -0.537311 0 0.843384
    outer loop
      vertex 0.917722 7 1.68936
      vertex 0.799999 5.28571 1.61436
      vertex 0.917722 5.27021 1.68936
    endloop
  endfacet
  facet normal -0.537311 0 0.843384
    outer loop
      vertex 0.799999 -5.28571 1.61436
      vertex 0.917722 -7 1.68936
      vertex 0.917722 -5.27021 1.68936
    endloop
  endfacet
  facet normal -0.537311 0 0.843384
    outer loop
      vertex 0.917722 -7 1.68936
      vertex 0.799999 -5.28571 1.61436
      vertex 0.799999 -7 1.61436
    endloop
  endfacet
  facet normal -0.130532 -0 -0.991444
    outer loop
      vertex 0.139449 -5.34391 4.59391
      vertex 0.277837 -7 4.57569
      vertex 0.139449 -7 4.59391
    endloop
  endfacet
  facet normal -0.130532 0 -0.991444
    outer loop
      vertex 0.277837 -7 4.57569
      vertex 0.139449 -5.34391 4.59391
      vertex 0.277837 -5.33787 4.57569
    endloop
  endfacet
  facet normal -0.130532 0 -0.991444
    outer loop
      vertex 0.139449 5.34391 4.59391
      vertex 0.277837 7 4.57569
      vertex 0.277837 5.33787 4.57569
    endloop
  endfacet
  facet normal -0.130532 0 -0.991444
    outer loop
      vertex 0.277837 7 4.57569
      vertex 0.139449 5.34391 4.59391
      vertex 0.139449 7 4.59391
    endloop
  endfacet
  facet normal 0.793366 0 -0.608744
    outer loop
      vertex -1.31064 -7 3.91772
      vertex -1.22567 -5.20295 4.02846
      vertex -1.22567 -7 4.02846
    endloop
  endfacet
  facet normal 0.793366 0 -0.608744
    outer loop
      vertex -1.22567 -5.20295 4.02846
      vertex -1.31064 -7 3.91772
      vertex -1.31064 -5.18412 3.91772
    endloop
  endfacet
  facet normal 0.793366 0 -0.608744
    outer loop
      vertex -1.22567 5.20295 4.02846
      vertex -1.31064 7 3.91772
      vertex -1.22567 7 4.02846
    endloop
  endfacet
  facet normal 0.793366 0 -0.608744
    outer loop
      vertex -1.31064 7 3.91772
      vertex -1.22567 5.20295 4.02846
      vertex -1.31064 5.18412 3.91772
    endloop
  endfacet
  facet normal 0.537311 -0 0.843384
    outer loop
      vertex -0.917722 -7 1.68936
      vertex -0.799999 -5.28571 1.61436
      vertex -0.917722 -5.27021 1.68936
    endloop
  endfacet
  facet normal 0.537311 0 0.843384
    outer loop
      vertex -0.799999 -5.28571 1.61436
      vertex -0.917722 -7 1.68936
      vertex -0.799999 -7 1.61436
    endloop
  endfacet
  facet normal 0.537311 0 0.843384
    outer loop
      vertex -0.917722 7 1.68936
      vertex -0.799999 5.28571 1.61436
      vertex -0.799999 7 1.61436
    endloop
  endfacet
  facet normal 0.537311 0 0.843384
    outer loop
      vertex -0.799999 5.28571 1.61436
      vertex -0.917722 7 1.68936
      vertex -0.917722 5.27021 1.68936
    endloop
  endfacet
  facet normal -0.976297 0 0.216437
    outer loop
      vertex 1.54548 5.117 2.58589
      vertex 1.57569 7 2.72216
      vertex 1.54548 7 2.58589
    endloop
  endfacet
  facet normal -0.976297 0 0.216437
    outer loop
      vertex 1.57569 7 2.72216
      vertex 1.54548 5.117 2.58589
      vertex 1.57569 5.10748 2.72216
    endloop
  endfacet
  facet normal -0.976297 0 0.216437
    outer loop
      vertex 1.57569 -7 2.72216
      vertex 1.54548 -5.117 2.58589
      vertex 1.54548 -7 2.58589
    endloop
  endfacet
  facet normal -0.976297 0 0.216437
    outer loop
      vertex 1.54548 -5.117 2.58589
      vertex 1.57569 -7 2.72216
      vertex 1.57569 -5.10748 2.72216
    endloop
  endfacet
  facet normal -0.0436303 0 0.999048
    outer loop
      vertex 0 -5.35 1.4
      vertex 0.139449 -7 1.40609
      vertex 0.139449 -5.34391 1.40609
    endloop
  endfacet
  facet normal -0.0436303 0 0.999048
    outer loop
      vertex 0.139449 -7 1.40609
      vertex 0 -5.35 1.4
      vertex 0 -7 1.4
    endloop
  endfacet
  facet normal -0.0436303 0 0.999048
    outer loop
      vertex 0 5.35 1.4
      vertex 0.139449 7 1.40609
      vertex 0 7 1.4
    endloop
  endfacet
  facet normal -0.0436303 0 0.999048
    outer loop
      vertex 0.139449 7 1.40609
      vertex 0 5.35 1.4
      vertex 0.139449 5.34391 1.40609
    endloop
  endfacet
  facet normal 0.991444 0 -0.13053
    outer loop
      vertex -1.57569 5.10748 3.27784
      vertex -1.59391 7 3.13945
      vertex -1.57569 7 3.27784
    endloop
  endfacet
  facet normal 0.991444 0 -0.13053
    outer loop
      vertex -1.59391 7 3.13945
      vertex -1.57569 5.10748 3.27784
      vertex -1.59391 5.10173 3.13945
    endloop
  endfacet
  facet normal 0.991444 0 -0.13053
    outer loop
      vertex -1.59391 -7 3.13945
      vertex -1.57569 -5.10748 3.27784
      vertex -1.57569 -7 3.27784
    endloop
  endfacet
  facet normal 0.991444 0 -0.13053
    outer loop
      vertex -1.57569 -5.10748 3.27784
      vertex -1.59391 -7 3.13945
      vertex -1.59391 -5.10173 3.13945
    endloop
  endfacet
  facet normal 0.216433 0 0.976298
    outer loop
      vertex -0.41411 7 1.45452
      vertex -0.277837 5.33787 1.42431
      vertex -0.277837 7 1.42431
    endloop
  endfacet
  facet normal 0.216433 0 0.976298
    outer loop
      vertex -0.277837 5.33787 1.42431
      vertex -0.41411 7 1.45452
      vertex -0.41411 5.33192 1.45452
    endloop
  endfacet
  facet normal 0.216433 -0 0.976298
    outer loop
      vertex -0.41411 -7 1.45452
      vertex -0.277837 -5.33787 1.42431
      vertex -0.41411 -5.33192 1.45452
    endloop
  endfacet
  facet normal 0.216433 0 0.976298
    outer loop
      vertex -0.277837 -5.33787 1.42431
      vertex -0.41411 -7 1.45452
      vertex -0.277837 -7 1.42431
    endloop
  endfacet
  facet normal 0.842271 -0 0.539054
    outer loop
      vertex -1.38564 -7 2.2
      vertex -1.38468 -5.1677 2.1985
      vertex -1.38564 -5.1674 2.2
    endloop
  endfacet
  facet normal 0.843392 -2.02438e-06 0.537298
    outer loop
      vertex -1.38564 -7 2.2
      vertex -1.31064 -5.18412 2.08228
      vertex -1.38468 -5.1677 2.1985
    endloop
  endfacet
  facet normal 0.843378 0 0.53732
    outer loop
      vertex -1.31064 -5.18412 2.08228
      vertex -1.38564 -7 2.2
      vertex -1.31064 -7 2.08228
    endloop
  endfacet
  facet normal 0.843378 0 0.53732
    outer loop
      vertex -1.38564 7 2.2
      vertex -1.31064 5.18412 2.08228
      vertex -1.31064 7 2.08228
    endloop
  endfacet
  facet normal 0.843392 2.02438e-06 0.537298
    outer loop
      vertex -1.38564 7 2.2
      vertex -1.38468 5.1677 2.1985
      vertex -1.31064 5.18412 2.08228
    endloop
  endfacet
  facet normal 0.842271 0 0.539054
    outer loop
      vertex -1.38468 5.1677 2.1985
      vertex -1.38564 7 2.2
      vertex -1.38564 5.1674 2.2
    endloop
  endfacet
  facet normal -0.608785 0 0.793335
    outer loop
      vertex 1.02846 7 1.77433
      vertex 0.929017 5.26872 1.69802
      vertex 1.02846 5.24668 1.77433
    endloop
  endfacet
  facet normal -0.608751 0 0.793361
    outer loop
      vertex 0.917722 5.27021 1.68936
      vertex 1.02846 7 1.77433
      vertex 0.917722 7 1.68936
    endloop
  endfacet
  facet normal -0.608456 -3.00096e-05 0.793587
    outer loop
      vertex 1.02846 7 1.77433
      vertex 0.917722 5.27021 1.68936
      vertex 0.929017 5.26872 1.69802
    endloop
  endfacet
  facet normal -0.608785 0 0.793335
    outer loop
      vertex 0.929017 -5.26872 1.69802
      vertex 1.02846 -7 1.77433
      vertex 1.02846 -5.24668 1.77433
    endloop
  endfacet
  facet normal -0.608456 3.00096e-05 0.793587
    outer loop
      vertex 0.917722 -5.27021 1.68936
      vertex 1.02846 -7 1.77433
      vertex 0.929017 -5.26872 1.69802
    endloop
  endfacet
  facet normal -0.608751 0 0.793361
    outer loop
      vertex 1.02846 -7 1.77433
      vertex 0.917722 -5.27021 1.68936
      vertex 0.917722 -7 1.68936
    endloop
  endfacet
  facet normal 0.608751 0 -0.793361
    outer loop
      vertex -1.02846 -7 4.22567
      vertex -0.917722 -5.27021 4.31064
      vertex -0.917722 -7 4.31064
    endloop
  endfacet
  facet normal 0.608456 3.00096e-05 -0.793587
    outer loop
      vertex -0.917722 -5.27021 4.31064
      vertex -1.02846 -7 4.22567
      vertex -0.929017 -5.26872 4.30198
    endloop
  endfacet
  facet normal 0.608785 0 -0.793335
    outer loop
      vertex -0.929017 -5.26872 4.30198
      vertex -1.02846 -7 4.22567
      vertex -1.02846 -5.24668 4.22567
    endloop
  endfacet
  facet normal 0.608456 -3.00096e-05 -0.793587
    outer loop
      vertex -1.02846 7 4.22567
      vertex -0.917722 5.27021 4.31064
      vertex -0.929017 5.26872 4.30198
    endloop
  endfacet
  facet normal 0.608785 0 -0.793335
    outer loop
      vertex -1.02846 7 4.22567
      vertex -0.929017 5.26872 4.30198
      vertex -1.02846 5.24668 4.22567
    endloop
  endfacet
  facet normal 0.608751 0 -0.793361
    outer loop
      vertex -0.917722 5.27021 4.31064
      vertex -1.02846 7 4.22567
      vertex -0.917722 7 4.31064
    endloop
  endfacet
  facet normal 0.608751 0 0.793361
    outer loop
      vertex -1.02846 7 1.77433
      vertex -0.917722 5.27021 1.68936
      vertex -0.917722 7 1.68936
    endloop
  endfacet
  facet normal 0.608456 -3.00096e-05 0.793587
    outer loop
      vertex -0.917722 5.27021 1.68936
      vertex -1.02846 7 1.77433
      vertex -0.929017 5.26872 1.69802
    endloop
  endfacet
  facet normal 0.608785 0 0.793335
    outer loop
      vertex -0.929017 5.26872 1.69802
      vertex -1.02846 7 1.77433
      vertex -1.02846 5.24668 1.77433
    endloop
  endfacet
  facet normal 0.608456 3.00096e-05 0.793587
    outer loop
      vertex -1.02846 -7 1.77433
      vertex -0.917722 -5.27021 1.68936
      vertex -0.929017 -5.26872 1.69802
    endloop
  endfacet
  facet normal 0.608785 -0 0.793335
    outer loop
      vertex -1.02846 -7 1.77433
      vertex -0.929017 -5.26872 1.69802
      vertex -1.02846 -5.24668 1.77433
    endloop
  endfacet
  facet normal 0.608751 0 0.793361
    outer loop
      vertex -0.917722 -5.27021 1.68936
      vertex -1.02846 -7 1.77433
      vertex -0.917722 -7 1.68936
    endloop
  endfacet
  facet normal -0.737276 0 -0.675592
    outer loop
      vertex 1.22567 7 4.02846
      vertex 1.13137 5.22386 4.13137
      vertex 1.13137 7 4.13137
    endloop
  endfacet
  facet normal -0.737276 0 -0.675592
    outer loop
      vertex 1.13137 5.22386 4.13137
      vertex 1.22567 7 4.02846
      vertex 1.22567 5.20295 4.02846
    endloop
  endfacet
  facet normal -0.737276 0 -0.675592
    outer loop
      vertex 1.22567 -7 4.02846
      vertex 1.13137 -5.22386 4.13137
      vertex 1.22567 -5.20295 4.02846
    endloop
  endfacet
  facet normal -0.737276 -0 -0.675592
    outer loop
      vertex 1.13137 -5.22386 4.13137
      vertex 1.22567 -7 4.02846
      vertex 1.13137 -7 4.13137
    endloop
  endfacet
  facet normal 0.923872 0 -0.382702
    outer loop
      vertex -1.50351 -7 3.54723
      vertex -1.45009 -5.14708 3.67619
      vertex -1.45009 -7 3.67619
    endloop
  endfacet
  facet normal 0.923872 0 -0.382702
    outer loop
      vertex -1.45009 -5.14708 3.67619
      vertex -1.50351 -7 3.54723
      vertex -1.50351 -5.13024 3.54723
    endloop
  endfacet
  facet normal 0.923872 0 -0.382702
    outer loop
      vertex -1.45009 5.14708 3.67619
      vertex -1.50351 7 3.54723
      vertex -1.45009 7 3.67619
    endloop
  endfacet
  facet normal 0.923872 0 -0.382702
    outer loop
      vertex -1.50351 7 3.54723
      vertex -1.45009 5.14708 3.67619
      vertex -1.50351 5.13024 3.54723
    endloop
  endfacet
  facet normal -0.737276 0 0.675592
    outer loop
      vertex 1.22567 -7 1.97154
      vertex 1.13137 -5.22386 1.86863
      vertex 1.13137 -7 1.86863
    endloop
  endfacet
  facet normal -0.737276 0 0.675592
    outer loop
      vertex 1.13137 -5.22386 1.86863
      vertex 1.22567 -7 1.97154
      vertex 1.22567 -5.20295 1.97154
    endloop
  endfacet
  facet normal -0.737276 0 0.675592
    outer loop
      vertex 1.13137 5.22386 1.86863
      vertex 1.22567 7 1.97154
      vertex 1.13137 7 1.86863
    endloop
  endfacet
  facet normal -0.737276 0 0.675592
    outer loop
      vertex 1.22567 7 1.97154
      vertex 1.13137 5.22386 1.86863
      vertex 1.22567 5.20295 1.97154
    endloop
  endfacet
  facet normal 0.461738 -0 0.887016
    outer loop
      vertex -0.799999 -7 1.61436
      vertex -0.676188 -5.30201 1.54991
      vertex -0.799999 -5.28571 1.61436
    endloop
  endfacet
  facet normal 0.461738 0 0.887016
    outer loop
      vertex -0.676188 -5.30201 1.54991
      vertex -0.799999 -7 1.61436
      vertex -0.676188 -7 1.54991
    endloop
  endfacet
  facet normal 0.461738 0 0.887016
    outer loop
      vertex -0.799999 7 1.61436
      vertex -0.676188 5.30201 1.54991
      vertex -0.676188 7 1.54991
    endloop
  endfacet
  facet normal 0.461738 0 0.887016
    outer loop
      vertex -0.676188 5.30201 1.54991
      vertex -0.799999 7 1.61436
      vertex -0.799999 5.28571 1.61436
    endloop
  endfacet
  facet normal 0.675592 0 -0.737276
    outer loop
      vertex -1.13137 -7 4.13137
      vertex -1.02846 -5.24668 4.22567
      vertex -1.02846 -7 4.22567
    endloop
  endfacet
  facet normal 0.675592 0 -0.737276
    outer loop
      vertex -1.02846 -5.24668 4.22567
      vertex -1.13137 -7 4.13137
      vertex -1.13137 -5.22386 4.13137
    endloop
  endfacet
  facet normal 0.675592 0 -0.737276
    outer loop
      vertex -1.13137 7 4.13137
      vertex -1.02846 5.24668 4.22567
      vertex -1.13137 5.22386 4.13137
    endloop
  endfacet
  facet normal 0.675592 0 -0.737276
    outer loop
      vertex -1.02846 5.24668 4.22567
      vertex -1.13137 7 4.13137
      vertex -1.02846 7 4.22567
    endloop
  endfacet
endsolid OpenSCAD_Model
