solid OpenSCAD_Model
  facet normal 0 0 -1
    outer loop
      vertex -13.0079 -27.0568 10
      vertex -9.5 -25.1147 10
      vertex -9.51903 -25.5505 10
    endloop
  endfacet
  facet normal 0 0 -1
    outer loop
      vertex -13.0079 -27.0568 10
      vertex -9.51903 -25.5505 10
      vertex -9.57596 -25.983 10
    endloop
  endfacet
  facet normal -0 0 -1
    outer loop
      vertex -9.5 -25.1147 10
      vertex -13.0079 -27.0568 10
      vertex -9.51903 -24.679 10
    endloop
  endfacet
  facet normal 0 0 -1
    outer loop
      vertex -13.0079 -27.0568 10
      vertex -9.57596 -25.983 10
      vertex -9.67037 -26.4088 10
    endloop
  endfacet
  facet normal -0 0 -1
    outer loop
      vertex -9.51903 -24.679 10
      vertex -13.0079 -27.0568 10
      vertex -9.57596 -24.2465 10
    endloop
  endfacet
  facet normal 0 0 -1
    outer loop
      vertex -13.0079 -27.0568 10
      vertex -9.67037 -26.4088 10
      vertex -9.80154 -26.8248 10
    endloop
  endfacet
  facet normal -0 0 -1
    outer loop
      vertex -9.57596 -24.2465 10
      vertex -13.0079 -27.0568 10
      vertex -9.67037 -23.8206 10
    endloop
  endfacet
  facet normal 0 0 -1
    outer loop
      vertex -13.0079 -27.0568 10
      vertex -9.80154 -26.8248 10
      vertex -9.96846 -27.2278 10
    endloop
  endfacet
  facet normal -0 0 -1
    outer loop
      vertex -9.67037 -23.8206 10
      vertex -13.0079 -27.0568 10
      vertex -9.80154 -23.4046 10
    endloop
  endfacet
  facet normal 0 0 -1
    outer loop
      vertex -13.0079 -27.0568 10
      vertex -9.96846 -27.2278 10
      vertex -10.1699 -27.6147 10
    endloop
  endfacet
  facet normal -0 0 -1
    outer loop
      vertex -9.80154 -23.4046 10
      vertex -13.0079 -27.0568 10
      vertex -9.96846 -23.0016 10
    endloop
  endfacet
  facet normal 0 0 -1
    outer loop
      vertex -13.0079 -27.0568 10
      vertex -10.1699 -27.6147 10
      vertex -10.4042 -27.9826 10
    endloop
  endfacet
  facet normal -0 0 -1
    outer loop
      vertex -9.96846 -23.0016 10
      vertex -13.0079 -27.0568 10
      vertex -10.1699 -22.6147 10
    endloop
  endfacet
  facet normal 0 0 -1
    outer loop
      vertex -13.0079 -27.0568 10
      vertex -10.4042 -27.9826 10
      vertex -10.6698 -28.3287 10
    endloop
  endfacet
  facet normal -0 0 -1
    outer loop
      vertex -10.1699 -22.6147 10
      vertex -13.0079 -27.0568 10
      vertex -10.4042 -22.2469 10
    endloop
  endfacet
  facet normal 0 0 -1
    outer loop
      vertex -13.0079 -27.0568 10
      vertex -10.6698 -28.3287 10
      vertex -10.9645 -28.6503 10
    endloop
  endfacet
  facet normal 0 0 -1
    outer loop
      vertex -15.2701 -25.8476 10
      vertex -10.4042 -22.2469 10
      vertex -13.0079 -27.0568 10
    endloop
  endfacet
  facet normal 0 0 -1
    outer loop
      vertex -13.0291 -27.1009 10
      vertex -10.9645 -28.6503 10
      vertex -11.2861 -28.945 10
    endloop
  endfacet
  facet normal -0 0 -1
    outer loop
      vertex -10.4042 -22.2469 10
      vertex -15.2701 -25.8476 10
      vertex -10.6698 -21.9008 10
    endloop
  endfacet
  facet normal 0 0 -1
    outer loop
      vertex -13.0291 -27.1009 10
      vertex -11.2861 -28.945 10
      vertex -11.6321 -29.2105 10
    endloop
  endfacet
  facet normal -0 0 -1
    outer loop
      vertex -10.6698 -21.9008 10
      vertex -15.2701 -25.8476 10
      vertex -10.9645 -21.5792 10
    endloop
  endfacet
  facet normal 0 0 -1
    outer loop
      vertex -13.0291 -27.1009 10
      vertex -11.6321 -29.2105 10
      vertex -12 -29.4449 10
    endloop
  endfacet
  facet normal -0 0 -1
    outer loop
      vertex -10.9645 -21.5792 10
      vertex -15.2701 -25.8476 10
      vertex -11.2861 -21.2845 10
    endloop
  endfacet
  facet normal 0 0 -1
    outer loop
      vertex -13.6817 -28.9276 10
      vertex -12 -29.4449 10
      vertex -12.3869 -29.6463 10
    endloop
  endfacet
  facet normal -0 0 -1
    outer loop
      vertex -11.2861 -21.2845 10
      vertex -15.2701 -25.8476 10
      vertex -11.6321 -21.019 10
    endloop
  endfacet
  facet normal 0 0 -1
    outer loop
      vertex -13.6817 -28.9276 10
      vertex -12.3869 -29.6463 10
      vertex -12.7899 -29.8132 10
    endloop
  endfacet
  facet normal -0 0 -1
    outer loop
      vertex -11.6321 -21.019 10
      vertex -15.2701 -25.8476 10
      vertex -12 -20.7846 10
    endloop
  endfacet
  facet normal -0 0 -1
    outer loop
      vertex -12 -20.7846 10
      vertex -15.2701 -25.8476 10
      vertex -12.3869 -20.5832 10
    endloop
  endfacet
  facet normal 0 0 -1
    outer loop
      vertex -10.9645 -28.6503 10
      vertex -13.0291 -27.1009 10
      vertex -13.0079 -27.0568 10
    endloop
  endfacet
  facet normal 0 0 -1
    outer loop
      vertex -13.6817 -28.9276 10
      vertex -12.7899 -29.8132 10
      vertex -13.2059 -29.9444 10
    endloop
  endfacet
  facet normal 0 0 -1
    outer loop
      vertex -13.6817 -28.9276 10
      vertex -13.2059 -29.9444 10
      vertex -13.6318 -30.0388 10
    endloop
  endfacet
  facet normal 0 0 -1
    outer loop
      vertex -12 -29.4449 10
      vertex -13.6817 -28.9276 10
      vertex -13.0291 -27.1009 10
    endloop
  endfacet
  facet normal 0 0 -1
    outer loop
      vertex -14.0642 -30.0957 10
      vertex -13.6817 -28.9276 10
      vertex -13.6318 -30.0388 10
    endloop
  endfacet
  facet normal 0 0 -1
    outer loop
      vertex -13.6817 -28.9276 10
      vertex -14.0642 -30.0957 10
      vertex -14.1682 -30.1003 10
    endloop
  endfacet
  facet normal -0 0 -1
    outer loop
      vertex -12.3869 -20.5832 10
      vertex -15.2701 -25.8476 10
      vertex -12.7899 -20.4163 10
    endloop
  endfacet
  facet normal -0 0 -1
    outer loop
      vertex -12.7899 -20.4163 10
      vertex -15.2701 -25.8476 10
      vertex -13.2059 -20.2851 10
    endloop
  endfacet
  facet normal -0 0 -1
    outer loop
      vertex -13.2059 -20.2851 10
      vertex -15.2701 -25.8476 10
      vertex -13.6318 -20.1907 10
    endloop
  endfacet
  facet normal -0 0 -1
    outer loop
      vertex -13.6318 -20.1907 10
      vertex -15.2701 -25.8476 10
      vertex -14.0642 -20.1338 10
    endloop
  endfacet
  facet normal -0 0 -1
    outer loop
      vertex -14.0642 -20.1338 10
      vertex -15.2701 -25.8476 10
      vertex -14.5 -20.1147 10
    endloop
  endfacet
  facet normal 0 0 -1
    outer loop
      vertex -14.5 -20.1147 10
      vertex -15.2701 -25.8476 10
      vertex -14.9358 -20.1338 10
    endloop
  endfacet
  facet normal 0 0 -1
    outer loop
      vertex -18.0364 -23.9992 10
      vertex -15.2701 -25.8476 10
      vertex -15.295 -25.8897 10
    endloop
  endfacet
  facet normal 0 0 -1
    outer loop
      vertex -15.2701 -25.8476 10
      vertex -15.3682 -20.1907 10
      vertex -14.9358 -20.1338 10
    endloop
  endfacet
  facet normal 0 0 -1
    outer loop
      vertex -15.2701 -25.8476 10
      vertex -15.7941 -20.2851 10
      vertex -15.3682 -20.1907 10
    endloop
  endfacet
  facet normal 0 0 -1
    outer loop
      vertex -15.2701 -25.8476 10
      vertex -16.2101 -20.4163 10
      vertex -15.7941 -20.2851 10
    endloop
  endfacet
  facet normal 0 0 -1
    outer loop
      vertex -18.0658 -24.0383 10
      vertex -15.295 -25.8897 10
      vertex -16.4513 -27.4473 10
    endloop
  endfacet
  facet normal 0 0 -1
    outer loop
      vertex -15.2701 -25.8476 10
      vertex -18.0364 -23.9992 10
      vertex -16.6131 -20.5832 10
    endloop
  endfacet
  facet normal 0 0 -1
    outer loop
      vertex -15.2701 -25.8476 10
      vertex -16.6131 -20.5832 10
      vertex -16.2101 -20.4163 10
    endloop
  endfacet
  facet normal 0 0 -1
    outer loop
      vertex -16.6131 -20.5832 10
      vertex -18.0364 -23.9992 10
      vertex -17 -20.7846 10
    endloop
  endfacet
  facet normal 0 0 -1
    outer loop
      vertex -17.7139 -28.945 10
      vertex -16.4513 -27.4473 10
      vertex -17.5399 -29.0785 10
    endloop
  endfacet
  facet normal 0 0 -1
    outer loop
      vertex -18.0355 -28.6503 10
      vertex -16.4513 -27.4473 10
      vertex -17.7139 -28.945 10
    endloop
  endfacet
  facet normal 0 0 -1
    outer loop
      vertex -17 -20.7846 10
      vertex -18.0364 -23.9992 10
      vertex -17.3679 -21.019 10
    endloop
  endfacet
  facet normal 0 0 -1
    outer loop
      vertex -18.3302 -28.3287 10
      vertex -16.4513 -27.4473 10
      vertex -18.0355 -28.6503 10
    endloop
  endfacet
  facet normal 0 0 -1
    outer loop
      vertex -17.3679 -21.019 10
      vertex -18.0364 -23.9992 10
      vertex -17.7139 -21.2845 10
    endloop
  endfacet
  facet normal 0 0 -1
    outer loop
      vertex -17.7139 -21.2845 10
      vertex -18.0364 -23.9992 10
      vertex -18.0355 -21.5792 10
    endloop
  endfacet
  facet normal 0 0 -1
    outer loop
      vertex -15.295 -25.8897 10
      vertex -18.0658 -24.0383 10
      vertex -18.0364 -23.9992 10
    endloop
  endfacet
  facet normal 0 0 -1
    outer loop
      vertex -18.5958 -27.9826 10
      vertex -16.4513 -27.4473 10
      vertex -18.3302 -28.3287 10
    endloop
  endfacet
  facet normal 0 0 -1
    outer loop
      vertex -18.8301 -27.6147 10
      vertex -16.4513 -27.4473 10
      vertex -18.5958 -27.9826 10
    endloop
  endfacet
  facet normal 0 0 -1
    outer loop
      vertex -19.0315 -27.2278 10
      vertex -16.4513 -27.4473 10
      vertex -18.8301 -27.6147 10
    endloop
  endfacet
  facet normal 0 0 -1
    outer loop
      vertex -16.4513 -27.4473 10
      vertex -19.0315 -27.2278 10
      vertex -19.0624 -25.7026 10
    endloop
  endfacet
  facet normal 0 0 -1
    outer loop
      vertex -16.4513 -27.4473 10
      vertex -19.0624 -25.7026 10
      vertex -18.0658 -24.0383 10
    endloop
  endfacet
  facet normal 0 0 -1
    outer loop
      vertex -19.1985 -26.8248 10
      vertex -19.0624 -25.7026 10
      vertex -19.0315 -27.2278 10
    endloop
  endfacet
  facet normal 0 0 -1
    outer loop
      vertex -19.3296 -26.4088 10
      vertex -19.0624 -25.7026 10
      vertex -19.1985 -26.8248 10
    endloop
  endfacet
  facet normal 0 0 -1
    outer loop
      vertex -19.0624 -25.7026 10
      vertex -19.3296 -26.4088 10
      vertex -19.3807 -26.1785 10
    endloop
  endfacet
  facet normal 0 0 -1
    outer loop
      vertex -18.0364 -23.9992 10
      vertex -18.3302 -21.9008 10
      vertex -18.0355 -21.5792 10
    endloop
  endfacet
  facet normal 0 0 -1
    outer loop
      vertex -18.0364 -23.9992 10
      vertex -18.5958 -22.2469 10
      vertex -18.3302 -21.9008 10
    endloop
  endfacet
  facet normal 0 0 -1
    outer loop
      vertex -18.0364 -23.9992 10
      vertex -18.8301 -22.6147 10
      vertex -18.5958 -22.2469 10
    endloop
  endfacet
  facet normal 0 0 -1
    outer loop
      vertex -18.0364 -23.9992 10
      vertex -19.0315 -23.0016 10
      vertex -18.8301 -22.6147 10
    endloop
  endfacet
  facet normal 0 -0 -1
    outer loop
      vertex -19.0315 -23.0016 10
      vertex -18.0364 -23.9992 10
      vertex -19.0875 -23.1366 10
    endloop
  endfacet
  facet normal 0 0 -1
    outer loop
      vertex 18.0364 23.9992 10
      vertex 19.0315 23.0016 10
      vertex 18.8301 22.6147 10
    endloop
  endfacet
  facet normal 0 0 -1
    outer loop
      vertex 18.0364 23.9992 10
      vertex 18.8301 22.6147 10
      vertex 18.5958 22.2469 10
    endloop
  endfacet
  facet normal 0 0 -1
    outer loop
      vertex 18.0364 23.9992 10
      vertex 18.5958 22.2469 10
      vertex 18.3302 21.9008 10
    endloop
  endfacet
  facet normal 0 0 -1
    outer loop
      vertex 19.0315 23.0016 10
      vertex 18.0364 23.9992 10
      vertex 19.0875 23.1366 10
    endloop
  endfacet
  facet normal 0 -0 -1
    outer loop
      vertex 18.0364 23.9992 10
      vertex 18.3302 21.9008 10
      vertex 18.0355 21.5792 10
    endloop
  endfacet
  facet normal 0 0 -1
    outer loop
      vertex 19.0624 25.7026 10
      vertex 19.3296 26.4088 10
      vertex 19.3807 26.1785 10
    endloop
  endfacet
  facet normal -0 0 -1
    outer loop
      vertex 19.3296 26.4088 10
      vertex 19.0624 25.7026 10
      vertex 19.1985 26.8248 10
    endloop
  endfacet
  facet normal 0 0 -1
    outer loop
      vertex 19.0624 25.7026 10
      vertex 19.0315 27.2278 10
      vertex 19.1985 26.8248 10
    endloop
  endfacet
  facet normal 0 0 -1
    outer loop
      vertex 16.4513 27.4473 10
      vertex 19.0315 27.2278 10
      vertex 19.0624 25.7026 10
    endloop
  endfacet
  facet normal 0 0 -1
    outer loop
      vertex 19.0315 27.2278 10
      vertex 16.4513 27.4473 10
      vertex 18.8301 27.6147 10
    endloop
  endfacet
  facet normal -0 0 -1
    outer loop
      vertex 18.8301 27.6147 10
      vertex 16.4513 27.4473 10
      vertex 18.5958 27.9826 10
    endloop
  endfacet
  facet normal 0 0 -1
    outer loop
      vertex 16.4513 27.4473 10
      vertex 19.0624 25.7026 10
      vertex 18.0658 24.0383 10
    endloop
  endfacet
  facet normal 0 0 -1
    outer loop
      vertex 15.295 25.8897 10
      vertex 18.0658 24.0383 10
      vertex 18.0364 23.9992 10
    endloop
  endfacet
  facet normal -0 0 -1
    outer loop
      vertex 18.5958 27.9826 10
      vertex 16.4513 27.4473 10
      vertex 18.3302 28.3287 10
    endloop
  endfacet
  facet normal 0 0 -1
    outer loop
      vertex 17.7139 21.2845 10
      vertex 18.0364 23.9992 10
      vertex 18.0355 21.5792 10
    endloop
  endfacet
  facet normal 0 0 -1
    outer loop
      vertex 17.3679 21.019 10
      vertex 18.0364 23.9992 10
      vertex 17.7139 21.2845 10
    endloop
  endfacet
  facet normal -0 0 -1
    outer loop
      vertex 18.3302 28.3287 10
      vertex 16.4513 27.4473 10
      vertex 18.0355 28.6503 10
    endloop
  endfacet
  facet normal -0 0 -1
    outer loop
      vertex 18.0355 28.6503 10
      vertex 16.4513 27.4473 10
      vertex 17.7139 28.945 10
    endloop
  endfacet
  facet normal 0 0 -1
    outer loop
      vertex 17 20.7846 10
      vertex 18.0364 23.9992 10
      vertex 17.3679 21.019 10
    endloop
  endfacet
  facet normal 0 0 -1
    outer loop
      vertex 16.6131 20.5832 10
      vertex 18.0364 23.9992 10
      vertex 17 20.7846 10
    endloop
  endfacet
  facet normal -0 0 -1
    outer loop
      vertex 18.0364 23.9992 10
      vertex 16.6131 20.5832 10
      vertex 15.2701 25.8476 10
    endloop
  endfacet
  facet normal -0 0 -1
    outer loop
      vertex 17.7139 28.945 10
      vertex 16.4513 27.4473 10
      vertex 17.5399 29.0785 10
    endloop
  endfacet
  facet normal 0 0 -1
    outer loop
      vertex 15.2701 25.8476 10
      vertex 16.6131 20.5832 10
      vertex 16.2101 20.4163 10
    endloop
  endfacet
  facet normal 0 0 -1
    outer loop
      vertex 15.2701 25.8476 10
      vertex 16.2101 20.4163 10
      vertex 15.7941 20.2851 10
    endloop
  endfacet
  facet normal 0 0 -1
    outer loop
      vertex 15.2701 25.8476 10
      vertex 15.7941 20.2851 10
      vertex 15.3682 20.1907 10
    endloop
  endfacet
  facet normal 0 0 -1
    outer loop
      vertex 18.0658 24.0383 10
      vertex 15.295 25.8897 10
      vertex 16.4513 27.4473 10
    endloop
  endfacet
  facet normal 0 0 -1
    outer loop
      vertex 18.0364 23.9992 10
      vertex 15.2701 25.8476 10
      vertex 15.295 25.8897 10
    endloop
  endfacet
  facet normal 0 0 -1
    outer loop
      vertex 14.9358 20.1338 10
      vertex 15.2701 25.8476 10
      vertex 15.3682 20.1907 10
    endloop
  endfacet
  facet normal 0 0 -1
    outer loop
      vertex 14.5 20.1147 10
      vertex 15.2701 25.8476 10
      vertex 14.9358 20.1338 10
    endloop
  endfacet
  facet normal 0 0 -1
    outer loop
      vertex 14.0642 20.1338 10
      vertex 15.2701 25.8476 10
      vertex 14.5 20.1147 10
    endloop
  endfacet
  facet normal 0 0 -1
    outer loop
      vertex 13.6318 20.1907 10
      vertex 15.2701 25.8476 10
      vertex 14.0642 20.1338 10
    endloop
  endfacet
  facet normal 0 0 -1
    outer loop
      vertex 13.2059 20.2851 10
      vertex 15.2701 25.8476 10
      vertex 13.6318 20.1907 10
    endloop
  endfacet
  facet normal 0 0 -1
    outer loop
      vertex 12.7899 20.4163 10
      vertex 15.2701 25.8476 10
      vertex 13.2059 20.2851 10
    endloop
  endfacet
  facet normal 0 0 -1
    outer loop
      vertex 12.3869 20.5832 10
      vertex 15.2701 25.8476 10
      vertex 12.7899 20.4163 10
    endloop
  endfacet
  facet normal 0 0 -1
    outer loop
      vertex 13.6817 28.9276 10
      vertex 14.0642 30.0957 10
      vertex 14.1682 30.1003 10
    endloop
  endfacet
  facet normal 0 0 -1
    outer loop
      vertex 13.6817 28.9276 10
      vertex 13.6318 30.0388 10
      vertex 14.0642 30.0957 10
    endloop
  endfacet
  facet normal 0 0 -1
    outer loop
      vertex 13.6817 28.9276 10
      vertex 13.2059 29.9444 10
      vertex 13.6318 30.0388 10
    endloop
  endfacet
  facet normal 0 0 -1
    outer loop
      vertex 12 29.4449 10
      vertex 13.6817 28.9276 10
      vertex 13.0291 27.1009 10
    endloop
  endfacet
  facet normal 0 0 -1
    outer loop
      vertex 10.9645 28.6503 10
      vertex 13.0291 27.1009 10
      vertex 13.0079 27.0568 10
    endloop
  endfacet
  facet normal 0 0 -1
    outer loop
      vertex 13.6817 28.9276 10
      vertex 12.7899 29.8132 10
      vertex 13.2059 29.9444 10
    endloop
  endfacet
  facet normal 0 0 -1
    outer loop
      vertex 12 20.7846 10
      vertex 15.2701 25.8476 10
      vertex 12.3869 20.5832 10
    endloop
  endfacet
  facet normal 0 0 -1
    outer loop
      vertex 11.6321 21.019 10
      vertex 15.2701 25.8476 10
      vertex 12 20.7846 10
    endloop
  endfacet
  facet normal 0 0 -1
    outer loop
      vertex 13.6817 28.9276 10
      vertex 12.3869 29.6463 10
      vertex 12.7899 29.8132 10
    endloop
  endfacet
  facet normal 0 0 -1
    outer loop
      vertex 11.2861 21.2845 10
      vertex 15.2701 25.8476 10
      vertex 11.6321 21.019 10
    endloop
  endfacet
  facet normal 0 0 -1
    outer loop
      vertex 13.6817 28.9276 10
      vertex 12 29.4449 10
      vertex 12.3869 29.6463 10
    endloop
  endfacet
  facet normal 0 0 -1
    outer loop
      vertex 10.9645 21.5792 10
      vertex 15.2701 25.8476 10
      vertex 11.2861 21.2845 10
    endloop
  endfacet
  facet normal 0 0 -1
    outer loop
      vertex 13.0291 27.1009 10
      vertex 11.6321 29.2105 10
      vertex 12 29.4449 10
    endloop
  endfacet
  facet normal 0 0 -1
    outer loop
      vertex 10.6698 21.9008 10
      vertex 15.2701 25.8476 10
      vertex 10.9645 21.5792 10
    endloop
  endfacet
  facet normal 0 0 -1
    outer loop
      vertex 13.0291 27.1009 10
      vertex 11.2861 28.945 10
      vertex 11.6321 29.2105 10
    endloop
  endfacet
  facet normal 0 0 -1
    outer loop
      vertex 10.4042 22.2469 10
      vertex 15.2701 25.8476 10
      vertex 10.6698 21.9008 10
    endloop
  endfacet
  facet normal 0 0 -1
    outer loop
      vertex 13.0291 27.1009 10
      vertex 10.9645 28.6503 10
      vertex 11.2861 28.945 10
    endloop
  endfacet
  facet normal -0 0 -1
    outer loop
      vertex 15.2701 25.8476 10
      vertex 10.4042 22.2469 10
      vertex 13.0079 27.0568 10
    endloop
  endfacet
  facet normal 0 0 -1
    outer loop
      vertex 13.0079 27.0568 10
      vertex 10.6698 28.3287 10
      vertex 10.9645 28.6503 10
    endloop
  endfacet
  facet normal 0 0 -1
    outer loop
      vertex 10.1699 22.6147 10
      vertex 13.0079 27.0568 10
      vertex 10.4042 22.2469 10
    endloop
  endfacet
  facet normal 0 0 -1
    outer loop
      vertex 13.0079 27.0568 10
      vertex 10.4042 27.9826 10
      vertex 10.6698 28.3287 10
    endloop
  endfacet
  facet normal 0 0 -1
    outer loop
      vertex 9.96846 23.0016 10
      vertex 13.0079 27.0568 10
      vertex 10.1699 22.6147 10
    endloop
  endfacet
  facet normal 0 0 -1
    outer loop
      vertex 13.0079 27.0568 10
      vertex 10.1699 27.6147 10
      vertex 10.4042 27.9826 10
    endloop
  endfacet
  facet normal 0 0 -1
    outer loop
      vertex 9.80154 23.4046 10
      vertex 13.0079 27.0568 10
      vertex 9.96846 23.0016 10
    endloop
  endfacet
  facet normal 0 0 -1
    outer loop
      vertex 13.0079 27.0568 10
      vertex 9.96846 27.2278 10
      vertex 10.1699 27.6147 10
    endloop
  endfacet
  facet normal 0 0 -1
    outer loop
      vertex 9.67037 23.8206 10
      vertex 13.0079 27.0568 10
      vertex 9.80154 23.4046 10
    endloop
  endfacet
  facet normal -0 0 -1
    outer loop
      vertex 13.0079 27.0568 10
      vertex 9.80154 26.8248 10
      vertex 9.96846 27.2278 10
    endloop
  endfacet
  facet normal 0 0 -1
    outer loop
      vertex 9.57596 24.2465 10
      vertex 13.0079 27.0568 10
      vertex 9.67037 23.8206 10
    endloop
  endfacet
  facet normal 0 0 -1
    outer loop
      vertex 13.0079 27.0568 10
      vertex 9.67037 26.4088 10
      vertex 9.80154 26.8248 10
    endloop
  endfacet
  facet normal 0 0 -1
    outer loop
      vertex 9.51903 24.679 10
      vertex 13.0079 27.0568 10
      vertex 9.57596 24.2465 10
    endloop
  endfacet
  facet normal 0 0 -1
    outer loop
      vertex 13.0079 27.0568 10
      vertex 9.57596 25.983 10
      vertex 9.67037 26.4088 10
    endloop
  endfacet
  facet normal 0 0 -1
    outer loop
      vertex 9.5 25.1147 10
      vertex 13.0079 27.0568 10
      vertex 9.51903 24.679 10
    endloop
  endfacet
  facet normal 0 0 -1
    outer loop
      vertex 13.0079 27.0568 10
      vertex 9.51903 25.5505 10
      vertex 9.57596 25.983 10
    endloop
  endfacet
  facet normal 0 0 -1
    outer loop
      vertex 13.0079 27.0568 10
      vertex 9.5 25.1147 10
      vertex 9.51903 25.5505 10
    endloop
  endfacet
  facet normal 0 0 -1
    outer loop
      vertex 14.0642 -30.0957 10
      vertex 13.6817 -28.9276 10
      vertex 14.1682 -30.1003 10
    endloop
  endfacet
  facet normal 0 0 -1
    outer loop
      vertex 13.6318 -30.0388 10
      vertex 13.6817 -28.9276 10
      vertex 14.0642 -30.0957 10
    endloop
  endfacet
  facet normal 0 0 -1
    outer loop
      vertex 13.2059 -29.9444 10
      vertex 13.6817 -28.9276 10
      vertex 13.6318 -30.0388 10
    endloop
  endfacet
  facet normal 0 0 -1
    outer loop
      vertex 12.7899 -29.8132 10
      vertex 13.6817 -28.9276 10
      vertex 13.2059 -29.9444 10
    endloop
  endfacet
  facet normal 0 0 -1
    outer loop
      vertex 12.3869 -29.6463 10
      vertex 13.6817 -28.9276 10
      vertex 12.7899 -29.8132 10
    endloop
  endfacet
  facet normal 0 0 -1
    outer loop
      vertex 12 -29.4449 10
      vertex 13.6817 -28.9276 10
      vertex 12.3869 -29.6463 10
    endloop
  endfacet
  facet normal 0 0 -1
    outer loop
      vertex 19.0624 -25.7026 10
      vertex 19.3296 -26.4088 10
      vertex 19.1985 -26.8248 10
    endloop
  endfacet
  facet normal 0 0 -1
    outer loop
      vertex 19.3296 -26.4088 10
      vertex 19.0624 -25.7026 10
      vertex 19.3807 -26.1785 10
    endloop
  endfacet
  facet normal 0 0 -1
    outer loop
      vertex 19.0315 -27.2278 10
      vertex 19.0624 -25.7026 10
      vertex 19.1985 -26.8248 10
    endloop
  endfacet
  facet normal 0 0 -1
    outer loop
      vertex 16.4513 -27.4473 10
      vertex 19.0315 -27.2278 10
      vertex 18.8301 -27.6147 10
    endloop
  endfacet
  facet normal 0 0 -1
    outer loop
      vertex 16.4513 -27.4473 10
      vertex 18.8301 -27.6147 10
      vertex 18.5958 -27.9826 10
    endloop
  endfacet
  facet normal 0 0 -1
    outer loop
      vertex 16.4513 -27.4473 10
      vertex 18.5958 -27.9826 10
      vertex 18.3302 -28.3287 10
    endloop
  endfacet
  facet normal -0 0 -1
    outer loop
      vertex 19.0315 -27.2278 10
      vertex 16.4513 -27.4473 10
      vertex 19.0624 -25.7026 10
    endloop
  endfacet
  facet normal -0 0 -1
    outer loop
      vertex 19.0624 -25.7026 10
      vertex 16.4513 -27.4473 10
      vertex 18.0658 -24.0383 10
    endloop
  endfacet
  facet normal 0 0 -1
    outer loop
      vertex 16.4513 -27.4473 10
      vertex 18.3302 -28.3287 10
      vertex 18.0355 -28.6503 10
    endloop
  endfacet
  facet normal 0 0 -1
    outer loop
      vertex 18.0364 -23.9992 10
      vertex 19.0315 -23.0016 10
      vertex 19.0875 -23.1366 10
    endloop
  endfacet
  facet normal -0 0 -1
    outer loop
      vertex 19.0315 -23.0016 10
      vertex 18.0364 -23.9992 10
      vertex 18.8301 -22.6147 10
    endloop
  endfacet
  facet normal -0 0 -1
    outer loop
      vertex 18.8301 -22.6147 10
      vertex 18.0364 -23.9992 10
      vertex 18.5958 -22.2469 10
    endloop
  endfacet
  facet normal -0 0 -1
    outer loop
      vertex 18.5958 -22.2469 10
      vertex 18.0364 -23.9992 10
      vertex 18.3302 -21.9008 10
    endloop
  endfacet
  facet normal 0 0 -1
    outer loop
      vertex 18.0364 -23.9992 10
      vertex 18.0355 -21.5792 10
      vertex 18.3302 -21.9008 10
    endloop
  endfacet
  facet normal 0 0 -1
    outer loop
      vertex 15.295 -25.8897 10
      vertex 18.0658 -24.0383 10
      vertex 16.4513 -27.4473 10
    endloop
  endfacet
  facet normal 0 0 -1
    outer loop
      vertex 16.4513 -27.4473 10
      vertex 18.0355 -28.6503 10
      vertex 17.7139 -28.945 10
    endloop
  endfacet
  facet normal -0 0 -1
    outer loop
      vertex 18.0658 -24.0383 10
      vertex 15.295 -25.8897 10
      vertex 18.0364 -23.9992 10
    endloop
  endfacet
  facet normal 0 0 -1
    outer loop
      vertex 16.4513 -27.4473 10
      vertex 17.7139 -28.945 10
      vertex 17.5399 -29.0785 10
    endloop
  endfacet
  facet normal 0 0 -1
    outer loop
      vertex 15.2701 -25.8476 10
      vertex 18.0364 -23.9992 10
      vertex 15.295 -25.8897 10
    endloop
  endfacet
  facet normal 0 -0 -1
    outer loop
      vertex 16.6131 -20.5832 10
      vertex 18.0364 -23.9992 10
      vertex 15.2701 -25.8476 10
    endloop
  endfacet
  facet normal 0 0 -1
    outer loop
      vertex 18.0364 -23.9992 10
      vertex 17.7139 -21.2845 10
      vertex 18.0355 -21.5792 10
    endloop
  endfacet
  facet normal 0 0 -1
    outer loop
      vertex 18.0364 -23.9992 10
      vertex 17.3679 -21.019 10
      vertex 17.7139 -21.2845 10
    endloop
  endfacet
  facet normal 0 0 -1
    outer loop
      vertex 18.0364 -23.9992 10
      vertex 17 -20.7846 10
      vertex 17.3679 -21.019 10
    endloop
  endfacet
  facet normal 0 0 -1
    outer loop
      vertex 18.0364 -23.9992 10
      vertex 16.6131 -20.5832 10
      vertex 17 -20.7846 10
    endloop
  endfacet
  facet normal -0 0 -1
    outer loop
      vertex 16.6131 -20.5832 10
      vertex 15.2701 -25.8476 10
      vertex 16.2101 -20.4163 10
    endloop
  endfacet
  facet normal -0 0 -1
    outer loop
      vertex 16.2101 -20.4163 10
      vertex 15.2701 -25.8476 10
      vertex 15.7941 -20.2851 10
    endloop
  endfacet
  facet normal -0 0 -1
    outer loop
      vertex 15.7941 -20.2851 10
      vertex 15.2701 -25.8476 10
      vertex 15.3682 -20.1907 10
    endloop
  endfacet
  facet normal 0 0 -1
    outer loop
      vertex 15.2701 -25.8476 10
      vertex 14.9358 -20.1338 10
      vertex 15.3682 -20.1907 10
    endloop
  endfacet
  facet normal 0 0 -1
    outer loop
      vertex 15.2701 -25.8476 10
      vertex 14.5 -20.1147 10
      vertex 14.9358 -20.1338 10
    endloop
  endfacet
  facet normal 0 0 -1
    outer loop
      vertex 15.2701 -25.8476 10
      vertex 14.0642 -20.1338 10
      vertex 14.5 -20.1147 10
    endloop
  endfacet
  facet normal 0 0 -1
    outer loop
      vertex 15.2701 -25.8476 10
      vertex 13.6318 -20.1907 10
      vertex 14.0642 -20.1338 10
    endloop
  endfacet
  facet normal 0 0 -1
    outer loop
      vertex 15.2701 -25.8476 10
      vertex 13.2059 -20.2851 10
      vertex 13.6318 -20.1907 10
    endloop
  endfacet
  facet normal 0 0 -1
    outer loop
      vertex 10.4042 -22.2469 10
      vertex 15.2701 -25.8476 10
      vertex 13.0079 -27.0568 10
    endloop
  endfacet
  facet normal -0 0 -1
    outer loop
      vertex 13.6817 -28.9276 10
      vertex 12 -29.4449 10
      vertex 13.0291 -27.1009 10
    endloop
  endfacet
  facet normal 0 0 -1
    outer loop
      vertex 15.2701 -25.8476 10
      vertex 12.7899 -20.4163 10
      vertex 13.2059 -20.2851 10
    endloop
  endfacet
  facet normal 0 0 -1
    outer loop
      vertex 11.6321 -29.2105 10
      vertex 13.0291 -27.1009 10
      vertex 12 -29.4449 10
    endloop
  endfacet
  facet normal 0 0 -1
    outer loop
      vertex 15.2701 -25.8476 10
      vertex 12.3869 -20.5832 10
      vertex 12.7899 -20.4163 10
    endloop
  endfacet
  facet normal 0 0 -1
    outer loop
      vertex 11.2861 -28.945 10
      vertex 13.0291 -27.1009 10
      vertex 11.6321 -29.2105 10
    endloop
  endfacet
  facet normal 0 0 -1
    outer loop
      vertex 15.2701 -25.8476 10
      vertex 12 -20.7846 10
      vertex 12.3869 -20.5832 10
    endloop
  endfacet
  facet normal 0 0 -1
    outer loop
      vertex 10.9645 -28.6503 10
      vertex 13.0291 -27.1009 10
      vertex 11.2861 -28.945 10
    endloop
  endfacet
  facet normal 0 0 -1
    outer loop
      vertex 15.2701 -25.8476 10
      vertex 11.6321 -21.019 10
      vertex 12 -20.7846 10
    endloop
  endfacet
  facet normal -0 0 -1
    outer loop
      vertex 13.0291 -27.1009 10
      vertex 10.9645 -28.6503 10
      vertex 13.0079 -27.0568 10
    endloop
  endfacet
  facet normal 0 0 -1
    outer loop
      vertex 15.2701 -25.8476 10
      vertex 11.2861 -21.2845 10
      vertex 11.6321 -21.019 10
    endloop
  endfacet
  facet normal 0 0 -1
    outer loop
      vertex 10.6698 -28.3287 10
      vertex 13.0079 -27.0568 10
      vertex 10.9645 -28.6503 10
    endloop
  endfacet
  facet normal 0 0 -1
    outer loop
      vertex 15.2701 -25.8476 10
      vertex 10.9645 -21.5792 10
      vertex 11.2861 -21.2845 10
    endloop
  endfacet
  facet normal 0 0 -1
    outer loop
      vertex 10.4042 -27.9826 10
      vertex 13.0079 -27.0568 10
      vertex 10.6698 -28.3287 10
    endloop
  endfacet
  facet normal 0 0 -1
    outer loop
      vertex 15.2701 -25.8476 10
      vertex 10.6698 -21.9008 10
      vertex 10.9645 -21.5792 10
    endloop
  endfacet
  facet normal 0 0 -1
    outer loop
      vertex 10.1699 -27.6147 10
      vertex 13.0079 -27.0568 10
      vertex 10.4042 -27.9826 10
    endloop
  endfacet
  facet normal 0 0 -1
    outer loop
      vertex 15.2701 -25.8476 10
      vertex 10.4042 -22.2469 10
      vertex 10.6698 -21.9008 10
    endloop
  endfacet
  facet normal 0 0 -1
    outer loop
      vertex 9.96846 -27.2278 10
      vertex 13.0079 -27.0568 10
      vertex 10.1699 -27.6147 10
    endloop
  endfacet
  facet normal 0 0 -1
    outer loop
      vertex 13.0079 -27.0568 10
      vertex 10.1699 -22.6147 10
      vertex 10.4042 -22.2469 10
    endloop
  endfacet
  facet normal 0 0 -1
    outer loop
      vertex 9.80154 -26.8248 10
      vertex 13.0079 -27.0568 10
      vertex 9.96846 -27.2278 10
    endloop
  endfacet
  facet normal 0 0 -1
    outer loop
      vertex 13.0079 -27.0568 10
      vertex 9.96846 -23.0016 10
      vertex 10.1699 -22.6147 10
    endloop
  endfacet
  facet normal 0 0 -1
    outer loop
      vertex 9.67037 -26.4088 10
      vertex 13.0079 -27.0568 10
      vertex 9.80154 -26.8248 10
    endloop
  endfacet
  facet normal 0 0 -1
    outer loop
      vertex 13.0079 -27.0568 10
      vertex 9.80154 -23.4046 10
      vertex 9.96846 -23.0016 10
    endloop
  endfacet
  facet normal 0 0 -1
    outer loop
      vertex 9.57596 -25.983 10
      vertex 13.0079 -27.0568 10
      vertex 9.67037 -26.4088 10
    endloop
  endfacet
  facet normal 0 0 -1
    outer loop
      vertex 13.0079 -27.0568 10
      vertex 9.67037 -23.8206 10
      vertex 9.80154 -23.4046 10
    endloop
  endfacet
  facet normal 0 0 -1
    outer loop
      vertex 9.51903 -25.5505 10
      vertex 13.0079 -27.0568 10
      vertex 9.57596 -25.983 10
    endloop
  endfacet
  facet normal 0 0 -1
    outer loop
      vertex 13.0079 -27.0568 10
      vertex 9.57596 -24.2465 10
      vertex 9.67037 -23.8206 10
    endloop
  endfacet
  facet normal 0 0 -1
    outer loop
      vertex 9.5 -25.1147 10
      vertex 13.0079 -27.0568 10
      vertex 9.51903 -25.5505 10
    endloop
  endfacet
  facet normal 0 0 -1
    outer loop
      vertex 13.0079 -27.0568 10
      vertex 9.51903 -24.679 10
      vertex 9.57596 -24.2465 10
    endloop
  endfacet
  facet normal 0 0 -1
    outer loop
      vertex 13.0079 -27.0568 10
      vertex 9.5 -25.1147 10
      vertex 9.51903 -24.679 10
    endloop
  endfacet
  facet normal 0 0 -1
    outer loop
      vertex 29.7721 -4.22316 10
      vertex 30.7101 -4.69846 10
      vertex 30.2941 -4.82963 10
    endloop
  endfacet
  facet normal 0 0 -1
    outer loop
      vertex 29.7721 -4.22316 10
      vertex 30.2941 -4.82963 10
      vertex 29.8682 -4.92404 10
    endloop
  endfacet
  facet normal 0 0 -1
    outer loop
      vertex 30.7101 -4.69846 10
      vertex 29.7721 -4.22316 10
      vertex 31.0707 -4.54908 10
    endloop
  endfacet
  facet normal 0 0 -1
    outer loop
      vertex 29.8682 -4.92404 10
      vertex 29.7237 -4.21629 10
      vertex 29.7721 -4.22316 10
    endloop
  endfacet
  facet normal 0 0 -1
    outer loop
      vertex 28.1318 -4.92404 10
      vertex 29.7237 -4.21629 10
      vertex 28.5642 -4.98097 10
    endloop
  endfacet
  facet normal 0 0 -1
    outer loop
      vertex 29.4358 -4.98097 10
      vertex 29.7237 -4.21629 10
      vertex 29.8682 -4.92404 10
    endloop
  endfacet
  facet normal 0 0 -1
    outer loop
      vertex 31.9614 -1.57016 10
      vertex 33.9637 -0.567217 10
      vertex 33.924 -0.86824 10
    endloop
  endfacet
  facet normal -0 0 -1
    outer loop
      vertex 33.9637 -0.567217 10
      vertex 31.9614 -1.57016 10
      vertex 33.9637 0.567217 10
    endloop
  endfacet
  facet normal 0 0 -1
    outer loop
      vertex 31.9614 -1.57016 10
      vertex 33.924 -0.86824 10
      vertex 33.8296 -1.2941 10
    endloop
  endfacet
  facet normal 0 0 -1
    outer loop
      vertex 31.9614 1.57016 10
      vertex 33.9637 0.567217 10
      vertex 31.9614 -1.57016 10
    endloop
  endfacet
  facet normal 0 0 -1
    outer loop
      vertex 31.9614 -1.57016 10
      vertex 33.8296 -1.2941 10
      vertex 33.7423 -1.57112 10
    endloop
  endfacet
  facet normal 0 0 -1
    outer loop
      vertex 33.9637 0.567217 10
      vertex 31.9614 1.57016 10
      vertex 33.924 0.86824 10
    endloop
  endfacet
  facet normal 0 0 -1
    outer loop
      vertex 33.924 0.86824 10
      vertex 31.9614 1.57016 10
      vertex 33.8296 1.2941 10
    endloop
  endfacet
  facet normal 0 0 -1
    outer loop
      vertex 33.8296 1.2941 10
      vertex 31.9614 1.57016 10
      vertex 33.7423 1.57112 10
    endloop
  endfacet
  facet normal 0 0 -1
    outer loop
      vertex 30.024 -1.66623 10
      vertex 31.9614 1.57016 10
      vertex 31.9614 -1.57016 10
    endloop
  endfacet
  facet normal 0 0 -1
    outer loop
      vertex 30.024 -1.66623 10
      vertex 30.024 1.66623 10
      vertex 31.9614 1.57016 10
    endloop
  endfacet
  facet normal 0 0 -1
    outer loop
      vertex 29.9751 -1.66351 10
      vertex 30.024 1.66623 10
      vertex 30.024 -1.66623 10
    endloop
  endfacet
  facet normal 0 0 -1
    outer loop
      vertex 29.9751 -1.66351 10
      vertex 29.9751 1.66351 10
      vertex 30.024 1.66623 10
    endloop
  endfacet
  facet normal 0 0 -1
    outer loop
      vertex 29 -5 10
      vertex 29.7237 -4.21629 10
      vertex 29.4358 -4.98097 10
    endloop
  endfacet
  facet normal 0 0 -1
    outer loop
      vertex 28.5642 -4.98097 10
      vertex 29.7237 -4.21629 10
      vertex 29 -5 10
    endloop
  endfacet
  facet normal 0 0 -1
    outer loop
      vertex 29.7721 4.22316 10
      vertex 30.7101 4.69846 10
      vertex 31.0707 4.54908 10
    endloop
  endfacet
  facet normal -0 0 -1
    outer loop
      vertex 30.7101 4.69846 10
      vertex 29.7721 4.22316 10
      vertex 30.2941 4.82963 10
    endloop
  endfacet
  facet normal -0 0 -1
    outer loop
      vertex 30.2941 4.82963 10
      vertex 29.7721 4.22316 10
      vertex 29.8682 4.92404 10
    endloop
  endfacet
  facet normal 0 0 -1
    outer loop
      vertex 29.7237 4.21629 10
      vertex 29.8682 4.92404 10
      vertex 29.7721 4.22316 10
    endloop
  endfacet
  facet normal 0 0 -1
    outer loop
      vertex 29.7237 4.21629 10
      vertex 29.4358 4.98097 10
      vertex 29.8682 4.92404 10
    endloop
  endfacet
  facet normal 0 0 -1
    outer loop
      vertex 27.7059 -4.82963 10
      vertex 29.7237 -4.21629 10
      vertex 28.1318 -4.92404 10
    endloop
  endfacet
  facet normal -0 0 -1
    outer loop
      vertex 29.7237 -4.21629 10
      vertex 27.7059 -4.82963 10
      vertex 29.9751 -1.66351 10
    endloop
  endfacet
  facet normal 0 0 -1
    outer loop
      vertex 29.7237 4.21629 10
      vertex 29 5 10
      vertex 29.4358 4.98097 10
    endloop
  endfacet
  facet normal 0 0 -1
    outer loop
      vertex 27.2899 -4.69846 10
      vertex 29.9751 -1.66351 10
      vertex 27.7059 -4.82963 10
    endloop
  endfacet
  facet normal 0 0 -1
    outer loop
      vertex 29.7237 4.21629 10
      vertex 28.5642 4.98097 10
      vertex 29 5 10
    endloop
  endfacet
  facet normal 0 0 -1
    outer loop
      vertex 26.8869 -4.53154 10
      vertex 29.9751 -1.66351 10
      vertex 27.2899 -4.69846 10
    endloop
  endfacet
  facet normal 0 0 -1
    outer loop
      vertex 29.7237 4.21629 10
      vertex 28.1318 4.92404 10
      vertex 28.5642 4.98097 10
    endloop
  endfacet
  facet normal 0 0 -1
    outer loop
      vertex 26.5 -4.33013 10
      vertex 29.9751 -1.66351 10
      vertex 26.8869 -4.53154 10
    endloop
  endfacet
  facet normal 0 0 -1
    outer loop
      vertex 29.7237 4.21629 10
      vertex 27.7059 4.82963 10
      vertex 28.1318 4.92404 10
    endloop
  endfacet
  facet normal 0 0 -1
    outer loop
      vertex 26.1321 -4.09576 10
      vertex 29.9751 -1.66351 10
      vertex 26.5 -4.33013 10
    endloop
  endfacet
  facet normal 0 0 -1
    outer loop
      vertex 29.9751 1.66351 10
      vertex 27.7059 4.82963 10
      vertex 29.7237 4.21629 10
    endloop
  endfacet
  facet normal 0 0 -1
    outer loop
      vertex 25.7861 -3.83022 10
      vertex 29.9751 -1.66351 10
      vertex 26.1321 -4.09576 10
    endloop
  endfacet
  facet normal 0 -0 -1
    outer loop
      vertex 27.7059 4.82963 10
      vertex 29.9751 1.66351 10
      vertex 27.2899 4.69846 10
    endloop
  endfacet
  facet normal 0 0 -1
    outer loop
      vertex 25.4645 -3.53553 10
      vertex 29.9751 -1.66351 10
      vertex 25.7861 -3.83022 10
    endloop
  endfacet
  facet normal 0 -0 -1
    outer loop
      vertex 27.2899 4.69846 10
      vertex 29.9751 1.66351 10
      vertex 26.8869 4.53154 10
    endloop
  endfacet
  facet normal 0 0 -1
    outer loop
      vertex 25.1698 -3.21394 10
      vertex 29.9751 -1.66351 10
      vertex 25.4645 -3.53553 10
    endloop
  endfacet
  facet normal 0 -0 -1
    outer loop
      vertex 26.8869 4.53154 10
      vertex 29.9751 1.66351 10
      vertex 26.5 4.33013 10
    endloop
  endfacet
  facet normal 0 0 -1
    outer loop
      vertex 24.9042 -2.86788 10
      vertex 29.9751 -1.66351 10
      vertex 25.1698 -3.21394 10
    endloop
  endfacet
  facet normal 0 -0 -1
    outer loop
      vertex 26.5 4.33013 10
      vertex 29.9751 1.66351 10
      vertex 26.1321 4.09576 10
    endloop
  endfacet
  facet normal 0 0 -1
    outer loop
      vertex 24.6699 -2.5 10
      vertex 29.9751 -1.66351 10
      vertex 24.9042 -2.86788 10
    endloop
  endfacet
  facet normal 0 -0 -1
    outer loop
      vertex 26.1321 4.09576 10
      vertex 29.9751 1.66351 10
      vertex 25.7861 3.83022 10
    endloop
  endfacet
  facet normal 0 0 -1
    outer loop
      vertex 24.4685 -2.11309 10
      vertex 29.9751 -1.66351 10
      vertex 24.6699 -2.5 10
    endloop
  endfacet
  facet normal 0 -0 -1
    outer loop
      vertex 25.7861 3.83022 10
      vertex 29.9751 1.66351 10
      vertex 25.4645 3.53553 10
    endloop
  endfacet
  facet normal 0 0 -1
    outer loop
      vertex 24.3015 -1.7101 10
      vertex 29.9751 -1.66351 10
      vertex 24.4685 -2.11309 10
    endloop
  endfacet
  facet normal 0 -0 -1
    outer loop
      vertex 25.4645 3.53553 10
      vertex 29.9751 1.66351 10
      vertex 25.1698 3.21394 10
    endloop
  endfacet
  facet normal 0 0 -1
    outer loop
      vertex 24.1704 -1.2941 10
      vertex 29.9751 -1.66351 10
      vertex 24.3015 -1.7101 10
    endloop
  endfacet
  facet normal 0 -0 -1
    outer loop
      vertex 25.1698 3.21394 10
      vertex 29.9751 1.66351 10
      vertex 24.9042 2.86788 10
    endloop
  endfacet
  facet normal 0 0 -1
    outer loop
      vertex 24.076 -0.86824 10
      vertex 29.9751 -1.66351 10
      vertex 24.1704 -1.2941 10
    endloop
  endfacet
  facet normal 0 -0 -1
    outer loop
      vertex 24.9042 2.86788 10
      vertex 29.9751 1.66351 10
      vertex 24.6699 2.5 10
    endloop
  endfacet
  facet normal 0 0 -1
    outer loop
      vertex 24.019 -0.435779 10
      vertex 29.9751 -1.66351 10
      vertex 24.076 -0.86824 10
    endloop
  endfacet
  facet normal 0 -0 -1
    outer loop
      vertex 24.6699 2.5 10
      vertex 29.9751 1.66351 10
      vertex 24.4685 2.11309 10
    endloop
  endfacet
  facet normal 0 0 -1
    outer loop
      vertex 24 0 10
      vertex 29.9751 -1.66351 10
      vertex 24.019 -0.435779 10
    endloop
  endfacet
  facet normal 0 -0 -1
    outer loop
      vertex 24.4685 2.11309 10
      vertex 29.9751 1.66351 10
      vertex 24.3015 1.7101 10
    endloop
  endfacet
  facet normal 0 0 -1
    outer loop
      vertex 29.9751 -1.66351 10
      vertex 24 0 10
      vertex 29.9751 1.66351 10
    endloop
  endfacet
  facet normal 0 -0 -1
    outer loop
      vertex 24.3015 1.7101 10
      vertex 29.9751 1.66351 10
      vertex 24.1704 1.2941 10
    endloop
  endfacet
  facet normal 0 -0 -1
    outer loop
      vertex 24.019 0.435779 10
      vertex 29.9751 1.66351 10
      vertex 24 0 10
    endloop
  endfacet
  facet normal 0 -0 -1
    outer loop
      vertex 24.1704 1.2941 10
      vertex 29.9751 1.66351 10
      vertex 24.076 0.86824 10
    endloop
  endfacet
  facet normal 0 -0 -1
    outer loop
      vertex 24.076 0.86824 10
      vertex 29.9751 1.66351 10
      vertex 24.019 0.435779 10
    endloop
  endfacet
  facet normal 0 0 -1
    outer loop
      vertex -13.0079 27.0568 10
      vertex -9.5 25.1147 10
      vertex -9.51903 24.679 10
    endloop
  endfacet
  facet normal 0 0 -1
    outer loop
      vertex -13.0079 27.0568 10
      vertex -9.51903 24.679 10
      vertex -9.57596 24.2465 10
    endloop
  endfacet
  facet normal 0 0 -1
    outer loop
      vertex -9.5 25.1147 10
      vertex -13.0079 27.0568 10
      vertex -9.51903 25.5505 10
    endloop
  endfacet
  facet normal 0 0 -1
    outer loop
      vertex -13.0079 27.0568 10
      vertex -9.57596 24.2465 10
      vertex -9.67037 23.8206 10
    endloop
  endfacet
  facet normal 0 0 -1
    outer loop
      vertex -9.51903 25.5505 10
      vertex -13.0079 27.0568 10
      vertex -9.57596 25.983 10
    endloop
  endfacet
  facet normal 0 0 -1
    outer loop
      vertex -13.0079 27.0568 10
      vertex -9.67037 23.8206 10
      vertex -9.80154 23.4046 10
    endloop
  endfacet
  facet normal 0 0 -1
    outer loop
      vertex -9.57596 25.983 10
      vertex -13.0079 27.0568 10
      vertex -9.67037 26.4088 10
    endloop
  endfacet
  facet normal 0 0 -1
    outer loop
      vertex -13.0079 27.0568 10
      vertex -9.80154 23.4046 10
      vertex -9.96846 23.0016 10
    endloop
  endfacet
  facet normal 0 0 -1
    outer loop
      vertex -9.67037 26.4088 10
      vertex -13.0079 27.0568 10
      vertex -9.80154 26.8248 10
    endloop
  endfacet
  facet normal 0 0 -1
    outer loop
      vertex -13.0079 27.0568 10
      vertex -9.96846 23.0016 10
      vertex -10.1699 22.6147 10
    endloop
  endfacet
  facet normal 0 0 -1
    outer loop
      vertex -9.80154 26.8248 10
      vertex -13.0079 27.0568 10
      vertex -9.96846 27.2278 10
    endloop
  endfacet
  facet normal 0 0 -1
    outer loop
      vertex -13.0079 27.0568 10
      vertex -10.1699 22.6147 10
      vertex -10.4042 22.2469 10
    endloop
  endfacet
  facet normal -0 0 -1
    outer loop
      vertex -9.96846 27.2278 10
      vertex -13.0079 27.0568 10
      vertex -10.1699 27.6147 10
    endloop
  endfacet
  facet normal 0 0 -1
    outer loop
      vertex -15.2701 25.8476 10
      vertex -10.4042 22.2469 10
      vertex -10.6698 21.9008 10
    endloop
  endfacet
  facet normal -0 0 -1
    outer loop
      vertex -10.1699 27.6147 10
      vertex -13.0079 27.0568 10
      vertex -10.4042 27.9826 10
    endloop
  endfacet
  facet normal 0 0 -1
    outer loop
      vertex -15.2701 25.8476 10
      vertex -10.6698 21.9008 10
      vertex -10.9645 21.5792 10
    endloop
  endfacet
  facet normal -0 0 -1
    outer loop
      vertex -10.4042 27.9826 10
      vertex -13.0079 27.0568 10
      vertex -10.6698 28.3287 10
    endloop
  endfacet
  facet normal 0 0 -1
    outer loop
      vertex -15.2701 25.8476 10
      vertex -10.9645 21.5792 10
      vertex -11.2861 21.2845 10
    endloop
  endfacet
  facet normal -0 0 -1
    outer loop
      vertex -10.6698 28.3287 10
      vertex -13.0079 27.0568 10
      vertex -10.9645 28.6503 10
    endloop
  endfacet
  facet normal 0 0 -1
    outer loop
      vertex -15.2701 25.8476 10
      vertex -11.2861 21.2845 10
      vertex -11.6321 21.019 10
    endloop
  endfacet
  facet normal 0 0 -1
    outer loop
      vertex -13.0291 27.1009 10
      vertex -10.9645 28.6503 10
      vertex -13.0079 27.0568 10
    endloop
  endfacet
  facet normal 0 0 -1
    outer loop
      vertex -15.2701 25.8476 10
      vertex -11.6321 21.019 10
      vertex -12 20.7846 10
    endloop
  endfacet
  facet normal -0 0 -1
    outer loop
      vertex -10.9645 28.6503 10
      vertex -13.0291 27.1009 10
      vertex -11.2861 28.945 10
    endloop
  endfacet
  facet normal 0 0 -1
    outer loop
      vertex -15.2701 25.8476 10
      vertex -12 20.7846 10
      vertex -12.3869 20.5832 10
    endloop
  endfacet
  facet normal -0 0 -1
    outer loop
      vertex -11.2861 28.945 10
      vertex -13.0291 27.1009 10
      vertex -11.6321 29.2105 10
    endloop
  endfacet
  facet normal 0 0 -1
    outer loop
      vertex -15.2701 25.8476 10
      vertex -12.3869 20.5832 10
      vertex -12.7899 20.4163 10
    endloop
  endfacet
  facet normal -0 0 -1
    outer loop
      vertex -11.6321 29.2105 10
      vertex -13.0291 27.1009 10
      vertex -12 29.4449 10
    endloop
  endfacet
  facet normal 0 0 -1
    outer loop
      vertex -13.6817 28.9276 10
      vertex -12 29.4449 10
      vertex -13.0291 27.1009 10
    endloop
  endfacet
  facet normal 0 0 -1
    outer loop
      vertex -15.2701 25.8476 10
      vertex -12.7899 20.4163 10
      vertex -13.2059 20.2851 10
    endloop
  endfacet
  facet normal 0 0 -1
    outer loop
      vertex -15.2701 25.8476 10
      vertex -13.2059 20.2851 10
      vertex -13.6318 20.1907 10
    endloop
  endfacet
  facet normal 0 0 -1
    outer loop
      vertex -15.2701 25.8476 10
      vertex -13.6318 20.1907 10
      vertex -14.0642 20.1338 10
    endloop
  endfacet
  facet normal 0 0 -1
    outer loop
      vertex -15.2701 25.8476 10
      vertex -14.0642 20.1338 10
      vertex -14.5 20.1147 10
    endloop
  endfacet
  facet normal 0 0 -1
    outer loop
      vertex -15.2701 25.8476 10
      vertex -14.5 20.1147 10
      vertex -14.9358 20.1338 10
    endloop
  endfacet
  facet normal 0 0 -1
    outer loop
      vertex -10.4042 22.2469 10
      vertex -15.2701 25.8476 10
      vertex -13.0079 27.0568 10
    endloop
  endfacet
  facet normal 0 0 -1
    outer loop
      vertex -15.3682 20.1907 10
      vertex -15.2701 25.8476 10
      vertex -14.9358 20.1338 10
    endloop
  endfacet
  facet normal 0 0 -1
    outer loop
      vertex -15.7941 20.2851 10
      vertex -15.2701 25.8476 10
      vertex -15.3682 20.1907 10
    endloop
  endfacet
  facet normal 0 0 -1
    outer loop
      vertex -16.2101 20.4163 10
      vertex -15.2701 25.8476 10
      vertex -15.7941 20.2851 10
    endloop
  endfacet
  facet normal 0 0 -1
    outer loop
      vertex -16.6131 20.5832 10
      vertex -15.2701 25.8476 10
      vertex -16.2101 20.4163 10
    endloop
  endfacet
  facet normal 0 0 -1
    outer loop
      vertex -18.0364 23.9992 10
      vertex -15.2701 25.8476 10
      vertex -16.6131 20.5832 10
    endloop
  endfacet
  facet normal -0 0 -1
    outer loop
      vertex -15.2701 25.8476 10
      vertex -18.0364 23.9992 10
      vertex -15.295 25.8897 10
    endloop
  endfacet
  facet normal 0 0 -1
    outer loop
      vertex -18.0364 23.9992 10
      vertex -16.6131 20.5832 10
      vertex -17 20.7846 10
    endloop
  endfacet
  facet normal 0 0 -1
    outer loop
      vertex -18.0364 23.9992 10
      vertex -17 20.7846 10
      vertex -17.3679 21.019 10
    endloop
  endfacet
  facet normal 0 0 -1
    outer loop
      vertex -18.0658 24.0383 10
      vertex -15.295 25.8897 10
      vertex -18.0364 23.9992 10
    endloop
  endfacet
  facet normal 0 0 -1
    outer loop
      vertex -18.0364 23.9992 10
      vertex -17.3679 21.019 10
      vertex -17.7139 21.2845 10
    endloop
  endfacet
  facet normal -0 0 -1
    outer loop
      vertex -15.295 25.8897 10
      vertex -18.0658 24.0383 10
      vertex -16.4513 27.4473 10
    endloop
  endfacet
  facet normal 0 0 -1
    outer loop
      vertex -18.0364 23.9992 10
      vertex -17.7139 21.2845 10
      vertex -18.0355 21.5792 10
    endloop
  endfacet
  facet normal 0 0 -1
    outer loop
      vertex -19.0624 25.7026 10
      vertex -16.4513 27.4473 10
      vertex -18.0658 24.0383 10
    endloop
  endfacet
  facet normal 0 0 -1
    outer loop
      vertex -16.4513 27.4473 10
      vertex -17.7139 28.945 10
      vertex -17.5399 29.0785 10
    endloop
  endfacet
  facet normal 0 0 -1
    outer loop
      vertex -18.3302 21.9008 10
      vertex -18.0364 23.9992 10
      vertex -18.0355 21.5792 10
    endloop
  endfacet
  facet normal 0 0 -1
    outer loop
      vertex -18.5958 22.2469 10
      vertex -18.0364 23.9992 10
      vertex -18.3302 21.9008 10
    endloop
  endfacet
  facet normal 0 0 -1
    outer loop
      vertex -18.8301 22.6147 10
      vertex -18.0364 23.9992 10
      vertex -18.5958 22.2469 10
    endloop
  endfacet
  facet normal 0 0 -1
    outer loop
      vertex -19.0315 23.0016 10
      vertex -18.0364 23.9992 10
      vertex -18.8301 22.6147 10
    endloop
  endfacet
  facet normal 0 0 -1
    outer loop
      vertex -18.0364 23.9992 10
      vertex -19.0315 23.0016 10
      vertex -19.0875 23.1366 10
    endloop
  endfacet
  facet normal -0 0 -1
    outer loop
      vertex -12 29.4449 10
      vertex -13.6817 28.9276 10
      vertex -12.3869 29.6463 10
    endloop
  endfacet
  facet normal -0 0 -1
    outer loop
      vertex -12.3869 29.6463 10
      vertex -13.6817 28.9276 10
      vertex -12.7899 29.8132 10
    endloop
  endfacet
  facet normal -0 0 -1
    outer loop
      vertex -12.7899 29.8132 10
      vertex -13.6817 28.9276 10
      vertex -13.2059 29.9444 10
    endloop
  endfacet
  facet normal -0 0 -1
    outer loop
      vertex -13.2059 29.9444 10
      vertex -13.6817 28.9276 10
      vertex -13.6318 30.0388 10
    endloop
  endfacet
  facet normal 0 0 -1
    outer loop
      vertex -13.6817 28.9276 10
      vertex -14.0642 30.0957 10
      vertex -13.6318 30.0388 10
    endloop
  endfacet
  facet normal -0 -0 -1
    outer loop
      vertex -14.0642 30.0957 10
      vertex -13.6817 28.9276 10
      vertex -14.1682 30.1003 10
    endloop
  endfacet
  facet normal 0 0 -1
    outer loop
      vertex -16.4513 27.4473 10
      vertex -18.0355 28.6503 10
      vertex -17.7139 28.945 10
    endloop
  endfacet
  facet normal 0 0 -1
    outer loop
      vertex -16.4513 27.4473 10
      vertex -18.3302 28.3287 10
      vertex -18.0355 28.6503 10
    endloop
  endfacet
  facet normal 0 0 -1
    outer loop
      vertex -16.4513 27.4473 10
      vertex -18.5958 27.9826 10
      vertex -18.3302 28.3287 10
    endloop
  endfacet
  facet normal 0 -0 -1
    outer loop
      vertex -19.0315 27.2278 10
      vertex -16.4513 27.4473 10
      vertex -19.0624 25.7026 10
    endloop
  endfacet
  facet normal 0 0 -1
    outer loop
      vertex -16.4513 27.4473 10
      vertex -18.8301 27.6147 10
      vertex -18.5958 27.9826 10
    endloop
  endfacet
  facet normal -0 0 -1
    outer loop
      vertex -16.4513 27.4473 10
      vertex -19.0315 27.2278 10
      vertex -18.8301 27.6147 10
    endloop
  endfacet
  facet normal 0 0 -1
    outer loop
      vertex -19.0624 25.7026 10
      vertex -19.1985 26.8248 10
      vertex -19.0315 27.2278 10
    endloop
  endfacet
  facet normal 0 0 -1
    outer loop
      vertex -19.0624 25.7026 10
      vertex -19.3296 26.4088 10
      vertex -19.1985 26.8248 10
    endloop
  endfacet
  facet normal 0 -0 -1
    outer loop
      vertex -19.3296 26.4088 10
      vertex -19.0624 25.7026 10
      vertex -19.3807 26.1785 10
    endloop
  endfacet
  facet normal -0 0 -1
    outer loop
      vertex -25.4645 3.53553 10
      vertex -29.9751 1.66351 10
      vertex -25.7861 3.83022 10
    endloop
  endfacet
  facet normal -0 0 -1
    outer loop
      vertex -25.7861 3.83022 10
      vertex -29.9751 1.66351 10
      vertex -29.7237 4.21629 10
    endloop
  endfacet
  facet normal 0 0 -1
    outer loop
      vertex -30.024 -1.66623 10
      vertex -29.9751 1.66351 10
      vertex -29.9751 -1.66351 10
    endloop
  endfacet
  facet normal 0 0 -1
    outer loop
      vertex -30.024 -1.66623 10
      vertex -30.024 1.66623 10
      vertex -29.9751 1.66351 10
    endloop
  endfacet
  facet normal 0 0 -1
    outer loop
      vertex -31.9614 -1.57016 10
      vertex -30.024 1.66623 10
      vertex -30.024 -1.66623 10
    endloop
  endfacet
  facet normal 0 0 -1
    outer loop
      vertex -31.9614 -1.57016 10
      vertex -31.9614 1.57016 10
      vertex -30.024 1.66623 10
    endloop
  endfacet
  facet normal 0 0 -1
    outer loop
      vertex -33.8296 -1.2941 10
      vertex -31.9614 -1.57016 10
      vertex -33.7423 -1.57112 10
    endloop
  endfacet
  facet normal 0 0 -1
    outer loop
      vertex -33.924 -0.86824 10
      vertex -31.9614 -1.57016 10
      vertex -33.8296 -1.2941 10
    endloop
  endfacet
  facet normal 0 0 -1
    outer loop
      vertex -33.9637 -0.567217 10
      vertex -31.9614 -1.57016 10
      vertex -33.924 -0.86824 10
    endloop
  endfacet
  facet normal 0 0 -1
    outer loop
      vertex -33.9637 0.567217 10
      vertex -31.9614 1.57016 10
      vertex -33.9637 -0.567217 10
    endloop
  endfacet
  facet normal 0 0 -1
    outer loop
      vertex -31.9614 -1.57016 10
      vertex -33.9637 -0.567217 10
      vertex -31.9614 1.57016 10
    endloop
  endfacet
  facet normal 0 -0 -1
    outer loop
      vertex -33.924 0.86824 10
      vertex -31.9614 1.57016 10
      vertex -33.9637 0.567217 10
    endloop
  endfacet
  facet normal -0 0 -1
    outer loop
      vertex -31.9614 1.57016 10
      vertex -33.8296 1.2941 10
      vertex -33.7423 1.57112 10
    endloop
  endfacet
  facet normal 0 0 -1
    outer loop
      vertex -31.9614 1.57016 10
      vertex -33.924 0.86824 10
      vertex -33.8296 1.2941 10
    endloop
  endfacet
  facet normal -0 0 -1
    outer loop
      vertex -24.076 -0.86824 10
      vertex -29.9751 -1.66351 10
      vertex -24.019 -0.435779 10
    endloop
  endfacet
  facet normal -0 0 -1
    outer loop
      vertex -24.1704 -1.2941 10
      vertex -29.9751 -1.66351 10
      vertex -24.076 -0.86824 10
    endloop
  endfacet
  facet normal -0 0 -1
    outer loop
      vertex -24.019 -0.435779 10
      vertex -29.9751 -1.66351 10
      vertex -24 0 10
    endloop
  endfacet
  facet normal 0 0 -1
    outer loop
      vertex -24.3015 -1.7101 10
      vertex -29.9751 -1.66351 10
      vertex -24.1704 -1.2941 10
    endloop
  endfacet
  facet normal 0 0 -1
    outer loop
      vertex -29.9751 1.66351 10
      vertex -24 0 10
      vertex -29.9751 -1.66351 10
    endloop
  endfacet
  facet normal 0 0 -1
    outer loop
      vertex -24.4685 -2.11309 10
      vertex -29.9751 -1.66351 10
      vertex -24.3015 -1.7101 10
    endloop
  endfacet
  facet normal 0 0 -1
    outer loop
      vertex -24 0 10
      vertex -29.9751 1.66351 10
      vertex -24.019 0.435779 10
    endloop
  endfacet
  facet normal 0 0 -1
    outer loop
      vertex -24.6699 -2.5 10
      vertex -29.9751 -1.66351 10
      vertex -24.4685 -2.11309 10
    endloop
  endfacet
  facet normal 0 0 -1
    outer loop
      vertex -24.019 0.435779 10
      vertex -29.9751 1.66351 10
      vertex -24.076 0.86824 10
    endloop
  endfacet
  facet normal 0 0 -1
    outer loop
      vertex -24.9042 -2.86788 10
      vertex -29.9751 -1.66351 10
      vertex -24.6699 -2.5 10
    endloop
  endfacet
  facet normal 0 0 -1
    outer loop
      vertex -24.076 0.86824 10
      vertex -29.9751 1.66351 10
      vertex -24.1704 1.2941 10
    endloop
  endfacet
  facet normal 0 0 -1
    outer loop
      vertex -25.1698 -3.21394 10
      vertex -29.9751 -1.66351 10
      vertex -24.9042 -2.86788 10
    endloop
  endfacet
  facet normal 0 0 -1
    outer loop
      vertex -24.1704 1.2941 10
      vertex -29.9751 1.66351 10
      vertex -24.3015 1.7101 10
    endloop
  endfacet
  facet normal 0 0 -1
    outer loop
      vertex -25.4645 -3.53553 10
      vertex -29.9751 -1.66351 10
      vertex -25.1698 -3.21394 10
    endloop
  endfacet
  facet normal -0 0 -1
    outer loop
      vertex -24.3015 1.7101 10
      vertex -29.9751 1.66351 10
      vertex -24.4685 2.11309 10
    endloop
  endfacet
  facet normal 0 0 -1
    outer loop
      vertex -25.7861 -3.83022 10
      vertex -29.9751 -1.66351 10
      vertex -25.4645 -3.53553 10
    endloop
  endfacet
  facet normal -0 0 -1
    outer loop
      vertex -24.4685 2.11309 10
      vertex -29.9751 1.66351 10
      vertex -24.6699 2.5 10
    endloop
  endfacet
  facet normal 0 0 -1
    outer loop
      vertex -26.1321 -4.09576 10
      vertex -29.9751 -1.66351 10
      vertex -25.7861 -3.83022 10
    endloop
  endfacet
  facet normal -0 0 -1
    outer loop
      vertex -24.6699 2.5 10
      vertex -29.9751 1.66351 10
      vertex -24.9042 2.86788 10
    endloop
  endfacet
  facet normal 0 0 -1
    outer loop
      vertex -26.5 -4.33013 10
      vertex -29.9751 -1.66351 10
      vertex -26.1321 -4.09576 10
    endloop
  endfacet
  facet normal -0 0 -1
    outer loop
      vertex -24.9042 2.86788 10
      vertex -29.9751 1.66351 10
      vertex -25.1698 3.21394 10
    endloop
  endfacet
  facet normal 0 0 -1
    outer loop
      vertex -26.8869 -4.53154 10
      vertex -29.9751 -1.66351 10
      vertex -26.5 -4.33013 10
    endloop
  endfacet
  facet normal -0 0 -1
    outer loop
      vertex -25.1698 3.21394 10
      vertex -29.9751 1.66351 10
      vertex -25.4645 3.53553 10
    endloop
  endfacet
  facet normal 0 0 -1
    outer loop
      vertex -27.2899 -4.69846 10
      vertex -29.9751 -1.66351 10
      vertex -26.8869 -4.53154 10
    endloop
  endfacet
  facet normal 0 0 -1
    outer loop
      vertex -25.7861 3.83022 10
      vertex -29.7237 4.21629 10
      vertex -26.1321 4.09576 10
    endloop
  endfacet
  facet normal 0 0 -1
    outer loop
      vertex -27.7059 -4.82963 10
      vertex -29.9751 -1.66351 10
      vertex -27.2899 -4.69846 10
    endloop
  endfacet
  facet normal 0 0 -1
    outer loop
      vertex -26.1321 4.09576 10
      vertex -29.7237 4.21629 10
      vertex -26.5 4.33013 10
    endloop
  endfacet
  facet normal 0 0 -1
    outer loop
      vertex -29.9751 -1.66351 10
      vertex -27.7059 -4.82963 10
      vertex -29.7237 -4.21629 10
    endloop
  endfacet
  facet normal -0 0 -1
    outer loop
      vertex -26.5 4.33013 10
      vertex -29.7237 4.21629 10
      vertex -26.8869 4.53154 10
    endloop
  endfacet
  facet normal 0 0 -1
    outer loop
      vertex -29.7237 -4.21629 10
      vertex -27.7059 -4.82963 10
      vertex -28.1318 -4.92404 10
    endloop
  endfacet
  facet normal -0 0 -1
    outer loop
      vertex -26.8869 4.53154 10
      vertex -29.7237 4.21629 10
      vertex -27.2899 4.69846 10
    endloop
  endfacet
  facet normal 0 0 -1
    outer loop
      vertex -29.7237 -4.21629 10
      vertex -28.1318 -4.92404 10
      vertex -28.5642 -4.98097 10
    endloop
  endfacet
  facet normal -0 0 -1
    outer loop
      vertex -27.2899 4.69846 10
      vertex -29.7237 4.21629 10
      vertex -27.7059 4.82963 10
    endloop
  endfacet
  facet normal 0 0 -1
    outer loop
      vertex -29.7237 -4.21629 10
      vertex -28.5642 -4.98097 10
      vertex -29 -5 10
    endloop
  endfacet
  facet normal -0 0 -1
    outer loop
      vertex -27.7059 4.82963 10
      vertex -29.7237 4.21629 10
      vertex -28.1318 4.92404 10
    endloop
  endfacet
  facet normal 0 0 -1
    outer loop
      vertex -29.7237 -4.21629 10
      vertex -29 -5 10
      vertex -29.4358 -4.98097 10
    endloop
  endfacet
  facet normal -0 0 -1
    outer loop
      vertex -28.1318 4.92404 10
      vertex -29.7237 4.21629 10
      vertex -28.5642 4.98097 10
    endloop
  endfacet
  facet normal -0 0 -1
    outer loop
      vertex -28.5642 4.98097 10
      vertex -29.7237 4.21629 10
      vertex -29 5 10
    endloop
  endfacet
  facet normal 0 0 -1
    outer loop
      vertex -29.8682 -4.92404 10
      vertex -29.7237 -4.21629 10
      vertex -29.4358 -4.98097 10
    endloop
  endfacet
  facet normal 0 0 -1
    outer loop
      vertex -29.7237 -4.21629 10
      vertex -29.8682 -4.92404 10
      vertex -29.7721 -4.22316 10
    endloop
  endfacet
  facet normal 0 0 -1
    outer loop
      vertex -30.2941 -4.82963 10
      vertex -29.7721 -4.22316 10
      vertex -29.8682 -4.92404 10
    endloop
  endfacet
  facet normal 0 0 -1
    outer loop
      vertex -30.7101 -4.69846 10
      vertex -29.7721 -4.22316 10
      vertex -30.2941 -4.82963 10
    endloop
  endfacet
  facet normal 0 0 -1
    outer loop
      vertex -29.7721 -4.22316 10
      vertex -30.7101 -4.69846 10
      vertex -31.0707 -4.54908 10
    endloop
  endfacet
  facet normal 0 0 -1
    outer loop
      vertex -29 5 10
      vertex -29.7237 4.21629 10
      vertex -29.4358 4.98097 10
    endloop
  endfacet
  facet normal 0 0 -1
    outer loop
      vertex -29.8682 4.92404 10
      vertex -29.7237 4.21629 10
      vertex -29.7721 4.22316 10
    endloop
  endfacet
  facet normal 0 0 -1
    outer loop
      vertex -29.7237 4.21629 10
      vertex -29.8682 4.92404 10
      vertex -29.4358 4.98097 10
    endloop
  endfacet
  facet normal 0 0 -1
    outer loop
      vertex -29.7721 4.22316 10
      vertex -30.2941 4.82963 10
      vertex -29.8682 4.92404 10
    endloop
  endfacet
  facet normal 0 0 -1
    outer loop
      vertex -29.7721 4.22316 10
      vertex -30.7101 4.69846 10
      vertex -30.2941 4.82963 10
    endloop
  endfacet
  facet normal 0 -0 -1
    outer loop
      vertex -30.7101 4.69846 10
      vertex -29.7721 4.22316 10
      vertex -31.0707 4.54908 10
    endloop
  endfacet
  facet normal 0 0 1
    outer loop
      vertex -33.9637 -0.567217 10
      vertex -33.981 -0.435779 10
      vertex -33.9637 -1.57124 10
    endloop
  endfacet
  facet normal 0 0 1
    outer loop
      vertex -31.1131 -4.53154 10
      vertex -31.6536 -4.69537 10
      vertex -31.0707 -4.54908 10
    endloop
  endfacet
  facet normal 0 0 1
    outer loop
      vertex -31.5 -4.33013 10
      vertex -31.6536 -4.69537 10
      vertex -31.1131 -4.53154 10
    endloop
  endfacet
  facet normal 0 0 1
    outer loop
      vertex -31.8679 -4.09576 10
      vertex -31.6536 -4.69537 10
      vertex -31.5 -4.33013 10
    endloop
  endfacet
  facet normal 0 0 1
    outer loop
      vertex -32.2139 -3.83022 10
      vertex -31.6536 -4.69537 10
      vertex -31.8679 -4.09576 10
    endloop
  endfacet
  facet normal 0 0 1
    outer loop
      vertex -33.6176 -5.08493 10
      vertex -32.2139 -3.83022 10
      vertex -32.5355 -3.53553 10
    endloop
  endfacet
  facet normal 0 0 1
    outer loop
      vertex -33.6176 -5.08493 10
      vertex -32.5355 -3.53553 10
      vertex -32.8302 -3.21394 10
    endloop
  endfacet
  facet normal 0 0 1
    outer loop
      vertex -32.2139 -3.83022 10
      vertex -33.6176 -5.08493 10
      vertex -31.6536 -4.69537 10
    endloop
  endfacet
  facet normal 0 0 1
    outer loop
      vertex -33.0958 -2.86788 10
      vertex -33.6176 -5.08493 10
      vertex -32.8302 -3.21394 10
    endloop
  endfacet
  facet normal 0 0 1
    outer loop
      vertex -33.3301 -2.5 10
      vertex -33.6176 -5.08493 10
      vertex -33.0958 -2.86788 10
    endloop
  endfacet
  facet normal 0 0 1
    outer loop
      vertex -33.5315 -2.11309 10
      vertex -33.6176 -5.08493 10
      vertex -33.3301 -2.5 10
    endloop
  endfacet
  facet normal 0 0 1
    outer loop
      vertex -33.9637 -1.57124 10
      vertex -33.5315 -2.11309 10
      vertex -33.6985 -1.7101 10
    endloop
  endfacet
  facet normal 0 0 1
    outer loop
      vertex -29.0746 -7.4794 10
      vertex -28.3761 -9.95027 10
      vertex -28.33 -9.93408 10
    endloop
  endfacet
  facet normal -0 0 1
    outer loop
      vertex -29.122 -7.49159 10
      vertex -28.3761 -9.95027 10
      vertex -29.0746 -7.4794 10
    endloop
  endfacet
  facet normal 0 0 1
    outer loop
      vertex -29.122 -7.49159 10
      vertex -30.1294 -10.7805 10
      vertex -28.3761 -9.95027 10
    endloop
  endfacet
  facet normal -0 0 1
    outer loop
      vertex -31.041 -7.77534 10
      vertex -30.1294 -10.7805 10
      vertex -29.122 -7.49159 10
    endloop
  endfacet
  facet normal 0 0 1
    outer loop
      vertex -31.041 -7.77534 10
      vertex -31.9796 -11.5457 10
      vertex -30.1294 -10.7805 10
    endloop
  endfacet
  facet normal 0 -0 1
    outer loop
      vertex -31.9796 -11.5457 10
      vertex -31.041 -7.77534 10
      vertex -33.0045 -8.16702 10
    endloop
  endfacet
  facet normal 0 0 1
    outer loop
      vertex -27.0568 -13.0079 10
      vertex -25.8897 -15.295 10
      vertex -25.8476 -15.2701 10
    endloop
  endfacet
  facet normal -0 0 1
    outer loop
      vertex -27.1009 -13.0291 10
      vertex -25.8897 -15.295 10
      vertex -27.0568 -13.0079 10
    endloop
  endfacet
  facet normal 0 0 1
    outer loop
      vertex -27.1009 -13.0291 10
      vertex -27.4473 -16.4513 10
      vertex -25.8897 -15.295 10
    endloop
  endfacet
  facet normal -0 0 1
    outer loop
      vertex -28.9276 -13.6817 10
      vertex -27.4473 -16.4513 10
      vertex -27.1009 -13.0291 10
    endloop
  endfacet
  facet normal 0 0 1
    outer loop
      vertex -28.9276 -13.6817 10
      vertex -29.1127 -17.5628 10
      vertex -27.4473 -16.4513 10
    endloop
  endfacet
  facet normal 0 -0 1
    outer loop
      vertex -29.1127 -17.5628 10
      vertex -28.9276 -13.6817 10
      vertex -30.777 -14.449 10
    endloop
  endfacet
  facet normal 0 0 1
    outer loop
      vertex -23.9992 -18.0364 10
      vertex -22.4083 -20.0519 10
      vertex -22.3719 -20.0193 10
    endloop
  endfacet
  facet normal -0 0 1
    outer loop
      vertex -24.0383 -18.0658 10
      vertex -22.4083 -20.0519 10
      vertex -23.9992 -18.0364 10
    endloop
  endfacet
  facet normal 0 0 1
    outer loop
      vertex -22.4083 -20.0519 10
      vertex -24.0383 -18.0658 10
      vertex -23.7104 -21.4899 10
    endloop
  endfacet
  facet normal -0 0 1
    outer loop
      vertex -25.7026 -19.0624 10
      vertex -23.7104 -21.4899 10
      vertex -24.0383 -18.0658 10
    endloop
  endfacet
  facet normal 0 0 1
    outer loop
      vertex -23.7104 -21.4899 10
      vertex -25.7026 -19.0624 10
      vertex -25.127 -22.9049 10
    endloop
  endfacet
  facet normal 0 0 1
    outer loop
      vertex -19.3296 -23.8206 10
      vertex -21.4899 -23.7104 10
      vertex -19.424 -24.2465 10
    endloop
  endfacet
  facet normal -0 0 1
    outer loop
      vertex -21.4899 -23.7104 10
      vertex -19.3296 -23.8206 10
      vertex -20.0519 -22.4083 10
    endloop
  endfacet
  facet normal 0 0 1
    outer loop
      vertex -19.1985 -23.4046 10
      vertex -20.0519 -22.4083 10
      vertex -19.3296 -23.8206 10
    endloop
  endfacet
  facet normal 0 0 1
    outer loop
      vertex -19.0875 -23.1366 10
      vertex -20.0519 -22.4083 10
      vertex -19.1985 -23.4046 10
    endloop
  endfacet
  facet normal -0 0 1
    outer loop
      vertex -20.0519 -22.4083 10
      vertex -19.0875 -23.1366 10
      vertex -20.0193 -22.3719 10
    endloop
  endfacet
  facet normal 0 0 1
    outer loop
      vertex -14.1682 -30.1003 10
      vertex -14.5 -30.1147 10
      vertex -14.449 -30.777 10
    endloop
  endfacet
  facet normal -0 0 1
    outer loop
      vertex -10.7805 -30.1294 10
      vertex -7.77534 -31.041 10
      vertex -7.49159 -29.122 10
    endloop
  endfacet
  facet normal -0 0 1
    outer loop
      vertex -9.95027 -28.3761 10
      vertex -7.49159 -29.122 10
      vertex -9.93408 -28.33 10
    endloop
  endfacet
  facet normal 0 0 1
    outer loop
      vertex -9.93408 -28.33 10
      vertex -7.49159 -29.122 10
      vertex -7.4794 -29.0746 10
    endloop
  endfacet
  facet normal -0 0 1
    outer loop
      vertex -4.69537 -31.6536 10
      vertex -1.57016 -31.9614 10
      vertex -1.66623 -30.024 10
    endloop
  endfacet
  facet normal 0 0 1
    outer loop
      vertex 4.69537 -31.6536 10
      vertex 1.57016 -31.9614 10
      vertex 1.57124 -33.9637 10
    endloop
  endfacet
  facet normal -0 0 1
    outer loop
      vertex 1.57016 31.9614 10
      vertex 4.69537 31.6536 10
      vertex 1.57124 33.9637 10
    endloop
  endfacet
  facet normal 0 0 1
    outer loop
      vertex 0 45 10
      vertex 1.57124 33.9637 10
      vertex 3.92201 44.8288 10
    endloop
  endfacet
  facet normal 0 0 1
    outer loop
      vertex 0 45 10
      vertex -1.57124 33.9637 10
      vertex 1.57124 33.9637 10
    endloop
  endfacet
  facet normal 0 0 1
    outer loop
      vertex -1.57124 33.9637 10
      vertex -5.08493 33.6176 10
      vertex -1.57016 31.9614 10
    endloop
  endfacet
  facet normal -0 0 1
    outer loop
      vertex -3.92201 44.8288 10
      vertex -1.57124 33.9637 10
      vertex 0 45 10
    endloop
  endfacet
  facet normal 0 0 1
    outer loop
      vertex 10.7805 -30.1294 10
      vertex 7.77534 -31.041 10
      vertex 8.16702 -33.0045 10
    endloop
  endfacet
  facet normal 0 0 1
    outer loop
      vertex 9.95027 -28.3761 10
      vertex 7.49159 -29.122 10
      vertex 7.77534 -31.041 10
    endloop
  endfacet
  facet normal 0 -0 1
    outer loop
      vertex 7.49159 -29.122 10
      vertex 9.93408 -28.33 10
      vertex 7.4794 -29.0746 10
    endloop
  endfacet
  facet normal 0 0 1
    outer loop
      vertex 14.5 -30.1147 10
      vertex 14.1682 -30.1003 10
      vertex 14.449 -30.777 10
    endloop
  endfacet
  facet normal 0 0 1
    outer loop
      vertex 21.4899 -23.7104 10
      vertex 19.481 -24.679 10
      vertex 19.5 -25.1147 10
    endloop
  endfacet
  facet normal 0 0 1
    outer loop
      vertex 20.0519 -22.4083 10
      vertex 19.424 -24.2465 10
      vertex 19.481 -24.679 10
    endloop
  endfacet
  facet normal 0 0 1
    outer loop
      vertex 20.0519 -22.4083 10
      vertex 19.3296 -23.8206 10
      vertex 19.424 -24.2465 10
    endloop
  endfacet
  facet normal 0 0 1
    outer loop
      vertex 20.0519 -22.4083 10
      vertex 19.1985 -23.4046 10
      vertex 19.3296 -23.8206 10
    endloop
  endfacet
  facet normal 0 0 1
    outer loop
      vertex 20.0519 -22.4083 10
      vertex 19.0875 -23.1366 10
      vertex 19.1985 -23.4046 10
    endloop
  endfacet
  facet normal 0 0 1
    outer loop
      vertex 19.481 -24.679 10
      vertex 21.4899 -23.7104 10
      vertex 20.0519 -22.4083 10
    endloop
  endfacet
  facet normal 0 0 1
    outer loop
      vertex 19.0875 -23.1366 10
      vertex 20.0519 -22.4083 10
      vertex 20.0193 -22.3719 10
    endloop
  endfacet
  facet normal 0 0 1
    outer loop
      vertex 19.481 -25.5505 10
      vertex 21.4899 -23.7104 10
      vertex 19.5 -25.1147 10
    endloop
  endfacet
  facet normal 0 0 1
    outer loop
      vertex 21.4899 -23.7104 10
      vertex 19.481 -25.5505 10
      vertex 20.1756 -27.3668 10
    endloop
  endfacet
  facet normal -0 0 1
    outer loop
      vertex 19.424 -25.983 10
      vertex 20.1756 -27.3668 10
      vertex 19.481 -25.5505 10
    endloop
  endfacet
  facet normal 0 0 1
    outer loop
      vertex 20.1756 -27.3668 10
      vertex 19.424 -25.983 10
      vertex 19.3807 -26.1785 10
    endloop
  endfacet
  facet normal 0 0 1
    outer loop
      vertex 23.7104 -21.4899 10
      vertex 25.7026 -19.0624 10
      vertex 24.0383 -18.0658 10
    endloop
  endfacet
  facet normal 0 0 1
    outer loop
      vertex 22.4083 -20.0519 10
      vertex 24.0383 -18.0658 10
      vertex 23.9992 -18.0364 10
    endloop
  endfacet
  facet normal 0 0 1
    outer loop
      vertex 25.7026 -19.0624 10
      vertex 23.7104 -21.4899 10
      vertex 25.127 -22.9049 10
    endloop
  endfacet
  facet normal 0 0 1
    outer loop
      vertex 24.0383 -18.0658 10
      vertex 22.4083 -20.0519 10
      vertex 23.7104 -21.4899 10
    endloop
  endfacet
  facet normal 0 -0 1
    outer loop
      vertex 22.4083 -20.0519 10
      vertex 23.9992 -18.0364 10
      vertex 22.3719 -20.0193 10
    endloop
  endfacet
  facet normal 0 0 1
    outer loop
      vertex 28.9276 -13.6817 10
      vertex 29.1127 -17.5628 10
      vertex 30.777 -14.449 10
    endloop
  endfacet
  facet normal 0 0 1
    outer loop
      vertex 28.9276 -13.6817 10
      vertex 27.4473 -16.4513 10
      vertex 29.1127 -17.5628 10
    endloop
  endfacet
  facet normal 0 0 1
    outer loop
      vertex 27.1009 -13.0291 10
      vertex 27.4473 -16.4513 10
      vertex 28.9276 -13.6817 10
    endloop
  endfacet
  facet normal 0 0 1
    outer loop
      vertex 25.8897 -15.295 10
      vertex 27.1009 -13.0291 10
      vertex 27.0568 -13.0079 10
    endloop
  endfacet
  facet normal 0 0 1
    outer loop
      vertex 27.1009 -13.0291 10
      vertex 25.8897 -15.295 10
      vertex 27.4473 -16.4513 10
    endloop
  endfacet
  facet normal 0 -0 1
    outer loop
      vertex 25.8897 -15.295 10
      vertex 27.0568 -13.0079 10
      vertex 25.8476 -15.2701 10
    endloop
  endfacet
  facet normal 0 0 1
    outer loop
      vertex 31.041 -7.77534 10
      vertex 31.9796 -11.5457 10
      vertex 33.0045 -8.16702 10
    endloop
  endfacet
  facet normal 0 0 1
    outer loop
      vertex 31.041 -7.77534 10
      vertex 30.1294 -10.7805 10
      vertex 31.9796 -11.5457 10
    endloop
  endfacet
  facet normal 0 0 1
    outer loop
      vertex 29.122 -7.49159 10
      vertex 30.1294 -10.7805 10
      vertex 31.041 -7.77534 10
    endloop
  endfacet
  facet normal 0 0 1
    outer loop
      vertex 28.3761 -9.95027 10
      vertex 29.122 -7.49159 10
      vertex 29.0746 -7.4794 10
    endloop
  endfacet
  facet normal 0 0 1
    outer loop
      vertex 29.122 -7.49159 10
      vertex 28.3761 -9.95027 10
      vertex 30.1294 -10.7805 10
    endloop
  endfacet
  facet normal 0 -0 1
    outer loop
      vertex 28.3761 -9.95027 10
      vertex 29.0746 -7.4794 10
      vertex 28.33 -9.93408 10
    endloop
  endfacet
  facet normal 0 0 1
    outer loop
      vertex 33.9637 -1.57124 10
      vertex 33.5315 -2.11309 10
      vertex 33.6176 -5.08493 10
    endloop
  endfacet
  facet normal -0 0 1
    outer loop
      vertex 33.3301 -2.5 10
      vertex 33.6176 -5.08493 10
      vertex 33.5315 -2.11309 10
    endloop
  endfacet
  facet normal -0 0 1
    outer loop
      vertex 33.0958 -2.86788 10
      vertex 33.6176 -5.08493 10
      vertex 33.3301 -2.5 10
    endloop
  endfacet
  facet normal -0 0 1
    outer loop
      vertex 32.8302 -3.21394 10
      vertex 33.6176 -5.08493 10
      vertex 33.0958 -2.86788 10
    endloop
  endfacet
  facet normal -0 0 1
    outer loop
      vertex 32.5355 -3.53553 10
      vertex 33.6176 -5.08493 10
      vertex 32.8302 -3.21394 10
    endloop
  endfacet
  facet normal -0 0 1
    outer loop
      vertex 32.2139 -3.83022 10
      vertex 33.6176 -5.08493 10
      vertex 32.5355 -3.53553 10
    endloop
  endfacet
  facet normal 0 0 1
    outer loop
      vertex 31.6536 -4.69537 10
      vertex 32.2139 -3.83022 10
      vertex 31.8679 -4.09576 10
    endloop
  endfacet
  facet normal 0 0 1
    outer loop
      vertex 32.2139 -3.83022 10
      vertex 31.6536 -4.69537 10
      vertex 33.6176 -5.08493 10
    endloop
  endfacet
  facet normal -0 0 1
    outer loop
      vertex 31.5 -4.33013 10
      vertex 31.6536 -4.69537 10
      vertex 31.8679 -4.09576 10
    endloop
  endfacet
  facet normal -0 0 1
    outer loop
      vertex 31.1131 -4.53154 10
      vertex 31.6536 -4.69537 10
      vertex 31.5 -4.33013 10
    endloop
  endfacet
  facet normal 0 0 1
    outer loop
      vertex 31.6536 -4.69537 10
      vertex 31.1131 -4.53154 10
      vertex 31.0707 -4.54908 10
    endloop
  endfacet
  facet normal -0 0 1
    outer loop
      vertex 33.9637 1.57124 10
      vertex 45 0 10
      vertex 44.8288 3.92201 10
    endloop
  endfacet
  facet normal -0 0 1
    outer loop
      vertex 33.6176 5.08493 10
      vertex 44.8288 3.92201 10
      vertex 44.3163 7.81417 10
    endloop
  endfacet
  facet normal 0 0 1
    outer loop
      vertex 45 0 10
      vertex 33.9637 1.57124 10
      vertex 33.981 0.435779 10
    endloop
  endfacet
  facet normal -0 0 1
    outer loop
      vertex 33.0045 8.16702 10
      vertex 44.3163 7.81417 10
      vertex 43.4667 11.6469 10
    endloop
  endfacet
  facet normal 0 0 1
    outer loop
      vertex 45 0 10
      vertex 33.981 0.435779 10
      vertex 34 0 10
    endloop
  endfacet
  facet normal 0 0 1
    outer loop
      vertex 31.9796 11.5457 10
      vertex 43.4667 11.6469 10
      vertex 42.2862 15.3909 10
    endloop
  endfacet
  facet normal 0 0 1
    outer loop
      vertex 33.981 -0.435779 10
      vertex 45 0 10
      vertex 34 0 10
    endloop
  endfacet
  facet normal 0 0 1
    outer loop
      vertex 31.9796 11.5457 10
      vertex 42.2862 15.3909 10
      vertex 40.7839 19.0178 10
    endloop
  endfacet
  facet normal 0 0 1
    outer loop
      vertex 33.9637 -1.57124 10
      vertex 45 0 10
      vertex 33.981 -0.435779 10
    endloop
  endfacet
  facet normal 0 0 1
    outer loop
      vertex 30.777 14.449 10
      vertex 40.7839 19.0178 10
      vertex 38.9711 22.5 10
    endloop
  endfacet
  facet normal 0 0 1
    outer loop
      vertex 33.6176 -5.08493 10
      vertex 44.8288 -3.92201 10
      vertex 33.9637 -1.57124 10
    endloop
  endfacet
  facet normal 0 0 1
    outer loop
      vertex 29.1127 17.5628 10
      vertex 38.9711 22.5 10
      vertex 36.8618 25.8109 10
    endloop
  endfacet
  facet normal 0 0 1
    outer loop
      vertex 44.8288 -3.92201 10
      vertex 33.6176 -5.08493 10
      vertex 44.3163 -7.81417 10
    endloop
  endfacet
  facet normal 0 0 1
    outer loop
      vertex 27.3668 20.1756 10
      vertex 36.8618 25.8109 10
      vertex 34.472 28.9254 10
    endloop
  endfacet
  facet normal 0 0 1
    outer loop
      vertex 44.3163 -7.81417 10
      vertex 33.0045 -8.16702 10
      vertex 43.4667 -11.6469 10
    endloop
  endfacet
  facet normal 0 0 1
    outer loop
      vertex 43.4667 -11.6469 10
      vertex 31.9796 -11.5457 10
      vertex 42.2862 -15.3909 10
    endloop
  endfacet
  facet normal -0 0 1
    outer loop
      vertex 31.9796 -11.5457 10
      vertex 43.4667 -11.6469 10
      vertex 33.0045 -8.16702 10
    endloop
  endfacet
  facet normal 0 0 1
    outer loop
      vertex 45 0 10
      vertex 33.9637 -1.57124 10
      vertex 44.8288 -3.92201 10
    endloop
  endfacet
  facet normal 0 0 1
    outer loop
      vertex 44.8288 3.92201 10
      vertex 33.6176 5.08493 10
      vertex 33.9637 1.57124 10
    endloop
  endfacet
  facet normal -0 0 1
    outer loop
      vertex 33.5315 2.11309 10
      vertex 33.9637 1.57124 10
      vertex 33.6176 5.08493 10
    endloop
  endfacet
  facet normal 0 0 1
    outer loop
      vertex 33.9637 1.57124 10
      vertex 33.6985 1.7101 10
      vertex 33.7423 1.57112 10
    endloop
  endfacet
  facet normal 0 0 1
    outer loop
      vertex 44.3163 7.81417 10
      vertex 33.0045 8.16702 10
      vertex 33.6176 5.08493 10
    endloop
  endfacet
  facet normal 0 0 1
    outer loop
      vertex 43.4667 11.6469 10
      vertex 31.9796 11.5457 10
      vertex 33.0045 8.16702 10
    endloop
  endfacet
  facet normal 0 0 1
    outer loop
      vertex 25.127 22.9049 10
      vertex 34.472 28.9254 10
      vertex 31.8198 31.8198 10
    endloop
  endfacet
  facet normal 0 0 1
    outer loop
      vertex 40.7839 19.0178 10
      vertex 30.777 14.449 10
      vertex 31.9796 11.5457 10
    endloop
  endfacet
  facet normal 0 0 1
    outer loop
      vertex 38.9711 22.5 10
      vertex 29.1127 17.5628 10
      vertex 30.777 14.449 10
    endloop
  endfacet
  facet normal 0 0 1
    outer loop
      vertex 22.9049 25.127 10
      vertex 31.8198 31.8198 10
      vertex 28.9254 34.472 10
    endloop
  endfacet
  facet normal 0 0 1
    outer loop
      vertex 36.8618 25.8109 10
      vertex 27.3668 20.1756 10
      vertex 29.1127 17.5628 10
    endloop
  endfacet
  facet normal 0 0 1
    outer loop
      vertex 20.1756 27.3668 10
      vertex 28.9254 34.472 10
      vertex 25.8109 36.8618 10
    endloop
  endfacet
  facet normal 0 0 1
    outer loop
      vertex 34.472 28.9254 10
      vertex 25.127 22.9049 10
      vertex 27.3668 20.1756 10
    endloop
  endfacet
  facet normal 0 0 1
    outer loop
      vertex 27.3668 20.1756 10
      vertex 25.127 22.9049 10
      vertex 25.7026 19.0624 10
    endloop
  endfacet
  facet normal 0 0 1
    outer loop
      vertex 31.8198 31.8198 10
      vertex 22.9049 25.127 10
      vertex 25.127 22.9049 10
    endloop
  endfacet
  facet normal 0 0 1
    outer loop
      vertex 17.5628 29.1127 10
      vertex 25.8109 36.8618 10
      vertex 22.5 38.9711 10
    endloop
  endfacet
  facet normal 0 0 1
    outer loop
      vertex 28.9254 34.472 10
      vertex 20.1756 27.3668 10
      vertex 22.9049 25.127 10
    endloop
  endfacet
  facet normal -0 0 1
    outer loop
      vertex 19.481 25.5505 10
      vertex 22.9049 25.127 10
      vertex 20.1756 27.3668 10
    endloop
  endfacet
  facet normal 0 0 1
    outer loop
      vertex 16.2101 29.8132 10
      vertex 22.5 38.9711 10
      vertex 19.0178 40.7839 10
    endloop
  endfacet
  facet normal 0 0 1
    outer loop
      vertex 25.8109 36.8618 10
      vertex 17.5628 29.1127 10
      vertex 20.1756 27.3668 10
    endloop
  endfacet
  facet normal 0 0 1
    outer loop
      vertex 22.5 38.9711 10
      vertex 17 29.4449 10
      vertex 17.5628 29.1127 10
    endloop
  endfacet
  facet normal 0 0 1
    outer loop
      vertex 17.5628 29.1127 10
      vertex 17.3679 29.2105 10
      vertex 17.5399 29.0785 10
    endloop
  endfacet
  facet normal 0 0 1
    outer loop
      vertex 17.5628 29.1127 10
      vertex 17 29.4449 10
      vertex 17.3679 29.2105 10
    endloop
  endfacet
  facet normal 0 0 1
    outer loop
      vertex 22.5 38.9711 10
      vertex 16.6131 29.6463 10
      vertex 17 29.4449 10
    endloop
  endfacet
  facet normal 0 0 1
    outer loop
      vertex 22.5 38.9711 10
      vertex 16.2101 29.8132 10
      vertex 16.6131 29.6463 10
    endloop
  endfacet
  facet normal -0 0 1
    outer loop
      vertex 14.449 30.777 10
      vertex 16.2101 29.8132 10
      vertex 19.0178 40.7839 10
    endloop
  endfacet
  facet normal 0 0 1
    outer loop
      vertex 14.449 30.777 10
      vertex 19.0178 40.7839 10
      vertex 15.3909 42.2862 10
    endloop
  endfacet
  facet normal 0 0 1
    outer loop
      vertex 16.2101 29.8132 10
      vertex 14.449 30.777 10
      vertex 15.7941 29.9444 10
    endloop
  endfacet
  facet normal 0 0 1
    outer loop
      vertex 15.7941 29.9444 10
      vertex 14.449 30.777 10
      vertex 15.3682 30.0388 10
    endloop
  endfacet
  facet normal 0 0 1
    outer loop
      vertex 15.3682 30.0388 10
      vertex 14.449 30.777 10
      vertex 14.9358 30.0957 10
    endloop
  endfacet
  facet normal 0 0 1
    outer loop
      vertex 14.9358 30.0957 10
      vertex 14.449 30.777 10
      vertex 14.5 30.1147 10
    endloop
  endfacet
  facet normal 0 0 1
    outer loop
      vertex 11.5457 31.9796 10
      vertex 15.3909 42.2862 10
      vertex 11.6469 43.4667 10
    endloop
  endfacet
  facet normal 0 0 1
    outer loop
      vertex 15.3909 42.2862 10
      vertex 11.5457 31.9796 10
      vertex 14.449 30.777 10
    endloop
  endfacet
  facet normal -0 0 1
    outer loop
      vertex 8.16702 33.0045 10
      vertex 11.5457 31.9796 10
      vertex 11.6469 43.4667 10
    endloop
  endfacet
  facet normal 0 0 1
    outer loop
      vertex 11.5457 31.9796 10
      vertex 8.16702 33.0045 10
      vertex 10.7805 30.1294 10
    endloop
  endfacet
  facet normal -0 0 1
    outer loop
      vertex 7.77534 31.041 10
      vertex 10.7805 30.1294 10
      vertex 8.16702 33.0045 10
    endloop
  endfacet
  facet normal 0 0 1
    outer loop
      vertex 10.7805 30.1294 10
      vertex 7.77534 31.041 10
      vertex 9.95027 28.3761 10
    endloop
  endfacet
  facet normal 0 0 1
    outer loop
      vertex 7.81417 44.3163 10
      vertex 8.16702 33.0045 10
      vertex 11.6469 43.4667 10
    endloop
  endfacet
  facet normal 0 0 1
    outer loop
      vertex 7.81417 44.3163 10
      vertex 5.08493 33.6176 10
      vertex 8.16702 33.0045 10
    endloop
  endfacet
  facet normal 0 0 1
    outer loop
      vertex 1.57124 33.9637 10
      vertex 4.69537 31.6536 10
      vertex 5.08493 33.6176 10
    endloop
  endfacet
  facet normal 0 0 1
    outer loop
      vertex 3.92201 44.8288 10
      vertex 5.08493 33.6176 10
      vertex 7.81417 44.3163 10
    endloop
  endfacet
  facet normal -0 0 1
    outer loop
      vertex 1.57124 33.9637 10
      vertex 5.08493 33.6176 10
      vertex 3.92201 44.8288 10
    endloop
  endfacet
  facet normal 0 0 1
    outer loop
      vertex 4.69537 31.6536 10
      vertex 1.66623 30.024 10
      vertex 4.22316 29.7721 10
    endloop
  endfacet
  facet normal 0 0 1
    outer loop
      vertex 4.22316 29.7721 10
      vertex 1.66623 30.024 10
      vertex 4.21629 29.7237 10
    endloop
  endfacet
  facet normal 0 0 1
    outer loop
      vertex 4.21629 29.7237 10
      vertex 1.66623 30.024 10
      vertex 1.66351 29.9751 10
    endloop
  endfacet
  facet normal 0 0 1
    outer loop
      vertex 33.0045 -8.16702 10
      vertex 44.3163 -7.81417 10
      vertex 33.6176 -5.08493 10
    endloop
  endfacet
  facet normal 0 0 1
    outer loop
      vertex 33.9637 -1.57124 10
      vertex 33.981 -0.435779 10
      vertex 33.9637 -0.567217 10
    endloop
  endfacet
  facet normal 0 0 1
    outer loop
      vertex 42.2862 -15.3909 10
      vertex 31.9796 -11.5457 10
      vertex 40.7839 -19.0178 10
    endloop
  endfacet
  facet normal 0 0 1
    outer loop
      vertex 33.6985 -1.7101 10
      vertex 33.9637 -1.57124 10
      vertex 33.7423 -1.57112 10
    endloop
  endfacet
  facet normal 0 0 1
    outer loop
      vertex 33.5315 -2.11309 10
      vertex 33.9637 -1.57124 10
      vertex 33.6985 -1.7101 10
    endloop
  endfacet
  facet normal -0 0 1
    outer loop
      vertex 30.777 -14.449 10
      vertex 40.7839 -19.0178 10
      vertex 31.9796 -11.5457 10
    endloop
  endfacet
  facet normal 0 0 1
    outer loop
      vertex 40.7839 -19.0178 10
      vertex 30.777 -14.449 10
      vertex 38.9711 -22.5 10
    endloop
  endfacet
  facet normal -0 0 1
    outer loop
      vertex 29.1127 -17.5628 10
      vertex 38.9711 -22.5 10
      vertex 30.777 -14.449 10
    endloop
  endfacet
  facet normal 0 0 1
    outer loop
      vertex 38.9711 -22.5 10
      vertex 29.1127 -17.5628 10
      vertex 36.8618 -25.8109 10
    endloop
  endfacet
  facet normal -0 0 1
    outer loop
      vertex 27.3668 -20.1756 10
      vertex 36.8618 -25.8109 10
      vertex 29.1127 -17.5628 10
    endloop
  endfacet
  facet normal 0 0 1
    outer loop
      vertex 36.8618 -25.8109 10
      vertex 27.3668 -20.1756 10
      vertex 34.472 -28.9254 10
    endloop
  endfacet
  facet normal -0 0 1
    outer loop
      vertex 25.127 -22.9049 10
      vertex 34.472 -28.9254 10
      vertex 27.3668 -20.1756 10
    endloop
  endfacet
  facet normal 0 0 1
    outer loop
      vertex 34.472 -28.9254 10
      vertex 25.127 -22.9049 10
      vertex 31.8198 -31.8198 10
    endloop
  endfacet
  facet normal -0 0 1
    outer loop
      vertex 22.9049 -25.127 10
      vertex 31.8198 -31.8198 10
      vertex 25.127 -22.9049 10
    endloop
  endfacet
  facet normal 0 0 1
    outer loop
      vertex 25.127 -22.9049 10
      vertex 27.3668 -20.1756 10
      vertex 25.7026 -19.0624 10
    endloop
  endfacet
  facet normal 0 0 1
    outer loop
      vertex 31.8198 -31.8198 10
      vertex 22.9049 -25.127 10
      vertex 28.9254 -34.472 10
    endloop
  endfacet
  facet normal -0 0 1
    outer loop
      vertex 20.1756 -27.3668 10
      vertex 28.9254 -34.472 10
      vertex 22.9049 -25.127 10
    endloop
  endfacet
  facet normal 0 0 1
    outer loop
      vertex 28.9254 -34.472 10
      vertex 20.1756 -27.3668 10
      vertex 25.8109 -36.8618 10
    endloop
  endfacet
  facet normal 0 0 1
    outer loop
      vertex 20.1756 -27.3668 10
      vertex 22.9049 -25.127 10
      vertex 21.4899 -23.7104 10
    endloop
  endfacet
  facet normal -0 0 1
    outer loop
      vertex 17.5628 -29.1127 10
      vertex 25.8109 -36.8618 10
      vertex 20.1756 -27.3668 10
    endloop
  endfacet
  facet normal 0 0 1
    outer loop
      vertex 25.8109 -36.8618 10
      vertex 17.5628 -29.1127 10
      vertex 22.5 -38.9711 10
    endloop
  endfacet
  facet normal -0 0 1
    outer loop
      vertex 17 -29.4449 10
      vertex 22.5 -38.9711 10
      vertex 17.5628 -29.1127 10
    endloop
  endfacet
  facet normal 0 0 1
    outer loop
      vertex 17.3679 -29.2105 10
      vertex 17.5628 -29.1127 10
      vertex 17.5399 -29.0785 10
    endloop
  endfacet
  facet normal 0 0 1
    outer loop
      vertex 17 -29.4449 10
      vertex 17.5628 -29.1127 10
      vertex 17.3679 -29.2105 10
    endloop
  endfacet
  facet normal -0 0 1
    outer loop
      vertex 16.6131 -29.6463 10
      vertex 22.5 -38.9711 10
      vertex 17 -29.4449 10
    endloop
  endfacet
  facet normal -0 0 1
    outer loop
      vertex 16.2101 -29.8132 10
      vertex 22.5 -38.9711 10
      vertex 16.6131 -29.6463 10
    endloop
  endfacet
  facet normal 0 0 1
    outer loop
      vertex 22.5 -38.9711 10
      vertex 16.2101 -29.8132 10
      vertex 19.0178 -40.7839 10
    endloop
  endfacet
  facet normal 0 0 1
    outer loop
      vertex 14.449 -30.777 10
      vertex 16.2101 -29.8132 10
      vertex 15.7941 -29.9444 10
    endloop
  endfacet
  facet normal 0 0 1
    outer loop
      vertex 16.2101 -29.8132 10
      vertex 14.449 -30.777 10
      vertex 19.0178 -40.7839 10
    endloop
  endfacet
  facet normal 0 0 1
    outer loop
      vertex 14.449 -30.777 10
      vertex 15.7941 -29.9444 10
      vertex 15.3682 -30.0388 10
    endloop
  endfacet
  facet normal 0 0 1
    outer loop
      vertex 14.449 -30.777 10
      vertex 15.3682 -30.0388 10
      vertex 14.9358 -30.0957 10
    endloop
  endfacet
  facet normal 0 0 1
    outer loop
      vertex 14.449 -30.777 10
      vertex 14.9358 -30.0957 10
      vertex 14.5 -30.1147 10
    endloop
  endfacet
  facet normal 0 0 1
    outer loop
      vertex 19.0178 -40.7839 10
      vertex 14.449 -30.777 10
      vertex 15.3909 -42.2862 10
    endloop
  endfacet
  facet normal -0 0 1
    outer loop
      vertex 11.5457 -31.9796 10
      vertex 15.3909 -42.2862 10
      vertex 14.449 -30.777 10
    endloop
  endfacet
  facet normal 0 0 1
    outer loop
      vertex 15.3909 -42.2862 10
      vertex 11.5457 -31.9796 10
      vertex 11.6469 -43.4667 10
    endloop
  endfacet
  facet normal 0 0 1
    outer loop
      vertex 8.16702 -33.0045 10
      vertex 11.5457 -31.9796 10
      vertex 10.7805 -30.1294 10
    endloop
  endfacet
  facet normal 0 0 1
    outer loop
      vertex 7.77534 -31.041 10
      vertex 10.7805 -30.1294 10
      vertex 9.95027 -28.3761 10
    endloop
  endfacet
  facet normal 0 0 1
    outer loop
      vertex 7.49159 -29.122 10
      vertex 9.95027 -28.3761 10
      vertex 9.93408 -28.33 10
    endloop
  endfacet
  facet normal 0 0 1
    outer loop
      vertex 11.5457 -31.9796 10
      vertex 8.16702 -33.0045 10
      vertex 11.6469 -43.4667 10
    endloop
  endfacet
  facet normal 0 0 1
    outer loop
      vertex 8.16702 -33.0045 10
      vertex 7.81417 -44.3163 10
      vertex 11.6469 -43.4667 10
    endloop
  endfacet
  facet normal -0 0 1
    outer loop
      vertex 5.08493 -33.6176 10
      vertex 7.81417 -44.3163 10
      vertex 8.16702 -33.0045 10
    endloop
  endfacet
  facet normal -0 0 1
    outer loop
      vertex 1.66623 -30.024 10
      vertex 4.69537 -31.6536 10
      vertex 4.22316 -29.7721 10
    endloop
  endfacet
  facet normal 0 0 1
    outer loop
      vertex 5.08493 -33.6176 10
      vertex 3.92201 -44.8288 10
      vertex 7.81417 -44.3163 10
    endloop
  endfacet
  facet normal 0 0 1
    outer loop
      vertex 4.69537 -31.6536 10
      vertex 1.57124 -33.9637 10
      vertex 5.08493 -33.6176 10
    endloop
  endfacet
  facet normal 0 0 1
    outer loop
      vertex 1.66623 -30.024 10
      vertex 4.22316 -29.7721 10
      vertex 4.21629 -29.7237 10
    endloop
  endfacet
  facet normal 0 0 1
    outer loop
      vertex 1.57016 -31.9614 10
      vertex 4.69537 -31.6536 10
      vertex 1.66623 -30.024 10
    endloop
  endfacet
  facet normal 0 -0 1
    outer loop
      vertex 1.66623 -30.024 10
      vertex 4.21629 -29.7237 10
      vertex 1.66351 -29.9751 10
    endloop
  endfacet
  facet normal 0 0 1
    outer loop
      vertex 33.981 0.435779 10
      vertex 33.9637 1.57124 10
      vertex 33.9637 0.567217 10
    endloop
  endfacet
  facet normal 0 0 1
    outer loop
      vertex 33.9637 1.57124 10
      vertex 33.5315 2.11309 10
      vertex 33.6985 1.7101 10
    endloop
  endfacet
  facet normal 0 0 1
    outer loop
      vertex 33.6176 5.08493 10
      vertex 33.3301 2.5 10
      vertex 33.5315 2.11309 10
    endloop
  endfacet
  facet normal 0 0 1
    outer loop
      vertex 33.6176 5.08493 10
      vertex 33.0958 2.86788 10
      vertex 33.3301 2.5 10
    endloop
  endfacet
  facet normal 0 0 1
    outer loop
      vertex 33.6176 5.08493 10
      vertex 32.8302 3.21394 10
      vertex 33.0958 2.86788 10
    endloop
  endfacet
  facet normal 0 0 1
    outer loop
      vertex 33.6176 5.08493 10
      vertex 32.5355 3.53553 10
      vertex 32.8302 3.21394 10
    endloop
  endfacet
  facet normal 0 0 1
    outer loop
      vertex 33.6176 5.08493 10
      vertex 32.2139 3.83022 10
      vertex 32.5355 3.53553 10
    endloop
  endfacet
  facet normal -0 0 1
    outer loop
      vertex 31.6536 4.69537 10
      vertex 32.2139 3.83022 10
      vertex 33.6176 5.08493 10
    endloop
  endfacet
  facet normal 0 0 1
    outer loop
      vertex 32.2139 3.83022 10
      vertex 31.6536 4.69537 10
      vertex 31.8679 4.09576 10
    endloop
  endfacet
  facet normal 0 0 1
    outer loop
      vertex 31.6536 4.69537 10
      vertex 31.5 4.33013 10
      vertex 31.8679 4.09576 10
    endloop
  endfacet
  facet normal 0 0 1
    outer loop
      vertex 31.6536 4.69537 10
      vertex 31.1131 4.53154 10
      vertex 31.5 4.33013 10
    endloop
  endfacet
  facet normal 0 -0 1
    outer loop
      vertex 31.1131 4.53154 10
      vertex 31.6536 4.69537 10
      vertex 31.0707 4.54908 10
    endloop
  endfacet
  facet normal 0 0 1
    outer loop
      vertex 31.9796 11.5457 10
      vertex 31.041 7.77534 10
      vertex 33.0045 8.16702 10
    endloop
  endfacet
  facet normal -0 0 1
    outer loop
      vertex 30.1294 10.7805 10
      vertex 31.041 7.77534 10
      vertex 31.9796 11.5457 10
    endloop
  endfacet
  facet normal 0 0 1
    outer loop
      vertex 30.1294 10.7805 10
      vertex 29.122 7.49159 10
      vertex 31.041 7.77534 10
    endloop
  endfacet
  facet normal -0 0 1
    outer loop
      vertex 28.3761 9.95027 10
      vertex 29.122 7.49159 10
      vertex 30.1294 10.7805 10
    endloop
  endfacet
  facet normal 0 0 1
    outer loop
      vertex 29.122 7.49159 10
      vertex 28.3761 9.95027 10
      vertex 29.0746 7.4794 10
    endloop
  endfacet
  facet normal 0 0 1
    outer loop
      vertex 29.0746 7.4794 10
      vertex 28.3761 9.95027 10
      vertex 28.33 9.93408 10
    endloop
  endfacet
  facet normal 0 0 1
    outer loop
      vertex 29.1127 17.5628 10
      vertex 28.9276 13.6817 10
      vertex 30.777 14.449 10
    endloop
  endfacet
  facet normal -0 0 1
    outer loop
      vertex 27.4473 16.4513 10
      vertex 28.9276 13.6817 10
      vertex 29.1127 17.5628 10
    endloop
  endfacet
  facet normal 0 0 1
    outer loop
      vertex 27.4473 16.4513 10
      vertex 27.1009 13.0291 10
      vertex 28.9276 13.6817 10
    endloop
  endfacet
  facet normal -0 0 1
    outer loop
      vertex 25.8897 15.295 10
      vertex 27.1009 13.0291 10
      vertex 27.4473 16.4513 10
    endloop
  endfacet
  facet normal 0 0 1
    outer loop
      vertex 27.1009 13.0291 10
      vertex 25.8897 15.295 10
      vertex 27.0568 13.0079 10
    endloop
  endfacet
  facet normal 0 0 1
    outer loop
      vertex 27.0568 13.0079 10
      vertex 25.8897 15.295 10
      vertex 25.8476 15.2701 10
    endloop
  endfacet
  facet normal -0 0 1
    outer loop
      vertex 23.7104 21.4899 10
      vertex 25.7026 19.0624 10
      vertex 25.127 22.9049 10
    endloop
  endfacet
  facet normal 0 0 1
    outer loop
      vertex 25.7026 19.0624 10
      vertex 23.7104 21.4899 10
      vertex 24.0383 18.0658 10
    endloop
  endfacet
  facet normal -0 0 1
    outer loop
      vertex 22.4083 20.0519 10
      vertex 24.0383 18.0658 10
      vertex 23.7104 21.4899 10
    endloop
  endfacet
  facet normal 0 0 1
    outer loop
      vertex 24.0383 18.0658 10
      vertex 22.4083 20.0519 10
      vertex 23.9992 18.0364 10
    endloop
  endfacet
  facet normal 0 0 1
    outer loop
      vertex 23.9992 18.0364 10
      vertex 22.4083 20.0519 10
      vertex 22.3719 20.0193 10
    endloop
  endfacet
  facet normal 0 0 1
    outer loop
      vertex 22.9049 25.127 10
      vertex 19.481 25.5505 10
      vertex 21.4899 23.7104 10
    endloop
  endfacet
  facet normal -0 0 1
    outer loop
      vertex 19.481 24.679 10
      vertex 21.4899 23.7104 10
      vertex 19.5 25.1147 10
    endloop
  endfacet
  facet normal -0 0 1
    outer loop
      vertex 19.424 24.2465 10
      vertex 21.4899 23.7104 10
      vertex 19.481 24.679 10
    endloop
  endfacet
  facet normal 0 0 1
    outer loop
      vertex 21.4899 23.7104 10
      vertex 19.481 25.5505 10
      vertex 19.5 25.1147 10
    endloop
  endfacet
  facet normal 0 0 1
    outer loop
      vertex 20.1756 27.3668 10
      vertex 19.424 25.983 10
      vertex 19.481 25.5505 10
    endloop
  endfacet
  facet normal 0 -0 1
    outer loop
      vertex 19.424 25.983 10
      vertex 20.1756 27.3668 10
      vertex 19.3807 26.1785 10
    endloop
  endfacet
  facet normal -0 0 1
    outer loop
      vertex 19.3296 23.8206 10
      vertex 21.4899 23.7104 10
      vertex 19.424 24.2465 10
    endloop
  endfacet
  facet normal 0 0 1
    outer loop
      vertex 21.4899 23.7104 10
      vertex 19.3296 23.8206 10
      vertex 20.0519 22.4083 10
    endloop
  endfacet
  facet normal -0 0 1
    outer loop
      vertex 19.1985 23.4046 10
      vertex 20.0519 22.4083 10
      vertex 19.3296 23.8206 10
    endloop
  endfacet
  facet normal -0 0 1
    outer loop
      vertex 19.0875 23.1366 10
      vertex 20.0519 22.4083 10
      vertex 19.1985 23.4046 10
    endloop
  endfacet
  facet normal 0 0 1
    outer loop
      vertex 20.0519 22.4083 10
      vertex 19.0875 23.1366 10
      vertex 20.0193 22.3719 10
    endloop
  endfacet
  facet normal 0 0 1
    outer loop
      vertex 14.5 30.1147 10
      vertex 14.449 30.777 10
      vertex 14.1682 30.1003 10
    endloop
  endfacet
  facet normal -0 0 1
    outer loop
      vertex 7.49159 29.122 10
      vertex 9.95027 28.3761 10
      vertex 7.77534 31.041 10
    endloop
  endfacet
  facet normal 0 0 1
    outer loop
      vertex 9.95027 28.3761 10
      vertex 7.49159 29.122 10
      vertex 9.93408 28.33 10
    endloop
  endfacet
  facet normal 0 0 1
    outer loop
      vertex 9.93408 28.33 10
      vertex 7.49159 29.122 10
      vertex 7.4794 29.0746 10
    endloop
  endfacet
  facet normal 0 0 1
    outer loop
      vertex 5.08493 -33.6176 10
      vertex 1.57124 -33.9637 10
      vertex 3.92201 -44.8288 10
    endloop
  endfacet
  facet normal 0 0 1
    outer loop
      vertex 1.57124 -33.9637 10
      vertex 0 -45 10
      vertex 3.92201 -44.8288 10
    endloop
  endfacet
  facet normal -0 0 1
    outer loop
      vertex -1.57124 -33.9637 10
      vertex 0 -45 10
      vertex 1.57124 -33.9637 10
    endloop
  endfacet
  facet normal 0 0 1
    outer loop
      vertex -1.57124 -33.9637 10
      vertex -3.92201 -44.8288 10
      vertex 0 -45 10
    endloop
  endfacet
  facet normal 0 0 1
    outer loop
      vertex -1.57016 -31.9614 10
      vertex -4.69537 -31.6536 10
      vertex -1.57124 -33.9637 10
    endloop
  endfacet
  facet normal 0 0 1
    outer loop
      vertex 4.69537 31.6536 10
      vertex 1.57016 31.9614 10
      vertex 1.66623 30.024 10
    endloop
  endfacet
  facet normal 0 0 1
    outer loop
      vertex -5.08493 33.6176 10
      vertex -1.57124 33.9637 10
      vertex -3.92201 44.8288 10
    endloop
  endfacet
  facet normal 0 -0 1
    outer loop
      vertex -4.69537 31.6536 10
      vertex -1.57016 31.9614 10
      vertex -5.08493 33.6176 10
    endloop
  endfacet
  facet normal 0 0 1
    outer loop
      vertex -1.57016 31.9614 10
      vertex -4.69537 31.6536 10
      vertex -1.66623 30.024 10
    endloop
  endfacet
  facet normal 0 0 1
    outer loop
      vertex -1.66351 29.9751 10
      vertex -4.22316 29.7721 10
      vertex -4.21629 29.7237 10
    endloop
  endfacet
  facet normal 0 0 1
    outer loop
      vertex -1.66623 30.024 10
      vertex -4.22316 29.7721 10
      vertex -1.66351 29.9751 10
    endloop
  endfacet
  facet normal 0 -0 1
    outer loop
      vertex -4.22316 29.7721 10
      vertex -1.66623 30.024 10
      vertex -4.69537 31.6536 10
    endloop
  endfacet
  facet normal -0 0 1
    outer loop
      vertex -7.81417 44.3163 10
      vertex -5.08493 33.6176 10
      vertex -3.92201 44.8288 10
    endloop
  endfacet
  facet normal 0 0 1
    outer loop
      vertex -7.81417 44.3163 10
      vertex -8.16702 33.0045 10
      vertex -5.08493 33.6176 10
    endloop
  endfacet
  facet normal -0 0 1
    outer loop
      vertex -11.6469 43.4667 10
      vertex -8.16702 33.0045 10
      vertex -7.81417 44.3163 10
    endloop
  endfacet
  facet normal 0 0 1
    outer loop
      vertex -8.16702 33.0045 10
      vertex -9.95027 28.3761 10
      vertex -9.93408 28.33 10
    endloop
  endfacet
  facet normal 0 0 1
    outer loop
      vertex -8.16702 33.0045 10
      vertex -10.7805 30.1294 10
      vertex -9.95027 28.3761 10
    endloop
  endfacet
  facet normal 0 0 1
    outer loop
      vertex -8.16702 33.0045 10
      vertex -11.5457 31.9796 10
      vertex -10.7805 30.1294 10
    endloop
  endfacet
  facet normal 0 0 1
    outer loop
      vertex -8.16702 33.0045 10
      vertex -11.6469 43.4667 10
      vertex -11.5457 31.9796 10
    endloop
  endfacet
  facet normal -0 0 1
    outer loop
      vertex -15.3909 42.2862 10
      vertex -11.5457 31.9796 10
      vertex -11.6469 43.4667 10
    endloop
  endfacet
  facet normal 0 0 1
    outer loop
      vertex -14.449 30.777 10
      vertex -14.9358 30.0957 10
      vertex -14.5 30.1147 10
    endloop
  endfacet
  facet normal 0 0 1
    outer loop
      vertex -11.5457 31.9796 10
      vertex -15.3909 42.2862 10
      vertex -14.449 30.777 10
    endloop
  endfacet
  facet normal -0 0 1
    outer loop
      vertex -19.0178 40.7839 10
      vertex -14.449 30.777 10
      vertex -15.3909 42.2862 10
    endloop
  endfacet
  facet normal 0 -0 1
    outer loop
      vertex -16.2101 29.8132 10
      vertex -14.449 30.777 10
      vertex -19.0178 40.7839 10
    endloop
  endfacet
  facet normal 0 0 1
    outer loop
      vertex -14.449 30.777 10
      vertex -15.3682 30.0388 10
      vertex -14.9358 30.0957 10
    endloop
  endfacet
  facet normal 0 0 1
    outer loop
      vertex -14.449 30.777 10
      vertex -15.7941 29.9444 10
      vertex -15.3682 30.0388 10
    endloop
  endfacet
  facet normal 0 0 1
    outer loop
      vertex -14.449 30.777 10
      vertex -16.2101 29.8132 10
      vertex -15.7941 29.9444 10
    endloop
  endfacet
  facet normal -0 0 1
    outer loop
      vertex -22.5 38.9711 10
      vertex -16.2101 29.8132 10
      vertex -19.0178 40.7839 10
    endloop
  endfacet
  facet normal 0 0 1
    outer loop
      vertex -16.2101 29.8132 10
      vertex -22.5 38.9711 10
      vertex -16.6131 29.6463 10
    endloop
  endfacet
  facet normal 0 0 1
    outer loop
      vertex -16.6131 29.6463 10
      vertex -22.5 38.9711 10
      vertex -17 29.4449 10
    endloop
  endfacet
  facet normal 0 0 1
    outer loop
      vertex -17.3679 29.2105 10
      vertex -17.5628 29.1127 10
      vertex -17.5399 29.0785 10
    endloop
  endfacet
  facet normal 0 -0 1
    outer loop
      vertex -17.5628 29.1127 10
      vertex -17 29.4449 10
      vertex -22.5 38.9711 10
    endloop
  endfacet
  facet normal 0 0 1
    outer loop
      vertex -17 29.4449 10
      vertex -17.5628 29.1127 10
      vertex -17.3679 29.2105 10
    endloop
  endfacet
  facet normal -0 0 1
    outer loop
      vertex -25.8109 36.8618 10
      vertex -17.5628 29.1127 10
      vertex -22.5 38.9711 10
    endloop
  endfacet
  facet normal 0 0 1
    outer loop
      vertex -17.5628 29.1127 10
      vertex -25.8109 36.8618 10
      vertex -20.1756 27.3668 10
    endloop
  endfacet
  facet normal 0 0 1
    outer loop
      vertex -20.1756 27.3668 10
      vertex -22.9049 25.127 10
      vertex -21.4899 23.7104 10
    endloop
  endfacet
  facet normal -0 0 1
    outer loop
      vertex -28.9254 34.472 10
      vertex -20.1756 27.3668 10
      vertex -25.8109 36.8618 10
    endloop
  endfacet
  facet normal 0 0 1
    outer loop
      vertex -20.1756 27.3668 10
      vertex -28.9254 34.472 10
      vertex -22.9049 25.127 10
    endloop
  endfacet
  facet normal -0 0 1
    outer loop
      vertex -31.8198 31.8198 10
      vertex -22.9049 25.127 10
      vertex -28.9254 34.472 10
    endloop
  endfacet
  facet normal 0 0 1
    outer loop
      vertex -25.127 22.9049 10
      vertex -27.3668 20.1756 10
      vertex -25.7026 19.0624 10
    endloop
  endfacet
  facet normal 0 0 1
    outer loop
      vertex -22.9049 25.127 10
      vertex -31.8198 31.8198 10
      vertex -25.127 22.9049 10
    endloop
  endfacet
  facet normal -0 0 1
    outer loop
      vertex -34.472 28.9254 10
      vertex -25.127 22.9049 10
      vertex -31.8198 31.8198 10
    endloop
  endfacet
  facet normal 0 0 1
    outer loop
      vertex -25.127 22.9049 10
      vertex -34.472 28.9254 10
      vertex -27.3668 20.1756 10
    endloop
  endfacet
  facet normal -0 0 1
    outer loop
      vertex -36.8618 25.8109 10
      vertex -27.3668 20.1756 10
      vertex -34.472 28.9254 10
    endloop
  endfacet
  facet normal 0 0 1
    outer loop
      vertex -27.3668 20.1756 10
      vertex -36.8618 25.8109 10
      vertex -29.1127 17.5628 10
    endloop
  endfacet
  facet normal -0 0 1
    outer loop
      vertex -38.9711 22.5 10
      vertex -29.1127 17.5628 10
      vertex -36.8618 25.8109 10
    endloop
  endfacet
  facet normal 0 0 1
    outer loop
      vertex -29.1127 17.5628 10
      vertex -38.9711 22.5 10
      vertex -30.777 14.449 10
    endloop
  endfacet
  facet normal 0 0 1
    outer loop
      vertex -33.5315 2.11309 10
      vertex -33.9637 1.57124 10
      vertex -33.6985 1.7101 10
    endloop
  endfacet
  facet normal 0 0 1
    outer loop
      vertex -33.6985 1.7101 10
      vertex -33.9637 1.57124 10
      vertex -33.7423 1.57112 10
    endloop
  endfacet
  facet normal -0 0 1
    outer loop
      vertex -40.7839 19.0178 10
      vertex -30.777 14.449 10
      vertex -38.9711 22.5 10
    endloop
  endfacet
  facet normal 0 0 1
    outer loop
      vertex -33.9637 1.57124 10
      vertex -33.981 0.435779 10
      vertex -33.9637 0.567217 10
    endloop
  endfacet
  facet normal 0 0 1
    outer loop
      vertex -45 0 10
      vertex -33.981 0.435779 10
      vertex -33.9637 1.57124 10
    endloop
  endfacet
  facet normal -0 0 1
    outer loop
      vertex -42.2862 15.3909 10
      vertex -31.9796 11.5457 10
      vertex -40.7839 19.0178 10
    endloop
  endfacet
  facet normal 0 0 1
    outer loop
      vertex -30.777 14.449 10
      vertex -40.7839 19.0178 10
      vertex -31.9796 11.5457 10
    endloop
  endfacet
  facet normal 0 0 1
    outer loop
      vertex -4.22316 -29.7721 10
      vertex -1.66623 -30.024 10
      vertex -1.66351 -29.9751 10
    endloop
  endfacet
  facet normal -0 0 1
    outer loop
      vertex -4.22316 -29.7721 10
      vertex -1.66351 -29.9751 10
      vertex -4.21629 -29.7237 10
    endloop
  endfacet
  facet normal 0 0 1
    outer loop
      vertex -1.66623 -30.024 10
      vertex -4.22316 -29.7721 10
      vertex -4.69537 -31.6536 10
    endloop
  endfacet
  facet normal 0 0 1
    outer loop
      vertex -1.57124 -33.9637 10
      vertex -4.69537 -31.6536 10
      vertex -5.08493 -33.6176 10
    endloop
  endfacet
  facet normal 0 0 1
    outer loop
      vertex -1.57124 -33.9637 10
      vertex -5.08493 -33.6176 10
      vertex -3.92201 -44.8288 10
    endloop
  endfacet
  facet normal 0 0 1
    outer loop
      vertex -5.08493 -33.6176 10
      vertex -7.81417 -44.3163 10
      vertex -3.92201 -44.8288 10
    endloop
  endfacet
  facet normal 0 0 1
    outer loop
      vertex -8.16702 -33.0045 10
      vertex -7.81417 -44.3163 10
      vertex -5.08493 -33.6176 10
    endloop
  endfacet
  facet normal 0 0 1
    outer loop
      vertex -10.7805 -30.1294 10
      vertex -7.49159 -29.122 10
      vertex -9.95027 -28.3761 10
    endloop
  endfacet
  facet normal 0 0 1
    outer loop
      vertex -7.77534 -31.041 10
      vertex -10.7805 -30.1294 10
      vertex -8.16702 -33.0045 10
    endloop
  endfacet
  facet normal -0 0 1
    outer loop
      vertex -11.5457 -31.9796 10
      vertex -8.16702 -33.0045 10
      vertex -10.7805 -30.1294 10
    endloop
  endfacet
  facet normal 0 0 1
    outer loop
      vertex -11.6469 -43.4667 10
      vertex -8.16702 -33.0045 10
      vertex -11.5457 -31.9796 10
    endloop
  endfacet
  facet normal 0 0 1
    outer loop
      vertex -8.16702 -33.0045 10
      vertex -11.6469 -43.4667 10
      vertex -7.81417 -44.3163 10
    endloop
  endfacet
  facet normal 0 0 1
    outer loop
      vertex -15.3909 -42.2862 10
      vertex -11.5457 -31.9796 10
      vertex -14.449 -30.777 10
    endloop
  endfacet
  facet normal 0 0 1
    outer loop
      vertex -14.9358 -30.0957 10
      vertex -14.449 -30.777 10
      vertex -14.5 -30.1147 10
    endloop
  endfacet
  facet normal 0 0 1
    outer loop
      vertex -15.3682 -30.0388 10
      vertex -14.449 -30.777 10
      vertex -14.9358 -30.0957 10
    endloop
  endfacet
  facet normal 0 0 1
    outer loop
      vertex -15.7941 -29.9444 10
      vertex -14.449 -30.777 10
      vertex -15.3682 -30.0388 10
    endloop
  endfacet
  facet normal 0 0 1
    outer loop
      vertex -11.5457 -31.9796 10
      vertex -15.3909 -42.2862 10
      vertex -11.6469 -43.4667 10
    endloop
  endfacet
  facet normal 0 0 1
    outer loop
      vertex -16.2101 -29.8132 10
      vertex -14.449 -30.777 10
      vertex -15.7941 -29.9444 10
    endloop
  endfacet
  facet normal 0 0 1
    outer loop
      vertex -14.449 -30.777 10
      vertex -16.2101 -29.8132 10
      vertex -19.0178 -40.7839 10
    endloop
  endfacet
  facet normal 0 0 1
    outer loop
      vertex -22.5 -38.9711 10
      vertex -16.2101 -29.8132 10
      vertex -16.6131 -29.6463 10
    endloop
  endfacet
  facet normal 0 0 1
    outer loop
      vertex -22.5 -38.9711 10
      vertex -16.6131 -29.6463 10
      vertex -17 -29.4449 10
    endloop
  endfacet
  facet normal 0 0 1
    outer loop
      vertex -17.5628 -29.1127 10
      vertex -17 -29.4449 10
      vertex -17.3679 -29.2105 10
    endloop
  endfacet
  facet normal -0 0 1
    outer loop
      vertex -17.5628 -29.1127 10
      vertex -17.3679 -29.2105 10
      vertex -17.5399 -29.0785 10
    endloop
  endfacet
  facet normal 0 0 1
    outer loop
      vertex -17 -29.4449 10
      vertex -17.5628 -29.1127 10
      vertex -22.5 -38.9711 10
    endloop
  endfacet
  facet normal 0 0 1
    outer loop
      vertex -14.449 -30.777 10
      vertex -19.0178 -40.7839 10
      vertex -15.3909 -42.2862 10
    endloop
  endfacet
  facet normal 0 0 1
    outer loop
      vertex -25.8109 -36.8618 10
      vertex -17.5628 -29.1127 10
      vertex -20.1756 -27.3668 10
    endloop
  endfacet
  facet normal 0 0 1
    outer loop
      vertex -19.481 -25.5505 10
      vertex -22.9049 -25.127 10
      vertex -20.1756 -27.3668 10
    endloop
  endfacet
  facet normal 0 0 1
    outer loop
      vertex -28.9254 -34.472 10
      vertex -20.1756 -27.3668 10
      vertex -22.9049 -25.127 10
    endloop
  endfacet
  facet normal 0 0 1
    outer loop
      vertex -16.2101 -29.8132 10
      vertex -22.5 -38.9711 10
      vertex -19.0178 -40.7839 10
    endloop
  endfacet
  facet normal 0 0 1
    outer loop
      vertex -31.8198 -31.8198 10
      vertex -22.9049 -25.127 10
      vertex -25.127 -22.9049 10
    endloop
  endfacet
  facet normal 0 0 1
    outer loop
      vertex -17.5628 -29.1127 10
      vertex -25.8109 -36.8618 10
      vertex -22.5 -38.9711 10
    endloop
  endfacet
  facet normal -0 0 1
    outer loop
      vertex -27.3668 -20.1756 10
      vertex -25.127 -22.9049 10
      vertex -25.7026 -19.0624 10
    endloop
  endfacet
  facet normal 0 0 1
    outer loop
      vertex -34.472 -28.9254 10
      vertex -25.127 -22.9049 10
      vertex -27.3668 -20.1756 10
    endloop
  endfacet
  facet normal 0 0 1
    outer loop
      vertex -20.1756 -27.3668 10
      vertex -28.9254 -34.472 10
      vertex -25.8109 -36.8618 10
    endloop
  endfacet
  facet normal 0 0 1
    outer loop
      vertex -36.8618 -25.8109 10
      vertex -27.3668 -20.1756 10
      vertex -29.1127 -17.5628 10
    endloop
  endfacet
  facet normal 0 0 1
    outer loop
      vertex -38.9711 -22.5 10
      vertex -29.1127 -17.5628 10
      vertex -30.777 -14.449 10
    endloop
  endfacet
  facet normal 0 0 1
    outer loop
      vertex -22.9049 -25.127 10
      vertex -31.8198 -31.8198 10
      vertex -28.9254 -34.472 10
    endloop
  endfacet
  facet normal 0 0 1
    outer loop
      vertex -40.7839 -19.0178 10
      vertex -30.777 -14.449 10
      vertex -31.9796 -11.5457 10
    endloop
  endfacet
  facet normal 0 0 1
    outer loop
      vertex -43.4667 -11.6469 10
      vertex -31.9796 -11.5457 10
      vertex -33.0045 -8.16702 10
    endloop
  endfacet
  facet normal -0 0 1
    outer loop
      vertex -44.3163 -7.81417 10
      vertex -33.0045 -8.16702 10
      vertex -33.6176 -5.08493 10
    endloop
  endfacet
  facet normal -0 0 1
    outer loop
      vertex -33.9637 -1.57124 10
      vertex -33.6985 -1.7101 10
      vertex -33.7423 -1.57112 10
    endloop
  endfacet
  facet normal 0 0 1
    outer loop
      vertex -33.5315 -2.11309 10
      vertex -33.9637 -1.57124 10
      vertex -33.6176 -5.08493 10
    endloop
  endfacet
  facet normal -0 0 1
    outer loop
      vertex -44.8288 -3.92201 10
      vertex -33.6176 -5.08493 10
      vertex -33.9637 -1.57124 10
    endloop
  endfacet
  facet normal -0 0 1
    outer loop
      vertex -45 0 10
      vertex -33.981 -0.435779 10
      vertex -34 0 10
    endloop
  endfacet
  facet normal 0 0 1
    outer loop
      vertex -25.127 -22.9049 10
      vertex -34.472 -28.9254 10
      vertex -31.8198 -31.8198 10
    endloop
  endfacet
  facet normal 0 0 1
    outer loop
      vertex -33.981 -0.435779 10
      vertex -45 0 10
      vertex -33.9637 -1.57124 10
    endloop
  endfacet
  facet normal -0 0 1
    outer loop
      vertex -43.4667 11.6469 10
      vertex -31.9796 11.5457 10
      vertex -42.2862 15.3909 10
    endloop
  endfacet
  facet normal 0 0 1
    outer loop
      vertex -31.9796 11.5457 10
      vertex -43.4667 11.6469 10
      vertex -33.0045 8.16702 10
    endloop
  endfacet
  facet normal 0 0 1
    outer loop
      vertex -27.3668 -20.1756 10
      vertex -36.8618 -25.8109 10
      vertex -34.472 -28.9254 10
    endloop
  endfacet
  facet normal 0 0 1
    outer loop
      vertex -44.3163 7.81417 10
      vertex -33.0045 8.16702 10
      vertex -43.4667 11.6469 10
    endloop
  endfacet
  facet normal 0 0 1
    outer loop
      vertex -29.1127 -17.5628 10
      vertex -38.9711 -22.5 10
      vertex -36.8618 -25.8109 10
    endloop
  endfacet
  facet normal 0 0 1
    outer loop
      vertex -33.0045 8.16702 10
      vertex -44.3163 7.81417 10
      vertex -33.6176 5.08493 10
    endloop
  endfacet
  facet normal 0 0 1
    outer loop
      vertex -30.777 -14.449 10
      vertex -40.7839 -19.0178 10
      vertex -38.9711 -22.5 10
    endloop
  endfacet
  facet normal 0 0 1
    outer loop
      vertex -44.8288 3.92201 10
      vertex -33.6176 5.08493 10
      vertex -44.3163 7.81417 10
    endloop
  endfacet
  facet normal 0 0 1
    outer loop
      vertex -31.9796 -11.5457 10
      vertex -42.2862 -15.3909 10
      vertex -40.7839 -19.0178 10
    endloop
  endfacet
  facet normal 0 0 1
    outer loop
      vertex -33.6176 5.08493 10
      vertex -44.8288 3.92201 10
      vertex -33.9637 1.57124 10
    endloop
  endfacet
  facet normal 0 0 1
    outer loop
      vertex -31.9796 -11.5457 10
      vertex -43.4667 -11.6469 10
      vertex -42.2862 -15.3909 10
    endloop
  endfacet
  facet normal 0 0 1
    outer loop
      vertex -45 0 10
      vertex -33.9637 1.57124 10
      vertex -44.8288 3.92201 10
    endloop
  endfacet
  facet normal 0 0 1
    outer loop
      vertex -33.0045 -8.16702 10
      vertex -44.3163 -7.81417 10
      vertex -43.4667 -11.6469 10
    endloop
  endfacet
  facet normal 0 0 1
    outer loop
      vertex -33.981 0.435779 10
      vertex -45 0 10
      vertex -34 0 10
    endloop
  endfacet
  facet normal 0 0 1
    outer loop
      vertex -33.6176 -5.08493 10
      vertex -44.8288 -3.92201 10
      vertex -44.3163 -7.81417 10
    endloop
  endfacet
  facet normal 0 0 1
    outer loop
      vertex -33.9637 -1.57124 10
      vertex -45 0 10
      vertex -44.8288 -3.92201 10
    endloop
  endfacet
  facet normal 0 0 1
    outer loop
      vertex -9.93408 28.33 10
      vertex -7.77534 31.041 10
      vertex -8.16702 33.0045 10
    endloop
  endfacet
  facet normal 0 0 1
    outer loop
      vertex -7.49159 29.122 10
      vertex -9.93408 28.33 10
      vertex -7.4794 29.0746 10
    endloop
  endfacet
  facet normal 0 0 1
    outer loop
      vertex -7.77534 31.041 10
      vertex -9.93408 28.33 10
      vertex -7.49159 29.122 10
    endloop
  endfacet
  facet normal 0 0 1
    outer loop
      vertex -14.1682 30.1003 10
      vertex -14.449 30.777 10
      vertex -14.5 30.1147 10
    endloop
  endfacet
  facet normal 0 0 1
    outer loop
      vertex -19.424 -24.2465 10
      vertex -21.4899 -23.7104 10
      vertex -19.481 -24.679 10
    endloop
  endfacet
  facet normal 0 0 1
    outer loop
      vertex -19.481 -24.679 10
      vertex -21.4899 -23.7104 10
      vertex -19.5 -25.1147 10
    endloop
  endfacet
  facet normal 0 0 1
    outer loop
      vertex -19.5 -25.1147 10
      vertex -21.4899 -23.7104 10
      vertex -19.481 -25.5505 10
    endloop
  endfacet
  facet normal 0 0 1
    outer loop
      vertex -19.424 -25.983 10
      vertex -20.1756 -27.3668 10
      vertex -19.3807 -26.1785 10
    endloop
  endfacet
  facet normal -0 0 1
    outer loop
      vertex -22.9049 -25.127 10
      vertex -19.481 -25.5505 10
      vertex -21.4899 -23.7104 10
    endloop
  endfacet
  facet normal 0 0 1
    outer loop
      vertex -19.481 -25.5505 10
      vertex -20.1756 -27.3668 10
      vertex -19.424 -25.983 10
    endloop
  endfacet
  facet normal 0 0 1
    outer loop
      vertex -21.4899 23.7104 10
      vertex -19.5 25.1147 10
      vertex -19.481 25.5505 10
    endloop
  endfacet
  facet normal 0 0 1
    outer loop
      vertex -20.1756 27.3668 10
      vertex -19.481 25.5505 10
      vertex -19.424 25.983 10
    endloop
  endfacet
  facet normal 0 0 1
    outer loop
      vertex -19.5 25.1147 10
      vertex -20.0519 22.4083 10
      vertex -20.0193 22.3719 10
    endloop
  endfacet
  facet normal 0 0 1
    outer loop
      vertex -20.1756 27.3668 10
      vertex -19.424 25.983 10
      vertex -19.3807 26.1785 10
    endloop
  endfacet
  facet normal 0 0 1
    outer loop
      vertex -19.481 25.5505 10
      vertex -20.1756 27.3668 10
      vertex -21.4899 23.7104 10
    endloop
  endfacet
  facet normal 0 0 1
    outer loop
      vertex -19.5 25.1147 10
      vertex -21.4899 23.7104 10
      vertex -20.0519 22.4083 10
    endloop
  endfacet
  facet normal 0 0 1
    outer loop
      vertex -19.1985 23.4046 10
      vertex -20.0193 22.3719 10
      vertex -19.0875 23.1366 10
    endloop
  endfacet
  facet normal 0 0 1
    outer loop
      vertex -19.3296 23.8206 10
      vertex -20.0193 22.3719 10
      vertex -19.1985 23.4046 10
    endloop
  endfacet
  facet normal 0 0 1
    outer loop
      vertex -19.424 24.2465 10
      vertex -20.0193 22.3719 10
      vertex -19.3296 23.8206 10
    endloop
  endfacet
  facet normal 0 0 1
    outer loop
      vertex -19.481 24.679 10
      vertex -20.0193 22.3719 10
      vertex -19.424 24.2465 10
    endloop
  endfacet
  facet normal 0 0 1
    outer loop
      vertex -20.0193 22.3719 10
      vertex -19.481 24.679 10
      vertex -19.5 25.1147 10
    endloop
  endfacet
  facet normal 0 0 1
    outer loop
      vertex -22.4083 20.0519 10
      vertex -23.9992 18.0364 10
      vertex -22.3719 20.0193 10
    endloop
  endfacet
  facet normal 0 0 1
    outer loop
      vertex -24.0383 18.0658 10
      vertex -22.4083 20.0519 10
      vertex -23.7104 21.4899 10
    endloop
  endfacet
  facet normal 0 0 1
    outer loop
      vertex -22.4083 20.0519 10
      vertex -24.0383 18.0658 10
      vertex -23.9992 18.0364 10
    endloop
  endfacet
  facet normal 0 0 1
    outer loop
      vertex -25.7026 19.0624 10
      vertex -23.7104 21.4899 10
      vertex -25.127 22.9049 10
    endloop
  endfacet
  facet normal 0 0 1
    outer loop
      vertex -23.7104 21.4899 10
      vertex -25.7026 19.0624 10
      vertex -24.0383 18.0658 10
    endloop
  endfacet
  facet normal 0 0 1
    outer loop
      vertex -25.8897 15.295 10
      vertex -27.0568 13.0079 10
      vertex -25.8476 15.2701 10
    endloop
  endfacet
  facet normal 0 0 1
    outer loop
      vertex -25.8897 15.295 10
      vertex -27.1009 13.0291 10
      vertex -27.0568 13.0079 10
    endloop
  endfacet
  facet normal 0 0 1
    outer loop
      vertex -27.4473 16.4513 10
      vertex -27.1009 13.0291 10
      vertex -25.8897 15.295 10
    endloop
  endfacet
  facet normal 0 0 1
    outer loop
      vertex -27.4473 16.4513 10
      vertex -28.9276 13.6817 10
      vertex -27.1009 13.0291 10
    endloop
  endfacet
  facet normal 0 0 1
    outer loop
      vertex -29.1127 17.5628 10
      vertex -28.9276 13.6817 10
      vertex -27.4473 16.4513 10
    endloop
  endfacet
  facet normal 0 0 1
    outer loop
      vertex -28.9276 13.6817 10
      vertex -29.1127 17.5628 10
      vertex -30.777 14.449 10
    endloop
  endfacet
  facet normal 0 0 1
    outer loop
      vertex -28.3761 9.95027 10
      vertex -29.0746 7.4794 10
      vertex -28.33 9.93408 10
    endloop
  endfacet
  facet normal 0 0 1
    outer loop
      vertex -28.3761 9.95027 10
      vertex -29.122 7.49159 10
      vertex -29.0746 7.4794 10
    endloop
  endfacet
  facet normal 0 0 1
    outer loop
      vertex -30.1294 10.7805 10
      vertex -29.122 7.49159 10
      vertex -28.3761 9.95027 10
    endloop
  endfacet
  facet normal 0 0 1
    outer loop
      vertex -30.1294 10.7805 10
      vertex -31.041 7.77534 10
      vertex -29.122 7.49159 10
    endloop
  endfacet
  facet normal 0 0 1
    outer loop
      vertex -31.9796 11.5457 10
      vertex -31.041 7.77534 10
      vertex -30.1294 10.7805 10
    endloop
  endfacet
  facet normal 0 0 1
    outer loop
      vertex -31.041 7.77534 10
      vertex -31.9796 11.5457 10
      vertex -33.0045 8.16702 10
    endloop
  endfacet
  facet normal 0 0 1
    outer loop
      vertex -31.6536 4.69537 10
      vertex -31.1131 4.53154 10
      vertex -31.0707 4.54908 10
    endloop
  endfacet
  facet normal 0 0 1
    outer loop
      vertex -31.6536 4.69537 10
      vertex -31.5 4.33013 10
      vertex -31.1131 4.53154 10
    endloop
  endfacet
  facet normal 0 0 1
    outer loop
      vertex -31.6536 4.69537 10
      vertex -31.8679 4.09576 10
      vertex -31.5 4.33013 10
    endloop
  endfacet
  facet normal 0 0 1
    outer loop
      vertex -31.6536 4.69537 10
      vertex -32.2139 3.83022 10
      vertex -31.8679 4.09576 10
    endloop
  endfacet
  facet normal 0 0 1
    outer loop
      vertex -33.6176 5.08493 10
      vertex -32.2139 3.83022 10
      vertex -31.6536 4.69537 10
    endloop
  endfacet
  facet normal 0 0 1
    outer loop
      vertex -32.2139 3.83022 10
      vertex -33.6176 5.08493 10
      vertex -32.5355 3.53553 10
    endloop
  endfacet
  facet normal 0 0 1
    outer loop
      vertex -32.5355 3.53553 10
      vertex -33.6176 5.08493 10
      vertex -32.8302 3.21394 10
    endloop
  endfacet
  facet normal 0 0 1
    outer loop
      vertex -33.6176 5.08493 10
      vertex -33.0958 2.86788 10
      vertex -32.8302 3.21394 10
    endloop
  endfacet
  facet normal 0 0 1
    outer loop
      vertex -33.6176 5.08493 10
      vertex -33.3301 2.5 10
      vertex -33.0958 2.86788 10
    endloop
  endfacet
  facet normal 0 0 1
    outer loop
      vertex -33.6176 5.08493 10
      vertex -33.5315 2.11309 10
      vertex -33.3301 2.5 10
    endloop
  endfacet
  facet normal 0 0 1
    outer loop
      vertex -33.9637 1.57124 10
      vertex -33.5315 2.11309 10
      vertex -33.6176 5.08493 10
    endloop
  endfacet
  facet normal 0 0 1
    outer loop
      vertex -1.57016 31.9614 16
      vertex 1.57016 31.9614 16
      vertex 1.57124 33.9637 16
    endloop
  endfacet
  facet normal 0 0 1
    outer loop
      vertex 1.57016 31.9614 16
      vertex -1.66351 29.9751 16
      vertex 1.41577 3.03613 16
    endloop
  endfacet
  facet normal 0 0 1
    outer loop
      vertex 1.41577 3.03613 16
      vertex -1.66351 29.9751 16
      vertex 1.14577 3.14797 16
    endloop
  endfacet
  facet normal 0 0 1
    outer loop
      vertex 1.14577 3.14797 16
      vertex -1.66351 29.9751 16
      vertex 0.867043 3.23585 16
    endloop
  endfacet
  facet normal 0 0 1
    outer loop
      vertex 0.867043 3.23585 16
      vertex -1.66351 29.9751 16
      vertex 0.581721 3.29911 16
    endloop
  endfacet
  facet normal 0 0 1
    outer loop
      vertex 0.581721 3.29911 16
      vertex -1.66351 29.9751 16
      vertex 0.291971 3.33725 16
    endloop
  endfacet
  facet normal 0 0 1
    outer loop
      vertex 0.291971 3.33725 16
      vertex -1.66351 29.9751 16
      vertex 0 3.35 16
    endloop
  endfacet
  facet normal 0 0 1
    outer loop
      vertex 0 3.35 16
      vertex -1.66351 29.9751 16
      vertex -0.291971 3.33725 16
    endloop
  endfacet
  facet normal -0 0 1
    outer loop
      vertex -4.21629 29.7237 16
      vertex -0.291971 3.33725 16
      vertex -1.66351 29.9751 16
    endloop
  endfacet
  facet normal 0 0 1
    outer loop
      vertex -0.291971 3.33725 16
      vertex -4.21629 29.7237 16
      vertex -0.581721 3.29911 16
    endloop
  endfacet
  facet normal -0 0 1
    outer loop
      vertex -7.4794 29.0746 16
      vertex -0.581721 3.29911 16
      vertex -4.21629 29.7237 16
    endloop
  endfacet
  facet normal 0 0 1
    outer loop
      vertex 1.57016 31.9614 16
      vertex -1.57016 31.9614 16
      vertex -1.66623 30.024 16
    endloop
  endfacet
  facet normal 0 -0 1
    outer loop
      vertex -1.57016 31.9614 16
      vertex 1.57124 33.9637 16
      vertex -1.57124 33.9637 16
    endloop
  endfacet
  facet normal 0 0 1
    outer loop
      vertex -1.66623 -30.024 16
      vertex 1.66623 -30.024 16
      vertex 1.66351 -29.9751 16
    endloop
  endfacet
  facet normal 0 0 1
    outer loop
      vertex 1.66623 30.024 16
      vertex 1.57016 31.9614 16
      vertex 1.66351 29.9751 16
    endloop
  endfacet
  facet normal -0 0 1
    outer loop
      vertex 4.22316 29.7721 16
      vertex 7.49159 29.122 16
      vertex 7.77534 31.041 16
    endloop
  endfacet
  facet normal 0 0 1
    outer loop
      vertex 4.22316 29.7721 16
      vertex 7.77534 31.041 16
      vertex 4.69537 31.6536 16
    endloop
  endfacet
  facet normal -0 0 1
    outer loop
      vertex 4.69537 31.6536 16
      vertex 7.77534 31.041 16
      vertex 5.08493 33.6176 16
    endloop
  endfacet
  facet normal 0 0 1
    outer loop
      vertex 5.08493 33.6176 16
      vertex 7.77534 31.041 16
      vertex 8.16702 33.0045 16
    endloop
  endfacet
  facet normal -0 0 1
    outer loop
      vertex 9.95027 28.3761 16
      vertex 13.0291 27.1009 16
      vertex 13.6817 28.9276 16
    endloop
  endfacet
  facet normal 0 0 1
    outer loop
      vertex 9.95027 28.3761 16
      vertex 13.6817 28.9276 16
      vertex 10.7805 30.1294 16
    endloop
  endfacet
  facet normal -0 0 1
    outer loop
      vertex 10.7805 30.1294 16
      vertex 13.6817 28.9276 16
      vertex 11.5457 31.9796 16
    endloop
  endfacet
  facet normal 0 0 1
    outer loop
      vertex 11.5457 31.9796 16
      vertex 13.6817 28.9276 16
      vertex 14.449 30.777 16
    endloop
  endfacet
  facet normal 0 0 1
    outer loop
      vertex 15.295 25.8897 16
      vertex 18.0658 24.0383 16
      vertex 19.0624 25.7026 16
    endloop
  endfacet
  facet normal -0 0 1
    outer loop
      vertex 15.295 25.8897 16
      vertex 19.0624 25.7026 16
      vertex 16.4513 27.4473 16
    endloop
  endfacet
  facet normal -0 0 1
    outer loop
      vertex 16.4513 27.4473 16
      vertex 19.0624 25.7026 16
      vertex 17.5628 29.1127 16
    endloop
  endfacet
  facet normal 0 0 1
    outer loop
      vertex 17.5628 29.1127 16
      vertex 19.0624 25.7026 16
      vertex 20.1756 27.3668 16
    endloop
  endfacet
  facet normal 0 0 1
    outer loop
      vertex 22.9049 25.127 16
      vertex 23.7104 21.4899 16
      vertex 25.127 22.9049 16
    endloop
  endfacet
  facet normal -0 0 1
    outer loop
      vertex 21.4899 23.7104 16
      vertex 23.7104 21.4899 16
      vertex 22.9049 25.127 16
    endloop
  endfacet
  facet normal 0 0 1
    outer loop
      vertex 23.7104 21.4899 16
      vertex 21.4899 23.7104 16
      vertex 22.4083 20.0519 16
    endloop
  endfacet
  facet normal 0 0 1
    outer loop
      vertex 22.4083 20.0519 16
      vertex 20.0519 22.4083 16
      vertex 22.3719 20.0193 16
    endloop
  endfacet
  facet normal -0 0 1
    outer loop
      vertex 20.0519 22.4083 16
      vertex 22.4083 20.0519 16
      vertex 21.4899 23.7104 16
    endloop
  endfacet
  facet normal 0 0 1
    outer loop
      vertex 27.3668 20.1756 16
      vertex 27.4473 16.4513 16
      vertex 29.1127 17.5628 16
    endloop
  endfacet
  facet normal -0 0 1
    outer loop
      vertex 25.7026 19.0624 16
      vertex 27.4473 16.4513 16
      vertex 27.3668 20.1756 16
    endloop
  endfacet
  facet normal 0 0 1
    outer loop
      vertex 27.4473 16.4513 16
      vertex 25.7026 19.0624 16
      vertex 25.8897 15.295 16
    endloop
  endfacet
  facet normal 0 0 1
    outer loop
      vertex 25.8897 15.295 16
      vertex 24.0383 18.0658 16
      vertex 25.8476 15.2701 16
    endloop
  endfacet
  facet normal -0 0 1
    outer loop
      vertex 24.0383 18.0658 16
      vertex 25.8897 15.295 16
      vertex 25.7026 19.0624 16
    endloop
  endfacet
  facet normal 0 0 1
    outer loop
      vertex 30.777 14.449 16
      vertex 30.1294 10.7805 16
      vertex 31.9796 11.5457 16
    endloop
  endfacet
  facet normal -0 0 1
    outer loop
      vertex 28.9276 13.6817 16
      vertex 30.1294 10.7805 16
      vertex 30.777 14.449 16
    endloop
  endfacet
  facet normal 0 0 1
    outer loop
      vertex 28.9276 13.6817 16
      vertex 28.3761 9.95027 16
      vertex 30.1294 10.7805 16
    endloop
  endfacet
  facet normal -0 0 1
    outer loop
      vertex 27.1009 13.0291 16
      vertex 28.3761 9.95027 16
      vertex 28.9276 13.6817 16
    endloop
  endfacet
  facet normal -0 0 1
    outer loop
      vertex 27.0568 13.0079 16
      vertex 28.33 9.93408 16
      vertex 27.1009 13.0291 16
    endloop
  endfacet
  facet normal 0 0 1
    outer loop
      vertex 28.3761 9.95027 16
      vertex 27.1009 13.0291 16
      vertex 28.33 9.93408 16
    endloop
  endfacet
  facet normal 0 0 1
    outer loop
      vertex 33.0045 8.16702 16
      vertex 31.6536 4.69537 16
      vertex 33.6176 5.08493 16
    endloop
  endfacet
  facet normal -0 0 1
    outer loop
      vertex 31.041 7.77534 16
      vertex 31.6536 4.69537 16
      vertex 33.0045 8.16702 16
    endloop
  endfacet
  facet normal 0 0 1
    outer loop
      vertex 31.041 7.77534 16
      vertex 29.7721 4.22316 16
      vertex 31.6536 4.69537 16
    endloop
  endfacet
  facet normal -0 0 1
    outer loop
      vertex 29.122 7.49159 16
      vertex 29.7721 4.22316 16
      vertex 31.041 7.77534 16
    endloop
  endfacet
  facet normal -0 0 1
    outer loop
      vertex 29.0746 7.4794 16
      vertex 29.7237 4.21629 16
      vertex 29.122 7.49159 16
    endloop
  endfacet
  facet normal 0 0 1
    outer loop
      vertex 29.7721 4.22316 16
      vertex 29.122 7.49159 16
      vertex 29.7237 4.21629 16
    endloop
  endfacet
  facet normal -0 0 1
    outer loop
      vertex 31.9614 1.57016 16
      vertex 33.9637 -1.57124 16
      vertex 33.9637 1.57124 16
    endloop
  endfacet
  facet normal 0 0 1
    outer loop
      vertex 31.9614 1.57016 16
      vertex 31.9614 -1.57016 16
      vertex 33.9637 -1.57124 16
    endloop
  endfacet
  facet normal 0 0 1
    outer loop
      vertex 30.024 1.66623 16
      vertex 31.9614 -1.57016 16
      vertex 31.9614 1.57016 16
    endloop
  endfacet
  facet normal 0 0 1
    outer loop
      vertex 30.024 1.66623 16
      vertex 30.024 -1.66623 16
      vertex 31.9614 -1.57016 16
    endloop
  endfacet
  facet normal -0 0 1
    outer loop
      vertex 29.9751 1.66351 16
      vertex 30.024 -1.66623 16
      vertex 30.024 1.66623 16
    endloop
  endfacet
  facet normal 0 0 1
    outer loop
      vertex 29.9751 1.66351 16
      vertex 29.9751 -1.66351 16
      vertex 30.024 -1.66623 16
    endloop
  endfacet
  facet normal 0 0 1
    outer loop
      vertex 29.7237 4.21629 16
      vertex 29.9751 -1.66351 16
      vertex 29.9751 1.66351 16
    endloop
  endfacet
  facet normal 0 0 1
    outer loop
      vertex 29.9751 -1.66351 16
      vertex 29.7237 4.21629 16
      vertex 29.7237 -4.21629 16
    endloop
  endfacet
  facet normal 0 0 1
    outer loop
      vertex 31.6536 -4.69537 16
      vertex 33.0045 -8.16702 16
      vertex 33.6176 -5.08493 16
    endloop
  endfacet
  facet normal 0 0 1
    outer loop
      vertex 31.6536 -4.69537 16
      vertex 31.041 -7.77534 16
      vertex 33.0045 -8.16702 16
    endloop
  endfacet
  facet normal 0 0 1
    outer loop
      vertex 29.7721 -4.22316 16
      vertex 31.041 -7.77534 16
      vertex 31.6536 -4.69537 16
    endloop
  endfacet
  facet normal 0 0 1
    outer loop
      vertex 29.122 -7.49159 16
      vertex 29.7721 -4.22316 16
      vertex 29.7237 -4.21629 16
    endloop
  endfacet
  facet normal 0 0 1
    outer loop
      vertex 29.7721 -4.22316 16
      vertex 29.122 -7.49159 16
      vertex 31.041 -7.77534 16
    endloop
  endfacet
  facet normal 0 0 1
    outer loop
      vertex 29.7237 4.21629 16
      vertex 29.0746 7.4794 16
      vertex 29.7237 -4.21629 16
    endloop
  endfacet
  facet normal 0 0 1
    outer loop
      vertex 29.0746 -7.4794 16
      vertex 29.7237 -4.21629 16
      vertex 29.0746 7.4794 16
    endloop
  endfacet
  facet normal 0 0 1
    outer loop
      vertex 29.7237 -4.21629 16
      vertex 29.0746 -7.4794 16
      vertex 29.122 -7.49159 16
    endloop
  endfacet
  facet normal 0 0 1
    outer loop
      vertex 28.33 9.93408 16
      vertex 29.0746 -7.4794 16
      vertex 29.0746 7.4794 16
    endloop
  endfacet
  facet normal 0 0 1
    outer loop
      vertex 29.0746 -7.4794 16
      vertex 28.33 9.93408 16
      vertex 28.33 -9.93408 16
    endloop
  endfacet
  facet normal 0 0 1
    outer loop
      vertex 30.1294 -10.7805 16
      vertex 30.777 -14.449 16
      vertex 31.9796 -11.5457 16
    endloop
  endfacet
  facet normal 0 0 1
    outer loop
      vertex 30.1294 -10.7805 16
      vertex 28.9276 -13.6817 16
      vertex 30.777 -14.449 16
    endloop
  endfacet
  facet normal 0 0 1
    outer loop
      vertex 28.3761 -9.95027 16
      vertex 28.9276 -13.6817 16
      vertex 30.1294 -10.7805 16
    endloop
  endfacet
  facet normal 0 0 1
    outer loop
      vertex 27.1009 -13.0291 16
      vertex 28.3761 -9.95027 16
      vertex 28.33 -9.93408 16
    endloop
  endfacet
  facet normal 0 0 1
    outer loop
      vertex 28.3761 -9.95027 16
      vertex 27.1009 -13.0291 16
      vertex 28.9276 -13.6817 16
    endloop
  endfacet
  facet normal 0 0 1
    outer loop
      vertex 28.33 9.93408 16
      vertex 27.0568 13.0079 16
      vertex 28.33 -9.93408 16
    endloop
  endfacet
  facet normal 0 0 1
    outer loop
      vertex 27.0568 -13.0079 16
      vertex 28.33 -9.93408 16
      vertex 27.0568 13.0079 16
    endloop
  endfacet
  facet normal 0 0 1
    outer loop
      vertex 28.33 -9.93408 16
      vertex 27.0568 -13.0079 16
      vertex 27.1009 -13.0291 16
    endloop
  endfacet
  facet normal 0 0 1
    outer loop
      vertex 25.8476 15.2701 16
      vertex 27.0568 -13.0079 16
      vertex 27.0568 13.0079 16
    endloop
  endfacet
  facet normal 0 0 1
    outer loop
      vertex 27.0568 -13.0079 16
      vertex 25.8476 15.2701 16
      vertex 25.8476 -15.2701 16
    endloop
  endfacet
  facet normal 0 0 1
    outer loop
      vertex 27.4473 -16.4513 16
      vertex 27.3668 -20.1756 16
      vertex 29.1127 -17.5628 16
    endloop
  endfacet
  facet normal 0 0 1
    outer loop
      vertex 25.7026 -19.0624 16
      vertex 27.4473 -16.4513 16
      vertex 25.8897 -15.295 16
    endloop
  endfacet
  facet normal 0 0 1
    outer loop
      vertex 24.0383 -18.0658 16
      vertex 25.8897 -15.295 16
      vertex 25.8476 -15.2701 16
    endloop
  endfacet
  facet normal 0 0 1
    outer loop
      vertex 27.4473 -16.4513 16
      vertex 25.7026 -19.0624 16
      vertex 27.3668 -20.1756 16
    endloop
  endfacet
  facet normal 0 0 1
    outer loop
      vertex 25.8476 15.2701 16
      vertex 23.9992 18.0364 16
      vertex 25.8476 -15.2701 16
    endloop
  endfacet
  facet normal 0 0 1
    outer loop
      vertex 25.8476 15.2701 16
      vertex 24.0383 18.0658 16
      vertex 23.9992 18.0364 16
    endloop
  endfacet
  facet normal 0 0 1
    outer loop
      vertex 23.9992 -18.0364 16
      vertex 25.8476 -15.2701 16
      vertex 23.9992 18.0364 16
    endloop
  endfacet
  facet normal 0 -0 1
    outer loop
      vertex 24.0383 -18.0658 16
      vertex 25.8476 -15.2701 16
      vertex 23.9992 -18.0364 16
    endloop
  endfacet
  facet normal 0 0 1
    outer loop
      vertex 25.8897 -15.295 16
      vertex 24.0383 -18.0658 16
      vertex 25.7026 -19.0624 16
    endloop
  endfacet
  facet normal 0 0 1
    outer loop
      vertex 22.3719 20.0193 16
      vertex 23.9992 -18.0364 16
      vertex 23.9992 18.0364 16
    endloop
  endfacet
  facet normal 0 0 1
    outer loop
      vertex 23.9992 -18.0364 16
      vertex 22.3719 20.0193 16
      vertex 22.3719 -20.0193 16
    endloop
  endfacet
  facet normal 0 0 1
    outer loop
      vertex 23.7104 -21.4899 16
      vertex 22.9049 -25.127 16
      vertex 25.127 -22.9049 16
    endloop
  endfacet
  facet normal 0 0 1
    outer loop
      vertex 21.4899 -23.7104 16
      vertex 23.7104 -21.4899 16
      vertex 22.4083 -20.0519 16
    endloop
  endfacet
  facet normal 0 0 1
    outer loop
      vertex 20.0519 -22.4083 16
      vertex 22.4083 -20.0519 16
      vertex 22.3719 -20.0193 16
    endloop
  endfacet
  facet normal 0 0 1
    outer loop
      vertex 23.7104 -21.4899 16
      vertex 21.4899 -23.7104 16
      vertex 22.9049 -25.127 16
    endloop
  endfacet
  facet normal 0 0 1
    outer loop
      vertex 22.3719 20.0193 16
      vertex 20.0193 22.3719 16
      vertex 22.3719 -20.0193 16
    endloop
  endfacet
  facet normal 0 0 1
    outer loop
      vertex 22.3719 20.0193 16
      vertex 20.0519 22.4083 16
      vertex 20.0193 22.3719 16
    endloop
  endfacet
  facet normal 0 0 1
    outer loop
      vertex 20.0193 -22.3719 16
      vertex 22.3719 -20.0193 16
      vertex 20.0193 22.3719 16
    endloop
  endfacet
  facet normal 0 -0 1
    outer loop
      vertex 20.0519 -22.4083 16
      vertex 22.3719 -20.0193 16
      vertex 20.0193 -22.3719 16
    endloop
  endfacet
  facet normal 0 0 1
    outer loop
      vertex 22.4083 -20.0519 16
      vertex 20.0519 -22.4083 16
      vertex 21.4899 -23.7104 16
    endloop
  endfacet
  facet normal 0 0 1
    outer loop
      vertex 18.0364 23.9992 16
      vertex 20.0193 -22.3719 16
      vertex 20.0193 22.3719 16
    endloop
  endfacet
  facet normal 0 0 1
    outer loop
      vertex 20.0193 -22.3719 16
      vertex 18.0364 23.9992 16
      vertex 18.0364 -23.9992 16
    endloop
  endfacet
  facet normal 0 0 1
    outer loop
      vertex 15.295 -25.8897 16
      vertex 18.0658 -24.0383 16
      vertex 18.0364 -23.9992 16
    endloop
  endfacet
  facet normal 0 0 1
    outer loop
      vertex 19.0624 -25.7026 16
      vertex 17.5628 -29.1127 16
      vertex 20.1756 -27.3668 16
    endloop
  endfacet
  facet normal 0 0 1
    outer loop
      vertex 18.0658 -24.0383 16
      vertex 15.295 -25.8897 16
      vertex 19.0624 -25.7026 16
    endloop
  endfacet
  facet normal 0 0 1
    outer loop
      vertex 18.0658 24.0383 16
      vertex 15.295 25.8897 16
      vertex 18.0364 23.9992 16
    endloop
  endfacet
  facet normal 0 0 1
    outer loop
      vertex 18.0364 23.9992 16
      vertex 15.2701 25.8476 16
      vertex 18.0364 -23.9992 16
    endloop
  endfacet
  facet normal 0 0 1
    outer loop
      vertex 19.0624 -25.7026 16
      vertex 16.4513 -27.4473 16
      vertex 17.5628 -29.1127 16
    endloop
  endfacet
  facet normal 0 0 1
    outer loop
      vertex 18.0364 23.9992 16
      vertex 15.295 25.8897 16
      vertex 15.2701 25.8476 16
    endloop
  endfacet
  facet normal 0 0 1
    outer loop
      vertex 15.2701 -25.8476 16
      vertex 18.0364 -23.9992 16
      vertex 15.2701 25.8476 16
    endloop
  endfacet
  facet normal 0 -0 1
    outer loop
      vertex 15.295 -25.8897 16
      vertex 18.0364 -23.9992 16
      vertex 15.2701 -25.8476 16
    endloop
  endfacet
  facet normal 0 0 1
    outer loop
      vertex 19.0624 -25.7026 16
      vertex 15.295 -25.8897 16
      vertex 16.4513 -27.4473 16
    endloop
  endfacet
  facet normal 0 0 1
    outer loop
      vertex 13.0079 27.0568 16
      vertex 15.2701 -25.8476 16
      vertex 15.2701 25.8476 16
    endloop
  endfacet
  facet normal 0 0 1
    outer loop
      vertex 15.2701 -25.8476 16
      vertex 13.0079 27.0568 16
      vertex 13.0079 -27.0568 16
    endloop
  endfacet
  facet normal 0 0 1
    outer loop
      vertex 9.95027 -28.3761 16
      vertex 13.0291 -27.1009 16
      vertex 13.0079 -27.0568 16
    endloop
  endfacet
  facet normal 0 0 1
    outer loop
      vertex 13.6817 -28.9276 16
      vertex 11.5457 -31.9796 16
      vertex 14.449 -30.777 16
    endloop
  endfacet
  facet normal 0 0 1
    outer loop
      vertex 13.0291 -27.1009 16
      vertex 9.95027 -28.3761 16
      vertex 13.6817 -28.9276 16
    endloop
  endfacet
  facet normal 0 0 1
    outer loop
      vertex 13.0291 27.1009 16
      vertex 9.95027 28.3761 16
      vertex 13.0079 27.0568 16
    endloop
  endfacet
  facet normal 0 0 1
    outer loop
      vertex 13.0079 27.0568 16
      vertex 9.93408 28.33 16
      vertex 13.0079 -27.0568 16
    endloop
  endfacet
  facet normal 0 0 1
    outer loop
      vertex 13.6817 -28.9276 16
      vertex 10.7805 -30.1294 16
      vertex 11.5457 -31.9796 16
    endloop
  endfacet
  facet normal 0 0 1
    outer loop
      vertex 13.0079 27.0568 16
      vertex 9.95027 28.3761 16
      vertex 9.93408 28.33 16
    endloop
  endfacet
  facet normal 0 0 1
    outer loop
      vertex 9.93408 -28.33 16
      vertex 13.0079 -27.0568 16
      vertex 9.93408 28.33 16
    endloop
  endfacet
  facet normal 0 -0 1
    outer loop
      vertex 9.95027 -28.3761 16
      vertex 13.0079 -27.0568 16
      vertex 9.93408 -28.33 16
    endloop
  endfacet
  facet normal 0 0 1
    outer loop
      vertex 13.6817 -28.9276 16
      vertex 9.95027 -28.3761 16
      vertex 10.7805 -30.1294 16
    endloop
  endfacet
  facet normal 0 0 1
    outer loop
      vertex 7.4794 29.0746 16
      vertex 9.93408 -28.33 16
      vertex 9.93408 28.33 16
    endloop
  endfacet
  facet normal 0 0 1
    outer loop
      vertex 9.93408 -28.33 16
      vertex 7.4794 29.0746 16
      vertex 7.4794 -29.0746 16
    endloop
  endfacet
  facet normal 0 0 1
    outer loop
      vertex 4.22316 -29.7721 16
      vertex 7.49159 -29.122 16
      vertex 7.4794 -29.0746 16
    endloop
  endfacet
  facet normal 0 0 1
    outer loop
      vertex 7.77534 -31.041 16
      vertex 5.08493 -33.6176 16
      vertex 8.16702 -33.0045 16
    endloop
  endfacet
  facet normal 0 0 1
    outer loop
      vertex 7.49159 -29.122 16
      vertex 4.22316 -29.7721 16
      vertex 7.77534 -31.041 16
    endloop
  endfacet
  facet normal 0 0 1
    outer loop
      vertex 7.4794 29.0746 16
      vertex 3.35 0 16
      vertex 7.4794 -29.0746 16
    endloop
  endfacet
  facet normal 0 0 1
    outer loop
      vertex 7.49159 29.122 16
      vertex 4.22316 29.7721 16
      vertex 7.4794 29.0746 16
    endloop
  endfacet
  facet normal -0 0 1
    outer loop
      vertex 3.33725 -0.291971 16
      vertex 7.4794 -29.0746 16
      vertex 3.35 0 16
    endloop
  endfacet
  facet normal 0 0 1
    outer loop
      vertex 7.4794 29.0746 16
      vertex 4.22316 29.7721 16
      vertex 4.21629 29.7237 16
    endloop
  endfacet
  facet normal -0 0 1
    outer loop
      vertex 3.29911 -0.581721 16
      vertex 7.4794 -29.0746 16
      vertex 3.33725 -0.291971 16
    endloop
  endfacet
  facet normal 0 0 1
    outer loop
      vertex 1.41577 3.03613 16
      vertex 7.4794 29.0746 16
      vertex 4.21629 29.7237 16
    endloop
  endfacet
  facet normal 0 0 1
    outer loop
      vertex 7.77534 -31.041 16
      vertex 4.69537 -31.6536 16
      vertex 5.08493 -33.6176 16
    endloop
  endfacet
  facet normal -0 0 1
    outer loop
      vertex 3.23585 -0.867043 16
      vertex 7.4794 -29.0746 16
      vertex 3.29911 -0.581721 16
    endloop
  endfacet
  facet normal 0 0 1
    outer loop
      vertex 7.4794 29.0746 16
      vertex 3.33725 0.291971 16
      vertex 3.35 0 16
    endloop
  endfacet
  facet normal 0 0 1
    outer loop
      vertex 7.4794 29.0746 16
      vertex 3.29911 0.581721 16
      vertex 3.33725 0.291971 16
    endloop
  endfacet
  facet normal 0 0 1
    outer loop
      vertex 7.4794 29.0746 16
      vertex 3.23585 0.867043 16
      vertex 3.29911 0.581721 16
    endloop
  endfacet
  facet normal 0 0 1
    outer loop
      vertex 7.4794 29.0746 16
      vertex 3.14797 1.14577 16
      vertex 3.23585 0.867043 16
    endloop
  endfacet
  facet normal 0 0 1
    outer loop
      vertex 7.4794 29.0746 16
      vertex 3.03613 1.41577 16
      vertex 3.14797 1.14577 16
    endloop
  endfacet
  facet normal 0 0 1
    outer loop
      vertex 7.4794 29.0746 16
      vertex 2.90119 1.675 16
      vertex 3.03613 1.41577 16
    endloop
  endfacet
  facet normal 0 0 1
    outer loop
      vertex 7.4794 29.0746 16
      vertex 2.74416 1.92148 16
      vertex 2.90119 1.675 16
    endloop
  endfacet
  facet normal 0 0 1
    outer loop
      vertex 7.4794 29.0746 16
      vertex 2.56625 2.15334 16
      vertex 2.74416 1.92148 16
    endloop
  endfacet
  facet normal 0 0 1
    outer loop
      vertex 7.4794 29.0746 16
      vertex 2.36881 2.36881 16
      vertex 2.56625 2.15334 16
    endloop
  endfacet
  facet normal 0 0 1
    outer loop
      vertex 7.4794 29.0746 16
      vertex 2.15334 2.56625 16
      vertex 2.36881 2.36881 16
    endloop
  endfacet
  facet normal 0 0 1
    outer loop
      vertex 7.4794 29.0746 16
      vertex 1.92148 2.74416 16
      vertex 2.15334 2.56625 16
    endloop
  endfacet
  facet normal 0 0 1
    outer loop
      vertex 7.4794 29.0746 16
      vertex 1.675 2.90119 16
      vertex 1.92148 2.74416 16
    endloop
  endfacet
  facet normal 0 0 1
    outer loop
      vertex 1.41577 3.03613 16
      vertex 4.21629 29.7237 16
      vertex 1.66351 29.9751 16
    endloop
  endfacet
  facet normal 0 0 1
    outer loop
      vertex 1.41577 3.03613 16
      vertex 1.66351 29.9751 16
      vertex 1.57016 31.9614 16
    endloop
  endfacet
  facet normal 0 0 1
    outer loop
      vertex 7.4794 29.0746 16
      vertex 1.41577 3.03613 16
      vertex 1.675 2.90119 16
    endloop
  endfacet
  facet normal 0 0 1
    outer loop
      vertex 7.77534 -31.041 16
      vertex 4.22316 -29.7721 16
      vertex 4.69537 -31.6536 16
    endloop
  endfacet
  facet normal 0 -0 1
    outer loop
      vertex 4.22316 -29.7721 16
      vertex 7.4794 -29.0746 16
      vertex 4.21629 -29.7237 16
    endloop
  endfacet
  facet normal -0 0 1
    outer loop
      vertex 3.14797 -1.14577 16
      vertex 7.4794 -29.0746 16
      vertex 3.23585 -0.867043 16
    endloop
  endfacet
  facet normal -0 0 1
    outer loop
      vertex 3.03613 -1.41577 16
      vertex 7.4794 -29.0746 16
      vertex 3.14797 -1.14577 16
    endloop
  endfacet
  facet normal -0 0 1
    outer loop
      vertex 2.90119 -1.675 16
      vertex 7.4794 -29.0746 16
      vertex 3.03613 -1.41577 16
    endloop
  endfacet
  facet normal -0 0 1
    outer loop
      vertex 2.74416 -1.92148 16
      vertex 7.4794 -29.0746 16
      vertex 2.90119 -1.675 16
    endloop
  endfacet
  facet normal -0 0 1
    outer loop
      vertex 2.56625 -2.15334 16
      vertex 7.4794 -29.0746 16
      vertex 2.74416 -1.92148 16
    endloop
  endfacet
  facet normal -0 0 1
    outer loop
      vertex 2.36881 -2.36881 16
      vertex 7.4794 -29.0746 16
      vertex 2.56625 -2.15334 16
    endloop
  endfacet
  facet normal -0 0 1
    outer loop
      vertex 2.15334 -2.56625 16
      vertex 7.4794 -29.0746 16
      vertex 2.36881 -2.36881 16
    endloop
  endfacet
  facet normal -0 0 1
    outer loop
      vertex 1.92148 -2.74416 16
      vertex 7.4794 -29.0746 16
      vertex 2.15334 -2.56625 16
    endloop
  endfacet
  facet normal -0 0 1
    outer loop
      vertex 1.675 -2.90119 16
      vertex 7.4794 -29.0746 16
      vertex 1.92148 -2.74416 16
    endloop
  endfacet
  facet normal -0 0 1
    outer loop
      vertex 1.41577 -3.03613 16
      vertex 7.4794 -29.0746 16
      vertex 1.675 -2.90119 16
    endloop
  endfacet
  facet normal -0 0 1
    outer loop
      vertex 1.14577 -3.14797 16
      vertex 7.4794 -29.0746 16
      vertex 1.41577 -3.03613 16
    endloop
  endfacet
  facet normal -0 0 1
    outer loop
      vertex 0.867043 -3.23585 16
      vertex 7.4794 -29.0746 16
      vertex 1.14577 -3.14797 16
    endloop
  endfacet
  facet normal -0 0 1
    outer loop
      vertex 0.581721 -3.29911 16
      vertex 7.4794 -29.0746 16
      vertex 0.867043 -3.23585 16
    endloop
  endfacet
  facet normal 0 0 1
    outer loop
      vertex -1.66623 -30.024 16
      vertex 1.66351 -29.9751 16
      vertex -1.66351 -29.9751 16
    endloop
  endfacet
  facet normal 0 0 1
    outer loop
      vertex 7.4794 -29.0746 16
      vertex 0.581721 -3.29911 16
      vertex 4.21629 -29.7237 16
    endloop
  endfacet
  facet normal -0 0 1
    outer loop
      vertex 0.291971 -3.33725 16
      vertex 4.21629 -29.7237 16
      vertex 0.581721 -3.29911 16
    endloop
  endfacet
  facet normal 0 0 1
    outer loop
      vertex 4.21629 -29.7237 16
      vertex 0.291971 -3.33725 16
      vertex 1.66351 -29.9751 16
    endloop
  endfacet
  facet normal -0 0 1
    outer loop
      vertex 0 -3.35 16
      vertex 1.66351 -29.9751 16
      vertex 0.291971 -3.33725 16
    endloop
  endfacet
  facet normal 0 0 1
    outer loop
      vertex 1.66351 -29.9751 16
      vertex 0 -3.35 16
      vertex -1.66351 -29.9751 16
    endloop
  endfacet
  facet normal 0 0 1
    outer loop
      vertex -1.66351 -29.9751 16
      vertex 0 -3.35 16
      vertex -0.291971 -3.33725 16
    endloop
  endfacet
  facet normal 0 0 1
    outer loop
      vertex -4.21629 -29.7237 16
      vertex -0.291971 -3.33725 16
      vertex -0.581721 -3.29911 16
    endloop
  endfacet
  facet normal 0 0 1
    outer loop
      vertex -7.4794 -29.0746 16
      vertex -0.581721 -3.29911 16
      vertex -0.867043 -3.23585 16
    endloop
  endfacet
  facet normal 0 0 1
    outer loop
      vertex -7.4794 -29.0746 16
      vertex -0.867043 -3.23585 16
      vertex -1.14577 -3.14797 16
    endloop
  endfacet
  facet normal 0 0 1
    outer loop
      vertex -7.4794 -29.0746 16
      vertex -1.14577 -3.14797 16
      vertex -1.41577 -3.03613 16
    endloop
  endfacet
  facet normal 0 0 1
    outer loop
      vertex 1.66623 -30.024 16
      vertex -1.66623 -30.024 16
      vertex 1.57016 -31.9614 16
    endloop
  endfacet
  facet normal 0 0 1
    outer loop
      vertex 1.57124 -33.9637 16
      vertex -1.57016 -31.9614 16
      vertex -1.57124 -33.9637 16
    endloop
  endfacet
  facet normal 0 0 1
    outer loop
      vertex -29.9751 -1.66351 16
      vertex -3.35 0 16
      vertex -29.9751 1.66351 16
    endloop
  endfacet
  facet normal 0 0 1
    outer loop
      vertex -3.35 0 16
      vertex -29.9751 -1.66351 16
      vertex -29.7237 -4.21629 16
    endloop
  endfacet
  facet normal 0 0 1
    outer loop
      vertex -30.024 1.66623 16
      vertex -29.9751 -1.66351 16
      vertex -29.9751 1.66351 16
    endloop
  endfacet
  facet normal 0 0 1
    outer loop
      vertex -30.024 1.66623 16
      vertex -30.024 -1.66623 16
      vertex -29.9751 -1.66351 16
    endloop
  endfacet
  facet normal -0 0 1
    outer loop
      vertex -31.9614 1.57016 16
      vertex -30.024 -1.66623 16
      vertex -30.024 1.66623 16
    endloop
  endfacet
  facet normal 0 0 1
    outer loop
      vertex -31.9614 1.57016 16
      vertex -31.9614 -1.57016 16
      vertex -30.024 -1.66623 16
    endloop
  endfacet
  facet normal 0 0 1
    outer loop
      vertex -33.9637 1.57124 16
      vertex -31.9614 -1.57016 16
      vertex -31.9614 1.57016 16
    endloop
  endfacet
  facet normal 0 0 1
    outer loop
      vertex -31.9614 -1.57016 16
      vertex -33.9637 1.57124 16
      vertex -33.9637 -1.57124 16
    endloop
  endfacet
  facet normal -0 0 1
    outer loop
      vertex -29.9751 1.66351 16
      vertex -3.33725 0.291971 16
      vertex -29.7237 4.21629 16
    endloop
  endfacet
  facet normal 0 0 1
    outer loop
      vertex -3.35 0 16
      vertex -29.0746 -7.4794 16
      vertex -28.33 -9.93408 16
    endloop
  endfacet
  facet normal 0 0 1
    outer loop
      vertex -29.7237 4.21629 16
      vertex -29.0746 7.4794 16
      vertex -29.122 7.49159 16
    endloop
  endfacet
  facet normal 0 0 1
    outer loop
      vertex -3.33725 0.291971 16
      vertex -29.9751 1.66351 16
      vertex -3.35 0 16
    endloop
  endfacet
  facet normal 0 0 1
    outer loop
      vertex -3.35 0 16
      vertex -29.7237 -4.21629 16
      vertex -29.0746 -7.4794 16
    endloop
  endfacet
  facet normal 0 0 1
    outer loop
      vertex -29.122 7.49159 16
      vertex -29.7721 4.22316 16
      vertex -29.7237 4.21629 16
    endloop
  endfacet
  facet normal 0 0 1
    outer loop
      vertex -31.041 7.77534 16
      vertex -29.7721 4.22316 16
      vertex -29.122 7.49159 16
    endloop
  endfacet
  facet normal 0 0 1
    outer loop
      vertex -31.041 7.77534 16
      vertex -31.6536 4.69537 16
      vertex -29.7721 4.22316 16
    endloop
  endfacet
  facet normal 0 0 1
    outer loop
      vertex -33.0045 8.16702 16
      vertex -31.6536 4.69537 16
      vertex -31.041 7.77534 16
    endloop
  endfacet
  facet normal 0 0 1
    outer loop
      vertex -31.6536 4.69537 16
      vertex -33.0045 8.16702 16
      vertex -33.6176 5.08493 16
    endloop
  endfacet
  facet normal -0 0 1
    outer loop
      vertex -29.7237 4.21629 16
      vertex -3.29911 0.581721 16
      vertex -29.0746 7.4794 16
    endloop
  endfacet
  facet normal 0 0 1
    outer loop
      vertex -3.35 0 16
      vertex -27.0568 -13.0079 16
      vertex -25.8476 -15.2701 16
    endloop
  endfacet
  facet normal 0 0 1
    outer loop
      vertex -28.33 9.93408 16
      vertex -27.0568 13.0079 16
      vertex -27.1009 13.0291 16
    endloop
  endfacet
  facet normal 0 0 1
    outer loop
      vertex -3.29911 0.581721 16
      vertex -29.7237 4.21629 16
      vertex -3.33725 0.291971 16
    endloop
  endfacet
  facet normal 0 0 1
    outer loop
      vertex -3.35 0 16
      vertex -28.33 -9.93408 16
      vertex -27.0568 -13.0079 16
    endloop
  endfacet
  facet normal 0 0 1
    outer loop
      vertex -27.1009 13.0291 16
      vertex -28.3761 9.95027 16
      vertex -28.33 9.93408 16
    endloop
  endfacet
  facet normal 0 0 1
    outer loop
      vertex -28.9276 13.6817 16
      vertex -28.3761 9.95027 16
      vertex -27.1009 13.0291 16
    endloop
  endfacet
  facet normal 0 0 1
    outer loop
      vertex -28.9276 13.6817 16
      vertex -30.1294 10.7805 16
      vertex -28.3761 9.95027 16
    endloop
  endfacet
  facet normal 0 0 1
    outer loop
      vertex -30.777 14.449 16
      vertex -30.1294 10.7805 16
      vertex -28.9276 13.6817 16
    endloop
  endfacet
  facet normal 0 0 1
    outer loop
      vertex -30.1294 10.7805 16
      vertex -30.777 14.449 16
      vertex -31.9796 11.5457 16
    endloop
  endfacet
  facet normal -0 0 1
    outer loop
      vertex -29.0746 7.4794 16
      vertex -3.23585 0.867043 16
      vertex -28.33 9.93408 16
    endloop
  endfacet
  facet normal 0 0 1
    outer loop
      vertex -3.35 0 16
      vertex -23.9992 -18.0364 16
      vertex -22.3719 -20.0193 16
    endloop
  endfacet
  facet normal 0 0 1
    outer loop
      vertex -25.8476 15.2701 16
      vertex -23.9992 18.0364 16
      vertex -24.0383 18.0658 16
    endloop
  endfacet
  facet normal 0 0 1
    outer loop
      vertex -3.23585 0.867043 16
      vertex -29.0746 7.4794 16
      vertex -3.29911 0.581721 16
    endloop
  endfacet
  facet normal 0 0 1
    outer loop
      vertex -25.8897 15.295 16
      vertex -24.0383 18.0658 16
      vertex -25.7026 19.0624 16
    endloop
  endfacet
  facet normal 0 0 1
    outer loop
      vertex -3.35 0 16
      vertex -25.8476 -15.2701 16
      vertex -23.9992 -18.0364 16
    endloop
  endfacet
  facet normal 0 0 1
    outer loop
      vertex -23.9992 -18.0364 16
      vertex -25.8476 -15.2701 16
      vertex -24.0383 -18.0658 16
    endloop
  endfacet
  facet normal 0 0 1
    outer loop
      vertex -24.0383 18.0658 16
      vertex -25.8897 15.295 16
      vertex -25.8476 15.2701 16
    endloop
  endfacet
  facet normal 0 0 1
    outer loop
      vertex -27.4473 16.4513 16
      vertex -25.7026 19.0624 16
      vertex -27.3668 20.1756 16
    endloop
  endfacet
  facet normal 0 0 1
    outer loop
      vertex -25.7026 19.0624 16
      vertex -27.4473 16.4513 16
      vertex -25.8897 15.295 16
    endloop
  endfacet
  facet normal 0 -0 1
    outer loop
      vertex -27.4473 16.4513 16
      vertex -27.3668 20.1756 16
      vertex -29.1127 17.5628 16
    endloop
  endfacet
  facet normal -0 0 1
    outer loop
      vertex -28.33 9.93408 16
      vertex -3.14797 1.14577 16
      vertex -27.0568 13.0079 16
    endloop
  endfacet
  facet normal 0 0 1
    outer loop
      vertex -3.35 0 16
      vertex -20.0193 -22.3719 16
      vertex -18.0364 -23.9992 16
    endloop
  endfacet
  facet normal 0 0 1
    outer loop
      vertex -22.3719 20.0193 16
      vertex -20.0193 22.3719 16
      vertex -20.0519 22.4083 16
    endloop
  endfacet
  facet normal 0 0 1
    outer loop
      vertex -3.14797 1.14577 16
      vertex -28.33 9.93408 16
      vertex -3.23585 0.867043 16
    endloop
  endfacet
  facet normal 0 0 1
    outer loop
      vertex -22.4083 20.0519 16
      vertex -20.0519 22.4083 16
      vertex -21.4899 23.7104 16
    endloop
  endfacet
  facet normal 0 0 1
    outer loop
      vertex -3.35 0 16
      vertex -22.3719 -20.0193 16
      vertex -20.0193 -22.3719 16
    endloop
  endfacet
  facet normal 0 0 1
    outer loop
      vertex -20.0193 -22.3719 16
      vertex -22.3719 -20.0193 16
      vertex -20.0519 -22.4083 16
    endloop
  endfacet
  facet normal 0 0 1
    outer loop
      vertex -20.0519 22.4083 16
      vertex -22.4083 20.0519 16
      vertex -22.3719 20.0193 16
    endloop
  endfacet
  facet normal 0 0 1
    outer loop
      vertex -23.7104 21.4899 16
      vertex -21.4899 23.7104 16
      vertex -22.9049 25.127 16
    endloop
  endfacet
  facet normal 0 0 1
    outer loop
      vertex -21.4899 23.7104 16
      vertex -23.7104 21.4899 16
      vertex -22.4083 20.0519 16
    endloop
  endfacet
  facet normal 0 -0 1
    outer loop
      vertex -23.7104 21.4899 16
      vertex -22.9049 25.127 16
      vertex -25.127 22.9049 16
    endloop
  endfacet
  facet normal 0 0 1
    outer loop
      vertex -2.90119 1.675 16
      vertex -27.0568 13.0079 16
      vertex -3.03613 1.41577 16
    endloop
  endfacet
  facet normal 0 0 1
    outer loop
      vertex -3.35 0 16
      vertex -15.2701 -25.8476 16
      vertex -13.0079 -27.0568 16
    endloop
  endfacet
  facet normal 0 0 1
    outer loop
      vertex -18.0364 23.9992 16
      vertex -15.2701 25.8476 16
      vertex -15.295 25.8897 16
    endloop
  endfacet
  facet normal 0 0 1
    outer loop
      vertex -3.03613 1.41577 16
      vertex -27.0568 13.0079 16
      vertex -3.14797 1.14577 16
    endloop
  endfacet
  facet normal 0 0 1
    outer loop
      vertex -18.0658 24.0383 16
      vertex -15.295 25.8897 16
      vertex -16.4513 27.4473 16
    endloop
  endfacet
  facet normal 0 0 1
    outer loop
      vertex -3.35 0 16
      vertex -18.0364 -23.9992 16
      vertex -15.2701 -25.8476 16
    endloop
  endfacet
  facet normal 0 0 1
    outer loop
      vertex -19.0624 25.7026 16
      vertex -16.4513 27.4473 16
      vertex -17.5628 29.1127 16
    endloop
  endfacet
  facet normal 0 0 1
    outer loop
      vertex -15.2701 -25.8476 16
      vertex -18.0364 -23.9992 16
      vertex -15.295 -25.8897 16
    endloop
  endfacet
  facet normal -0 0 1
    outer loop
      vertex -18.0658 -24.0383 16
      vertex -15.295 -25.8897 16
      vertex -18.0364 -23.9992 16
    endloop
  endfacet
  facet normal 0 0 1
    outer loop
      vertex -15.295 25.8897 16
      vertex -18.0658 24.0383 16
      vertex -18.0364 23.9992 16
    endloop
  endfacet
  facet normal 0 0 1
    outer loop
      vertex -16.4513 27.4473 16
      vertex -19.0624 25.7026 16
      vertex -18.0658 24.0383 16
    endloop
  endfacet
  facet normal 0 -0 1
    outer loop
      vertex -19.0624 25.7026 16
      vertex -17.5628 29.1127 16
      vertex -20.1756 27.3668 16
    endloop
  endfacet
  facet normal 0 0 1
    outer loop
      vertex -2.74416 1.92148 16
      vertex -25.8476 15.2701 16
      vertex -2.90119 1.675 16
    endloop
  endfacet
  facet normal 0 0 1
    outer loop
      vertex -3.35 0 16
      vertex -9.93408 -28.33 16
      vertex -7.4794 -29.0746 16
    endloop
  endfacet
  facet normal 0 0 1
    outer loop
      vertex -13.0079 27.0568 16
      vertex -9.93408 28.33 16
      vertex -9.95027 28.3761 16
    endloop
  endfacet
  facet normal -0 0 1
    outer loop
      vertex -27.0568 13.0079 16
      vertex -2.90119 1.675 16
      vertex -25.8476 15.2701 16
    endloop
  endfacet
  facet normal 0 0 1
    outer loop
      vertex -13.0291 27.1009 16
      vertex -9.95027 28.3761 16
      vertex -10.7805 30.1294 16
    endloop
  endfacet
  facet normal 0 0 1
    outer loop
      vertex -3.35 0 16
      vertex -13.0079 -27.0568 16
      vertex -9.93408 -28.33 16
    endloop
  endfacet
  facet normal 0 0 1
    outer loop
      vertex -13.6817 28.9276 16
      vertex -10.7805 30.1294 16
      vertex -11.5457 31.9796 16
    endloop
  endfacet
  facet normal 0 0 1
    outer loop
      vertex -9.93408 -28.33 16
      vertex -13.0079 -27.0568 16
      vertex -9.95027 -28.3761 16
    endloop
  endfacet
  facet normal -0 0 1
    outer loop
      vertex -13.0291 -27.1009 16
      vertex -9.95027 -28.3761 16
      vertex -13.0079 -27.0568 16
    endloop
  endfacet
  facet normal 0 0 1
    outer loop
      vertex -9.95027 28.3761 16
      vertex -13.0291 27.1009 16
      vertex -13.0079 27.0568 16
    endloop
  endfacet
  facet normal 0 0 1
    outer loop
      vertex -10.7805 30.1294 16
      vertex -13.6817 28.9276 16
      vertex -13.0291 27.1009 16
    endloop
  endfacet
  facet normal 0 -0 1
    outer loop
      vertex -13.6817 28.9276 16
      vertex -11.5457 31.9796 16
      vertex -14.449 30.777 16
    endloop
  endfacet
  facet normal 0 0 1
    outer loop
      vertex -4.22316 -29.7721 16
      vertex -7.49159 -29.122 16
      vertex -4.69537 -31.6536 16
    endloop
  endfacet
  facet normal -0 0 1
    outer loop
      vertex -7.77534 -31.041 16
      vertex -4.69537 -31.6536 16
      vertex -7.49159 -29.122 16
    endloop
  endfacet
  facet normal 0 0 1
    outer loop
      vertex -4.69537 -31.6536 16
      vertex -7.77534 -31.041 16
      vertex -5.08493 -33.6176 16
    endloop
  endfacet
  facet normal 0 0 1
    outer loop
      vertex -5.08493 -33.6176 16
      vertex -7.77534 -31.041 16
      vertex -8.16702 -33.0045 16
    endloop
  endfacet
  facet normal 0 0 1
    outer loop
      vertex -9.95027 -28.3761 16
      vertex -13.0291 -27.1009 16
      vertex -10.7805 -30.1294 16
    endloop
  endfacet
  facet normal -0 0 1
    outer loop
      vertex -13.6817 -28.9276 16
      vertex -10.7805 -30.1294 16
      vertex -13.0291 -27.1009 16
    endloop
  endfacet
  facet normal 0 0 1
    outer loop
      vertex -10.7805 -30.1294 16
      vertex -13.6817 -28.9276 16
      vertex -11.5457 -31.9796 16
    endloop
  endfacet
  facet normal 0 0 1
    outer loop
      vertex -11.5457 -31.9796 16
      vertex -13.6817 -28.9276 16
      vertex -14.449 -30.777 16
    endloop
  endfacet
  facet normal 0 0 1
    outer loop
      vertex -15.295 -25.8897 16
      vertex -18.0658 -24.0383 16
      vertex -16.4513 -27.4473 16
    endloop
  endfacet
  facet normal -0 0 1
    outer loop
      vertex -19.0624 -25.7026 16
      vertex -16.4513 -27.4473 16
      vertex -18.0658 -24.0383 16
    endloop
  endfacet
  facet normal 0 0 1
    outer loop
      vertex -16.4513 -27.4473 16
      vertex -19.0624 -25.7026 16
      vertex -17.5628 -29.1127 16
    endloop
  endfacet
  facet normal 0 0 1
    outer loop
      vertex -17.5628 -29.1127 16
      vertex -19.0624 -25.7026 16
      vertex -20.1756 -27.3668 16
    endloop
  endfacet
  facet normal -0 0 1
    outer loop
      vertex -22.4083 -20.0519 16
      vertex -20.0519 -22.4083 16
      vertex -22.3719 -20.0193 16
    endloop
  endfacet
  facet normal 0 0 1
    outer loop
      vertex -20.0519 -22.4083 16
      vertex -22.4083 -20.0519 16
      vertex -21.4899 -23.7104 16
    endloop
  endfacet
  facet normal -0 0 1
    outer loop
      vertex -23.7104 -21.4899 16
      vertex -21.4899 -23.7104 16
      vertex -22.4083 -20.0519 16
    endloop
  endfacet
  facet normal 0 0 1
    outer loop
      vertex -21.4899 -23.7104 16
      vertex -23.7104 -21.4899 16
      vertex -22.9049 -25.127 16
    endloop
  endfacet
  facet normal 0 0 1
    outer loop
      vertex -22.9049 -25.127 16
      vertex -23.7104 -21.4899 16
      vertex -25.127 -22.9049 16
    endloop
  endfacet
  facet normal -0 0 1
    outer loop
      vertex -25.8897 -15.295 16
      vertex -24.0383 -18.0658 16
      vertex -25.8476 -15.2701 16
    endloop
  endfacet
  facet normal 0 0 1
    outer loop
      vertex -24.0383 -18.0658 16
      vertex -25.8897 -15.295 16
      vertex -25.7026 -19.0624 16
    endloop
  endfacet
  facet normal -0 0 1
    outer loop
      vertex -27.4473 -16.4513 16
      vertex -25.7026 -19.0624 16
      vertex -25.8897 -15.295 16
    endloop
  endfacet
  facet normal 0 0 1
    outer loop
      vertex -25.7026 -19.0624 16
      vertex -27.4473 -16.4513 16
      vertex -27.3668 -20.1756 16
    endloop
  endfacet
  facet normal 0 0 1
    outer loop
      vertex -27.3668 -20.1756 16
      vertex -27.4473 -16.4513 16
      vertex -29.1127 -17.5628 16
    endloop
  endfacet
  facet normal 0 0 1
    outer loop
      vertex -27.0568 -13.0079 16
      vertex -28.33 -9.93408 16
      vertex -27.1009 -13.0291 16
    endloop
  endfacet
  facet normal -0 0 1
    outer loop
      vertex -28.3761 -9.95027 16
      vertex -27.1009 -13.0291 16
      vertex -28.33 -9.93408 16
    endloop
  endfacet
  facet normal 0 0 1
    outer loop
      vertex -28.3761 -9.95027 16
      vertex -28.9276 -13.6817 16
      vertex -27.1009 -13.0291 16
    endloop
  endfacet
  facet normal -0 0 1
    outer loop
      vertex -30.1294 -10.7805 16
      vertex -28.9276 -13.6817 16
      vertex -28.3761 -9.95027 16
    endloop
  endfacet
  facet normal 0 0 1
    outer loop
      vertex -30.1294 -10.7805 16
      vertex -30.777 -14.449 16
      vertex -28.9276 -13.6817 16
    endloop
  endfacet
  facet normal 0 -0 1
    outer loop
      vertex -30.777 -14.449 16
      vertex -30.1294 -10.7805 16
      vertex -31.9796 -11.5457 16
    endloop
  endfacet
  facet normal 0 0 1
    outer loop
      vertex -29.0746 -7.4794 16
      vertex -29.7237 -4.21629 16
      vertex -29.122 -7.49159 16
    endloop
  endfacet
  facet normal -0 0 1
    outer loop
      vertex -29.7721 -4.22316 16
      vertex -29.122 -7.49159 16
      vertex -29.7237 -4.21629 16
    endloop
  endfacet
  facet normal 0 0 1
    outer loop
      vertex -29.7721 -4.22316 16
      vertex -31.041 -7.77534 16
      vertex -29.122 -7.49159 16
    endloop
  endfacet
  facet normal -0 0 1
    outer loop
      vertex -31.6536 -4.69537 16
      vertex -31.041 -7.77534 16
      vertex -29.7721 -4.22316 16
    endloop
  endfacet
  facet normal 0 0 1
    outer loop
      vertex -31.6536 -4.69537 16
      vertex -33.0045 -8.16702 16
      vertex -31.041 -7.77534 16
    endloop
  endfacet
  facet normal 0 -0 1
    outer loop
      vertex -33.0045 -8.16702 16
      vertex -31.6536 -4.69537 16
      vertex -33.6176 -5.08493 16
    endloop
  endfacet
  facet normal 0 0 1
    outer loop
      vertex 1.57016 31.9614 16
      vertex -1.66623 30.024 16
      vertex -1.66351 29.9751 16
    endloop
  endfacet
  facet normal 0 -0 1
    outer loop
      vertex -1.57016 -31.9614 16
      vertex 1.57016 -31.9614 16
      vertex -1.66623 -30.024 16
    endloop
  endfacet
  facet normal 0 0 1
    outer loop
      vertex -7.4794 -29.0746 16
      vertex -1.41577 -3.03613 16
      vertex -1.675 -2.90119 16
    endloop
  endfacet
  facet normal 0 0 1
    outer loop
      vertex -7.4794 -29.0746 16
      vertex -1.675 -2.90119 16
      vertex -1.92148 -2.74416 16
    endloop
  endfacet
  facet normal 0 0 1
    outer loop
      vertex -7.4794 -29.0746 16
      vertex -1.92148 -2.74416 16
      vertex -2.15334 -2.56625 16
    endloop
  endfacet
  facet normal 0 0 1
    outer loop
      vertex -7.4794 -29.0746 16
      vertex -2.15334 -2.56625 16
      vertex -2.36881 -2.36881 16
    endloop
  endfacet
  facet normal 0 0 1
    outer loop
      vertex -7.4794 -29.0746 16
      vertex -2.36881 -2.36881 16
      vertex -2.56625 -2.15334 16
    endloop
  endfacet
  facet normal 0 0 1
    outer loop
      vertex -7.4794 -29.0746 16
      vertex -2.56625 -2.15334 16
      vertex -2.74416 -1.92148 16
    endloop
  endfacet
  facet normal 0 0 1
    outer loop
      vertex -7.4794 -29.0746 16
      vertex -2.74416 -1.92148 16
      vertex -2.90119 -1.675 16
    endloop
  endfacet
  facet normal 0 0 1
    outer loop
      vertex -7.4794 -29.0746 16
      vertex -2.90119 -1.675 16
      vertex -3.03613 -1.41577 16
    endloop
  endfacet
  facet normal 0 0 1
    outer loop
      vertex -7.4794 -29.0746 16
      vertex -3.03613 -1.41577 16
      vertex -3.14797 -1.14577 16
    endloop
  endfacet
  facet normal 0 0 1
    outer loop
      vertex -7.4794 -29.0746 16
      vertex -3.14797 -1.14577 16
      vertex -3.23585 -0.867043 16
    endloop
  endfacet
  facet normal 0 0 1
    outer loop
      vertex -7.4794 -29.0746 16
      vertex -3.23585 -0.867043 16
      vertex -3.29911 -0.581721 16
    endloop
  endfacet
  facet normal 0 0 1
    outer loop
      vertex -7.4794 -29.0746 16
      vertex -3.29911 -0.581721 16
      vertex -3.33725 -0.291971 16
    endloop
  endfacet
  facet normal 0 0 1
    outer loop
      vertex -0.291971 -3.33725 16
      vertex -4.21629 -29.7237 16
      vertex -1.66351 -29.9751 16
    endloop
  endfacet
  facet normal 0 0 1
    outer loop
      vertex -7.4794 -29.0746 16
      vertex -3.33725 -0.291971 16
      vertex -3.35 0 16
    endloop
  endfacet
  facet normal 0 0 1
    outer loop
      vertex -2.56625 2.15334 16
      vertex -23.9992 18.0364 16
      vertex -2.74416 1.92148 16
    endloop
  endfacet
  facet normal 0 0 1
    outer loop
      vertex -7.4794 29.0746 16
      vertex -4.21629 29.7237 16
      vertex -4.22316 29.7721 16
    endloop
  endfacet
  facet normal -0 0 1
    outer loop
      vertex -25.8476 15.2701 16
      vertex -2.74416 1.92148 16
      vertex -23.9992 18.0364 16
    endloop
  endfacet
  facet normal 0 0 1
    outer loop
      vertex -7.49159 29.122 16
      vertex -4.22316 29.7721 16
      vertex -4.69537 31.6536 16
    endloop
  endfacet
  facet normal 0 0 1
    outer loop
      vertex -0.581721 -3.29911 16
      vertex -7.4794 -29.0746 16
      vertex -4.21629 -29.7237 16
    endloop
  endfacet
  facet normal 0 0 1
    outer loop
      vertex -7.77534 31.041 16
      vertex -4.69537 31.6536 16
      vertex -5.08493 33.6176 16
    endloop
  endfacet
  facet normal 0 0 1
    outer loop
      vertex -7.4794 -29.0746 16
      vertex -4.22316 -29.7721 16
      vertex -4.21629 -29.7237 16
    endloop
  endfacet
  facet normal -0 0 1
    outer loop
      vertex -7.49159 -29.122 16
      vertex -4.22316 -29.7721 16
      vertex -7.4794 -29.0746 16
    endloop
  endfacet
  facet normal 0 0 1
    outer loop
      vertex -4.22316 29.7721 16
      vertex -7.49159 29.122 16
      vertex -7.4794 29.0746 16
    endloop
  endfacet
  facet normal 0 0 1
    outer loop
      vertex -4.69537 31.6536 16
      vertex -7.77534 31.041 16
      vertex -7.49159 29.122 16
    endloop
  endfacet
  facet normal 0 -0 1
    outer loop
      vertex -7.77534 31.041 16
      vertex -5.08493 33.6176 16
      vertex -8.16702 33.0045 16
    endloop
  endfacet
  facet normal 0 0 1
    outer loop
      vertex -0.581721 3.29911 16
      vertex -7.4794 29.0746 16
      vertex -0.867043 3.23585 16
    endloop
  endfacet
  facet normal -0 0 1
    outer loop
      vertex -9.93408 28.33 16
      vertex -0.867043 3.23585 16
      vertex -7.4794 29.0746 16
    endloop
  endfacet
  facet normal 0 0 1
    outer loop
      vertex -0.867043 3.23585 16
      vertex -9.93408 28.33 16
      vertex -1.14577 3.14797 16
    endloop
  endfacet
  facet normal 0 0 1
    outer loop
      vertex -1.14577 3.14797 16
      vertex -9.93408 28.33 16
      vertex -1.41577 3.03613 16
    endloop
  endfacet
  facet normal -0 0 1
    outer loop
      vertex -13.0079 27.0568 16
      vertex -1.41577 3.03613 16
      vertex -9.93408 28.33 16
    endloop
  endfacet
  facet normal 0 0 1
    outer loop
      vertex -1.41577 3.03613 16
      vertex -13.0079 27.0568 16
      vertex -1.675 2.90119 16
    endloop
  endfacet
  facet normal -0 0 1
    outer loop
      vertex -15.2701 25.8476 16
      vertex -1.675 2.90119 16
      vertex -13.0079 27.0568 16
    endloop
  endfacet
  facet normal 0 0 1
    outer loop
      vertex -1.675 2.90119 16
      vertex -15.2701 25.8476 16
      vertex -1.92148 2.74416 16
    endloop
  endfacet
  facet normal -0 0 1
    outer loop
      vertex -18.0364 23.9992 16
      vertex -1.92148 2.74416 16
      vertex -15.2701 25.8476 16
    endloop
  endfacet
  facet normal 0 0 1
    outer loop
      vertex -1.92148 2.74416 16
      vertex -18.0364 23.9992 16
      vertex -2.15334 2.56625 16
    endloop
  endfacet
  facet normal -0 0 1
    outer loop
      vertex -20.0193 22.3719 16
      vertex -2.15334 2.56625 16
      vertex -18.0364 23.9992 16
    endloop
  endfacet
  facet normal 0 0 1
    outer loop
      vertex -2.15334 2.56625 16
      vertex -20.0193 22.3719 16
      vertex -2.36881 2.36881 16
    endloop
  endfacet
  facet normal -0 0 1
    outer loop
      vertex -22.3719 20.0193 16
      vertex -2.36881 2.36881 16
      vertex -20.0193 22.3719 16
    endloop
  endfacet
  facet normal -0 0 1
    outer loop
      vertex -23.9992 18.0364 16
      vertex -2.56625 2.15334 16
      vertex -22.3719 20.0193 16
    endloop
  endfacet
  facet normal 0 0 1
    outer loop
      vertex -2.36881 2.36881 16
      vertex -22.3719 20.0193 16
      vertex -2.56625 2.15334 16
    endloop
  endfacet
  facet normal 0 0 1
    outer loop
      vertex 1.57016 -31.9614 16
      vertex -1.57016 -31.9614 16
      vertex 1.57124 -33.9637 16
    endloop
  endfacet
  facet normal 0.998773 -0.0495262 0
    outer loop
      vertex 1.57016 -31.9614 16
      vertex 1.66623 -30.024 10
      vertex 1.66623 -30.024 16
    endloop
  endfacet
  facet normal 0.998773 -0.0495262 0
    outer loop
      vertex 1.66623 -30.024 10
      vertex 1.57016 -31.9614 16
      vertex 1.57016 -31.9614 10
    endloop
  endfacet
  facet normal 0.998457 0.0555379 0
    outer loop
      vertex 1.66623 -30.024 16
      vertex 1.66351 -29.9751 10
      vertex 1.66351 -29.9751 16
    endloop
  endfacet
  facet normal 0.998457 0.0555379 0
    outer loop
      vertex 1.66351 -29.9751 10
      vertex 1.66623 -30.024 16
      vertex 1.66623 -30.024 10
    endloop
  endfacet
  facet normal 0.0980068 -0.995186 0
    outer loop
      vertex 1.66351 -29.9751 10
      vertex 4.21629 -29.7237 16
      vertex 1.66351 -29.9751 16
    endloop
  endfacet
  facet normal 0.0980068 -0.995186 0
    outer loop
      vertex 4.21629 -29.7237 16
      vertex 1.66351 -29.9751 10
      vertex 4.21629 -29.7237 10
    endloop
  endfacet
  facet normal -0.990076 -0.140534 0
    outer loop
      vertex 4.22316 -29.7721 10
      vertex 4.21629 -29.7237 16
      vertex 4.21629 -29.7237 10
    endloop
  endfacet
  facet normal -0.990076 -0.140534 0
    outer loop
      vertex 4.21629 -29.7237 16
      vertex 4.22316 -29.7721 10
      vertex 4.22316 -29.7721 16
    endloop
  endfacet
  facet normal -0.96992 -0.243426 0
    outer loop
      vertex 4.69537 -31.6536 10
      vertex 4.22316 -29.7721 16
      vertex 4.22316 -29.7721 10
    endloop
  endfacet
  facet normal -0.96992 -0.243426 0
    outer loop
      vertex 4.22316 -29.7721 16
      vertex 4.69537 -31.6536 10
      vertex 4.69537 -31.6536 16
    endloop
  endfacet
  facet normal -0.980891 -0.19456 0
    outer loop
      vertex 5.08493 -33.6176 10
      vertex 4.69537 -31.6536 16
      vertex 4.69537 -31.6536 10
    endloop
  endfacet
  facet normal -0.980891 -0.19456 0
    outer loop
      vertex 4.69537 -31.6536 16
      vertex 5.08493 -33.6176 10
      vertex 5.08493 -33.6176 16
    endloop
  endfacet
  facet normal 0.195101 -0.980783 0
    outer loop
      vertex 5.08493 -33.6176 10
      vertex 8.16702 -33.0045 16
      vertex 5.08493 -33.6176 16
    endloop
  endfacet
  facet normal 0.195101 -0.980783 0
    outer loop
      vertex 8.16702 -33.0045 16
      vertex 5.08493 -33.6176 10
      vertex 8.16702 -33.0045 10
    endloop
  endfacet
  facet normal 0.980679 0.195626 0
    outer loop
      vertex 8.16702 -33.0045 16
      vertex 7.77534 -31.041 10
      vertex 7.77534 -31.041 16
    endloop
  endfacet
  facet normal 0.980679 0.195626 0
    outer loop
      vertex 7.77534 -31.041 10
      vertex 8.16702 -33.0045 16
      vertex 8.16702 -33.0045 10
    endloop
  endfacet
  facet normal 0.989244 0.146273 0
    outer loop
      vertex 7.77534 -31.041 16
      vertex 7.49159 -29.122 10
      vertex 7.49159 -29.122 16
    endloop
  endfacet
  facet normal 0.989244 0.146273 0
    outer loop
      vertex 7.49159 -29.122 10
      vertex 7.77534 -31.041 16
      vertex 7.77534 -31.041 10
    endloop
  endfacet
  facet normal 0.968486 0.249068 0
    outer loop
      vertex 7.49159 -29.122 16
      vertex 7.4794 -29.0746 10
      vertex 7.4794 -29.0746 16
    endloop
  endfacet
  facet normal 0.968486 0.249068 0
    outer loop
      vertex 7.4794 -29.0746 10
      vertex 7.49159 -29.122 16
      vertex 7.49159 -29.122 10
    endloop
  endfacet
  facet normal 0.290278 -0.956942 0
    outer loop
      vertex 7.4794 -29.0746 10
      vertex 9.93408 -28.33 16
      vertex 7.4794 -29.0746 16
    endloop
  endfacet
  facet normal 0.290278 -0.956942 0
    outer loop
      vertex 9.93408 -28.33 16
      vertex 7.4794 -29.0746 10
      vertex 9.93408 -28.33 10
    endloop
  endfacet
  facet normal -0.943507 -0.331353 0
    outer loop
      vertex 9.95027 -28.3761 10
      vertex 9.93408 -28.33 16
      vertex 9.93408 -28.33 10
    endloop
  endfacet
  facet normal -0.943507 -0.331353 0
    outer loop
      vertex 9.93408 -28.33 16
      vertex 9.95027 -28.3761 10
      vertex 9.95027 -28.3761 16
    endloop
  endfacet
  facet normal -0.903794 -0.427968 0
    outer loop
      vertex 10.7805 -30.1294 10
      vertex 9.95027 -28.3761 16
      vertex 9.95027 -28.3761 10
    endloop
  endfacet
  facet normal -0.903794 -0.427968 0
    outer loop
      vertex 9.95027 -28.3761 16
      vertex 10.7805 -30.1294 10
      vertex 10.7805 -30.1294 16
    endloop
  endfacet
  facet normal -0.924087 -0.382181 0
    outer loop
      vertex 11.5457 -31.9796 10
      vertex 10.7805 -30.1294 16
      vertex 10.7805 -30.1294 10
    endloop
  endfacet
  facet normal -0.924087 -0.382181 0
    outer loop
      vertex 10.7805 -30.1294 16
      vertex 11.5457 -31.9796 10
      vertex 11.5457 -31.9796 16
    endloop
  endfacet
  facet normal 0.382687 -0.923878 0
    outer loop
      vertex 11.5457 -31.9796 10
      vertex 14.449 -30.777 16
      vertex 11.5457 -31.9796 16
    endloop
  endfacet
  facet normal 0.382687 -0.923878 0
    outer loop
      vertex 14.449 -30.777 16
      vertex 11.5457 -31.9796 10
      vertex 14.449 -30.777 10
    endloop
  endfacet
  facet normal 0.92367 0.383189 0
    outer loop
      vertex 13.6817 -28.9276 16
      vertex 14.1682 -30.1003 10
      vertex 13.6817 -28.9276 10
    endloop
  endfacet
  facet normal 0.923658 0.383218 -6.62669e-06
    outer loop
      vertex 14.449 -30.777 16
      vertex 14.1682 -30.1003 10
      vertex 13.6817 -28.9276 16
    endloop
  endfacet
  facet normal 0.923637 0.383268 0
    outer loop
      vertex 14.1682 -30.1003 10
      vertex 14.449 -30.777 16
      vertex 14.449 -30.777 10
    endloop
  endfacet
  facet normal 0.941708 0.336431 0
    outer loop
      vertex 13.6817 -28.9276 16
      vertex 13.0291 -27.1009 10
      vertex 13.0291 -27.1009 16
    endloop
  endfacet
  facet normal 0.941708 0.336431 0
    outer loop
      vertex 13.0291 -27.1009 10
      vertex 13.6817 -28.9276 16
      vertex 13.6817 -28.9276 10
    endloop
  endfacet
  facet normal 0.901268 0.433263 0
    outer loop
      vertex 13.0291 -27.1009 16
      vertex 13.0079 -27.0568 10
      vertex 13.0079 -27.0568 16
    endloop
  endfacet
  facet normal 0.901268 0.433263 0
    outer loop
      vertex 13.0079 -27.0568 10
      vertex 13.0291 -27.1009 16
      vertex 13.0291 -27.1009 10
    endloop
  endfacet
  facet normal 0.471406 -0.881917 0
    outer loop
      vertex 13.0079 -27.0568 10
      vertex 15.2701 -25.8476 16
      vertex 13.0079 -27.0568 16
    endloop
  endfacet
  facet normal 0.471406 -0.881917 0
    outer loop
      vertex 15.2701 -25.8476 16
      vertex 13.0079 -27.0568 10
      vertex 15.2701 -25.8476 10
    endloop
  endfacet
  facet normal -0.860723 -0.509074 0
    outer loop
      vertex 15.295 -25.8897 10
      vertex 15.2701 -25.8476 16
      vertex 15.2701 -25.8476 10
    endloop
  endfacet
  facet normal -0.860723 -0.509074 0
    outer loop
      vertex 15.2701 -25.8476 16
      vertex 15.295 -25.8897 10
      vertex 15.295 -25.8897 16
    endloop
  endfacet
  facet normal -0.802935 -0.596067 0
    outer loop
      vertex 16.4513 -27.4473 10
      vertex 15.295 -25.8897 16
      vertex 15.295 -25.8897 10
    endloop
  endfacet
  facet normal -0.802935 -0.596067 0
    outer loop
      vertex 15.295 -25.8897 16
      vertex 16.4513 -27.4473 10
      vertex 16.4513 -27.4473 16
    endloop
  endfacet
  facet normal -0.831783 -0.5551 0
    outer loop
      vertex 17.5399 -29.0785 10
      vertex 16.4513 -27.4473 16
      vertex 16.4513 -27.4473 10
    endloop
  endfacet
  facet normal -0.830927 -0.556381 -0
    outer loop
      vertex 17.5628 -29.1127 16
      vertex 17.5399 -29.0785 10
      vertex 17.5628 -29.1127 10
    endloop
  endfacet
  facet normal -0.831766 -0.555127 1.03517e-05
    outer loop
      vertex 17.5399 -29.0785 10
      vertex 17.5628 -29.1127 16
      vertex 16.4513 -27.4473 16
    endloop
  endfacet
  facet normal 0.555588 -0.831457 0
    outer loop
      vertex 17.5628 -29.1127 10
      vertex 20.1756 -27.3668 16
      vertex 17.5628 -29.1127 16
    endloop
  endfacet
  facet normal 0.555588 -0.831457 0
    outer loop
      vertex 20.1756 -27.3668 16
      vertex 17.5628 -29.1127 10
      vertex 20.1756 -27.3668 10
    endloop
  endfacet
  facet normal 0.831216 0.555949 0
    outer loop
      vertex 19.0624 -25.7026 16
      vertex 19.3807 -26.1785 10
      vertex 19.0624 -25.7026 10
    endloop
  endfacet
  facet normal 0.831189 0.55599 -4.74646e-06
    outer loop
      vertex 20.1756 -27.3668 16
      vertex 19.3807 -26.1785 10
      vertex 19.0624 -25.7026 16
    endloop
  endfacet
  facet normal 0.831178 0.556007 0
    outer loop
      vertex 19.3807 -26.1785 10
      vertex 20.1756 -27.3668 16
      vertex 20.1756 -27.3668 10
    endloop
  endfacet
  facet normal 0.857943 0.513745 0
    outer loop
      vertex 19.0624 -25.7026 16
      vertex 18.0658 -24.0383 10
      vertex 18.0658 -24.0383 16
    endloop
  endfacet
  facet normal 0.857943 0.513745 0
    outer loop
      vertex 18.0658 -24.0383 10
      vertex 19.0624 -25.7026 16
      vertex 19.0624 -25.7026 10
    endloop
  endfacet
  facet normal 0.799264 0.600981 0
    outer loop
      vertex 18.0658 -24.0383 16
      vertex 18.0364 -23.9992 10
      vertex 18.0364 -23.9992 16
    endloop
  endfacet
  facet normal 0.799264 0.600981 0
    outer loop
      vertex 18.0364 -23.9992 10
      vertex 18.0658 -24.0383 16
      vertex 18.0658 -24.0383 10
    endloop
  endfacet
  facet normal 0.634386 -0.773016 0
    outer loop
      vertex 19.0875 -23.1366 10
      vertex 18.0364 -23.9992 16
      vertex 18.0364 -23.9992 10
    endloop
  endfacet
  facet normal 0.634388 -0.773015 3.56704e-07
    outer loop
      vertex 18.0364 -23.9992 16
      vertex 19.0875 -23.1366 10
      vertex 20.0193 -22.3719 16
    endloop
  endfacet
  facet normal 0.634389 -0.773014 0
    outer loop
      vertex 20.0193 -22.3719 16
      vertex 19.0875 -23.1366 10
      vertex 20.0193 -22.3719 10
    endloop
  endfacet
  facet normal -0.74492 -0.667154 0
    outer loop
      vertex 20.0519 -22.4083 10
      vertex 20.0193 -22.3719 16
      vertex 20.0193 -22.3719 10
    endloop
  endfacet
  facet normal -0.74492 -0.667154 0
    outer loop
      vertex 20.0193 -22.3719 16
      vertex 20.0519 -22.4083 10
      vertex 20.0519 -22.4083 16
    endloop
  endfacet
  facet normal -0.671212 -0.741266 0
    outer loop
      vertex 20.0519 -22.4083 10
      vertex 21.4899 -23.7104 16
      vertex 20.0519 -22.4083 16
    endloop
  endfacet
  facet normal -0.671212 -0.741266 -0
    outer loop
      vertex 21.4899 -23.7104 16
      vertex 20.0519 -22.4083 10
      vertex 21.4899 -23.7104 10
    endloop
  endfacet
  facet normal -0.707506 -0.706707 0
    outer loop
      vertex 22.9049 -25.127 10
      vertex 21.4899 -23.7104 16
      vertex 21.4899 -23.7104 10
    endloop
  endfacet
  facet normal -0.707506 -0.706707 0
    outer loop
      vertex 21.4899 -23.7104 16
      vertex 22.9049 -25.127 10
      vertex 22.9049 -25.127 16
    endloop
  endfacet
  facet normal 0.707107 -0.707107 0
    outer loop
      vertex 22.9049 -25.127 16
      vertex 25.127 -22.9049 10
      vertex 25.127 -22.9049 16
    endloop
  endfacet
  facet normal 0.707107 -0.707107 0
    outer loop
      vertex 25.127 -22.9049 10
      vertex 22.9049 -25.127 16
      vertex 22.9049 -25.127 10
    endloop
  endfacet
  facet normal 0.706707 0.707506 -0
    outer loop
      vertex 25.127 -22.9049 10
      vertex 23.7104 -21.4899 16
      vertex 25.127 -22.9049 16
    endloop
  endfacet
  facet normal 0.706707 0.707506 0
    outer loop
      vertex 23.7104 -21.4899 16
      vertex 25.127 -22.9049 10
      vertex 23.7104 -21.4899 10
    endloop
  endfacet
  facet normal 0.741266 0.671212 0
    outer loop
      vertex 23.7104 -21.4899 16
      vertex 22.4083 -20.0519 10
      vertex 22.4083 -20.0519 16
    endloop
  endfacet
  facet normal 0.741266 0.671212 0
    outer loop
      vertex 22.4083 -20.0519 10
      vertex 23.7104 -21.4899 16
      vertex 23.7104 -21.4899 10
    endloop
  endfacet
  facet normal 0.667154 0.74492 -0
    outer loop
      vertex 22.4083 -20.0519 10
      vertex 22.3719 -20.0193 16
      vertex 22.4083 -20.0519 16
    endloop
  endfacet
  facet normal 0.667154 0.74492 0
    outer loop
      vertex 22.3719 -20.0193 16
      vertex 22.4083 -20.0519 10
      vertex 22.3719 -20.0193 10
    endloop
  endfacet
  facet normal 0.773015 -0.634388 0
    outer loop
      vertex 22.3719 -20.0193 16
      vertex 23.9992 -18.0364 10
      vertex 23.9992 -18.0364 16
    endloop
  endfacet
  facet normal 0.773015 -0.634388 0
    outer loop
      vertex 23.9992 -18.0364 10
      vertex 22.3719 -20.0193 16
      vertex 22.3719 -20.0193 10
    endloop
  endfacet
  facet normal -0.600981 -0.799264 0
    outer loop
      vertex 23.9992 -18.0364 10
      vertex 24.0383 -18.0658 16
      vertex 23.9992 -18.0364 16
    endloop
  endfacet
  facet normal -0.600981 -0.799264 -0
    outer loop
      vertex 24.0383 -18.0658 16
      vertex 23.9992 -18.0364 10
      vertex 24.0383 -18.0658 10
    endloop
  endfacet
  facet normal -0.513745 -0.857943 0
    outer loop
      vertex 24.0383 -18.0658 10
      vertex 25.7026 -19.0624 16
      vertex 24.0383 -18.0658 16
    endloop
  endfacet
  facet normal -0.513745 -0.857943 -0
    outer loop
      vertex 25.7026 -19.0624 16
      vertex 24.0383 -18.0658 10
      vertex 25.7026 -19.0624 10
    endloop
  endfacet
  facet normal -0.55599 -0.831189 0
    outer loop
      vertex 25.7026 -19.0624 10
      vertex 27.3668 -20.1756 16
      vertex 25.7026 -19.0624 16
    endloop
  endfacet
  facet normal -0.55599 -0.831189 -0
    outer loop
      vertex 27.3668 -20.1756 16
      vertex 25.7026 -19.0624 10
      vertex 27.3668 -20.1756 10
    endloop
  endfacet
  facet normal 0.831457 -0.555588 0
    outer loop
      vertex 27.3668 -20.1756 16
      vertex 29.1127 -17.5628 10
      vertex 29.1127 -17.5628 16
    endloop
  endfacet
  facet normal 0.831457 -0.555588 0
    outer loop
      vertex 29.1127 -17.5628 10
      vertex 27.3668 -20.1756 16
      vertex 27.3668 -20.1756 10
    endloop
  endfacet
  facet normal 0.555127 0.831766 -0
    outer loop
      vertex 29.1127 -17.5628 10
      vertex 27.4473 -16.4513 16
      vertex 29.1127 -17.5628 16
    endloop
  endfacet
  facet normal 0.555127 0.831766 0
    outer loop
      vertex 27.4473 -16.4513 16
      vertex 29.1127 -17.5628 10
      vertex 27.4473 -16.4513 10
    endloop
  endfacet
  facet normal 0.596067 0.802935 -0
    outer loop
      vertex 27.4473 -16.4513 10
      vertex 25.8897 -15.295 16
      vertex 27.4473 -16.4513 16
    endloop
  endfacet
  facet normal 0.596067 0.802935 0
    outer loop
      vertex 25.8897 -15.295 16
      vertex 27.4473 -16.4513 10
      vertex 25.8897 -15.295 10
    endloop
  endfacet
  facet normal 0.509074 0.860723 -0
    outer loop
      vertex 25.8897 -15.295 10
      vertex 25.8476 -15.2701 16
      vertex 25.8897 -15.295 16
    endloop
  endfacet
  facet normal 0.509074 0.860723 0
    outer loop
      vertex 25.8476 -15.2701 16
      vertex 25.8897 -15.295 10
      vertex 25.8476 -15.2701 10
    endloop
  endfacet
  facet normal 0.881917 -0.471406 0
    outer loop
      vertex 25.8476 -15.2701 16
      vertex 27.0568 -13.0079 10
      vertex 27.0568 -13.0079 16
    endloop
  endfacet
  facet normal 0.881917 -0.471406 0
    outer loop
      vertex 27.0568 -13.0079 10
      vertex 25.8476 -15.2701 16
      vertex 25.8476 -15.2701 10
    endloop
  endfacet
  facet normal -0.433263 -0.901268 0
    outer loop
      vertex 27.0568 -13.0079 10
      vertex 27.1009 -13.0291 16
      vertex 27.0568 -13.0079 16
    endloop
  endfacet
  facet normal -0.433263 -0.901268 -0
    outer loop
      vertex 27.1009 -13.0291 16
      vertex 27.0568 -13.0079 10
      vertex 27.1009 -13.0291 10
    endloop
  endfacet
  facet normal -0.336431 -0.941708 0
    outer loop
      vertex 27.1009 -13.0291 10
      vertex 28.9276 -13.6817 16
      vertex 27.1009 -13.0291 16
    endloop
  endfacet
  facet normal -0.336431 -0.941708 -0
    outer loop
      vertex 28.9276 -13.6817 16
      vertex 27.1009 -13.0291 10
      vertex 28.9276 -13.6817 10
    endloop
  endfacet
  facet normal -0.383218 -0.923658 0
    outer loop
      vertex 28.9276 -13.6817 10
      vertex 30.777 -14.449 16
      vertex 28.9276 -13.6817 16
    endloop
  endfacet
  facet normal -0.383218 -0.923658 -0
    outer loop
      vertex 30.777 -14.449 16
      vertex 28.9276 -13.6817 10
      vertex 30.777 -14.449 10
    endloop
  endfacet
  facet normal 0.923878 -0.382687 0
    outer loop
      vertex 30.777 -14.449 16
      vertex 31.9796 -11.5457 10
      vertex 31.9796 -11.5457 16
    endloop
  endfacet
  facet normal 0.923878 -0.382687 0
    outer loop
      vertex 31.9796 -11.5457 10
      vertex 30.777 -14.449 16
      vertex 30.777 -14.449 10
    endloop
  endfacet
  facet normal 0.382181 0.924087 -0
    outer loop
      vertex 31.9796 -11.5457 10
      vertex 30.1294 -10.7805 16
      vertex 31.9796 -11.5457 16
    endloop
  endfacet
  facet normal 0.382181 0.924087 0
    outer loop
      vertex 30.1294 -10.7805 16
      vertex 31.9796 -11.5457 10
      vertex 30.1294 -10.7805 10
    endloop
  endfacet
  facet normal 0.427968 0.903794 -0
    outer loop
      vertex 30.1294 -10.7805 10
      vertex 28.3761 -9.95027 16
      vertex 30.1294 -10.7805 16
    endloop
  endfacet
  facet normal 0.427968 0.903794 0
    outer loop
      vertex 28.3761 -9.95027 16
      vertex 30.1294 -10.7805 10
      vertex 28.3761 -9.95027 10
    endloop
  endfacet
  facet normal 0.331353 0.943507 -0
    outer loop
      vertex 28.3761 -9.95027 10
      vertex 28.33 -9.93408 16
      vertex 28.3761 -9.95027 16
    endloop
  endfacet
  facet normal 0.331353 0.943507 0
    outer loop
      vertex 28.33 -9.93408 16
      vertex 28.3761 -9.95027 10
      vertex 28.33 -9.93408 10
    endloop
  endfacet
  facet normal 0.956942 -0.290278 0
    outer loop
      vertex 28.33 -9.93408 16
      vertex 29.0746 -7.4794 10
      vertex 29.0746 -7.4794 16
    endloop
  endfacet
  facet normal 0.956942 -0.290278 0
    outer loop
      vertex 29.0746 -7.4794 10
      vertex 28.33 -9.93408 16
      vertex 28.33 -9.93408 10
    endloop
  endfacet
  facet normal -0.249068 -0.968486 0
    outer loop
      vertex 29.0746 -7.4794 10
      vertex 29.122 -7.49159 16
      vertex 29.0746 -7.4794 16
    endloop
  endfacet
  facet normal -0.249068 -0.968486 -0
    outer loop
      vertex 29.122 -7.49159 16
      vertex 29.0746 -7.4794 10
      vertex 29.122 -7.49159 10
    endloop
  endfacet
  facet normal -0.146273 -0.989244 0
    outer loop
      vertex 29.122 -7.49159 10
      vertex 31.041 -7.77534 16
      vertex 29.122 -7.49159 16
    endloop
  endfacet
  facet normal -0.146273 -0.989244 -0
    outer loop
      vertex 31.041 -7.77534 16
      vertex 29.122 -7.49159 10
      vertex 31.041 -7.77534 10
    endloop
  endfacet
  facet normal -0.195626 -0.980679 0
    outer loop
      vertex 31.041 -7.77534 10
      vertex 33.0045 -8.16702 16
      vertex 31.041 -7.77534 16
    endloop
  endfacet
  facet normal -0.195626 -0.980679 -0
    outer loop
      vertex 33.0045 -8.16702 16
      vertex 31.041 -7.77534 10
      vertex 33.0045 -8.16702 10
    endloop
  endfacet
  facet normal 0.980783 -0.195101 0
    outer loop
      vertex 33.0045 -8.16702 16
      vertex 33.6176 -5.08493 10
      vertex 33.6176 -5.08493 16
    endloop
  endfacet
  facet normal 0.980783 -0.195101 0
    outer loop
      vertex 33.6176 -5.08493 10
      vertex 33.0045 -8.16702 16
      vertex 33.0045 -8.16702 10
    endloop
  endfacet
  facet normal 0.19456 0.980891 -0
    outer loop
      vertex 33.6176 -5.08493 10
      vertex 31.6536 -4.69537 16
      vertex 33.6176 -5.08493 16
    endloop
  endfacet
  facet normal 0.19456 0.980891 0
    outer loop
      vertex 31.6536 -4.69537 16
      vertex 33.6176 -5.08493 10
      vertex 31.6536 -4.69537 10
    endloop
  endfacet
  facet normal 0.24342 0.969921 0
    outer loop
      vertex 31.0707 -4.54908 10
      vertex 31.6536 -4.69537 16
      vertex 31.6536 -4.69537 10
    endloop
  endfacet
  facet normal 0.243426 0.96992 -5.6482e-07
    outer loop
      vertex 31.6536 -4.69537 16
      vertex 31.0707 -4.54908 10
      vertex 29.7721 -4.22316 16
    endloop
  endfacet
  facet normal 0.243428 0.969919 0
    outer loop
      vertex 29.7721 -4.22316 16
      vertex 31.0707 -4.54908 10
      vertex 29.7721 -4.22316 10
    endloop
  endfacet
  facet normal 0.140534 0.990076 -0
    outer loop
      vertex 29.7721 -4.22316 10
      vertex 29.7237 -4.21629 16
      vertex 29.7721 -4.22316 16
    endloop
  endfacet
  facet normal 0.140534 0.990076 0
    outer loop
      vertex 29.7237 -4.21629 16
      vertex 29.7721 -4.22316 10
      vertex 29.7237 -4.21629 10
    endloop
  endfacet
  facet normal 0.995186 -0.0980068 0
    outer loop
      vertex 29.7237 -4.21629 16
      vertex 29.9751 -1.66351 10
      vertex 29.9751 -1.66351 16
    endloop
  endfacet
  facet normal 0.995186 -0.0980068 0
    outer loop
      vertex 29.9751 -1.66351 10
      vertex 29.7237 -4.21629 16
      vertex 29.7237 -4.21629 10
    endloop
  endfacet
  facet normal -0.0555379 -0.998457 0
    outer loop
      vertex 29.9751 -1.66351 10
      vertex 30.024 -1.66623 16
      vertex 29.9751 -1.66351 16
    endloop
  endfacet
  facet normal -0.0555379 -0.998457 -0
    outer loop
      vertex 30.024 -1.66623 16
      vertex 29.9751 -1.66351 10
      vertex 30.024 -1.66623 10
    endloop
  endfacet
  facet normal 0.0495262 -0.998773 0
    outer loop
      vertex 30.024 -1.66623 10
      vertex 31.9614 -1.57016 16
      vertex 30.024 -1.66623 16
    endloop
  endfacet
  facet normal 0.0495262 -0.998773 0
    outer loop
      vertex 31.9614 -1.57016 16
      vertex 30.024 -1.66623 10
      vertex 31.9614 -1.57016 10
    endloop
  endfacet
  facet normal -0.000539053 -1 0
    outer loop
      vertex 33.7423 -1.57112 10
      vertex 31.9614 -1.57016 16
      vertex 31.9614 -1.57016 10
    endloop
  endfacet
  facet normal -0.00053938 -1 -9.68886e-08
    outer loop
      vertex 31.9614 -1.57016 16
      vertex 33.7423 -1.57112 10
      vertex 33.9637 -1.57124 16
    endloop
  endfacet
  facet normal -0.000542005 -1 -0
    outer loop
      vertex 33.9637 -1.57124 16
      vertex 33.7423 -1.57112 10
      vertex 33.9637 -1.57124 10
    endloop
  endfacet
  facet normal 1 0 0
    outer loop
      vertex 33.9637 1.57124 16
      vertex 33.9637 0.567217 10
      vertex 33.9637 1.57124 10
    endloop
  endfacet
  facet normal 1 0 0
    outer loop
      vertex 33.9637 1.57124 16
      vertex 33.9637 -0.567217 10
      vertex 33.9637 0.567217 10
    endloop
  endfacet
  facet normal 1 -0 0
    outer loop
      vertex 33.9637 -1.57124 16
      vertex 33.9637 -0.567217 10
      vertex 33.9637 1.57124 16
    endloop
  endfacet
  facet normal 1 0 0
    outer loop
      vertex 33.9637 -0.567217 10
      vertex 33.9637 -1.57124 16
      vertex 33.9637 -1.57124 10
    endloop
  endfacet
  facet normal -0.000542005 1 0
    outer loop
      vertex 33.7423 1.57112 10
      vertex 33.9637 1.57124 16
      vertex 33.9637 1.57124 10
    endloop
  endfacet
  facet normal -0.00053938 1 -9.68886e-08
    outer loop
      vertex 33.9637 1.57124 16
      vertex 33.7423 1.57112 10
      vertex 31.9614 1.57016 16
    endloop
  endfacet
  facet normal -0.000539053 1 0
    outer loop
      vertex 31.9614 1.57016 16
      vertex 33.7423 1.57112 10
      vertex 31.9614 1.57016 10
    endloop
  endfacet
  facet normal 0.0495262 0.998773 -0
    outer loop
      vertex 31.9614 1.57016 10
      vertex 30.024 1.66623 16
      vertex 31.9614 1.57016 16
    endloop
  endfacet
  facet normal 0.0495262 0.998773 0
    outer loop
      vertex 30.024 1.66623 16
      vertex 31.9614 1.57016 10
      vertex 30.024 1.66623 10
    endloop
  endfacet
  facet normal -0.0555379 0.998457 0
    outer loop
      vertex 30.024 1.66623 10
      vertex 29.9751 1.66351 16
      vertex 30.024 1.66623 16
    endloop
  endfacet
  facet normal -0.0555379 0.998457 0
    outer loop
      vertex 29.9751 1.66351 16
      vertex 30.024 1.66623 10
      vertex 29.9751 1.66351 10
    endloop
  endfacet
  facet normal 0.995186 0.0980068 0
    outer loop
      vertex 29.9751 1.66351 16
      vertex 29.7237 4.21629 10
      vertex 29.7237 4.21629 16
    endloop
  endfacet
  facet normal 0.995186 0.0980068 0
    outer loop
      vertex 29.7237 4.21629 10
      vertex 29.9751 1.66351 16
      vertex 29.9751 1.66351 10
    endloop
  endfacet
  facet normal 0.140534 -0.990076 0
    outer loop
      vertex 29.7237 4.21629 10
      vertex 29.7721 4.22316 16
      vertex 29.7237 4.21629 16
    endloop
  endfacet
  facet normal 0.140534 -0.990076 0
    outer loop
      vertex 29.7721 4.22316 16
      vertex 29.7237 4.21629 10
      vertex 29.7721 4.22316 10
    endloop
  endfacet
  facet normal 0.243428 -0.969919 0
    outer loop
      vertex 31.0707 4.54908 10
      vertex 29.7721 4.22316 16
      vertex 29.7721 4.22316 10
    endloop
  endfacet
  facet normal 0.243426 -0.96992 -5.6482e-07
    outer loop
      vertex 29.7721 4.22316 16
      vertex 31.0707 4.54908 10
      vertex 31.6536 4.69537 16
    endloop
  endfacet
  facet normal 0.24342 -0.969921 0
    outer loop
      vertex 31.6536 4.69537 16
      vertex 31.0707 4.54908 10
      vertex 31.6536 4.69537 10
    endloop
  endfacet
  facet normal 0.19456 -0.980891 0
    outer loop
      vertex 31.6536 4.69537 10
      vertex 33.6176 5.08493 16
      vertex 31.6536 4.69537 16
    endloop
  endfacet
  facet normal 0.19456 -0.980891 0
    outer loop
      vertex 33.6176 5.08493 16
      vertex 31.6536 4.69537 10
      vertex 33.6176 5.08493 10
    endloop
  endfacet
  facet normal 0.980783 0.195101 0
    outer loop
      vertex 33.6176 5.08493 16
      vertex 33.0045 8.16702 10
      vertex 33.0045 8.16702 16
    endloop
  endfacet
  facet normal 0.980783 0.195101 0
    outer loop
      vertex 33.0045 8.16702 10
      vertex 33.6176 5.08493 16
      vertex 33.6176 5.08493 10
    endloop
  endfacet
  facet normal -0.195626 0.980679 0
    outer loop
      vertex 33.0045 8.16702 10
      vertex 31.041 7.77534 16
      vertex 33.0045 8.16702 16
    endloop
  endfacet
  facet normal -0.195626 0.980679 0
    outer loop
      vertex 31.041 7.77534 16
      vertex 33.0045 8.16702 10
      vertex 31.041 7.77534 10
    endloop
  endfacet
  facet normal -0.146273 0.989244 0
    outer loop
      vertex 31.041 7.77534 10
      vertex 29.122 7.49159 16
      vertex 31.041 7.77534 16
    endloop
  endfacet
  facet normal -0.146273 0.989244 0
    outer loop
      vertex 29.122 7.49159 16
      vertex 31.041 7.77534 10
      vertex 29.122 7.49159 10
    endloop
  endfacet
  facet normal -0.249068 0.968486 0
    outer loop
      vertex 29.122 7.49159 10
      vertex 29.0746 7.4794 16
      vertex 29.122 7.49159 16
    endloop
  endfacet
  facet normal -0.249068 0.968486 0
    outer loop
      vertex 29.0746 7.4794 16
      vertex 29.122 7.49159 10
      vertex 29.0746 7.4794 10
    endloop
  endfacet
  facet normal 0.956942 0.290278 0
    outer loop
      vertex 29.0746 7.4794 16
      vertex 28.33 9.93408 10
      vertex 28.33 9.93408 16
    endloop
  endfacet
  facet normal 0.956942 0.290278 0
    outer loop
      vertex 28.33 9.93408 10
      vertex 29.0746 7.4794 16
      vertex 29.0746 7.4794 10
    endloop
  endfacet
  facet normal 0.331353 -0.943507 0
    outer loop
      vertex 28.33 9.93408 10
      vertex 28.3761 9.95027 16
      vertex 28.33 9.93408 16
    endloop
  endfacet
  facet normal 0.331353 -0.943507 0
    outer loop
      vertex 28.3761 9.95027 16
      vertex 28.33 9.93408 10
      vertex 28.3761 9.95027 10
    endloop
  endfacet
  facet normal 0.427968 -0.903794 0
    outer loop
      vertex 28.3761 9.95027 10
      vertex 30.1294 10.7805 16
      vertex 28.3761 9.95027 16
    endloop
  endfacet
  facet normal 0.427968 -0.903794 0
    outer loop
      vertex 30.1294 10.7805 16
      vertex 28.3761 9.95027 10
      vertex 30.1294 10.7805 10
    endloop
  endfacet
  facet normal 0.382181 -0.924087 0
    outer loop
      vertex 30.1294 10.7805 10
      vertex 31.9796 11.5457 16
      vertex 30.1294 10.7805 16
    endloop
  endfacet
  facet normal 0.382181 -0.924087 0
    outer loop
      vertex 31.9796 11.5457 16
      vertex 30.1294 10.7805 10
      vertex 31.9796 11.5457 10
    endloop
  endfacet
  facet normal 0.923878 0.382687 0
    outer loop
      vertex 31.9796 11.5457 16
      vertex 30.777 14.449 10
      vertex 30.777 14.449 16
    endloop
  endfacet
  facet normal 0.923878 0.382687 0
    outer loop
      vertex 30.777 14.449 10
      vertex 31.9796 11.5457 16
      vertex 31.9796 11.5457 10
    endloop
  endfacet
  facet normal -0.383218 0.923658 0
    outer loop
      vertex 30.777 14.449 10
      vertex 28.9276 13.6817 16
      vertex 30.777 14.449 16
    endloop
  endfacet
  facet normal -0.383218 0.923658 0
    outer loop
      vertex 28.9276 13.6817 16
      vertex 30.777 14.449 10
      vertex 28.9276 13.6817 10
    endloop
  endfacet
  facet normal -0.336431 0.941708 0
    outer loop
      vertex 28.9276 13.6817 10
      vertex 27.1009 13.0291 16
      vertex 28.9276 13.6817 16
    endloop
  endfacet
  facet normal -0.336431 0.941708 0
    outer loop
      vertex 27.1009 13.0291 16
      vertex 28.9276 13.6817 10
      vertex 27.1009 13.0291 10
    endloop
  endfacet
  facet normal -0.433263 0.901268 0
    outer loop
      vertex 27.1009 13.0291 10
      vertex 27.0568 13.0079 16
      vertex 27.1009 13.0291 16
    endloop
  endfacet
  facet normal -0.433263 0.901268 0
    outer loop
      vertex 27.0568 13.0079 16
      vertex 27.1009 13.0291 10
      vertex 27.0568 13.0079 10
    endloop
  endfacet
  facet normal 0.881917 0.471406 0
    outer loop
      vertex 27.0568 13.0079 16
      vertex 25.8476 15.2701 10
      vertex 25.8476 15.2701 16
    endloop
  endfacet
  facet normal 0.881917 0.471406 0
    outer loop
      vertex 25.8476 15.2701 10
      vertex 27.0568 13.0079 16
      vertex 27.0568 13.0079 10
    endloop
  endfacet
  facet normal 0.509074 -0.860723 0
    outer loop
      vertex 25.8476 15.2701 10
      vertex 25.8897 15.295 16
      vertex 25.8476 15.2701 16
    endloop
  endfacet
  facet normal 0.509074 -0.860723 0
    outer loop
      vertex 25.8897 15.295 16
      vertex 25.8476 15.2701 10
      vertex 25.8897 15.295 10
    endloop
  endfacet
  facet normal 0.596067 -0.802935 0
    outer loop
      vertex 25.8897 15.295 10
      vertex 27.4473 16.4513 16
      vertex 25.8897 15.295 16
    endloop
  endfacet
  facet normal 0.596067 -0.802935 0
    outer loop
      vertex 27.4473 16.4513 16
      vertex 25.8897 15.295 10
      vertex 27.4473 16.4513 10
    endloop
  endfacet
  facet normal 0.555127 -0.831766 0
    outer loop
      vertex 27.4473 16.4513 10
      vertex 29.1127 17.5628 16
      vertex 27.4473 16.4513 16
    endloop
  endfacet
  facet normal 0.555127 -0.831766 0
    outer loop
      vertex 29.1127 17.5628 16
      vertex 27.4473 16.4513 10
      vertex 29.1127 17.5628 10
    endloop
  endfacet
  facet normal 0.831457 0.555588 0
    outer loop
      vertex 29.1127 17.5628 16
      vertex 27.3668 20.1756 10
      vertex 27.3668 20.1756 16
    endloop
  endfacet
  facet normal 0.831457 0.555588 0
    outer loop
      vertex 27.3668 20.1756 10
      vertex 29.1127 17.5628 16
      vertex 29.1127 17.5628 10
    endloop
  endfacet
  facet normal -0.55599 0.831189 0
    outer loop
      vertex 27.3668 20.1756 10
      vertex 25.7026 19.0624 16
      vertex 27.3668 20.1756 16
    endloop
  endfacet
  facet normal -0.55599 0.831189 0
    outer loop
      vertex 25.7026 19.0624 16
      vertex 27.3668 20.1756 10
      vertex 25.7026 19.0624 10
    endloop
  endfacet
  facet normal -0.513745 0.857943 0
    outer loop
      vertex 25.7026 19.0624 10
      vertex 24.0383 18.0658 16
      vertex 25.7026 19.0624 16
    endloop
  endfacet
  facet normal -0.513745 0.857943 0
    outer loop
      vertex 24.0383 18.0658 16
      vertex 25.7026 19.0624 10
      vertex 24.0383 18.0658 10
    endloop
  endfacet
  facet normal -0.600981 0.799264 0
    outer loop
      vertex 24.0383 18.0658 10
      vertex 23.9992 18.0364 16
      vertex 24.0383 18.0658 16
    endloop
  endfacet
  facet normal -0.600981 0.799264 0
    outer loop
      vertex 23.9992 18.0364 16
      vertex 24.0383 18.0658 10
      vertex 23.9992 18.0364 10
    endloop
  endfacet
  facet normal 0.773015 0.634388 0
    outer loop
      vertex 23.9992 18.0364 16
      vertex 22.3719 20.0193 10
      vertex 22.3719 20.0193 16
    endloop
  endfacet
  facet normal 0.773015 0.634388 0
    outer loop
      vertex 22.3719 20.0193 10
      vertex 23.9992 18.0364 16
      vertex 23.9992 18.0364 10
    endloop
  endfacet
  facet normal 0.667154 -0.74492 0
    outer loop
      vertex 22.3719 20.0193 10
      vertex 22.4083 20.0519 16
      vertex 22.3719 20.0193 16
    endloop
  endfacet
  facet normal 0.667154 -0.74492 0
    outer loop
      vertex 22.4083 20.0519 16
      vertex 22.3719 20.0193 10
      vertex 22.4083 20.0519 10
    endloop
  endfacet
  facet normal 0.741266 -0.671212 0
    outer loop
      vertex 22.4083 20.0519 16
      vertex 23.7104 21.4899 10
      vertex 23.7104 21.4899 16
    endloop
  endfacet
  facet normal 0.741266 -0.671212 0
    outer loop
      vertex 23.7104 21.4899 10
      vertex 22.4083 20.0519 16
      vertex 22.4083 20.0519 10
    endloop
  endfacet
  facet normal 0.706707 -0.707506 0
    outer loop
      vertex 23.7104 21.4899 10
      vertex 25.127 22.9049 16
      vertex 23.7104 21.4899 16
    endloop
  endfacet
  facet normal 0.706707 -0.707506 0
    outer loop
      vertex 25.127 22.9049 16
      vertex 23.7104 21.4899 10
      vertex 25.127 22.9049 10
    endloop
  endfacet
  facet normal 0.707107 0.707107 0
    outer loop
      vertex 25.127 22.9049 16
      vertex 22.9049 25.127 10
      vertex 22.9049 25.127 16
    endloop
  endfacet
  facet normal 0.707107 0.707107 0
    outer loop
      vertex 22.9049 25.127 10
      vertex 25.127 22.9049 16
      vertex 25.127 22.9049 10
    endloop
  endfacet
  facet normal -0.707506 0.706707 0
    outer loop
      vertex 21.4899 23.7104 10
      vertex 22.9049 25.127 16
      vertex 22.9049 25.127 10
    endloop
  endfacet
  facet normal -0.707506 0.706707 0
    outer loop
      vertex 22.9049 25.127 16
      vertex 21.4899 23.7104 10
      vertex 21.4899 23.7104 16
    endloop
  endfacet
  facet normal -0.671212 0.741266 0
    outer loop
      vertex 21.4899 23.7104 10
      vertex 20.0519 22.4083 16
      vertex 21.4899 23.7104 16
    endloop
  endfacet
  facet normal -0.671212 0.741266 0
    outer loop
      vertex 20.0519 22.4083 16
      vertex 21.4899 23.7104 10
      vertex 20.0519 22.4083 10
    endloop
  endfacet
  facet normal -0.74492 0.667154 0
    outer loop
      vertex 20.0193 22.3719 10
      vertex 20.0519 22.4083 16
      vertex 20.0519 22.4083 10
    endloop
  endfacet
  facet normal -0.74492 0.667154 0
    outer loop
      vertex 20.0519 22.4083 16
      vertex 20.0193 22.3719 10
      vertex 20.0193 22.3719 16
    endloop
  endfacet
  facet normal 0.634389 0.773014 0
    outer loop
      vertex 19.0875 23.1366 10
      vertex 20.0193 22.3719 16
      vertex 20.0193 22.3719 10
    endloop
  endfacet
  facet normal 0.634388 0.773015 3.56704e-07
    outer loop
      vertex 20.0193 22.3719 16
      vertex 19.0875 23.1366 10
      vertex 18.0364 23.9992 16
    endloop
  endfacet
  facet normal 0.634386 0.773016 0
    outer loop
      vertex 18.0364 23.9992 16
      vertex 19.0875 23.1366 10
      vertex 18.0364 23.9992 10
    endloop
  endfacet
  facet normal 0.799264 -0.600981 0
    outer loop
      vertex 18.0364 23.9992 16
      vertex 18.0658 24.0383 10
      vertex 18.0658 24.0383 16
    endloop
  endfacet
  facet normal 0.799264 -0.600981 0
    outer loop
      vertex 18.0658 24.0383 10
      vertex 18.0364 23.9992 16
      vertex 18.0364 23.9992 10
    endloop
  endfacet
  facet normal 0.857943 -0.513745 0
    outer loop
      vertex 18.0658 24.0383 16
      vertex 19.0624 25.7026 10
      vertex 19.0624 25.7026 16
    endloop
  endfacet
  facet normal 0.857943 -0.513745 0
    outer loop
      vertex 19.0624 25.7026 10
      vertex 18.0658 24.0383 16
      vertex 18.0658 24.0383 10
    endloop
  endfacet
  facet normal 0.831178 -0.556007 0
    outer loop
      vertex 20.1756 27.3668 16
      vertex 19.3807 26.1785 10
      vertex 20.1756 27.3668 10
    endloop
  endfacet
  facet normal 0.831189 -0.55599 -4.74646e-06
    outer loop
      vertex 19.0624 25.7026 16
      vertex 19.3807 26.1785 10
      vertex 20.1756 27.3668 16
    endloop
  endfacet
  facet normal 0.831216 -0.555949 0
    outer loop
      vertex 19.3807 26.1785 10
      vertex 19.0624 25.7026 16
      vertex 19.0624 25.7026 10
    endloop
  endfacet
  facet normal 0.555588 0.831457 -0
    outer loop
      vertex 20.1756 27.3668 10
      vertex 17.5628 29.1127 16
      vertex 20.1756 27.3668 16
    endloop
  endfacet
  facet normal 0.555588 0.831457 0
    outer loop
      vertex 17.5628 29.1127 16
      vertex 20.1756 27.3668 10
      vertex 17.5628 29.1127 10
    endloop
  endfacet
  facet normal -0.830927 0.556381 0
    outer loop
      vertex 17.5399 29.0785 10
      vertex 17.5628 29.1127 16
      vertex 17.5628 29.1127 10
    endloop
  endfacet
  facet normal -0.831783 0.5551 1.0569e-05
    outer loop
      vertex 16.4513 27.4473 10
      vertex 17.5628 29.1127 16
      vertex 17.5399 29.0785 10
    endloop
  endfacet
  facet normal -0.831766 0.555127 0
    outer loop
      vertex 17.5628 29.1127 16
      vertex 16.4513 27.4473 10
      vertex 16.4513 27.4473 16
    endloop
  endfacet
  facet normal -0.802935 0.596067 0
    outer loop
      vertex 15.295 25.8897 10
      vertex 16.4513 27.4473 16
      vertex 16.4513 27.4473 10
    endloop
  endfacet
  facet normal -0.802935 0.596067 0
    outer loop
      vertex 16.4513 27.4473 16
      vertex 15.295 25.8897 10
      vertex 15.295 25.8897 16
    endloop
  endfacet
  facet normal -0.860723 0.509074 0
    outer loop
      vertex 15.2701 25.8476 10
      vertex 15.295 25.8897 16
      vertex 15.295 25.8897 10
    endloop
  endfacet
  facet normal -0.860723 0.509074 0
    outer loop
      vertex 15.295 25.8897 16
      vertex 15.2701 25.8476 10
      vertex 15.2701 25.8476 16
    endloop
  endfacet
  facet normal 0.471406 0.881917 -0
    outer loop
      vertex 15.2701 25.8476 10
      vertex 13.0079 27.0568 16
      vertex 15.2701 25.8476 16
    endloop
  endfacet
  facet normal 0.471406 0.881917 0
    outer loop
      vertex 13.0079 27.0568 16
      vertex 15.2701 25.8476 10
      vertex 13.0079 27.0568 10
    endloop
  endfacet
  facet normal 0.901268 -0.433263 0
    outer loop
      vertex 13.0079 27.0568 16
      vertex 13.0291 27.1009 10
      vertex 13.0291 27.1009 16
    endloop
  endfacet
  facet normal 0.901268 -0.433263 0
    outer loop
      vertex 13.0291 27.1009 10
      vertex 13.0079 27.0568 16
      vertex 13.0079 27.0568 10
    endloop
  endfacet
  facet normal 0.941708 -0.336431 0
    outer loop
      vertex 13.0291 27.1009 16
      vertex 13.6817 28.9276 10
      vertex 13.6817 28.9276 16
    endloop
  endfacet
  facet normal 0.941708 -0.336431 0
    outer loop
      vertex 13.6817 28.9276 10
      vertex 13.0291 27.1009 16
      vertex 13.0291 27.1009 10
    endloop
  endfacet
  facet normal 0.923637 -0.383268 0
    outer loop
      vertex 14.449 30.777 16
      vertex 14.1682 30.1003 10
      vertex 14.449 30.777 10
    endloop
  endfacet
  facet normal 0.923658 -0.383218 -6.62669e-06
    outer loop
      vertex 13.6817 28.9276 16
      vertex 14.1682 30.1003 10
      vertex 14.449 30.777 16
    endloop
  endfacet
  facet normal 0.92367 -0.383189 0
    outer loop
      vertex 14.1682 30.1003 10
      vertex 13.6817 28.9276 16
      vertex 13.6817 28.9276 10
    endloop
  endfacet
  facet normal 0.382687 0.923878 -0
    outer loop
      vertex 14.449 30.777 10
      vertex 11.5457 31.9796 16
      vertex 14.449 30.777 16
    endloop
  endfacet
  facet normal 0.382687 0.923878 0
    outer loop
      vertex 11.5457 31.9796 16
      vertex 14.449 30.777 10
      vertex 11.5457 31.9796 10
    endloop
  endfacet
  facet normal -0.924087 0.382181 0
    outer loop
      vertex 10.7805 30.1294 10
      vertex 11.5457 31.9796 16
      vertex 11.5457 31.9796 10
    endloop
  endfacet
  facet normal -0.924087 0.382181 0
    outer loop
      vertex 11.5457 31.9796 16
      vertex 10.7805 30.1294 10
      vertex 10.7805 30.1294 16
    endloop
  endfacet
  facet normal -0.903794 0.427968 0
    outer loop
      vertex 9.95027 28.3761 10
      vertex 10.7805 30.1294 16
      vertex 10.7805 30.1294 10
    endloop
  endfacet
  facet normal -0.903794 0.427968 0
    outer loop
      vertex 10.7805 30.1294 16
      vertex 9.95027 28.3761 10
      vertex 9.95027 28.3761 16
    endloop
  endfacet
  facet normal -0.943507 0.331353 0
    outer loop
      vertex 9.93408 28.33 10
      vertex 9.95027 28.3761 16
      vertex 9.95027 28.3761 10
    endloop
  endfacet
  facet normal -0.943507 0.331353 0
    outer loop
      vertex 9.95027 28.3761 16
      vertex 9.93408 28.33 10
      vertex 9.93408 28.33 16
    endloop
  endfacet
  facet normal 0.290278 0.956942 -0
    outer loop
      vertex 9.93408 28.33 10
      vertex 7.4794 29.0746 16
      vertex 9.93408 28.33 16
    endloop
  endfacet
  facet normal 0.290278 0.956942 0
    outer loop
      vertex 7.4794 29.0746 16
      vertex 9.93408 28.33 10
      vertex 7.4794 29.0746 10
    endloop
  endfacet
  facet normal 0.968486 -0.249068 0
    outer loop
      vertex 7.4794 29.0746 16
      vertex 7.49159 29.122 10
      vertex 7.49159 29.122 16
    endloop
  endfacet
  facet normal 0.968486 -0.249068 0
    outer loop
      vertex 7.49159 29.122 10
      vertex 7.4794 29.0746 16
      vertex 7.4794 29.0746 10
    endloop
  endfacet
  facet normal 0.989244 -0.146273 0
    outer loop
      vertex 7.49159 29.122 16
      vertex 7.77534 31.041 10
      vertex 7.77534 31.041 16
    endloop
  endfacet
  facet normal 0.989244 -0.146273 0
    outer loop
      vertex 7.77534 31.041 10
      vertex 7.49159 29.122 16
      vertex 7.49159 29.122 10
    endloop
  endfacet
  facet normal 0.980679 -0.195626 0
    outer loop
      vertex 7.77534 31.041 16
      vertex 8.16702 33.0045 10
      vertex 8.16702 33.0045 16
    endloop
  endfacet
  facet normal 0.980679 -0.195626 0
    outer loop
      vertex 8.16702 33.0045 10
      vertex 7.77534 31.041 16
      vertex 7.77534 31.041 10
    endloop
  endfacet
  facet normal 0.195101 0.980783 -0
    outer loop
      vertex 8.16702 33.0045 10
      vertex 5.08493 33.6176 16
      vertex 8.16702 33.0045 16
    endloop
  endfacet
  facet normal 0.195101 0.980783 0
    outer loop
      vertex 5.08493 33.6176 16
      vertex 8.16702 33.0045 10
      vertex 5.08493 33.6176 10
    endloop
  endfacet
  facet normal -0.980891 0.19456 0
    outer loop
      vertex 4.69537 31.6536 10
      vertex 5.08493 33.6176 16
      vertex 5.08493 33.6176 10
    endloop
  endfacet
  facet normal -0.980891 0.19456 0
    outer loop
      vertex 5.08493 33.6176 16
      vertex 4.69537 31.6536 10
      vertex 4.69537 31.6536 16
    endloop
  endfacet
  facet normal -0.96992 0.243426 0
    outer loop
      vertex 4.22316 29.7721 10
      vertex 4.69537 31.6536 16
      vertex 4.69537 31.6536 10
    endloop
  endfacet
  facet normal -0.96992 0.243426 0
    outer loop
      vertex 4.69537 31.6536 16
      vertex 4.22316 29.7721 10
      vertex 4.22316 29.7721 16
    endloop
  endfacet
  facet normal -0.990076 0.140534 0
    outer loop
      vertex 4.21629 29.7237 10
      vertex 4.22316 29.7721 16
      vertex 4.22316 29.7721 10
    endloop
  endfacet
  facet normal -0.990076 0.140534 0
    outer loop
      vertex 4.22316 29.7721 16
      vertex 4.21629 29.7237 10
      vertex 4.21629 29.7237 16
    endloop
  endfacet
  facet normal 0.0980068 0.995186 -0
    outer loop
      vertex 4.21629 29.7237 10
      vertex 1.66351 29.9751 16
      vertex 4.21629 29.7237 16
    endloop
  endfacet
  facet normal 0.0980068 0.995186 0
    outer loop
      vertex 1.66351 29.9751 16
      vertex 4.21629 29.7237 10
      vertex 1.66351 29.9751 10
    endloop
  endfacet
  facet normal 0.998457 -0.0555379 0
    outer loop
      vertex 1.66351 29.9751 16
      vertex 1.66623 30.024 10
      vertex 1.66623 30.024 16
    endloop
  endfacet
  facet normal 0.998457 -0.0555379 0
    outer loop
      vertex 1.66623 30.024 10
      vertex 1.66351 29.9751 16
      vertex 1.66351 29.9751 10
    endloop
  endfacet
  facet normal 0.998773 0.0495262 0
    outer loop
      vertex 1.66623 30.024 16
      vertex 1.57016 31.9614 10
      vertex 1.57016 31.9614 16
    endloop
  endfacet
  facet normal 0.998773 0.0495262 0
    outer loop
      vertex 1.57016 31.9614 10
      vertex 1.66623 30.024 16
      vertex 1.66623 30.024 10
    endloop
  endfacet
  facet normal 1 -0.00053938 0
    outer loop
      vertex 1.57016 31.9614 16
      vertex 1.57124 33.9637 10
      vertex 1.57124 33.9637 16
    endloop
  endfacet
  facet normal 1 -0.00053938 0
    outer loop
      vertex 1.57124 33.9637 10
      vertex 1.57016 31.9614 16
      vertex 1.57016 31.9614 10
    endloop
  endfacet
  facet normal 0 1 -0
    outer loop
      vertex 1.57124 33.9637 10
      vertex -1.57124 33.9637 16
      vertex 1.57124 33.9637 16
    endloop
  endfacet
  facet normal 0 1 0
    outer loop
      vertex -1.57124 33.9637 16
      vertex 1.57124 33.9637 10
      vertex -1.57124 33.9637 10
    endloop
  endfacet
  facet normal -1 -0.00053938 0
    outer loop
      vertex -1.57016 31.9614 10
      vertex -1.57124 33.9637 16
      vertex -1.57124 33.9637 10
    endloop
  endfacet
  facet normal -1 -0.00053938 0
    outer loop
      vertex -1.57124 33.9637 16
      vertex -1.57016 31.9614 10
      vertex -1.57016 31.9614 16
    endloop
  endfacet
  facet normal -0.998773 0.0495262 0
    outer loop
      vertex -1.66623 30.024 10
      vertex -1.57016 31.9614 16
      vertex -1.57016 31.9614 10
    endloop
  endfacet
  facet normal -0.998773 0.0495262 0
    outer loop
      vertex -1.57016 31.9614 16
      vertex -1.66623 30.024 10
      vertex -1.66623 30.024 16
    endloop
  endfacet
  facet normal -0.998457 -0.0555379 0
    outer loop
      vertex -1.66351 29.9751 10
      vertex -1.66623 30.024 16
      vertex -1.66623 30.024 10
    endloop
  endfacet
  facet normal -0.998457 -0.0555379 0
    outer loop
      vertex -1.66623 30.024 16
      vertex -1.66351 29.9751 10
      vertex -1.66351 29.9751 16
    endloop
  endfacet
  facet normal -0.0980068 0.995186 0
    outer loop
      vertex -1.66351 29.9751 10
      vertex -4.21629 29.7237 16
      vertex -1.66351 29.9751 16
    endloop
  endfacet
  facet normal -0.0980068 0.995186 0
    outer loop
      vertex -4.21629 29.7237 16
      vertex -1.66351 29.9751 10
      vertex -4.21629 29.7237 10
    endloop
  endfacet
  facet normal 0.990076 0.140534 0
    outer loop
      vertex -4.21629 29.7237 16
      vertex -4.22316 29.7721 10
      vertex -4.22316 29.7721 16
    endloop
  endfacet
  facet normal 0.990076 0.140534 0
    outer loop
      vertex -4.22316 29.7721 10
      vertex -4.21629 29.7237 16
      vertex -4.21629 29.7237 10
    endloop
  endfacet
  facet normal 0.96992 0.243426 0
    outer loop
      vertex -4.22316 29.7721 16
      vertex -4.69537 31.6536 10
      vertex -4.69537 31.6536 16
    endloop
  endfacet
  facet normal 0.96992 0.243426 0
    outer loop
      vertex -4.69537 31.6536 10
      vertex -4.22316 29.7721 16
      vertex -4.22316 29.7721 10
    endloop
  endfacet
  facet normal 0.980891 0.19456 0
    outer loop
      vertex -4.69537 31.6536 16
      vertex -5.08493 33.6176 10
      vertex -5.08493 33.6176 16
    endloop
  endfacet
  facet normal 0.980891 0.19456 0
    outer loop
      vertex -5.08493 33.6176 10
      vertex -4.69537 31.6536 16
      vertex -4.69537 31.6536 10
    endloop
  endfacet
  facet normal -0.195101 0.980783 0
    outer loop
      vertex -5.08493 33.6176 10
      vertex -8.16702 33.0045 16
      vertex -5.08493 33.6176 16
    endloop
  endfacet
  facet normal -0.195101 0.980783 0
    outer loop
      vertex -8.16702 33.0045 16
      vertex -5.08493 33.6176 10
      vertex -8.16702 33.0045 10
    endloop
  endfacet
  facet normal -0.980679 -0.195626 0
    outer loop
      vertex -7.77534 31.041 10
      vertex -8.16702 33.0045 16
      vertex -8.16702 33.0045 10
    endloop
  endfacet
  facet normal -0.980679 -0.195626 0
    outer loop
      vertex -8.16702 33.0045 16
      vertex -7.77534 31.041 10
      vertex -7.77534 31.041 16
    endloop
  endfacet
  facet normal -0.989244 -0.146273 0
    outer loop
      vertex -7.49159 29.122 10
      vertex -7.77534 31.041 16
      vertex -7.77534 31.041 10
    endloop
  endfacet
  facet normal -0.989244 -0.146273 0
    outer loop
      vertex -7.77534 31.041 16
      vertex -7.49159 29.122 10
      vertex -7.49159 29.122 16
    endloop
  endfacet
  facet normal -0.968486 -0.249068 0
    outer loop
      vertex -7.4794 29.0746 10
      vertex -7.49159 29.122 16
      vertex -7.49159 29.122 10
    endloop
  endfacet
  facet normal -0.968486 -0.249068 0
    outer loop
      vertex -7.49159 29.122 16
      vertex -7.4794 29.0746 10
      vertex -7.4794 29.0746 16
    endloop
  endfacet
  facet normal -0.290278 0.956942 0
    outer loop
      vertex -7.4794 29.0746 10
      vertex -9.93408 28.33 16
      vertex -7.4794 29.0746 16
    endloop
  endfacet
  facet normal -0.290278 0.956942 0
    outer loop
      vertex -9.93408 28.33 16
      vertex -7.4794 29.0746 10
      vertex -9.93408 28.33 10
    endloop
  endfacet
  facet normal 0.943507 0.331353 0
    outer loop
      vertex -9.93408 28.33 16
      vertex -9.95027 28.3761 10
      vertex -9.95027 28.3761 16
    endloop
  endfacet
  facet normal 0.943507 0.331353 0
    outer loop
      vertex -9.95027 28.3761 10
      vertex -9.93408 28.33 16
      vertex -9.93408 28.33 10
    endloop
  endfacet
  facet normal 0.903794 0.427968 0
    outer loop
      vertex -9.95027 28.3761 16
      vertex -10.7805 30.1294 10
      vertex -10.7805 30.1294 16
    endloop
  endfacet
  facet normal 0.903794 0.427968 0
    outer loop
      vertex -10.7805 30.1294 10
      vertex -9.95027 28.3761 16
      vertex -9.95027 28.3761 10
    endloop
  endfacet
  facet normal 0.924087 0.382181 0
    outer loop
      vertex -10.7805 30.1294 16
      vertex -11.5457 31.9796 10
      vertex -11.5457 31.9796 16
    endloop
  endfacet
  facet normal 0.924087 0.382181 0
    outer loop
      vertex -11.5457 31.9796 10
      vertex -10.7805 30.1294 16
      vertex -10.7805 30.1294 10
    endloop
  endfacet
  facet normal -0.382687 0.923878 0
    outer loop
      vertex -11.5457 31.9796 10
      vertex -14.449 30.777 16
      vertex -11.5457 31.9796 16
    endloop
  endfacet
  facet normal -0.382687 0.923878 0
    outer loop
      vertex -14.449 30.777 16
      vertex -11.5457 31.9796 10
      vertex -14.449 30.777 10
    endloop
  endfacet
  facet normal -0.923637 -0.383268 0
    outer loop
      vertex -14.1682 30.1003 10
      vertex -14.449 30.777 16
      vertex -14.449 30.777 10
    endloop
  endfacet
  facet normal -0.92367 -0.383189 -0
    outer loop
      vertex -13.6817 28.9276 16
      vertex -14.1682 30.1003 10
      vertex -13.6817 28.9276 10
    endloop
  endfacet
  facet normal -0.923658 -0.383218 -6.62669e-06
    outer loop
      vertex -14.1682 30.1003 10
      vertex -13.6817 28.9276 16
      vertex -14.449 30.777 16
    endloop
  endfacet
  facet normal -0.941708 -0.336431 0
    outer loop
      vertex -13.0291 27.1009 10
      vertex -13.6817 28.9276 16
      vertex -13.6817 28.9276 10
    endloop
  endfacet
  facet normal -0.941708 -0.336431 0
    outer loop
      vertex -13.6817 28.9276 16
      vertex -13.0291 27.1009 10
      vertex -13.0291 27.1009 16
    endloop
  endfacet
  facet normal -0.901268 -0.433263 0
    outer loop
      vertex -13.0079 27.0568 10
      vertex -13.0291 27.1009 16
      vertex -13.0291 27.1009 10
    endloop
  endfacet
  facet normal -0.901268 -0.433263 0
    outer loop
      vertex -13.0291 27.1009 16
      vertex -13.0079 27.0568 10
      vertex -13.0079 27.0568 16
    endloop
  endfacet
  facet normal -0.471406 0.881917 0
    outer loop
      vertex -13.0079 27.0568 10
      vertex -15.2701 25.8476 16
      vertex -13.0079 27.0568 16
    endloop
  endfacet
  facet normal -0.471406 0.881917 0
    outer loop
      vertex -15.2701 25.8476 16
      vertex -13.0079 27.0568 10
      vertex -15.2701 25.8476 10
    endloop
  endfacet
  facet normal 0.860723 0.509074 0
    outer loop
      vertex -15.2701 25.8476 16
      vertex -15.295 25.8897 10
      vertex -15.295 25.8897 16
    endloop
  endfacet
  facet normal 0.860723 0.509074 0
    outer loop
      vertex -15.295 25.8897 10
      vertex -15.2701 25.8476 16
      vertex -15.2701 25.8476 10
    endloop
  endfacet
  facet normal 0.802935 0.596067 0
    outer loop
      vertex -15.295 25.8897 16
      vertex -16.4513 27.4473 10
      vertex -16.4513 27.4473 16
    endloop
  endfacet
  facet normal 0.802935 0.596067 0
    outer loop
      vertex -16.4513 27.4473 10
      vertex -15.295 25.8897 16
      vertex -15.295 25.8897 10
    endloop
  endfacet
  facet normal 0.830927 0.556381 0
    outer loop
      vertex -17.5628 29.1127 16
      vertex -17.5399 29.0785 10
      vertex -17.5628 29.1127 10
    endloop
  endfacet
  facet normal 0.831766 0.555127 1.03517e-05
    outer loop
      vertex -16.4513 27.4473 16
      vertex -17.5399 29.0785 10
      vertex -17.5628 29.1127 16
    endloop
  endfacet
  facet normal 0.831783 0.5551 0
    outer loop
      vertex -17.5399 29.0785 10
      vertex -16.4513 27.4473 16
      vertex -16.4513 27.4473 10
    endloop
  endfacet
  facet normal -0.555588 0.831457 0
    outer loop
      vertex -17.5628 29.1127 10
      vertex -20.1756 27.3668 16
      vertex -17.5628 29.1127 16
    endloop
  endfacet
  facet normal -0.555588 0.831457 0
    outer loop
      vertex -20.1756 27.3668 16
      vertex -17.5628 29.1127 10
      vertex -20.1756 27.3668 10
    endloop
  endfacet
  facet normal -0.831178 -0.556007 0
    outer loop
      vertex -19.3807 26.1785 10
      vertex -20.1756 27.3668 16
      vertex -20.1756 27.3668 10
    endloop
  endfacet
  facet normal -0.831216 -0.555949 -0
    outer loop
      vertex -19.0624 25.7026 16
      vertex -19.3807 26.1785 10
      vertex -19.0624 25.7026 10
    endloop
  endfacet
  facet normal -0.831189 -0.55599 -4.74646e-06
    outer loop
      vertex -19.3807 26.1785 10
      vertex -19.0624 25.7026 16
      vertex -20.1756 27.3668 16
    endloop
  endfacet
  facet normal -0.857943 -0.513745 0
    outer loop
      vertex -18.0658 24.0383 10
      vertex -19.0624 25.7026 16
      vertex -19.0624 25.7026 10
    endloop
  endfacet
  facet normal -0.857943 -0.513745 0
    outer loop
      vertex -19.0624 25.7026 16
      vertex -18.0658 24.0383 10
      vertex -18.0658 24.0383 16
    endloop
  endfacet
  facet normal -0.799264 -0.600981 0
    outer loop
      vertex -18.0364 23.9992 10
      vertex -18.0658 24.0383 16
      vertex -18.0658 24.0383 10
    endloop
  endfacet
  facet normal -0.799264 -0.600981 0
    outer loop
      vertex -18.0658 24.0383 16
      vertex -18.0364 23.9992 10
      vertex -18.0364 23.9992 16
    endloop
  endfacet
  facet normal -0.634386 0.773016 0
    outer loop
      vertex -19.0875 23.1366 10
      vertex -18.0364 23.9992 16
      vertex -18.0364 23.9992 10
    endloop
  endfacet
  facet normal -0.634388 0.773015 3.56704e-07
    outer loop
      vertex -18.0364 23.9992 16
      vertex -19.0875 23.1366 10
      vertex -20.0193 22.3719 16
    endloop
  endfacet
  facet normal -0.634389 0.773014 0
    outer loop
      vertex -20.0193 22.3719 16
      vertex -19.0875 23.1366 10
      vertex -20.0193 22.3719 10
    endloop
  endfacet
  facet normal 0.74492 0.667154 0
    outer loop
      vertex -20.0193 22.3719 16
      vertex -20.0519 22.4083 10
      vertex -20.0519 22.4083 16
    endloop
  endfacet
  facet normal 0.74492 0.667154 0
    outer loop
      vertex -20.0519 22.4083 10
      vertex -20.0193 22.3719 16
      vertex -20.0193 22.3719 10
    endloop
  endfacet
  facet normal 0.671212 0.741266 -0
    outer loop
      vertex -20.0519 22.4083 10
      vertex -21.4899 23.7104 16
      vertex -20.0519 22.4083 16
    endloop
  endfacet
  facet normal 0.671212 0.741266 0
    outer loop
      vertex -21.4899 23.7104 16
      vertex -20.0519 22.4083 10
      vertex -21.4899 23.7104 10
    endloop
  endfacet
  facet normal 0.707506 0.706707 0
    outer loop
      vertex -21.4899 23.7104 16
      vertex -22.9049 25.127 10
      vertex -22.9049 25.127 16
    endloop
  endfacet
  facet normal 0.707506 0.706707 0
    outer loop
      vertex -22.9049 25.127 10
      vertex -21.4899 23.7104 16
      vertex -21.4899 23.7104 10
    endloop
  endfacet
  facet normal -0.707107 0.707107 0
    outer loop
      vertex -25.127 22.9049 10
      vertex -22.9049 25.127 16
      vertex -22.9049 25.127 10
    endloop
  endfacet
  facet normal -0.707107 0.707107 0
    outer loop
      vertex -22.9049 25.127 16
      vertex -25.127 22.9049 10
      vertex -25.127 22.9049 16
    endloop
  endfacet
  facet normal -0.706707 -0.707506 0
    outer loop
      vertex -25.127 22.9049 10
      vertex -23.7104 21.4899 16
      vertex -25.127 22.9049 16
    endloop
  endfacet
  facet normal -0.706707 -0.707506 -0
    outer loop
      vertex -23.7104 21.4899 16
      vertex -25.127 22.9049 10
      vertex -23.7104 21.4899 10
    endloop
  endfacet
  facet normal -0.741266 -0.671212 0
    outer loop
      vertex -22.4083 20.0519 10
      vertex -23.7104 21.4899 16
      vertex -23.7104 21.4899 10
    endloop
  endfacet
  facet normal -0.741266 -0.671212 0
    outer loop
      vertex -23.7104 21.4899 16
      vertex -22.4083 20.0519 10
      vertex -22.4083 20.0519 16
    endloop
  endfacet
  facet normal -0.667154 -0.74492 0
    outer loop
      vertex -22.4083 20.0519 10
      vertex -22.3719 20.0193 16
      vertex -22.4083 20.0519 16
    endloop
  endfacet
  facet normal -0.667154 -0.74492 -0
    outer loop
      vertex -22.3719 20.0193 16
      vertex -22.4083 20.0519 10
      vertex -22.3719 20.0193 10
    endloop
  endfacet
  facet normal -0.773015 0.634388 0
    outer loop
      vertex -23.9992 18.0364 10
      vertex -22.3719 20.0193 16
      vertex -22.3719 20.0193 10
    endloop
  endfacet
  facet normal -0.773015 0.634388 0
    outer loop
      vertex -22.3719 20.0193 16
      vertex -23.9992 18.0364 10
      vertex -23.9992 18.0364 16
    endloop
  endfacet
  facet normal 0.600981 0.799264 -0
    outer loop
      vertex -23.9992 18.0364 10
      vertex -24.0383 18.0658 16
      vertex -23.9992 18.0364 16
    endloop
  endfacet
  facet normal 0.600981 0.799264 0
    outer loop
      vertex -24.0383 18.0658 16
      vertex -23.9992 18.0364 10
      vertex -24.0383 18.0658 10
    endloop
  endfacet
  facet normal 0.513745 0.857943 -0
    outer loop
      vertex -24.0383 18.0658 10
      vertex -25.7026 19.0624 16
      vertex -24.0383 18.0658 16
    endloop
  endfacet
  facet normal 0.513745 0.857943 0
    outer loop
      vertex -25.7026 19.0624 16
      vertex -24.0383 18.0658 10
      vertex -25.7026 19.0624 10
    endloop
  endfacet
  facet normal 0.55599 0.831189 -0
    outer loop
      vertex -25.7026 19.0624 10
      vertex -27.3668 20.1756 16
      vertex -25.7026 19.0624 16
    endloop
  endfacet
  facet normal 0.55599 0.831189 0
    outer loop
      vertex -27.3668 20.1756 16
      vertex -25.7026 19.0624 10
      vertex -27.3668 20.1756 10
    endloop
  endfacet
  facet normal -0.831457 0.555588 0
    outer loop
      vertex -29.1127 17.5628 10
      vertex -27.3668 20.1756 16
      vertex -27.3668 20.1756 10
    endloop
  endfacet
  facet normal -0.831457 0.555588 0
    outer loop
      vertex -27.3668 20.1756 16
      vertex -29.1127 17.5628 10
      vertex -29.1127 17.5628 16
    endloop
  endfacet
  facet normal -0.555127 -0.831766 0
    outer loop
      vertex -29.1127 17.5628 10
      vertex -27.4473 16.4513 16
      vertex -29.1127 17.5628 16
    endloop
  endfacet
  facet normal -0.555127 -0.831766 -0
    outer loop
      vertex -27.4473 16.4513 16
      vertex -29.1127 17.5628 10
      vertex -27.4473 16.4513 10
    endloop
  endfacet
  facet normal -0.596067 -0.802935 0
    outer loop
      vertex -27.4473 16.4513 10
      vertex -25.8897 15.295 16
      vertex -27.4473 16.4513 16
    endloop
  endfacet
  facet normal -0.596067 -0.802935 -0
    outer loop
      vertex -25.8897 15.295 16
      vertex -27.4473 16.4513 10
      vertex -25.8897 15.295 10
    endloop
  endfacet
  facet normal -0.509074 -0.860723 0
    outer loop
      vertex -25.8897 15.295 10
      vertex -25.8476 15.2701 16
      vertex -25.8897 15.295 16
    endloop
  endfacet
  facet normal -0.509074 -0.860723 -0
    outer loop
      vertex -25.8476 15.2701 16
      vertex -25.8897 15.295 10
      vertex -25.8476 15.2701 10
    endloop
  endfacet
  facet normal -0.881917 0.471406 0
    outer loop
      vertex -27.0568 13.0079 10
      vertex -25.8476 15.2701 16
      vertex -25.8476 15.2701 10
    endloop
  endfacet
  facet normal -0.881917 0.471406 0
    outer loop
      vertex -25.8476 15.2701 16
      vertex -27.0568 13.0079 10
      vertex -27.0568 13.0079 16
    endloop
  endfacet
  facet normal 0.433263 0.901268 -0
    outer loop
      vertex -27.0568 13.0079 10
      vertex -27.1009 13.0291 16
      vertex -27.0568 13.0079 16
    endloop
  endfacet
  facet normal 0.433263 0.901268 0
    outer loop
      vertex -27.1009 13.0291 16
      vertex -27.0568 13.0079 10
      vertex -27.1009 13.0291 10
    endloop
  endfacet
  facet normal 0.336431 0.941708 -0
    outer loop
      vertex -27.1009 13.0291 10
      vertex -28.9276 13.6817 16
      vertex -27.1009 13.0291 16
    endloop
  endfacet
  facet normal 0.336431 0.941708 0
    outer loop
      vertex -28.9276 13.6817 16
      vertex -27.1009 13.0291 10
      vertex -28.9276 13.6817 10
    endloop
  endfacet
  facet normal 0.383218 0.923658 -0
    outer loop
      vertex -28.9276 13.6817 10
      vertex -30.777 14.449 16
      vertex -28.9276 13.6817 16
    endloop
  endfacet
  facet normal 0.383218 0.923658 0
    outer loop
      vertex -30.777 14.449 16
      vertex -28.9276 13.6817 10
      vertex -30.777 14.449 10
    endloop
  endfacet
  facet normal -0.923878 0.382687 0
    outer loop
      vertex -31.9796 11.5457 10
      vertex -30.777 14.449 16
      vertex -30.777 14.449 10
    endloop
  endfacet
  facet normal -0.923878 0.382687 0
    outer loop
      vertex -30.777 14.449 16
      vertex -31.9796 11.5457 10
      vertex -31.9796 11.5457 16
    endloop
  endfacet
  facet normal -0.382181 -0.924087 0
    outer loop
      vertex -31.9796 11.5457 10
      vertex -30.1294 10.7805 16
      vertex -31.9796 11.5457 16
    endloop
  endfacet
  facet normal -0.382181 -0.924087 -0
    outer loop
      vertex -30.1294 10.7805 16
      vertex -31.9796 11.5457 10
      vertex -30.1294 10.7805 10
    endloop
  endfacet
  facet normal -0.427968 -0.903794 0
    outer loop
      vertex -30.1294 10.7805 10
      vertex -28.3761 9.95027 16
      vertex -30.1294 10.7805 16
    endloop
  endfacet
  facet normal -0.427968 -0.903794 -0
    outer loop
      vertex -28.3761 9.95027 16
      vertex -30.1294 10.7805 10
      vertex -28.3761 9.95027 10
    endloop
  endfacet
  facet normal -0.331353 -0.943507 0
    outer loop
      vertex -28.3761 9.95027 10
      vertex -28.33 9.93408 16
      vertex -28.3761 9.95027 16
    endloop
  endfacet
  facet normal -0.331353 -0.943507 -0
    outer loop
      vertex -28.33 9.93408 16
      vertex -28.3761 9.95027 10
      vertex -28.33 9.93408 10
    endloop
  endfacet
  facet normal -0.956942 0.290278 0
    outer loop
      vertex -29.0746 7.4794 10
      vertex -28.33 9.93408 16
      vertex -28.33 9.93408 10
    endloop
  endfacet
  facet normal -0.956942 0.290278 0
    outer loop
      vertex -28.33 9.93408 16
      vertex -29.0746 7.4794 10
      vertex -29.0746 7.4794 16
    endloop
  endfacet
  facet normal 0.249068 0.968486 -0
    outer loop
      vertex -29.0746 7.4794 10
      vertex -29.122 7.49159 16
      vertex -29.0746 7.4794 16
    endloop
  endfacet
  facet normal 0.249068 0.968486 0
    outer loop
      vertex -29.122 7.49159 16
      vertex -29.0746 7.4794 10
      vertex -29.122 7.49159 10
    endloop
  endfacet
  facet normal 0.146273 0.989244 -0
    outer loop
      vertex -29.122 7.49159 10
      vertex -31.041 7.77534 16
      vertex -29.122 7.49159 16
    endloop
  endfacet
  facet normal 0.146273 0.989244 0
    outer loop
      vertex -31.041 7.77534 16
      vertex -29.122 7.49159 10
      vertex -31.041 7.77534 10
    endloop
  endfacet
  facet normal 0.195626 0.980679 -0
    outer loop
      vertex -31.041 7.77534 10
      vertex -33.0045 8.16702 16
      vertex -31.041 7.77534 16
    endloop
  endfacet
  facet normal 0.195626 0.980679 0
    outer loop
      vertex -33.0045 8.16702 16
      vertex -31.041 7.77534 10
      vertex -33.0045 8.16702 10
    endloop
  endfacet
  facet normal -0.980783 0.195101 0
    outer loop
      vertex -33.6176 5.08493 10
      vertex -33.0045 8.16702 16
      vertex -33.0045 8.16702 10
    endloop
  endfacet
  facet normal -0.980783 0.195101 0
    outer loop
      vertex -33.0045 8.16702 16
      vertex -33.6176 5.08493 10
      vertex -33.6176 5.08493 16
    endloop
  endfacet
  facet normal -0.19456 -0.980891 0
    outer loop
      vertex -33.6176 5.08493 10
      vertex -31.6536 4.69537 16
      vertex -33.6176 5.08493 16
    endloop
  endfacet
  facet normal -0.19456 -0.980891 -0
    outer loop
      vertex -31.6536 4.69537 16
      vertex -33.6176 5.08493 10
      vertex -31.6536 4.69537 10
    endloop
  endfacet
  facet normal -0.24342 -0.969921 0
    outer loop
      vertex -31.0707 4.54908 10
      vertex -31.6536 4.69537 16
      vertex -31.6536 4.69537 10
    endloop
  endfacet
  facet normal -0.243426 -0.96992 -5.6482e-07
    outer loop
      vertex -31.6536 4.69537 16
      vertex -31.0707 4.54908 10
      vertex -29.7721 4.22316 16
    endloop
  endfacet
  facet normal -0.243428 -0.969919 -0
    outer loop
      vertex -29.7721 4.22316 16
      vertex -31.0707 4.54908 10
      vertex -29.7721 4.22316 10
    endloop
  endfacet
  facet normal -0.140534 -0.990076 0
    outer loop
      vertex -29.7721 4.22316 10
      vertex -29.7237 4.21629 16
      vertex -29.7721 4.22316 16
    endloop
  endfacet
  facet normal -0.140534 -0.990076 -0
    outer loop
      vertex -29.7237 4.21629 16
      vertex -29.7721 4.22316 10
      vertex -29.7237 4.21629 10
    endloop
  endfacet
  facet normal -0.995186 0.0980068 0
    outer loop
      vertex -29.9751 1.66351 10
      vertex -29.7237 4.21629 16
      vertex -29.7237 4.21629 10
    endloop
  endfacet
  facet normal -0.995186 0.0980068 0
    outer loop
      vertex -29.7237 4.21629 16
      vertex -29.9751 1.66351 10
      vertex -29.9751 1.66351 16
    endloop
  endfacet
  facet normal 0.0555379 0.998457 -0
    outer loop
      vertex -29.9751 1.66351 10
      vertex -30.024 1.66623 16
      vertex -29.9751 1.66351 16
    endloop
  endfacet
  facet normal 0.0555379 0.998457 0
    outer loop
      vertex -30.024 1.66623 16
      vertex -29.9751 1.66351 10
      vertex -30.024 1.66623 10
    endloop
  endfacet
  facet normal -0.0495262 0.998773 0
    outer loop
      vertex -30.024 1.66623 10
      vertex -31.9614 1.57016 16
      vertex -30.024 1.66623 16
    endloop
  endfacet
  facet normal -0.0495262 0.998773 0
    outer loop
      vertex -31.9614 1.57016 16
      vertex -30.024 1.66623 10
      vertex -31.9614 1.57016 10
    endloop
  endfacet
  facet normal 0.000539053 1 0
    outer loop
      vertex -33.7423 1.57112 10
      vertex -31.9614 1.57016 16
      vertex -31.9614 1.57016 10
    endloop
  endfacet
  facet normal 0.00053938 1 -9.68886e-08
    outer loop
      vertex -31.9614 1.57016 16
      vertex -33.7423 1.57112 10
      vertex -33.9637 1.57124 16
    endloop
  endfacet
  facet normal 0.000542005 1 0
    outer loop
      vertex -33.9637 1.57124 16
      vertex -33.7423 1.57112 10
      vertex -33.9637 1.57124 10
    endloop
  endfacet
  facet normal -1 0 0
    outer loop
      vertex -33.9637 0.567217 10
      vertex -33.9637 1.57124 16
      vertex -33.9637 1.57124 10
    endloop
  endfacet
  facet normal -1 0 0
    outer loop
      vertex -33.9637 -0.567217 10
      vertex -33.9637 1.57124 16
      vertex -33.9637 0.567217 10
    endloop
  endfacet
  facet normal -1 0 0
    outer loop
      vertex -33.9637 -1.57124 16
      vertex -33.9637 -0.567217 10
      vertex -33.9637 -1.57124 10
    endloop
  endfacet
  facet normal -1 0 0
    outer loop
      vertex -33.9637 -0.567217 10
      vertex -33.9637 -1.57124 16
      vertex -33.9637 1.57124 16
    endloop
  endfacet
  facet normal 0.000542005 -1 0
    outer loop
      vertex -33.7423 -1.57112 10
      vertex -33.9637 -1.57124 16
      vertex -33.9637 -1.57124 10
    endloop
  endfacet
  facet normal 0.00053938 -1 -9.68886e-08
    outer loop
      vertex -33.9637 -1.57124 16
      vertex -33.7423 -1.57112 10
      vertex -31.9614 -1.57016 16
    endloop
  endfacet
  facet normal 0.000539053 -1 0
    outer loop
      vertex -31.9614 -1.57016 16
      vertex -33.7423 -1.57112 10
      vertex -31.9614 -1.57016 10
    endloop
  endfacet
  facet normal -0.0495262 -0.998773 0
    outer loop
      vertex -31.9614 -1.57016 10
      vertex -30.024 -1.66623 16
      vertex -31.9614 -1.57016 16
    endloop
  endfacet
  facet normal -0.0495262 -0.998773 -0
    outer loop
      vertex -30.024 -1.66623 16
      vertex -31.9614 -1.57016 10
      vertex -30.024 -1.66623 10
    endloop
  endfacet
  facet normal 0.0555379 -0.998457 0
    outer loop
      vertex -30.024 -1.66623 10
      vertex -29.9751 -1.66351 16
      vertex -30.024 -1.66623 16
    endloop
  endfacet
  facet normal 0.0555379 -0.998457 0
    outer loop
      vertex -29.9751 -1.66351 16
      vertex -30.024 -1.66623 10
      vertex -29.9751 -1.66351 10
    endloop
  endfacet
  facet normal -0.995186 -0.0980068 0
    outer loop
      vertex -29.7237 -4.21629 10
      vertex -29.9751 -1.66351 16
      vertex -29.9751 -1.66351 10
    endloop
  endfacet
  facet normal -0.995186 -0.0980068 0
    outer loop
      vertex -29.9751 -1.66351 16
      vertex -29.7237 -4.21629 10
      vertex -29.7237 -4.21629 16
    endloop
  endfacet
  facet normal -0.140534 0.990076 0
    outer loop
      vertex -29.7237 -4.21629 10
      vertex -29.7721 -4.22316 16
      vertex -29.7237 -4.21629 16
    endloop
  endfacet
  facet normal -0.140534 0.990076 0
    outer loop
      vertex -29.7721 -4.22316 16
      vertex -29.7237 -4.21629 10
      vertex -29.7721 -4.22316 10
    endloop
  endfacet
  facet normal -0.243428 0.969919 0
    outer loop
      vertex -31.0707 -4.54908 10
      vertex -29.7721 -4.22316 16
      vertex -29.7721 -4.22316 10
    endloop
  endfacet
  facet normal -0.243426 0.96992 -5.6482e-07
    outer loop
      vertex -29.7721 -4.22316 16
      vertex -31.0707 -4.54908 10
      vertex -31.6536 -4.69537 16
    endloop
  endfacet
  facet normal -0.24342 0.969921 0
    outer loop
      vertex -31.6536 -4.69537 16
      vertex -31.0707 -4.54908 10
      vertex -31.6536 -4.69537 10
    endloop
  endfacet
  facet normal -0.19456 0.980891 0
    outer loop
      vertex -31.6536 -4.69537 10
      vertex -33.6176 -5.08493 16
      vertex -31.6536 -4.69537 16
    endloop
  endfacet
  facet normal -0.19456 0.980891 0
    outer loop
      vertex -33.6176 -5.08493 16
      vertex -31.6536 -4.69537 10
      vertex -33.6176 -5.08493 10
    endloop
  endfacet
  facet normal -0.980783 -0.195101 0
    outer loop
      vertex -33.0045 -8.16702 10
      vertex -33.6176 -5.08493 16
      vertex -33.6176 -5.08493 10
    endloop
  endfacet
  facet normal -0.980783 -0.195101 0
    outer loop
      vertex -33.6176 -5.08493 16
      vertex -33.0045 -8.16702 10
      vertex -33.0045 -8.16702 16
    endloop
  endfacet
  facet normal 0.195626 -0.980679 0
    outer loop
      vertex -33.0045 -8.16702 10
      vertex -31.041 -7.77534 16
      vertex -33.0045 -8.16702 16
    endloop
  endfacet
  facet normal 0.195626 -0.980679 0
    outer loop
      vertex -31.041 -7.77534 16
      vertex -33.0045 -8.16702 10
      vertex -31.041 -7.77534 10
    endloop
  endfacet
  facet normal 0.146273 -0.989244 0
    outer loop
      vertex -31.041 -7.77534 10
      vertex -29.122 -7.49159 16
      vertex -31.041 -7.77534 16
    endloop
  endfacet
  facet normal 0.146273 -0.989244 0
    outer loop
      vertex -29.122 -7.49159 16
      vertex -31.041 -7.77534 10
      vertex -29.122 -7.49159 10
    endloop
  endfacet
  facet normal 0.249068 -0.968486 0
    outer loop
      vertex -29.122 -7.49159 10
      vertex -29.0746 -7.4794 16
      vertex -29.122 -7.49159 16
    endloop
  endfacet
  facet normal 0.249068 -0.968486 0
    outer loop
      vertex -29.0746 -7.4794 16
      vertex -29.122 -7.49159 10
      vertex -29.0746 -7.4794 10
    endloop
  endfacet
  facet normal -0.956942 -0.290278 0
    outer loop
      vertex -28.33 -9.93408 10
      vertex -29.0746 -7.4794 16
      vertex -29.0746 -7.4794 10
    endloop
  endfacet
  facet normal -0.956942 -0.290278 0
    outer loop
      vertex -29.0746 -7.4794 16
      vertex -28.33 -9.93408 10
      vertex -28.33 -9.93408 16
    endloop
  endfacet
  facet normal -0.331353 0.943507 0
    outer loop
      vertex -28.33 -9.93408 10
      vertex -28.3761 -9.95027 16
      vertex -28.33 -9.93408 16
    endloop
  endfacet
  facet normal -0.331353 0.943507 0
    outer loop
      vertex -28.3761 -9.95027 16
      vertex -28.33 -9.93408 10
      vertex -28.3761 -9.95027 10
    endloop
  endfacet
  facet normal -0.427968 0.903794 0
    outer loop
      vertex -28.3761 -9.95027 10
      vertex -30.1294 -10.7805 16
      vertex -28.3761 -9.95027 16
    endloop
  endfacet
  facet normal -0.427968 0.903794 0
    outer loop
      vertex -30.1294 -10.7805 16
      vertex -28.3761 -9.95027 10
      vertex -30.1294 -10.7805 10
    endloop
  endfacet
  facet normal -0.382181 0.924087 0
    outer loop
      vertex -30.1294 -10.7805 10
      vertex -31.9796 -11.5457 16
      vertex -30.1294 -10.7805 16
    endloop
  endfacet
  facet normal -0.382181 0.924087 0
    outer loop
      vertex -31.9796 -11.5457 16
      vertex -30.1294 -10.7805 10
      vertex -31.9796 -11.5457 10
    endloop
  endfacet
  facet normal -0.923878 -0.382687 0
    outer loop
      vertex -30.777 -14.449 10
      vertex -31.9796 -11.5457 16
      vertex -31.9796 -11.5457 10
    endloop
  endfacet
  facet normal -0.923878 -0.382687 0
    outer loop
      vertex -31.9796 -11.5457 16
      vertex -30.777 -14.449 10
      vertex -30.777 -14.449 16
    endloop
  endfacet
  facet normal 0.383218 -0.923658 0
    outer loop
      vertex -30.777 -14.449 10
      vertex -28.9276 -13.6817 16
      vertex -30.777 -14.449 16
    endloop
  endfacet
  facet normal 0.383218 -0.923658 0
    outer loop
      vertex -28.9276 -13.6817 16
      vertex -30.777 -14.449 10
      vertex -28.9276 -13.6817 10
    endloop
  endfacet
  facet normal 0.336431 -0.941708 0
    outer loop
      vertex -28.9276 -13.6817 10
      vertex -27.1009 -13.0291 16
      vertex -28.9276 -13.6817 16
    endloop
  endfacet
  facet normal 0.336431 -0.941708 0
    outer loop
      vertex -27.1009 -13.0291 16
      vertex -28.9276 -13.6817 10
      vertex -27.1009 -13.0291 10
    endloop
  endfacet
  facet normal 0.433263 -0.901268 0
    outer loop
      vertex -27.1009 -13.0291 10
      vertex -27.0568 -13.0079 16
      vertex -27.1009 -13.0291 16
    endloop
  endfacet
  facet normal 0.433263 -0.901268 0
    outer loop
      vertex -27.0568 -13.0079 16
      vertex -27.1009 -13.0291 10
      vertex -27.0568 -13.0079 10
    endloop
  endfacet
  facet normal -0.881917 -0.471406 0
    outer loop
      vertex -25.8476 -15.2701 10
      vertex -27.0568 -13.0079 16
      vertex -27.0568 -13.0079 10
    endloop
  endfacet
  facet normal -0.881917 -0.471406 0
    outer loop
      vertex -27.0568 -13.0079 16
      vertex -25.8476 -15.2701 10
      vertex -25.8476 -15.2701 16
    endloop
  endfacet
  facet normal -0.509074 0.860723 0
    outer loop
      vertex -25.8476 -15.2701 10
      vertex -25.8897 -15.295 16
      vertex -25.8476 -15.2701 16
    endloop
  endfacet
  facet normal -0.509074 0.860723 0
    outer loop
      vertex -25.8897 -15.295 16
      vertex -25.8476 -15.2701 10
      vertex -25.8897 -15.295 10
    endloop
  endfacet
  facet normal -0.596067 0.802935 0
    outer loop
      vertex -25.8897 -15.295 10
      vertex -27.4473 -16.4513 16
      vertex -25.8897 -15.295 16
    endloop
  endfacet
  facet normal -0.596067 0.802935 0
    outer loop
      vertex -27.4473 -16.4513 16
      vertex -25.8897 -15.295 10
      vertex -27.4473 -16.4513 10
    endloop
  endfacet
  facet normal -0.555127 0.831766 0
    outer loop
      vertex -27.4473 -16.4513 10
      vertex -29.1127 -17.5628 16
      vertex -27.4473 -16.4513 16
    endloop
  endfacet
  facet normal -0.555127 0.831766 0
    outer loop
      vertex -29.1127 -17.5628 16
      vertex -27.4473 -16.4513 10
      vertex -29.1127 -17.5628 10
    endloop
  endfacet
  facet normal -0.831457 -0.555588 0
    outer loop
      vertex -27.3668 -20.1756 10
      vertex -29.1127 -17.5628 16
      vertex -29.1127 -17.5628 10
    endloop
  endfacet
  facet normal -0.831457 -0.555588 0
    outer loop
      vertex -29.1127 -17.5628 16
      vertex -27.3668 -20.1756 10
      vertex -27.3668 -20.1756 16
    endloop
  endfacet
  facet normal 0.55599 -0.831189 0
    outer loop
      vertex -27.3668 -20.1756 10
      vertex -25.7026 -19.0624 16
      vertex -27.3668 -20.1756 16
    endloop
  endfacet
  facet normal 0.55599 -0.831189 0
    outer loop
      vertex -25.7026 -19.0624 16
      vertex -27.3668 -20.1756 10
      vertex -25.7026 -19.0624 10
    endloop
  endfacet
  facet normal 0.513745 -0.857943 0
    outer loop
      vertex -25.7026 -19.0624 10
      vertex -24.0383 -18.0658 16
      vertex -25.7026 -19.0624 16
    endloop
  endfacet
  facet normal 0.513745 -0.857943 0
    outer loop
      vertex -24.0383 -18.0658 16
      vertex -25.7026 -19.0624 10
      vertex -24.0383 -18.0658 10
    endloop
  endfacet
  facet normal 0.600981 -0.799264 0
    outer loop
      vertex -24.0383 -18.0658 10
      vertex -23.9992 -18.0364 16
      vertex -24.0383 -18.0658 16
    endloop
  endfacet
  facet normal 0.600981 -0.799264 0
    outer loop
      vertex -23.9992 -18.0364 16
      vertex -24.0383 -18.0658 10
      vertex -23.9992 -18.0364 10
    endloop
  endfacet
  facet normal -0.773015 -0.634388 0
    outer loop
      vertex -22.3719 -20.0193 10
      vertex -23.9992 -18.0364 16
      vertex -23.9992 -18.0364 10
    endloop
  endfacet
  facet normal -0.773015 -0.634388 0
    outer loop
      vertex -23.9992 -18.0364 16
      vertex -22.3719 -20.0193 10
      vertex -22.3719 -20.0193 16
    endloop
  endfacet
  facet normal -0.667154 0.74492 0
    outer loop
      vertex -22.3719 -20.0193 10
      vertex -22.4083 -20.0519 16
      vertex -22.3719 -20.0193 16
    endloop
  endfacet
  facet normal -0.667154 0.74492 0
    outer loop
      vertex -22.4083 -20.0519 16
      vertex -22.3719 -20.0193 10
      vertex -22.4083 -20.0519 10
    endloop
  endfacet
  facet normal -0.741266 0.671212 0
    outer loop
      vertex -23.7104 -21.4899 10
      vertex -22.4083 -20.0519 16
      vertex -22.4083 -20.0519 10
    endloop
  endfacet
  facet normal -0.741266 0.671212 0
    outer loop
      vertex -22.4083 -20.0519 16
      vertex -23.7104 -21.4899 10
      vertex -23.7104 -21.4899 16
    endloop
  endfacet
  facet normal -0.706707 0.707506 0
    outer loop
      vertex -23.7104 -21.4899 10
      vertex -25.127 -22.9049 16
      vertex -23.7104 -21.4899 16
    endloop
  endfacet
  facet normal -0.706707 0.707506 0
    outer loop
      vertex -25.127 -22.9049 16
      vertex -23.7104 -21.4899 10
      vertex -25.127 -22.9049 10
    endloop
  endfacet
  facet normal -0.707107 -0.707107 0
    outer loop
      vertex -22.9049 -25.127 10
      vertex -25.127 -22.9049 16
      vertex -25.127 -22.9049 10
    endloop
  endfacet
  facet normal -0.707107 -0.707107 0
    outer loop
      vertex -25.127 -22.9049 16
      vertex -22.9049 -25.127 10
      vertex -22.9049 -25.127 16
    endloop
  endfacet
  facet normal 0.707506 -0.706707 0
    outer loop
      vertex -22.9049 -25.127 16
      vertex -21.4899 -23.7104 10
      vertex -21.4899 -23.7104 16
    endloop
  endfacet
  facet normal 0.707506 -0.706707 0
    outer loop
      vertex -21.4899 -23.7104 10
      vertex -22.9049 -25.127 16
      vertex -22.9049 -25.127 10
    endloop
  endfacet
  facet normal 0.671212 -0.741266 0
    outer loop
      vertex -21.4899 -23.7104 10
      vertex -20.0519 -22.4083 16
      vertex -21.4899 -23.7104 16
    endloop
  endfacet
  facet normal 0.671212 -0.741266 0
    outer loop
      vertex -20.0519 -22.4083 16
      vertex -21.4899 -23.7104 10
      vertex -20.0519 -22.4083 10
    endloop
  endfacet
  facet normal 0.74492 -0.667154 0
    outer loop
      vertex -20.0519 -22.4083 16
      vertex -20.0193 -22.3719 10
      vertex -20.0193 -22.3719 16
    endloop
  endfacet
  facet normal 0.74492 -0.667154 0
    outer loop
      vertex -20.0193 -22.3719 10
      vertex -20.0519 -22.4083 16
      vertex -20.0519 -22.4083 10
    endloop
  endfacet
  facet normal -0.634389 -0.773014 0
    outer loop
      vertex -19.0875 -23.1366 10
      vertex -20.0193 -22.3719 16
      vertex -20.0193 -22.3719 10
    endloop
  endfacet
  facet normal -0.634388 -0.773015 3.56704e-07
    outer loop
      vertex -20.0193 -22.3719 16
      vertex -19.0875 -23.1366 10
      vertex -18.0364 -23.9992 16
    endloop
  endfacet
  facet normal -0.634386 -0.773016 -0
    outer loop
      vertex -18.0364 -23.9992 16
      vertex -19.0875 -23.1366 10
      vertex -18.0364 -23.9992 10
    endloop
  endfacet
  facet normal -0.799264 0.600981 0
    outer loop
      vertex -18.0658 -24.0383 10
      vertex -18.0364 -23.9992 16
      vertex -18.0364 -23.9992 10
    endloop
  endfacet
  facet normal -0.799264 0.600981 0
    outer loop
      vertex -18.0364 -23.9992 16
      vertex -18.0658 -24.0383 10
      vertex -18.0658 -24.0383 16
    endloop
  endfacet
  facet normal -0.857943 0.513745 0
    outer loop
      vertex -19.0624 -25.7026 10
      vertex -18.0658 -24.0383 16
      vertex -18.0658 -24.0383 10
    endloop
  endfacet
  facet normal -0.857943 0.513745 0
    outer loop
      vertex -18.0658 -24.0383 16
      vertex -19.0624 -25.7026 10
      vertex -19.0624 -25.7026 16
    endloop
  endfacet
  facet normal -0.831216 0.555949 0
    outer loop
      vertex -19.3807 -26.1785 10
      vertex -19.0624 -25.7026 16
      vertex -19.0624 -25.7026 10
    endloop
  endfacet
  facet normal -0.831178 0.556007 0
    outer loop
      vertex -20.1756 -27.3668 16
      vertex -19.3807 -26.1785 10
      vertex -20.1756 -27.3668 10
    endloop
  endfacet
  facet normal -0.831189 0.55599 -4.74646e-06
    outer loop
      vertex -19.3807 -26.1785 10
      vertex -20.1756 -27.3668 16
      vertex -19.0624 -25.7026 16
    endloop
  endfacet
  facet normal -0.555588 -0.831457 0
    outer loop
      vertex -20.1756 -27.3668 10
      vertex -17.5628 -29.1127 16
      vertex -20.1756 -27.3668 16
    endloop
  endfacet
  facet normal -0.555588 -0.831457 -0
    outer loop
      vertex -17.5628 -29.1127 16
      vertex -20.1756 -27.3668 10
      vertex -17.5628 -29.1127 10
    endloop
  endfacet
  facet normal 0.831783 -0.5551 0
    outer loop
      vertex -16.4513 -27.4473 16
      vertex -17.5399 -29.0785 10
      vertex -16.4513 -27.4473 10
    endloop
  endfacet
  facet normal 0.831766 -0.555127 1.03517e-05
    outer loop
      vertex -17.5628 -29.1127 16
      vertex -17.5399 -29.0785 10
      vertex -16.4513 -27.4473 16
    endloop
  endfacet
  facet normal 0.830927 -0.556381 0
    outer loop
      vertex -17.5399 -29.0785 10
      vertex -17.5628 -29.1127 16
      vertex -17.5628 -29.1127 10
    endloop
  endfacet
  facet normal 0.802935 -0.596067 0
    outer loop
      vertex -16.4513 -27.4473 16
      vertex -15.295 -25.8897 10
      vertex -15.295 -25.8897 16
    endloop
  endfacet
  facet normal 0.802935 -0.596067 0
    outer loop
      vertex -15.295 -25.8897 10
      vertex -16.4513 -27.4473 16
      vertex -16.4513 -27.4473 10
    endloop
  endfacet
  facet normal 0.860723 -0.509074 0
    outer loop
      vertex -15.295 -25.8897 16
      vertex -15.2701 -25.8476 10
      vertex -15.2701 -25.8476 16
    endloop
  endfacet
  facet normal 0.860723 -0.509074 0
    outer loop
      vertex -15.2701 -25.8476 10
      vertex -15.295 -25.8897 16
      vertex -15.295 -25.8897 10
    endloop
  endfacet
  facet normal -0.471406 -0.881917 0
    outer loop
      vertex -15.2701 -25.8476 10
      vertex -13.0079 -27.0568 16
      vertex -15.2701 -25.8476 16
    endloop
  endfacet
  facet normal -0.471406 -0.881917 -0
    outer loop
      vertex -13.0079 -27.0568 16
      vertex -15.2701 -25.8476 10
      vertex -13.0079 -27.0568 10
    endloop
  endfacet
  facet normal -0.901268 0.433263 0
    outer loop
      vertex -13.0291 -27.1009 10
      vertex -13.0079 -27.0568 16
      vertex -13.0079 -27.0568 10
    endloop
  endfacet
  facet normal -0.901268 0.433263 0
    outer loop
      vertex -13.0079 -27.0568 16
      vertex -13.0291 -27.1009 10
      vertex -13.0291 -27.1009 16
    endloop
  endfacet
  facet normal -0.941708 0.336431 0
    outer loop
      vertex -13.6817 -28.9276 10
      vertex -13.0291 -27.1009 16
      vertex -13.0291 -27.1009 10
    endloop
  endfacet
  facet normal -0.941708 0.336431 0
    outer loop
      vertex -13.0291 -27.1009 16
      vertex -13.6817 -28.9276 10
      vertex -13.6817 -28.9276 16
    endloop
  endfacet
  facet normal -0.92367 0.383189 0
    outer loop
      vertex -14.1682 -30.1003 10
      vertex -13.6817 -28.9276 16
      vertex -13.6817 -28.9276 10
    endloop
  endfacet
  facet normal -0.923637 0.383268 0
    outer loop
      vertex -14.449 -30.777 16
      vertex -14.1682 -30.1003 10
      vertex -14.449 -30.777 10
    endloop
  endfacet
  facet normal -0.923658 0.383218 -6.62669e-06
    outer loop
      vertex -14.1682 -30.1003 10
      vertex -14.449 -30.777 16
      vertex -13.6817 -28.9276 16
    endloop
  endfacet
  facet normal -0.382687 -0.923878 0
    outer loop
      vertex -14.449 -30.777 10
      vertex -11.5457 -31.9796 16
      vertex -14.449 -30.777 16
    endloop
  endfacet
  facet normal -0.382687 -0.923878 -0
    outer loop
      vertex -11.5457 -31.9796 16
      vertex -14.449 -30.777 10
      vertex -11.5457 -31.9796 10
    endloop
  endfacet
  facet normal 0.924087 -0.382181 0
    outer loop
      vertex -11.5457 -31.9796 16
      vertex -10.7805 -30.1294 10
      vertex -10.7805 -30.1294 16
    endloop
  endfacet
  facet normal 0.924087 -0.382181 0
    outer loop
      vertex -10.7805 -30.1294 10
      vertex -11.5457 -31.9796 16
      vertex -11.5457 -31.9796 10
    endloop
  endfacet
  facet normal 0.903794 -0.427968 0
    outer loop
      vertex -10.7805 -30.1294 16
      vertex -9.95027 -28.3761 10
      vertex -9.95027 -28.3761 16
    endloop
  endfacet
  facet normal 0.903794 -0.427968 0
    outer loop
      vertex -9.95027 -28.3761 10
      vertex -10.7805 -30.1294 16
      vertex -10.7805 -30.1294 10
    endloop
  endfacet
  facet normal 0.943507 -0.331353 0
    outer loop
      vertex -9.95027 -28.3761 16
      vertex -9.93408 -28.33 10
      vertex -9.93408 -28.33 16
    endloop
  endfacet
  facet normal 0.943507 -0.331353 0
    outer loop
      vertex -9.93408 -28.33 10
      vertex -9.95027 -28.3761 16
      vertex -9.95027 -28.3761 10
    endloop
  endfacet
  facet normal -0.290278 -0.956942 0
    outer loop
      vertex -9.93408 -28.33 10
      vertex -7.4794 -29.0746 16
      vertex -9.93408 -28.33 16
    endloop
  endfacet
  facet normal -0.290278 -0.956942 -0
    outer loop
      vertex -7.4794 -29.0746 16
      vertex -9.93408 -28.33 10
      vertex -7.4794 -29.0746 10
    endloop
  endfacet
  facet normal -0.968486 0.249068 0
    outer loop
      vertex -7.49159 -29.122 10
      vertex -7.4794 -29.0746 16
      vertex -7.4794 -29.0746 10
    endloop
  endfacet
  facet normal -0.968486 0.249068 0
    outer loop
      vertex -7.4794 -29.0746 16
      vertex -7.49159 -29.122 10
      vertex -7.49159 -29.122 16
    endloop
  endfacet
  facet normal -0.989244 0.146273 0
    outer loop
      vertex -7.77534 -31.041 10
      vertex -7.49159 -29.122 16
      vertex -7.49159 -29.122 10
    endloop
  endfacet
  facet normal -0.989244 0.146273 0
    outer loop
      vertex -7.49159 -29.122 16
      vertex -7.77534 -31.041 10
      vertex -7.77534 -31.041 16
    endloop
  endfacet
  facet normal -0.980679 0.195626 0
    outer loop
      vertex -8.16702 -33.0045 10
      vertex -7.77534 -31.041 16
      vertex -7.77534 -31.041 10
    endloop
  endfacet
  facet normal -0.980679 0.195626 0
    outer loop
      vertex -7.77534 -31.041 16
      vertex -8.16702 -33.0045 10
      vertex -8.16702 -33.0045 16
    endloop
  endfacet
  facet normal -0.195101 -0.980783 0
    outer loop
      vertex -8.16702 -33.0045 10
      vertex -5.08493 -33.6176 16
      vertex -8.16702 -33.0045 16
    endloop
  endfacet
  facet normal -0.195101 -0.980783 -0
    outer loop
      vertex -5.08493 -33.6176 16
      vertex -8.16702 -33.0045 10
      vertex -5.08493 -33.6176 10
    endloop
  endfacet
  facet normal 0.980891 -0.19456 0
    outer loop
      vertex -5.08493 -33.6176 16
      vertex -4.69537 -31.6536 10
      vertex -4.69537 -31.6536 16
    endloop
  endfacet
  facet normal 0.980891 -0.19456 0
    outer loop
      vertex -4.69537 -31.6536 10
      vertex -5.08493 -33.6176 16
      vertex -5.08493 -33.6176 10
    endloop
  endfacet
  facet normal 0.96992 -0.243426 0
    outer loop
      vertex -4.69537 -31.6536 16
      vertex -4.22316 -29.7721 10
      vertex -4.22316 -29.7721 16
    endloop
  endfacet
  facet normal 0.96992 -0.243426 0
    outer loop
      vertex -4.22316 -29.7721 10
      vertex -4.69537 -31.6536 16
      vertex -4.69537 -31.6536 10
    endloop
  endfacet
  facet normal 0.990076 -0.140534 0
    outer loop
      vertex -4.22316 -29.7721 16
      vertex -4.21629 -29.7237 10
      vertex -4.21629 -29.7237 16
    endloop
  endfacet
  facet normal 0.990076 -0.140534 0
    outer loop
      vertex -4.21629 -29.7237 10
      vertex -4.22316 -29.7721 16
      vertex -4.22316 -29.7721 10
    endloop
  endfacet
  facet normal -0.0980068 -0.995186 0
    outer loop
      vertex -4.21629 -29.7237 10
      vertex -1.66351 -29.9751 16
      vertex -4.21629 -29.7237 16
    endloop
  endfacet
  facet normal -0.0980068 -0.995186 -0
    outer loop
      vertex -1.66351 -29.9751 16
      vertex -4.21629 -29.7237 10
      vertex -1.66351 -29.9751 10
    endloop
  endfacet
  facet normal -0.998457 0.0555379 0
    outer loop
      vertex -1.66623 -30.024 10
      vertex -1.66351 -29.9751 16
      vertex -1.66351 -29.9751 10
    endloop
  endfacet
  facet normal -0.998457 0.0555379 0
    outer loop
      vertex -1.66351 -29.9751 16
      vertex -1.66623 -30.024 10
      vertex -1.66623 -30.024 16
    endloop
  endfacet
  facet normal -0.998773 -0.0495262 0
    outer loop
      vertex -1.57016 -31.9614 10
      vertex -1.66623 -30.024 16
      vertex -1.66623 -30.024 10
    endloop
  endfacet
  facet normal -0.998773 -0.0495262 0
    outer loop
      vertex -1.66623 -30.024 16
      vertex -1.57016 -31.9614 10
      vertex -1.57016 -31.9614 16
    endloop
  endfacet
  facet normal -1 0.00053938 0
    outer loop
      vertex -1.57124 -33.9637 10
      vertex -1.57016 -31.9614 16
      vertex -1.57016 -31.9614 10
    endloop
  endfacet
  facet normal -1 0.00053938 0
    outer loop
      vertex -1.57016 -31.9614 16
      vertex -1.57124 -33.9637 10
      vertex -1.57124 -33.9637 16
    endloop
  endfacet
  facet normal 0 -1 0
    outer loop
      vertex -1.57124 -33.9637 10
      vertex 1.57124 -33.9637 16
      vertex -1.57124 -33.9637 16
    endloop
  endfacet
  facet normal 0 -1 -0
    outer loop
      vertex 1.57124 -33.9637 16
      vertex -1.57124 -33.9637 10
      vertex 1.57124 -33.9637 10
    endloop
  endfacet
  facet normal 1 0.00053938 0
    outer loop
      vertex 1.57124 -33.9637 16
      vertex 1.57016 -31.9614 10
      vertex 1.57016 -31.9614 16
    endloop
  endfacet
  facet normal 1 0.00053938 0
    outer loop
      vertex 1.57016 -31.9614 10
      vertex 1.57124 -33.9637 16
      vertex 1.57124 -33.9637 10
    endloop
  endfacet
  facet normal -0.991448 -0.130505 0
    outer loop
      vertex 3.33725 0.291971 0
      vertex 3.29911 0.581721 16
      vertex 3.29911 0.581721 0
    endloop
  endfacet
  facet normal -0.991448 -0.130505 0
    outer loop
      vertex 3.29911 0.581721 16
      vertex 3.33725 0.291971 0
      vertex 3.33725 0.291971 16
    endloop
  endfacet
  facet normal -0.999048 -0.0436271 0
    outer loop
      vertex 3.35 0 0
      vertex 3.33725 0.291971 16
      vertex 3.33725 0.291971 0
    endloop
  endfacet
  facet normal -0.999048 -0.0436271 0
    outer loop
      vertex 3.33725 0.291971 16
      vertex 3.35 0 0
      vertex 3.35 0 16
    endloop
  endfacet
  facet normal -0.88702 0.461731 0
    outer loop
      vertex 2.90119 -1.675 0
      vertex 3.03613 -1.41577 16
      vertex 3.03613 -1.41577 0
    endloop
  endfacet
  facet normal -0.88702 0.461731 0
    outer loop
      vertex 3.03613 -1.41577 16
      vertex 2.90119 -1.675 0
      vertex 2.90119 -1.675 16
    endloop
  endfacet
  facet normal 0.608756 0.793357 -0
    outer loop
      vertex -1.92148 -2.74416 0
      vertex -2.15334 -2.56625 16
      vertex -1.92148 -2.74416 16
    endloop
  endfacet
  facet normal 0.608756 0.793357 0
    outer loop
      vertex -2.15334 -2.56625 16
      vertex -1.92148 -2.74416 0
      vertex -2.15334 -2.56625 0
    endloop
  endfacet
  facet normal 0.953719 0.300699 0
    outer loop
      vertex -3.14797 -1.14577 16
      vertex -3.23585 -0.867043 0
      vertex -3.23585 -0.867043 16
    endloop
  endfacet
  facet normal 0.953719 0.300699 0
    outer loop
      vertex -3.23585 -0.867043 0
      vertex -3.14797 -1.14577 16
      vertex -3.14797 -1.14577 0
    endloop
  endfacet
  facet normal 0.976292 -0.216458 0
    outer loop
      vertex -3.29911 0.581721 16
      vertex -3.23585 0.867043 0
      vertex -3.23585 0.867043 16
    endloop
  endfacet
  facet normal 0.976292 -0.216458 0
    outer loop
      vertex -3.23585 0.867043 0
      vertex -3.29911 0.581721 16
      vertex -3.29911 0.581721 0
    endloop
  endfacet
  facet normal -0.461731 0.88702 0
    outer loop
      vertex 1.675 -2.90119 0
      vertex 1.41577 -3.03613 16
      vertex 1.675 -2.90119 16
    endloop
  endfacet
  facet normal -0.461731 0.88702 0
    outer loop
      vertex 1.41577 -3.03613 16
      vertex 1.675 -2.90119 0
      vertex 1.41577 -3.03613 0
    endloop
  endfacet
  facet normal 0.537312 0.843384 -0
    outer loop
      vertex -1.675 -2.90119 0
      vertex -1.92148 -2.74416 16
      vertex -1.675 -2.90119 16
    endloop
  endfacet
  facet normal 0.537312 0.843384 0
    outer loop
      vertex -1.92148 -2.74416 16
      vertex -1.675 -2.90119 0
      vertex -1.92148 -2.74416 0
    endloop
  endfacet
  facet normal -0.608756 0.793357 0
    outer loop
      vertex 2.15334 -2.56625 0
      vertex 1.92148 -2.74416 16
      vertex 2.15334 -2.56625 16
    endloop
  endfacet
  facet normal -0.608756 0.793357 0
    outer loop
      vertex 1.92148 -2.74416 16
      vertex 2.15334 -2.56625 0
      vertex 1.92148 -2.74416 0
    endloop
  endfacet
  facet normal -0.216458 0.976292 0
    outer loop
      vertex 0.867043 -3.23585 0
      vertex 0.581721 -3.29911 16
      vertex 0.867043 -3.23585 16
    endloop
  endfacet
  facet normal -0.216458 0.976292 0
    outer loop
      vertex 0.581721 -3.29911 16
      vertex 0.867043 -3.23585 0
      vertex 0.581721 -3.29911 0
    endloop
  endfacet
  facet normal 0.953719 -0.300699 0
    outer loop
      vertex -3.23585 0.867043 16
      vertex -3.14797 1.14577 0
      vertex -3.14797 1.14577 16
    endloop
  endfacet
  facet normal 0.953719 -0.300699 0
    outer loop
      vertex -3.14797 1.14577 0
      vertex -3.23585 0.867043 16
      vertex -3.23585 0.867043 0
    endloop
  endfacet
  facet normal 0.216458 -0.976292 0
    outer loop
      vertex -0.867043 3.23585 0
      vertex -0.581721 3.29911 16
      vertex -0.867043 3.23585 16
    endloop
  endfacet
  facet normal 0.216458 -0.976292 0
    outer loop
      vertex -0.581721 3.29911 16
      vertex -0.867043 3.23585 0
      vertex -0.581721 3.29911 0
    endloop
  endfacet
  facet normal -0.793357 0.608756 0
    outer loop
      vertex 2.56625 -2.15334 0
      vertex 2.74416 -1.92148 16
      vertex 2.74416 -1.92148 0
    endloop
  endfacet
  facet normal -0.793357 0.608756 0
    outer loop
      vertex 2.74416 -1.92148 16
      vertex 2.56625 -2.15334 0
      vertex 2.56625 -2.15334 16
    endloop
  endfacet
  facet normal 0.130505 -0.991448 0
    outer loop
      vertex -0.581721 3.29911 0
      vertex -0.291971 3.33725 16
      vertex -0.581721 3.29911 16
    endloop
  endfacet
  facet normal 0.130505 -0.991448 0
    outer loop
      vertex -0.291971 3.33725 16
      vertex -0.581721 3.29911 0
      vertex -0.291971 3.33725 0
    endloop
  endfacet
  facet normal 0.793357 0.608756 0
    outer loop
      vertex -2.56625 -2.15334 16
      vertex -2.74416 -1.92148 0
      vertex -2.74416 -1.92148 16
    endloop
  endfacet
  facet normal 0.793357 0.608756 0
    outer loop
      vertex -2.74416 -1.92148 0
      vertex -2.56625 -2.15334 16
      vertex -2.56625 -2.15334 0
    endloop
  endfacet
  facet normal -0.461731 -0.88702 0
    outer loop
      vertex 1.41577 3.03613 0
      vertex 1.675 2.90119 16
      vertex 1.41577 3.03613 16
    endloop
  endfacet
  facet normal -0.461731 -0.88702 -0
    outer loop
      vertex 1.675 2.90119 16
      vertex 1.41577 3.03613 0
      vertex 1.675 2.90119 0
    endloop
  endfacet
  facet normal 0.0436271 0.999048 -0
    outer loop
      vertex 0 -3.35 0
      vertex -0.291971 -3.33725 16
      vertex 0 -3.35 16
    endloop
  endfacet
  facet normal 0.0436271 0.999048 0
    outer loop
      vertex -0.291971 -3.33725 16
      vertex 0 -3.35 0
      vertex -0.291971 -3.33725 0
    endloop
  endfacet
  facet normal 0.843384 -0.537312 0
    outer loop
      vertex -2.90119 1.675 16
      vertex -2.74416 1.92148 0
      vertex -2.74416 1.92148 16
    endloop
  endfacet
  facet normal 0.843384 -0.537312 0
    outer loop
      vertex -2.74416 1.92148 0
      vertex -2.90119 1.675 16
      vertex -2.90119 1.675 0
    endloop
  endfacet
  facet normal 0.991448 -0.130505 0
    outer loop
      vertex -3.33725 0.291971 16
      vertex -3.29911 0.581721 0
      vertex -3.29911 0.581721 16
    endloop
  endfacet
  facet normal 0.991448 -0.130505 0
    outer loop
      vertex -3.29911 0.581721 0
      vertex -3.33725 0.291971 16
      vertex -3.33725 0.291971 0
    endloop
  endfacet
  facet normal -0.675587 -0.737281 0
    outer loop
      vertex 2.15334 2.56625 0
      vertex 2.36881 2.36881 16
      vertex 2.15334 2.56625 16
    endloop
  endfacet
  facet normal -0.675587 -0.737281 -0
    outer loop
      vertex 2.36881 2.36881 16
      vertex 2.15334 2.56625 0
      vertex 2.36881 2.36881 0
    endloop
  endfacet
  facet normal -0.737281 -0.675587 0
    outer loop
      vertex 2.56625 2.15334 0
      vertex 2.36881 2.36881 16
      vertex 2.36881 2.36881 0
    endloop
  endfacet
  facet normal -0.737281 -0.675587 0
    outer loop
      vertex 2.36881 2.36881 16
      vertex 2.56625 2.15334 0
      vertex 2.56625 2.15334 16
    endloop
  endfacet
  facet normal -0.38269 -0.923877 0
    outer loop
      vertex 1.14577 3.14797 0
      vertex 1.41577 3.03613 16
      vertex 1.14577 3.14797 16
    endloop
  endfacet
  facet normal -0.38269 -0.923877 -0
    outer loop
      vertex 1.41577 3.03613 16
      vertex 1.14577 3.14797 0
      vertex 1.41577 3.03613 0
    endloop
  endfacet
  facet normal 0.976292 0.216458 0
    outer loop
      vertex -3.23585 -0.867043 16
      vertex -3.29911 -0.581721 0
      vertex -3.29911 -0.581721 16
    endloop
  endfacet
  facet normal 0.976292 0.216458 0
    outer loop
      vertex -3.29911 -0.581721 0
      vertex -3.23585 -0.867043 16
      vertex -3.23585 -0.867043 0
    endloop
  endfacet
  facet normal -0.537312 -0.843384 0
    outer loop
      vertex 1.675 2.90119 0
      vertex 1.92148 2.74416 16
      vertex 1.675 2.90119 16
    endloop
  endfacet
  facet normal -0.537312 -0.843384 -0
    outer loop
      vertex 1.92148 2.74416 16
      vertex 1.675 2.90119 0
      vertex 1.92148 2.74416 0
    endloop
  endfacet
  facet normal 0.608756 -0.793357 0
    outer loop
      vertex -2.15334 2.56625 0
      vertex -1.92148 2.74416 16
      vertex -2.15334 2.56625 16
    endloop
  endfacet
  facet normal 0.608756 -0.793357 0
    outer loop
      vertex -1.92148 2.74416 16
      vertex -2.15334 2.56625 0
      vertex -1.92148 2.74416 0
    endloop
  endfacet
  facet normal -0.300699 0.953719 0
    outer loop
      vertex 1.14577 -3.14797 0
      vertex 0.867043 -3.23585 16
      vertex 1.14577 -3.14797 16
    endloop
  endfacet
  facet normal -0.300699 0.953719 0
    outer loop
      vertex 0.867043 -3.23585 16
      vertex 1.14577 -3.14797 0
      vertex 0.867043 -3.23585 0
    endloop
  endfacet
  facet normal 0.461731 -0.88702 0
    outer loop
      vertex -1.675 2.90119 0
      vertex -1.41577 3.03613 16
      vertex -1.675 2.90119 16
    endloop
  endfacet
  facet normal 0.461731 -0.88702 0
    outer loop
      vertex -1.41577 3.03613 16
      vertex -1.675 2.90119 0
      vertex -1.41577 3.03613 0
    endloop
  endfacet
  facet normal -0.793357 -0.608756 0
    outer loop
      vertex 2.74416 1.92148 0
      vertex 2.56625 2.15334 16
      vertex 2.56625 2.15334 0
    endloop
  endfacet
  facet normal -0.793357 -0.608756 0
    outer loop
      vertex 2.56625 2.15334 16
      vertex 2.74416 1.92148 0
      vertex 2.74416 1.92148 16
    endloop
  endfacet
  facet normal -0.976292 -0.216458 0
    outer loop
      vertex 3.29911 0.581721 0
      vertex 3.23585 0.867043 16
      vertex 3.23585 0.867043 0
    endloop
  endfacet
  facet normal -0.976292 -0.216458 0
    outer loop
      vertex 3.23585 0.867043 16
      vertex 3.29911 0.581721 0
      vertex 3.29911 0.581721 16
    endloop
  endfacet
  facet normal -0.923877 -0.38269 0
    outer loop
      vertex 3.14797 1.14577 0
      vertex 3.03613 1.41577 16
      vertex 3.03613 1.41577 0
    endloop
  endfacet
  facet normal -0.923877 -0.38269 0
    outer loop
      vertex 3.03613 1.41577 16
      vertex 3.14797 1.14577 0
      vertex 3.14797 1.14577 16
    endloop
  endfacet
  facet normal 0.216458 0.976292 -0
    outer loop
      vertex -0.581721 -3.29911 0
      vertex -0.867043 -3.23585 16
      vertex -0.581721 -3.29911 16
    endloop
  endfacet
  facet normal 0.216458 0.976292 0
    outer loop
      vertex -0.867043 -3.23585 16
      vertex -0.581721 -3.29911 0
      vertex -0.867043 -3.23585 0
    endloop
  endfacet
  facet normal -0.953719 0.300699 0
    outer loop
      vertex 3.14797 -1.14577 0
      vertex 3.23585 -0.867043 16
      vertex 3.23585 -0.867043 0
    endloop
  endfacet
  facet normal -0.953719 0.300699 0
    outer loop
      vertex 3.23585 -0.867043 16
      vertex 3.14797 -1.14577 0
      vertex 3.14797 -1.14577 16
    endloop
  endfacet
  facet normal -0.976292 0.216458 0
    outer loop
      vertex 3.23585 -0.867043 0
      vertex 3.29911 -0.581721 16
      vertex 3.29911 -0.581721 0
    endloop
  endfacet
  facet normal -0.976292 0.216458 0
    outer loop
      vertex 3.29911 -0.581721 16
      vertex 3.23585 -0.867043 0
      vertex 3.23585 -0.867043 16
    endloop
  endfacet
  facet normal -0.991448 0.130505 0
    outer loop
      vertex 3.29911 -0.581721 0
      vertex 3.33725 -0.291971 16
      vertex 3.33725 -0.291971 0
    endloop
  endfacet
  facet normal -0.991448 0.130505 0
    outer loop
      vertex 3.33725 -0.291971 16
      vertex 3.29911 -0.581721 0
      vertex 3.29911 -0.581721 16
    endloop
  endfacet
  facet normal -0.608756 -0.793357 0
    outer loop
      vertex 1.92148 2.74416 0
      vertex 2.15334 2.56625 16
      vertex 1.92148 2.74416 16
    endloop
  endfacet
  facet normal -0.608756 -0.793357 -0
    outer loop
      vertex 2.15334 2.56625 16
      vertex 1.92148 2.74416 0
      vertex 2.15334 2.56625 0
    endloop
  endfacet
  facet normal 0.38269 0.923877 -0
    outer loop
      vertex -1.14577 -3.14797 0
      vertex -1.41577 -3.03613 16
      vertex -1.14577 -3.14797 16
    endloop
  endfacet
  facet normal 0.38269 0.923877 0
    outer loop
      vertex -1.41577 -3.03613 16
      vertex -1.14577 -3.14797 0
      vertex -1.41577 -3.03613 0
    endloop
  endfacet
  facet normal -0.843384 0.537312 0
    outer loop
      vertex 2.74416 -1.92148 0
      vertex 2.90119 -1.675 16
      vertex 2.90119 -1.675 0
    endloop
  endfacet
  facet normal -0.843384 0.537312 0
    outer loop
      vertex 2.90119 -1.675 16
      vertex 2.74416 -1.92148 0
      vertex 2.74416 -1.92148 16
    endloop
  endfacet
  facet normal -0.923877 0.38269 0
    outer loop
      vertex 3.03613 -1.41577 0
      vertex 3.14797 -1.14577 16
      vertex 3.14797 -1.14577 0
    endloop
  endfacet
  facet normal -0.923877 0.38269 0
    outer loop
      vertex 3.14797 -1.14577 16
      vertex 3.03613 -1.41577 0
      vertex 3.03613 -1.41577 16
    endloop
  endfacet
  facet normal 0.88702 0.461731 0
    outer loop
      vertex -2.90119 -1.675 16
      vertex -3.03613 -1.41577 0
      vertex -3.03613 -1.41577 16
    endloop
  endfacet
  facet normal 0.88702 0.461731 0
    outer loop
      vertex -3.03613 -1.41577 0
      vertex -2.90119 -1.675 16
      vertex -2.90119 -1.675 0
    endloop
  endfacet
  facet normal -0.88702 -0.461731 0
    outer loop
      vertex 3.03613 1.41577 0
      vertex 2.90119 1.675 16
      vertex 2.90119 1.675 0
    endloop
  endfacet
  facet normal -0.88702 -0.461731 0
    outer loop
      vertex 2.90119 1.675 16
      vertex 3.03613 1.41577 0
      vertex 3.03613 1.41577 16
    endloop
  endfacet
  facet normal 0.38269 -0.923877 0
    outer loop
      vertex -1.41577 3.03613 0
      vertex -1.14577 3.14797 16
      vertex -1.41577 3.03613 16
    endloop
  endfacet
  facet normal 0.38269 -0.923877 0
    outer loop
      vertex -1.14577 3.14797 16
      vertex -1.41577 3.03613 0
      vertex -1.14577 3.14797 0
    endloop
  endfacet
  facet normal -0.130505 -0.991448 0
    outer loop
      vertex 0.291971 3.33725 0
      vertex 0.581721 3.29911 16
      vertex 0.291971 3.33725 16
    endloop
  endfacet
  facet normal -0.130505 -0.991448 -0
    outer loop
      vertex 0.581721 3.29911 16
      vertex 0.291971 3.33725 0
      vertex 0.581721 3.29911 0
    endloop
  endfacet
  facet normal -0.38269 0.923877 0
    outer loop
      vertex 1.41577 -3.03613 0
      vertex 1.14577 -3.14797 16
      vertex 1.41577 -3.03613 16
    endloop
  endfacet
  facet normal -0.38269 0.923877 0
    outer loop
      vertex 1.14577 -3.14797 16
      vertex 1.41577 -3.03613 0
      vertex 1.14577 -3.14797 0
    endloop
  endfacet
  facet normal -0.843384 -0.537312 0
    outer loop
      vertex 2.90119 1.675 0
      vertex 2.74416 1.92148 16
      vertex 2.74416 1.92148 0
    endloop
  endfacet
  facet normal -0.843384 -0.537312 0
    outer loop
      vertex 2.74416 1.92148 16
      vertex 2.90119 1.675 0
      vertex 2.90119 1.675 16
    endloop
  endfacet
  facet normal 0.923877 0.38269 0
    outer loop
      vertex -3.03613 -1.41577 16
      vertex -3.14797 -1.14577 0
      vertex -3.14797 -1.14577 16
    endloop
  endfacet
  facet normal 0.923877 0.38269 0
    outer loop
      vertex -3.14797 -1.14577 0
      vertex -3.03613 -1.41577 16
      vertex -3.03613 -1.41577 0
    endloop
  endfacet
  facet normal -0.0436271 0.999048 0
    outer loop
      vertex 0.291971 -3.33725 0
      vertex 0 -3.35 16
      vertex 0.291971 -3.33725 16
    endloop
  endfacet
  facet normal -0.0436271 0.999048 0
    outer loop
      vertex 0 -3.35 16
      vertex 0.291971 -3.33725 0
      vertex 0 -3.35 0
    endloop
  endfacet
  facet normal -0.999048 0.0436271 0
    outer loop
      vertex 3.33725 -0.291971 0
      vertex 3.35 0 16
      vertex 3.35 0 0
    endloop
  endfacet
  facet normal -0.999048 0.0436271 0
    outer loop
      vertex 3.35 0 16
      vertex 3.33725 -0.291971 0
      vertex 3.33725 -0.291971 16
    endloop
  endfacet
  facet normal 0.923877 -0.38269 0
    outer loop
      vertex -3.14797 1.14577 16
      vertex -3.03613 1.41577 0
      vertex -3.03613 1.41577 16
    endloop
  endfacet
  facet normal 0.923877 -0.38269 0
    outer loop
      vertex -3.03613 1.41577 0
      vertex -3.14797 1.14577 16
      vertex -3.14797 1.14577 0
    endloop
  endfacet
  facet normal 0.675587 -0.737281 0
    outer loop
      vertex -2.36881 2.36881 0
      vertex -2.15334 2.56625 16
      vertex -2.36881 2.36881 16
    endloop
  endfacet
  facet normal 0.675587 -0.737281 0
    outer loop
      vertex -2.15334 2.56625 16
      vertex -2.36881 2.36881 0
      vertex -2.15334 2.56625 0
    endloop
  endfacet
  facet normal 0.537312 -0.843384 0
    outer loop
      vertex -1.92148 2.74416 0
      vertex -1.675 2.90119 16
      vertex -1.92148 2.74416 16
    endloop
  endfacet
  facet normal 0.537312 -0.843384 0
    outer loop
      vertex -1.675 2.90119 16
      vertex -1.92148 2.74416 0
      vertex -1.675 2.90119 0
    endloop
  endfacet
  facet normal 0.300699 -0.953719 0
    outer loop
      vertex -1.14577 3.14797 0
      vertex -0.867043 3.23585 16
      vertex -1.14577 3.14797 16
    endloop
  endfacet
  facet normal 0.300699 -0.953719 0
    outer loop
      vertex -0.867043 3.23585 16
      vertex -1.14577 3.14797 0
      vertex -0.867043 3.23585 0
    endloop
  endfacet
  facet normal 0.999048 0.0436271 0
    outer loop
      vertex -3.33725 -0.291971 16
      vertex -3.35 0 0
      vertex -3.35 0 16
    endloop
  endfacet
  facet normal 0.999048 0.0436271 0
    outer loop
      vertex -3.35 0 0
      vertex -3.33725 -0.291971 16
      vertex -3.33725 -0.291971 0
    endloop
  endfacet
  facet normal 0.0436271 -0.999048 0
    outer loop
      vertex -0.291971 3.33725 0
      vertex 0 3.35 16
      vertex -0.291971 3.33725 16
    endloop
  endfacet
  facet normal 0.0436271 -0.999048 0
    outer loop
      vertex 0 3.35 16
      vertex -0.291971 3.33725 0
      vertex 0 3.35 0
    endloop
  endfacet
  facet normal -0.0436271 -0.999048 0
    outer loop
      vertex 0 3.35 0
      vertex 0.291971 3.33725 16
      vertex 0 3.35 16
    endloop
  endfacet
  facet normal -0.0436271 -0.999048 -0
    outer loop
      vertex 0.291971 3.33725 16
      vertex 0 3.35 0
      vertex 0.291971 3.33725 0
    endloop
  endfacet
  facet normal 0.737281 0.675587 0
    outer loop
      vertex -2.36881 -2.36881 16
      vertex -2.56625 -2.15334 0
      vertex -2.56625 -2.15334 16
    endloop
  endfacet
  facet normal 0.737281 0.675587 0
    outer loop
      vertex -2.56625 -2.15334 0
      vertex -2.36881 -2.36881 16
      vertex -2.36881 -2.36881 0
    endloop
  endfacet
  facet normal -0.130505 0.991448 0
    outer loop
      vertex 0.581721 -3.29911 0
      vertex 0.291971 -3.33725 16
      vertex 0.581721 -3.29911 16
    endloop
  endfacet
  facet normal -0.130505 0.991448 0
    outer loop
      vertex 0.291971 -3.33725 16
      vertex 0.581721 -3.29911 0
      vertex 0.291971 -3.33725 0
    endloop
  endfacet
  facet normal 0.991448 0.130505 0
    outer loop
      vertex -3.29911 -0.581721 16
      vertex -3.33725 -0.291971 0
      vertex -3.33725 -0.291971 16
    endloop
  endfacet
  facet normal 0.991448 0.130505 0
    outer loop
      vertex -3.33725 -0.291971 0
      vertex -3.29911 -0.581721 16
      vertex -3.29911 -0.581721 0
    endloop
  endfacet
  facet normal 0.675587 0.737281 -0
    outer loop
      vertex -2.15334 -2.56625 0
      vertex -2.36881 -2.36881 16
      vertex -2.15334 -2.56625 16
    endloop
  endfacet
  facet normal 0.675587 0.737281 0
    outer loop
      vertex -2.36881 -2.36881 16
      vertex -2.15334 -2.56625 0
      vertex -2.36881 -2.36881 0
    endloop
  endfacet
  facet normal 0.737281 -0.675587 0
    outer loop
      vertex -2.56625 2.15334 16
      vertex -2.36881 2.36881 0
      vertex -2.36881 2.36881 16
    endloop
  endfacet
  facet normal 0.737281 -0.675587 0
    outer loop
      vertex -2.36881 2.36881 0
      vertex -2.56625 2.15334 16
      vertex -2.56625 2.15334 0
    endloop
  endfacet
  facet normal -0.953719 -0.300699 0
    outer loop
      vertex 3.23585 0.867043 0
      vertex 3.14797 1.14577 16
      vertex 3.14797 1.14577 0
    endloop
  endfacet
  facet normal -0.953719 -0.300699 0
    outer loop
      vertex 3.14797 1.14577 16
      vertex 3.23585 0.867043 0
      vertex 3.23585 0.867043 16
    endloop
  endfacet
  facet normal 0.843384 0.537312 0
    outer loop
      vertex -2.74416 -1.92148 16
      vertex -2.90119 -1.675 0
      vertex -2.90119 -1.675 16
    endloop
  endfacet
  facet normal 0.843384 0.537312 0
    outer loop
      vertex -2.90119 -1.675 0
      vertex -2.74416 -1.92148 16
      vertex -2.74416 -1.92148 0
    endloop
  endfacet
  facet normal 0.999048 -0.0436271 0
    outer loop
      vertex -3.35 0 16
      vertex -3.33725 0.291971 0
      vertex -3.33725 0.291971 16
    endloop
  endfacet
  facet normal 0.999048 -0.0436271 0
    outer loop
      vertex -3.33725 0.291971 0
      vertex -3.35 0 16
      vertex -3.35 0 0
    endloop
  endfacet
  facet normal 0.300699 0.953719 -0
    outer loop
      vertex -0.867043 -3.23585 0
      vertex -1.14577 -3.14797 16
      vertex -0.867043 -3.23585 16
    endloop
  endfacet
  facet normal 0.300699 0.953719 0
    outer loop
      vertex -1.14577 -3.14797 16
      vertex -0.867043 -3.23585 0
      vertex -1.14577 -3.14797 0
    endloop
  endfacet
  facet normal -0.537312 0.843384 0
    outer loop
      vertex 1.92148 -2.74416 0
      vertex 1.675 -2.90119 16
      vertex 1.92148 -2.74416 16
    endloop
  endfacet
  facet normal -0.537312 0.843384 0
    outer loop
      vertex 1.675 -2.90119 16
      vertex 1.92148 -2.74416 0
      vertex 1.675 -2.90119 0
    endloop
  endfacet
  facet normal -0.737281 0.675587 0
    outer loop
      vertex 2.36881 -2.36881 0
      vertex 2.56625 -2.15334 16
      vertex 2.56625 -2.15334 0
    endloop
  endfacet
  facet normal -0.737281 0.675587 0
    outer loop
      vertex 2.56625 -2.15334 16
      vertex 2.36881 -2.36881 0
      vertex 2.36881 -2.36881 16
    endloop
  endfacet
  facet normal 0.130505 0.991448 -0
    outer loop
      vertex -0.291971 -3.33725 0
      vertex -0.581721 -3.29911 16
      vertex -0.291971 -3.33725 16
    endloop
  endfacet
  facet normal 0.130505 0.991448 0
    outer loop
      vertex -0.581721 -3.29911 16
      vertex -0.291971 -3.33725 0
      vertex -0.581721 -3.29911 0
    endloop
  endfacet
  facet normal -0.675587 0.737281 0
    outer loop
      vertex 2.36881 -2.36881 0
      vertex 2.15334 -2.56625 16
      vertex 2.36881 -2.36881 16
    endloop
  endfacet
  facet normal -0.675587 0.737281 0
    outer loop
      vertex 2.15334 -2.56625 16
      vertex 2.36881 -2.36881 0
      vertex 2.15334 -2.56625 0
    endloop
  endfacet
  facet normal -0.216458 -0.976292 0
    outer loop
      vertex 0.581721 3.29911 0
      vertex 0.867043 3.23585 16
      vertex 0.581721 3.29911 16
    endloop
  endfacet
  facet normal -0.216458 -0.976292 -0
    outer loop
      vertex 0.867043 3.23585 16
      vertex 0.581721 3.29911 0
      vertex 0.867043 3.23585 0
    endloop
  endfacet
  facet normal -0.300699 -0.953719 0
    outer loop
      vertex 0.867043 3.23585 0
      vertex 1.14577 3.14797 16
      vertex 0.867043 3.23585 16
    endloop
  endfacet
  facet normal -0.300699 -0.953719 -0
    outer loop
      vertex 1.14577 3.14797 16
      vertex 0.867043 3.23585 0
      vertex 1.14577 3.14797 0
    endloop
  endfacet
  facet normal 0.461731 0.88702 -0
    outer loop
      vertex -1.41577 -3.03613 0
      vertex -1.675 -2.90119 16
      vertex -1.41577 -3.03613 16
    endloop
  endfacet
  facet normal 0.461731 0.88702 0
    outer loop
      vertex -1.675 -2.90119 16
      vertex -1.41577 -3.03613 0
      vertex -1.675 -2.90119 0
    endloop
  endfacet
  facet normal 0.88702 -0.461731 0
    outer loop
      vertex -3.03613 1.41577 16
      vertex -2.90119 1.675 0
      vertex -2.90119 1.675 16
    endloop
  endfacet
  facet normal 0.88702 -0.461731 0
    outer loop
      vertex -2.90119 1.675 0
      vertex -3.03613 1.41577 16
      vertex -3.03613 1.41577 0
    endloop
  endfacet
  facet normal 0.793357 -0.608756 0
    outer loop
      vertex -2.74416 1.92148 16
      vertex -2.56625 2.15334 0
      vertex -2.56625 2.15334 16
    endloop
  endfacet
  facet normal 0.793357 -0.608756 0
    outer loop
      vertex -2.56625 2.15334 0
      vertex -2.74416 1.92148 16
      vertex -2.74416 1.92148 0
    endloop
  endfacet
  facet normal -0.923818 0.382832 0
    outer loop
      vertex 33.5315 -2.11309 0
      vertex 33.6985 -1.7101 10
      vertex 33.6985 -1.7101 0
    endloop
  endfacet
  facet normal -0.923818 0.382832 0
    outer loop
      vertex 33.6985 -1.7101 10
      vertex 33.5315 -2.11309 0
      vertex 33.5315 -2.11309 10
    endloop
  endfacet
  facet normal -0.991415 -0.130751 0
    outer loop
      vertex 33.924 0.86824 0
      vertex 33.9637 0.567217 10
      vertex 33.924 0.86824 10
    endloop
  endfacet
  facet normal -0.991425 -0.130674 2.38209e-06
    outer loop
      vertex 33.981 0.435779 0
      vertex 33.9637 0.567217 10
      vertex 33.924 0.86824 0
    endloop
  endfacet
  facet normal -0.991449 -0.130495 0
    outer loop
      vertex 33.9637 0.567217 10
      vertex 33.981 0.435779 0
      vertex 33.981 0.435779 10
    endloop
  endfacet
  facet normal -0.999051 -0.0435587 0
    outer loop
      vertex 34 0 0
      vertex 33.981 0.435779 10
      vertex 33.981 0.435779 0
    endloop
  endfacet
  facet normal -0.999051 -0.0435587 0
    outer loop
      vertex 33.981 0.435779 10
      vertex 34 0 0
      vertex 34 0 10
    endloop
  endfacet
  facet normal -0.976301 -0.216416 0
    outer loop
      vertex 33.924 0.86824 0
      vertex 33.8296 1.2941 10
      vertex 33.8296 1.2941 0
    endloop
  endfacet
  facet normal -0.976301 -0.216416 0
    outer loop
      vertex 33.8296 1.2941 10
      vertex 33.924 0.86824 0
      vertex 33.924 0.86824 10
    endloop
  endfacet
  facet normal -0.300718 -0.953713 0
    outer loop
      vertex 30.2941 4.82963 0
      vertex 30.7101 4.69846 10
      vertex 30.2941 4.82963 10
    endloop
  endfacet
  facet normal -0.300718 -0.953713 -0
    outer loop
      vertex 30.7101 4.69846 10
      vertex 30.2941 4.82963 0
      vertex 30.7101 4.69846 0
    endloop
  endfacet
  facet normal 0.737258 0.675611 0
    outer loop
      vertex 25.4645 -3.53553 10
      vertex 25.1698 -3.21394 0
      vertex 25.1698 -3.21394 10
    endloop
  endfacet
  facet normal 0.737258 0.675611 0
    outer loop
      vertex 25.1698 -3.21394 0
      vertex 25.4645 -3.53553 10
      vertex 25.4645 -3.53553 0
    endloop
  endfacet
  facet normal 0.300718 -0.953713 0
    outer loop
      vertex 27.2899 4.69846 0
      vertex 27.7059 4.82963 10
      vertex 27.2899 4.69846 10
    endloop
  endfacet
  facet normal 0.300718 -0.953713 0
    outer loop
      vertex 27.7059 4.82963 10
      vertex 27.2899 4.69846 0
      vertex 27.7059 4.82963 0
    endloop
  endfacet
  facet normal 0.382668 0.923886 -0
    outer loop
      vertex 27.2899 -4.69846 0
      vertex 26.8869 -4.53154 10
      vertex 27.2899 -4.69846 10
    endloop
  endfacet
  facet normal 0.382668 0.923886 0
    outer loop
      vertex 26.8869 -4.53154 10
      vertex 27.2899 -4.69846 0
      vertex 26.8869 -4.53154 0
    endloop
  endfacet
  facet normal -0.999051 0.0435587 0
    outer loop
      vertex 33.981 -0.435779 0
      vertex 34 0 10
      vertex 34 0 0
    endloop
  endfacet
  facet normal -0.999051 0.0435587 0
    outer loop
      vertex 34 0 10
      vertex 33.981 -0.435779 0
      vertex 33.981 -0.435779 10
    endloop
  endfacet
  facet normal 0.382668 -0.923886 0
    outer loop
      vertex 26.8869 4.53154 0
      vertex 27.2899 4.69846 10
      vertex 26.8869 4.53154 10
    endloop
  endfacet
  facet normal 0.382668 -0.923886 0
    outer loop
      vertex 27.2899 4.69846 10
      vertex 26.8869 4.53154 0
      vertex 27.2899 4.69846 0
    endloop
  endfacet
  facet normal -0.793288 0.608846 0
    outer loop
      vertex 32.8302 -3.21394 0
      vertex 33.0958 -2.86788 10
      vertex 33.0958 -2.86788 0
    endloop
  endfacet
  facet normal -0.793288 0.608846 0
    outer loop
      vertex 33.0958 -2.86788 10
      vertex 32.8302 -3.21394 0
      vertex 32.8302 -3.21394 10
    endloop
  endfacet
  facet normal -0.537286 0.8434 0
    outer loop
      vertex 31.8679 -4.09576 0
      vertex 31.5 -4.33013 10
      vertex 31.8679 -4.09576 10
    endloop
  endfacet
  facet normal -0.537286 0.8434 0
    outer loop
      vertex 31.5 -4.33013 10
      vertex 31.8679 -4.09576 0
      vertex 31.5 -4.33013 0
    endloop
  endfacet
  facet normal -0.923818 -0.382832 0
    outer loop
      vertex 33.6985 1.7101 0
      vertex 33.5315 2.11309 10
      vertex 33.5315 2.11309 0
    endloop
  endfacet
  facet normal -0.923818 -0.382832 0
    outer loop
      vertex 33.5315 2.11309 10
      vertex 33.6985 1.7101 0
      vertex 33.6985 1.7101 10
    endloop
  endfacet
  facet normal -0.608826 -0.793304 0
    outer loop
      vertex 31.8679 4.09576 0
      vertex 32.2139 3.83022 10
      vertex 31.8679 4.09576 10
    endloop
  endfacet
  facet normal -0.608826 -0.793304 -0
    outer loop
      vertex 32.2139 3.83022 10
      vertex 31.8679 4.09576 0
      vertex 32.2139 3.83022 0
    endloop
  endfacet
  facet normal 0.216418 -0.976301 0
    outer loop
      vertex 27.7059 4.82963 0
      vertex 28.1318 4.92404 10
      vertex 27.7059 4.82963 10
    endloop
  endfacet
  facet normal 0.216418 -0.976301 0
    outer loop
      vertex 28.1318 4.92404 10
      vertex 27.7059 4.82963 0
      vertex 28.1318 4.92404 0
    endloop
  endfacet
  facet normal -0.675588 -0.73728 0
    outer loop
      vertex 32.2139 3.83022 0
      vertex 32.5355 3.53553 10
      vertex 32.2139 3.83022 10
    endloop
  endfacet
  facet normal -0.675588 -0.73728 -0
    outer loop
      vertex 32.5355 3.53553 10
      vertex 32.2139 3.83022 0
      vertex 32.5355 3.53553 0
    endloop
  endfacet
  facet normal -0.976301 0.216416 0
    outer loop
      vertex 33.8296 -1.2941 0
      vertex 33.924 -0.86824 10
      vertex 33.924 -0.86824 0
    endloop
  endfacet
  facet normal -0.976301 0.216416 0
    outer loop
      vertex 33.924 -0.86824 10
      vertex 33.8296 -1.2941 0
      vertex 33.8296 -1.2941 10
    endloop
  endfacet
  facet normal -0.461753 -0.887008 0
    outer loop
      vertex 31.1131 4.53154 0
      vertex 31.5 4.33013 10
      vertex 31.1131 4.53154 10
    endloop
  endfacet
  facet normal -0.461753 -0.887008 -0
    outer loop
      vertex 31.5 4.33013 10
      vertex 31.1131 4.53154 0
      vertex 31.5 4.33013 0
    endloop
  endfacet
  facet normal -0.382262 0.924054 0
    outer loop
      vertex 31.1131 -4.53154 0
      vertex 31.0707 -4.54908 10
      vertex 31.1131 -4.53154 10
    endloop
  endfacet
  facet normal -0.382715 0.923866 -2.25151e-06
    outer loop
      vertex 31.0707 -4.54908 10
      vertex 31.1131 -4.53154 0
      vertex 30.7101 -4.69846 10
    endloop
  endfacet
  facet normal -0.382668 0.923886 0
    outer loop
      vertex 30.7101 -4.69846 10
      vertex 31.1131 -4.53154 0
      vertex 30.7101 -4.69846 0
    endloop
  endfacet
  facet normal 0.991425 -0.130674 0
    outer loop
      vertex 24.019 0.435779 10
      vertex 24.076 0.86824 0
      vertex 24.076 0.86824 10
    endloop
  endfacet
  facet normal 0.991425 -0.130674 0
    outer loop
      vertex 24.076 0.86824 0
      vertex 24.019 0.435779 10
      vertex 24.019 0.435779 0
    endloop
  endfacet
  facet normal 0.843459 0.537193 0
    outer loop
      vertex 24.9042 -2.86788 10
      vertex 24.6699 -2.5 0
      vertex 24.6699 -2.5 10
    endloop
  endfacet
  facet normal 0.843459 0.537193 0
    outer loop
      vertex 24.6699 -2.5 0
      vertex 24.9042 -2.86788 10
      vertex 24.9042 -2.86788 0
    endloop
  endfacet
  facet normal 0.130534 0.991444 -0
    outer loop
      vertex 28.5642 -4.98097 0
      vertex 28.1318 -4.92404 10
      vertex 28.5642 -4.98097 10
    endloop
  endfacet
  facet normal 0.130534 0.991444 0
    outer loop
      vertex 28.1318 -4.92404 10
      vertex 28.5642 -4.98097 0
      vertex 28.1318 -4.92404 0
    endloop
  endfacet
  facet normal 0.537286 0.8434 -0
    outer loop
      vertex 26.5 -4.33013 0
      vertex 26.1321 -4.09576 10
      vertex 26.5 -4.33013 10
    endloop
  endfacet
  facet normal 0.537286 0.8434 0
    outer loop
      vertex 26.1321 -4.09576 10
      vertex 26.5 -4.33013 0
      vertex 26.1321 -4.09576 0
    endloop
  endfacet
  facet normal -0.216418 0.976301 0
    outer loop
      vertex 30.2941 -4.82963 0
      vertex 29.8682 -4.92404 10
      vertex 30.2941 -4.82963 10
    endloop
  endfacet
  facet normal -0.216418 0.976301 0
    outer loop
      vertex 29.8682 -4.92404 10
      vertex 30.2941 -4.82963 0
      vertex 29.8682 -4.92404 0
    endloop
  endfacet
  facet normal 0.843459 -0.537193 0
    outer loop
      vertex 24.6699 2.5 10
      vertex 24.9042 2.86788 0
      vertex 24.9042 2.86788 10
    endloop
  endfacet
  facet normal 0.843459 -0.537193 0
    outer loop
      vertex 24.9042 2.86788 0
      vertex 24.6699 2.5 10
      vertex 24.6699 2.5 0
    endloop
  endfacet
  facet normal 0.923818 -0.382832 0
    outer loop
      vertex 24.3015 1.7101 10
      vertex 24.4685 2.11309 0
      vertex 24.4685 2.11309 10
    endloop
  endfacet
  facet normal 0.923818 -0.382832 0
    outer loop
      vertex 24.4685 2.11309 0
      vertex 24.3015 1.7101 10
      vertex 24.3015 1.7101 0
    endloop
  endfacet
  facet normal 0.793288 0.608846 0
    outer loop
      vertex 25.1698 -3.21394 10
      vertex 24.9042 -2.86788 0
      vertex 24.9042 -2.86788 10
    endloop
  endfacet
  facet normal 0.793288 0.608846 0
    outer loop
      vertex 24.9042 -2.86788 0
      vertex 25.1698 -3.21394 10
      vertex 25.1698 -3.21394 0
    endloop
  endfacet
  facet normal -0.608826 0.793304 0
    outer loop
      vertex 32.2139 -3.83022 0
      vertex 31.8679 -4.09576 10
      vertex 32.2139 -3.83022 10
    endloop
  endfacet
  facet normal -0.608826 0.793304 0
    outer loop
      vertex 31.8679 -4.09576 10
      vertex 32.2139 -3.83022 0
      vertex 31.8679 -4.09576 0
    endloop
  endfacet
  facet normal 0.999051 0.0435587 0
    outer loop
      vertex 24.019 -0.435779 10
      vertex 24 0 0
      vertex 24 0 10
    endloop
  endfacet
  facet normal 0.999051 0.0435587 0
    outer loop
      vertex 24 0 0
      vertex 24.019 -0.435779 10
      vertex 24.019 -0.435779 0
    endloop
  endfacet
  facet normal 0.461753 -0.887008 0
    outer loop
      vertex 26.5 4.33013 0
      vertex 26.8869 4.53154 10
      vertex 26.5 4.33013 10
    endloop
  endfacet
  facet normal 0.461753 -0.887008 0
    outer loop
      vertex 26.8869 4.53154 10
      vertex 26.5 4.33013 0
      vertex 26.8869 4.53154 0
    endloop
  endfacet
  facet normal 0.953759 0.300572 0
    outer loop
      vertex 24.3015 -1.7101 10
      vertex 24.1704 -1.2941 0
      vertex 24.1704 -1.2941 10
    endloop
  endfacet
  facet normal 0.953759 0.300572 0
    outer loop
      vertex 24.1704 -1.2941 0
      vertex 24.3015 -1.7101 10
      vertex 24.3015 -1.7101 0
    endloop
  endfacet
  facet normal 0.999051 -0.0435587 0
    outer loop
      vertex 24 0 10
      vertex 24.019 0.435779 0
      vertex 24.019 0.435779 10
    endloop
  endfacet
  facet normal 0.999051 -0.0435587 0
    outer loop
      vertex 24.019 0.435779 0
      vertex 24 0 10
      vertex 24 0 0
    endloop
  endfacet
  facet normal -0.537286 -0.8434 0
    outer loop
      vertex 31.5 4.33013 0
      vertex 31.8679 4.09576 10
      vertex 31.5 4.33013 10
    endloop
  endfacet
  facet normal -0.537286 -0.8434 -0
    outer loop
      vertex 31.8679 4.09576 10
      vertex 31.5 4.33013 0
      vertex 31.8679 4.09576 0
    endloop
  endfacet
  facet normal -0.0436252 0.999048 0
    outer loop
      vertex 29.4358 -4.98097 0
      vertex 29 -5 10
      vertex 29.4358 -4.98097 10
    endloop
  endfacet
  facet normal -0.0436252 0.999048 0
    outer loop
      vertex 29 -5 10
      vertex 29.4358 -4.98097 0
      vertex 29 -5 0
    endloop
  endfacet
  facet normal 0.537286 -0.8434 0
    outer loop
      vertex 26.1321 4.09576 0
      vertex 26.5 4.33013 10
      vertex 26.1321 4.09576 10
    endloop
  endfacet
  facet normal 0.537286 -0.8434 0
    outer loop
      vertex 26.5 4.33013 10
      vertex 26.1321 4.09576 0
      vertex 26.5 4.33013 0
    endloop
  endfacet
  facet normal 0.976301 -0.216416 0
    outer loop
      vertex 24.076 0.86824 10
      vertex 24.1704 1.2941 0
      vertex 24.1704 1.2941 10
    endloop
  endfacet
  facet normal 0.976301 -0.216416 0
    outer loop
      vertex 24.1704 1.2941 0
      vertex 24.076 0.86824 10
      vertex 24.076 0.86824 0
    endloop
  endfacet
  facet normal -0.887023 -0.461726 0
    outer loop
      vertex 33.5315 2.11309 0
      vertex 33.3301 2.5 10
      vertex 33.3301 2.5 0
    endloop
  endfacet
  facet normal -0.887023 -0.461726 0
    outer loop
      vertex 33.3301 2.5 10
      vertex 33.5315 2.11309 0
      vertex 33.5315 2.11309 10
    endloop
  endfacet
  facet normal 0.608826 -0.793304 0
    outer loop
      vertex 25.7861 3.83022 0
      vertex 26.1321 4.09576 10
      vertex 25.7861 3.83022 10
    endloop
  endfacet
  facet normal 0.608826 -0.793304 0
    outer loop
      vertex 26.1321 4.09576 10
      vertex 25.7861 3.83022 0
      vertex 26.1321 4.09576 0
    endloop
  endfacet
  facet normal -0.130534 0.991444 0
    outer loop
      vertex 29.8682 -4.92404 0
      vertex 29.4358 -4.98097 10
      vertex 29.8682 -4.92404 10
    endloop
  endfacet
  facet normal -0.130534 0.991444 0
    outer loop
      vertex 29.4358 -4.98097 10
      vertex 29.8682 -4.92404 0
      vertex 29.4358 -4.98097 0
    endloop
  endfacet
  facet normal 0.216418 0.976301 -0
    outer loop
      vertex 28.1318 -4.92404 0
      vertex 27.7059 -4.82963 10
      vertex 28.1318 -4.92404 10
    endloop
  endfacet
  facet normal 0.216418 0.976301 0
    outer loop
      vertex 27.7059 -4.82963 10
      vertex 28.1318 -4.92404 0
      vertex 27.7059 -4.82963 0
    endloop
  endfacet
  facet normal -0.953757 -0.30058 0
    outer loop
      vertex 33.6985 1.7101 0
      vertex 33.7423 1.57112 10
      vertex 33.6985 1.7101 10
    endloop
  endfacet
  facet normal -0.953759 -0.300572 1.19678e-07
    outer loop
      vertex 33.8296 1.2941 0
      vertex 33.7423 1.57112 10
      vertex 33.6985 1.7101 0
    endloop
  endfacet
  facet normal -0.95376 -0.300568 0
    outer loop
      vertex 33.7423 1.57112 10
      vertex 33.8296 1.2941 0
      vertex 33.8296 1.2941 10
    endloop
  endfacet
  facet normal -0.0436252 -0.999048 0
    outer loop
      vertex 29 5 0
      vertex 29.4358 4.98097 10
      vertex 29 5 10
    endloop
  endfacet
  facet normal -0.0436252 -0.999048 -0
    outer loop
      vertex 29.4358 4.98097 10
      vertex 29 5 0
      vertex 29.4358 4.98097 0
    endloop
  endfacet
  facet normal -0.793288 -0.608846 0
    outer loop
      vertex 33.0958 2.86788 0
      vertex 32.8302 3.21394 10
      vertex 32.8302 3.21394 0
    endloop
  endfacet
  facet normal -0.793288 -0.608846 0
    outer loop
      vertex 32.8302 3.21394 10
      vertex 33.0958 2.86788 0
      vertex 33.0958 2.86788 10
    endloop
  endfacet
  facet normal 0.130534 -0.991444 0
    outer loop
      vertex 28.1318 4.92404 0
      vertex 28.5642 4.98097 10
      vertex 28.1318 4.92404 10
    endloop
  endfacet
  facet normal 0.130534 -0.991444 0
    outer loop
      vertex 28.5642 4.98097 10
      vertex 28.1318 4.92404 0
      vertex 28.5642 4.98097 0
    endloop
  endfacet
  facet normal -0.300718 0.953713 0
    outer loop
      vertex 30.7101 -4.69846 0
      vertex 30.2941 -4.82963 10
      vertex 30.7101 -4.69846 10
    endloop
  endfacet
  facet normal -0.300718 0.953713 0
    outer loop
      vertex 30.2941 -4.82963 10
      vertex 30.7101 -4.69846 0
      vertex 30.2941 -4.82963 0
    endloop
  endfacet
  facet normal 0.675588 -0.73728 0
    outer loop
      vertex 25.4645 3.53553 0
      vertex 25.7861 3.83022 10
      vertex 25.4645 3.53553 10
    endloop
  endfacet
  facet normal 0.675588 -0.73728 0
    outer loop
      vertex 25.7861 3.83022 10
      vertex 25.4645 3.53553 0
      vertex 25.7861 3.83022 0
    endloop
  endfacet
  facet normal -0.737258 -0.675611 0
    outer loop
      vertex 32.8302 3.21394 0
      vertex 32.5355 3.53553 10
      vertex 32.5355 3.53553 0
    endloop
  endfacet
  facet normal -0.737258 -0.675611 0
    outer loop
      vertex 32.5355 3.53553 10
      vertex 32.8302 3.21394 0
      vertex 32.8302 3.21394 10
    endloop
  endfacet
  facet normal -0.843459 -0.537193 0
    outer loop
      vertex 33.3301 2.5 0
      vertex 33.0958 2.86788 10
      vertex 33.0958 2.86788 0
    endloop
  endfacet
  facet normal -0.843459 -0.537193 0
    outer loop
      vertex 33.0958 2.86788 10
      vertex 33.3301 2.5 0
      vertex 33.3301 2.5 10
    endloop
  endfacet
  facet normal 0.675588 0.73728 -0
    outer loop
      vertex 25.7861 -3.83022 0
      vertex 25.4645 -3.53553 10
      vertex 25.7861 -3.83022 10
    endloop
  endfacet
  facet normal 0.675588 0.73728 0
    outer loop
      vertex 25.4645 -3.53553 10
      vertex 25.7861 -3.83022 0
      vertex 25.4645 -3.53553 0
    endloop
  endfacet
  facet normal -0.991449 0.130495 0
    outer loop
      vertex 33.981 -0.435779 0
      vertex 33.9637 -0.567217 10
      vertex 33.981 -0.435779 10
    endloop
  endfacet
  facet normal -0.991425 0.130674 2.38209e-06
    outer loop
      vertex 33.924 -0.86824 0
      vertex 33.9637 -0.567217 10
      vertex 33.981 -0.435779 0
    endloop
  endfacet
  facet normal -0.991415 0.130751 0
    outer loop
      vertex 33.9637 -0.567217 10
      vertex 33.924 -0.86824 0
      vertex 33.924 -0.86824 10
    endloop
  endfacet
  facet normal -0.95376 0.300568 0
    outer loop
      vertex 33.8296 -1.2941 0
      vertex 33.7423 -1.57112 10
      vertex 33.8296 -1.2941 10
    endloop
  endfacet
  facet normal -0.953759 0.300572 1.19678e-07
    outer loop
      vertex 33.6985 -1.7101 0
      vertex 33.7423 -1.57112 10
      vertex 33.8296 -1.2941 0
    endloop
  endfacet
  facet normal -0.953757 0.30058 0
    outer loop
      vertex 33.7423 -1.57112 10
      vertex 33.6985 -1.7101 0
      vertex 33.6985 -1.7101 10
    endloop
  endfacet
  facet normal 0.737258 -0.675611 0
    outer loop
      vertex 25.1698 3.21394 10
      vertex 25.4645 3.53553 0
      vertex 25.4645 3.53553 10
    endloop
  endfacet
  facet normal 0.737258 -0.675611 0
    outer loop
      vertex 25.4645 3.53553 0
      vertex 25.1698 3.21394 10
      vertex 25.1698 3.21394 0
    endloop
  endfacet
  facet normal -0.737258 0.675611 0
    outer loop
      vertex 32.5355 -3.53553 0
      vertex 32.8302 -3.21394 10
      vertex 32.8302 -3.21394 0
    endloop
  endfacet
  facet normal -0.737258 0.675611 0
    outer loop
      vertex 32.8302 -3.21394 10
      vertex 32.5355 -3.53553 0
      vertex 32.5355 -3.53553 10
    endloop
  endfacet
  facet normal 0.793288 -0.608846 0
    outer loop
      vertex 24.9042 2.86788 10
      vertex 25.1698 3.21394 0
      vertex 25.1698 3.21394 10
    endloop
  endfacet
  facet normal 0.793288 -0.608846 0
    outer loop
      vertex 25.1698 3.21394 0
      vertex 24.9042 2.86788 10
      vertex 24.9042 2.86788 0
    endloop
  endfacet
  facet normal 0.461753 0.887008 -0
    outer loop
      vertex 26.8869 -4.53154 0
      vertex 26.5 -4.33013 10
      vertex 26.8869 -4.53154 10
    endloop
  endfacet
  facet normal 0.461753 0.887008 0
    outer loop
      vertex 26.5 -4.33013 10
      vertex 26.8869 -4.53154 0
      vertex 26.5 -4.33013 0
    endloop
  endfacet
  facet normal 0.991425 0.130674 0
    outer loop
      vertex 24.076 -0.86824 10
      vertex 24.019 -0.435779 0
      vertex 24.019 -0.435779 10
    endloop
  endfacet
  facet normal 0.991425 0.130674 0
    outer loop
      vertex 24.019 -0.435779 0
      vertex 24.076 -0.86824 10
      vertex 24.076 -0.86824 0
    endloop
  endfacet
  facet normal -0.887023 0.461726 0
    outer loop
      vertex 33.3301 -2.5 0
      vertex 33.5315 -2.11309 10
      vertex 33.5315 -2.11309 0
    endloop
  endfacet
  facet normal -0.887023 0.461726 0
    outer loop
      vertex 33.5315 -2.11309 10
      vertex 33.3301 -2.5 0
      vertex 33.3301 -2.5 10
    endloop
  endfacet
  facet normal 0.0436252 0.999048 -0
    outer loop
      vertex 29 -5 0
      vertex 28.5642 -4.98097 10
      vertex 29 -5 10
    endloop
  endfacet
  facet normal 0.0436252 0.999048 0
    outer loop
      vertex 28.5642 -4.98097 10
      vertex 29 -5 0
      vertex 28.5642 -4.98097 0
    endloop
  endfacet
  facet normal -0.216418 -0.976301 0
    outer loop
      vertex 29.8682 4.92404 0
      vertex 30.2941 4.82963 10
      vertex 29.8682 4.92404 10
    endloop
  endfacet
  facet normal -0.216418 -0.976301 -0
    outer loop
      vertex 30.2941 4.82963 10
      vertex 29.8682 4.92404 0
      vertex 30.2941 4.82963 0
    endloop
  endfacet
  facet normal -0.461753 0.887008 0
    outer loop
      vertex 31.5 -4.33013 0
      vertex 31.1131 -4.53154 10
      vertex 31.5 -4.33013 10
    endloop
  endfacet
  facet normal -0.461753 0.887008 0
    outer loop
      vertex 31.1131 -4.53154 10
      vertex 31.5 -4.33013 0
      vertex 31.1131 -4.53154 0
    endloop
  endfacet
  facet normal 0.300718 0.953713 -0
    outer loop
      vertex 27.7059 -4.82963 0
      vertex 27.2899 -4.69846 10
      vertex 27.7059 -4.82963 10
    endloop
  endfacet
  facet normal 0.300718 0.953713 0
    outer loop
      vertex 27.2899 -4.69846 10
      vertex 27.7059 -4.82963 0
      vertex 27.2899 -4.69846 0
    endloop
  endfacet
  facet normal 0.887023 -0.461726 0
    outer loop
      vertex 24.4685 2.11309 10
      vertex 24.6699 2.5 0
      vertex 24.6699 2.5 10
    endloop
  endfacet
  facet normal 0.887023 -0.461726 0
    outer loop
      vertex 24.6699 2.5 0
      vertex 24.4685 2.11309 10
      vertex 24.4685 2.11309 0
    endloop
  endfacet
  facet normal -0.382715 -0.923866 0
    outer loop
      vertex 30.7101 4.69846 0
      vertex 31.0707 4.54908 10
      vertex 30.7101 4.69846 10
    endloop
  endfacet
  facet normal -0.382668 -0.923886 -2.01467e-06
    outer loop
      vertex 31.1131 4.53154 0
      vertex 31.0707 4.54908 10
      vertex 30.7101 4.69846 0
    endloop
  endfacet
  facet normal -0.382262 -0.924054 0
    outer loop
      vertex 31.0707 4.54908 10
      vertex 31.1131 4.53154 0
      vertex 31.1131 4.53154 10
    endloop
  endfacet
  facet normal 0.953759 -0.300572 0
    outer loop
      vertex 24.1704 1.2941 10
      vertex 24.3015 1.7101 0
      vertex 24.3015 1.7101 10
    endloop
  endfacet
  facet normal 0.953759 -0.300572 0
    outer loop
      vertex 24.3015 1.7101 0
      vertex 24.1704 1.2941 10
      vertex 24.1704 1.2941 0
    endloop
  endfacet
  facet normal 0.0436252 -0.999048 0
    outer loop
      vertex 28.5642 4.98097 0
      vertex 29 5 10
      vertex 28.5642 4.98097 10
    endloop
  endfacet
  facet normal 0.0436252 -0.999048 0
    outer loop
      vertex 29 5 10
      vertex 28.5642 4.98097 0
      vertex 29 5 0
    endloop
  endfacet
  facet normal -0.843459 0.537193 0
    outer loop
      vertex 33.0958 -2.86788 0
      vertex 33.3301 -2.5 10
      vertex 33.3301 -2.5 0
    endloop
  endfacet
  facet normal -0.843459 0.537193 0
    outer loop
      vertex 33.3301 -2.5 10
      vertex 33.0958 -2.86788 0
      vertex 33.0958 -2.86788 10
    endloop
  endfacet
  facet normal 0.923818 0.382832 0
    outer loop
      vertex 24.4685 -2.11309 10
      vertex 24.3015 -1.7101 0
      vertex 24.3015 -1.7101 10
    endloop
  endfacet
  facet normal 0.923818 0.382832 0
    outer loop
      vertex 24.3015 -1.7101 0
      vertex 24.4685 -2.11309 10
      vertex 24.4685 -2.11309 0
    endloop
  endfacet
  facet normal -0.675588 0.73728 0
    outer loop
      vertex 32.5355 -3.53553 0
      vertex 32.2139 -3.83022 10
      vertex 32.5355 -3.53553 10
    endloop
  endfacet
  facet normal -0.675588 0.73728 0
    outer loop
      vertex 32.2139 -3.83022 10
      vertex 32.5355 -3.53553 0
      vertex 32.2139 -3.83022 0
    endloop
  endfacet
  facet normal 0.976301 0.216416 0
    outer loop
      vertex 24.1704 -1.2941 10
      vertex 24.076 -0.86824 0
      vertex 24.076 -0.86824 10
    endloop
  endfacet
  facet normal 0.976301 0.216416 0
    outer loop
      vertex 24.076 -0.86824 0
      vertex 24.1704 -1.2941 10
      vertex 24.1704 -1.2941 0
    endloop
  endfacet
  facet normal 0.887023 0.461726 0
    outer loop
      vertex 24.6699 -2.5 10
      vertex 24.4685 -2.11309 0
      vertex 24.4685 -2.11309 10
    endloop
  endfacet
  facet normal 0.887023 0.461726 0
    outer loop
      vertex 24.4685 -2.11309 0
      vertex 24.6699 -2.5 10
      vertex 24.6699 -2.5 0
    endloop
  endfacet
  facet normal -0.130534 -0.991444 0
    outer loop
      vertex 29.4358 4.98097 0
      vertex 29.8682 4.92404 10
      vertex 29.4358 4.98097 10
    endloop
  endfacet
  facet normal -0.130534 -0.991444 -0
    outer loop
      vertex 29.8682 4.92404 10
      vertex 29.4358 4.98097 0
      vertex 29.8682 4.92404 0
    endloop
  endfacet
  facet normal 0.608826 0.793304 -0
    outer loop
      vertex 26.1321 -4.09576 0
      vertex 25.7861 -3.83022 10
      vertex 26.1321 -4.09576 10
    endloop
  endfacet
  facet normal 0.608826 0.793304 0
    outer loop
      vertex 25.7861 -3.83022 10
      vertex 26.1321 -4.09576 0
      vertex 25.7861 -3.83022 0
    endloop
  endfacet
  facet normal -0.382629 -0.923902 0
    outer loop
      vertex 16.2101 29.8132 0
      vertex 16.6131 29.6463 10
      vertex 16.2101 29.8132 10
    endloop
  endfacet
  facet normal -0.382629 -0.923902 -0
    outer loop
      vertex 16.6131 29.6463 10
      vertex 16.2101 29.8132 0
      vertex 16.6131 29.6463 0
    endloop
  endfacet
  facet normal -0.461735 -0.887018 0
    outer loop
      vertex 16.6131 29.6463 0
      vertex 17 29.4449 10
      vertex 16.6131 29.6463 10
    endloop
  endfacet
  facet normal -0.461735 -0.887018 -0
    outer loop
      vertex 17 29.4449 10
      vertex 16.6131 29.6463 0
      vertex 17 29.4449 0
    endloop
  endfacet
  facet normal -0.30078 -0.953693 0
    outer loop
      vertex 15.7941 29.9444 0
      vertex 16.2101 29.8132 10
      vertex 15.7941 29.9444 10
    endloop
  endfacet
  facet normal -0.30078 -0.953693 -0
    outer loop
      vertex 16.2101 29.8132 10
      vertex 15.7941 29.9444 0
      vertex 16.2101 29.8132 0
    endloop
  endfacet
  facet normal 0.537335 -0.843369 0
    outer loop
      vertex 11.6321 29.2105 0
      vertex 12 29.4449 10
      vertex 11.6321 29.2105 10
    endloop
  endfacet
  facet normal 0.537335 -0.843369 0
    outer loop
      vertex 12 29.4449 10
      vertex 11.6321 29.2105 0
      vertex 12 29.4449 0
    endloop
  endfacet
  facet normal 0.999048 0.0436352 0
    outer loop
      vertex 9.51903 24.679 10
      vertex 9.5 25.1147 0
      vertex 9.5 25.1147 10
    endloop
  endfacet
  facet normal 0.999048 0.0436352 0
    outer loop
      vertex 9.5 25.1147 0
      vertex 9.51903 24.679 10
      vertex 9.51903 24.679 0
    endloop
  endfacet
  facet normal 0.843406 0.537276 0
    outer loop
      vertex 10.4042 22.2469 10
      vertex 10.1699 22.6147 0
      vertex 10.1699 22.6147 10
    endloop
  endfacet
  facet normal 0.843406 0.537276 0
    outer loop
      vertex 10.1699 22.6147 0
      vertex 10.4042 22.2469 10
      vertex 10.4042 22.2469 0
    endloop
  endfacet
  facet normal -0.130466 0.991453 0
    outer loop
      vertex 15.3682 20.1907 0
      vertex 14.9358 20.1338 10
      vertex 15.3682 20.1907 10
    endloop
  endfacet
  facet normal -0.130466 0.991453 0
    outer loop
      vertex 14.9358 20.1338 10
      vertex 15.3682 20.1907 0
      vertex 14.9358 20.1338 0
    endloop
  endfacet
  facet normal 0.976301 0.216418 0
    outer loop
      vertex 9.67037 23.8206 10
      vertex 9.57596 24.2465 0
      vertex 9.57596 24.2465 10
    endloop
  endfacet
  facet normal 0.976301 0.216418 0
    outer loop
      vertex 9.57596 24.2465 0
      vertex 9.67037 23.8206 10
      vertex 9.67037 23.8206 0
    endloop
  endfacet
  facet normal -0.999051 0.0435666 0
    outer loop
      vertex 19.481 24.679 0
      vertex 19.5 25.1147 10
      vertex 19.5 25.1147 0
    endloop
  endfacet
  facet normal -0.999051 0.0435666 0
    outer loop
      vertex 19.5 25.1147 10
      vertex 19.481 24.679 0
      vertex 19.481 24.679 10
    endloop
  endfacet
  facet normal 0.6756 0.737268 -0
    outer loop
      vertex 11.2861 21.2845 0
      vertex 10.9645 21.5792 10
      vertex 11.2861 21.2845 10
    endloop
  endfacet
  facet normal 0.6756 0.737268 0
    outer loop
      vertex 10.9645 21.5792 10
      vertex 11.2861 21.2845 0
      vertex 10.9645 21.5792 0
    endloop
  endfacet
  facet normal 0.793322 0.608802 0
    outer loop
      vertex 10.6698 21.9008 10
      vertex 10.4042 22.2469 0
      vertex 10.4042 22.2469 10
    endloop
  endfacet
  facet normal 0.793322 0.608802 0
    outer loop
      vertex 10.4042 22.2469 0
      vertex 10.6698 21.9008 10
      vertex 10.6698 21.9008 0
    endloop
  endfacet
  facet normal 0.130466 0.991453 -0
    outer loop
      vertex 14.0642 20.1338 0
      vertex 13.6318 20.1907 10
      vertex 14.0642 20.1338 10
    endloop
  endfacet
  facet normal 0.130466 0.991453 0
    outer loop
      vertex 13.6318 20.1907 10
      vertex 14.0642 20.1338 0
      vertex 13.6318 20.1907 0
    endloop
  endfacet
  facet normal 0.382629 -0.923902 0
    outer loop
      vertex 12.3869 29.6463 0
      vertex 12.7899 29.8132 10
      vertex 12.3869 29.6463 10
    endloop
  endfacet
  facet normal 0.382629 -0.923902 0
    outer loop
      vertex 12.7899 29.8132 10
      vertex 12.3869 29.6463 0
      vertex 12.7899 29.8132 0
    endloop
  endfacet
  facet normal 0.737268 0.6756 0
    outer loop
      vertex 10.9645 21.5792 10
      vertex 10.6698 21.9008 0
      vertex 10.6698 21.9008 10
    endloop
  endfacet
  facet normal 0.737268 0.6756 0
    outer loop
      vertex 10.6698 21.9008 0
      vertex 10.9645 21.5792 10
      vertex 10.9645 21.5792 0
    endloop
  endfacet
  facet normal 0.97629 -0.216467 0
    outer loop
      vertex 9.57596 25.983 10
      vertex 9.67037 26.4088 0
      vertex 9.67037 26.4088 10
    endloop
  endfacet
  facet normal 0.97629 -0.216467 0
    outer loop
      vertex 9.67037 26.4088 0
      vertex 9.57596 25.983 10
      vertex 9.57596 25.983 0
    endloop
  endfacet
  facet normal 0.953713 -0.300718 0
    outer loop
      vertex 9.67037 26.4088 10
      vertex 9.80154 26.8248 0
      vertex 9.80154 26.8248 10
    endloop
  endfacet
  facet normal 0.953713 -0.300718 0
    outer loop
      vertex 9.80154 26.8248 0
      vertex 9.67037 26.4088 10
      vertex 9.67037 26.4088 0
    endloop
  endfacet
  facet normal 0.923886 0.382668 0
    outer loop
      vertex 9.96846 23.0016 10
      vertex 9.80154 23.4046 0
      vertex 9.80154 23.4046 10
    endloop
  endfacet
  facet normal 0.923886 0.382668 0
    outer loop
      vertex 9.80154 23.4046 0
      vertex 9.96846 23.0016 10
      vertex 9.96846 23.0016 0
    endloop
  endfacet
  facet normal 0.461735 -0.887018 0
    outer loop
      vertex 12 29.4449 0
      vertex 12.3869 29.6463 10
      vertex 12 29.4449 10
    endloop
  endfacet
  facet normal 0.461735 -0.887018 0
    outer loop
      vertex 12.3869 29.6463 10
      vertex 12 29.4449 0
      vertex 12.3869 29.6463 0
    endloop
  endfacet
  facet normal 0.608768 0.793348 -0
    outer loop
      vertex 11.6321 21.019 0
      vertex 11.2861 21.2845 10
      vertex 11.6321 21.019 10
    endloop
  endfacet
  facet normal 0.608768 0.793348 0
    outer loop
      vertex 11.2861 21.2845 10
      vertex 11.6321 21.019 0
      vertex 11.2861 21.2845 0
    endloop
  endfacet
  facet normal -0.887018 -0.461735 0
    outer loop
      vertex 19.0315 27.2278 0
      vertex 18.8301 27.6147 10
      vertex 18.8301 27.6147 0
    endloop
  endfacet
  facet normal -0.887018 -0.461735 0
    outer loop
      vertex 18.8301 27.6147 10
      vertex 19.0315 27.2278 0
      vertex 19.0315 27.2278 10
    endloop
  endfacet
  facet normal 0.216396 -0.976306 0
    outer loop
      vertex 13.2059 29.9444 0
      vertex 13.6318 30.0388 10
      vertex 13.2059 29.9444 10
    endloop
  endfacet
  facet normal 0.216396 -0.976306 0
    outer loop
      vertex 13.6318 30.0388 10
      vertex 13.2059 29.9444 0
      vertex 13.6318 30.0388 0
    endloop
  endfacet
  facet normal 0.216396 0.976306 -0
    outer loop
      vertex 13.6318 20.1907 0
      vertex 13.2059 20.2851 10
      vertex 13.6318 20.1907 10
    endloop
  endfacet
  facet normal 0.216396 0.976306 0
    outer loop
      vertex 13.2059 20.2851 10
      vertex 13.6318 20.1907 0
      vertex 13.2059 20.2851 0
    endloop
  endfacet
  facet normal 0.991448 0.130504 0
    outer loop
      vertex 9.57596 24.2465 10
      vertex 9.51903 24.679 0
      vertex 9.51903 24.679 10
    endloop
  endfacet
  facet normal 0.991448 0.130504 0
    outer loop
      vertex 9.51903 24.679 0
      vertex 9.57596 24.2465 10
      vertex 9.57596 24.2465 0
    endloop
  endfacet
  facet normal -0.608768 0.793348 0
    outer loop
      vertex 17.7139 21.2845 0
      vertex 17.3679 21.019 10
      vertex 17.7139 21.2845 10
    endloop
  endfacet
  facet normal -0.608768 0.793348 0
    outer loop
      vertex 17.3679 21.019 10
      vertex 17.7139 21.2845 0
      vertex 17.3679 21.019 0
    endloop
  endfacet
  facet normal 0.537335 0.843369 -0
    outer loop
      vertex 12 20.7846 0
      vertex 11.6321 21.019 10
      vertex 12 20.7846 10
    endloop
  endfacet
  facet normal 0.537335 0.843369 0
    outer loop
      vertex 11.6321 21.019 10
      vertex 12 20.7846 0
      vertex 11.6321 21.019 0
    endloop
  endfacet
  facet normal -0.923821 -0.382824 0
    outer loop
      vertex 19.1985 26.8248 0
      vertex 19.0315 27.2278 10
      vertex 19.0315 27.2278 0
    endloop
  endfacet
  facet normal -0.923821 -0.382824 0
    outer loop
      vertex 19.0315 27.2278 10
      vertex 19.1985 26.8248 0
      vertex 19.1985 26.8248 10
    endloop
  endfacet
  facet normal -0.737268 -0.6756 0
    outer loop
      vertex 18.3302 28.3287 0
      vertex 18.0355 28.6503 10
      vertex 18.0355 28.6503 0
    endloop
  endfacet
  facet normal -0.737268 -0.6756 0
    outer loop
      vertex 18.0355 28.6503 10
      vertex 18.3302 28.3287 0
      vertex 18.3302 28.3287 10
    endloop
  endfacet
  facet normal -0.976306 0.216396 0
    outer loop
      vertex 19.3296 23.8206 0
      vertex 19.424 24.2465 10
      vertex 19.424 24.2465 0
    endloop
  endfacet
  facet normal -0.976306 0.216396 0
    outer loop
      vertex 19.424 24.2465 10
      vertex 19.3296 23.8206 0
      vertex 19.3296 23.8206 10
    endloop
  endfacet
  facet normal 0.0441876 -0.999023 0
    outer loop
      vertex 14.0642 30.0957 0
      vertex 14.1682 30.1003 10
      vertex 14.0642 30.0957 10
    endloop
  endfacet
  facet normal 0.0435566 -0.999051 6.57475e-06
    outer loop
      vertex 14.5 30.1147 0
      vertex 14.1682 30.1003 10
      vertex 14.0642 30.0957 0
    endloop
  endfacet
  facet normal 0.0433588 -0.99906 0
    outer loop
      vertex 14.1682 30.1003 10
      vertex 14.5 30.1147 0
      vertex 14.5 30.1147 10
    endloop
  endfacet
  facet normal -0.953759 0.300572 0
    outer loop
      vertex 19.1985 23.4046 0
      vertex 19.3296 23.8206 10
      vertex 19.3296 23.8206 0
    endloop
  endfacet
  facet normal -0.953759 0.300572 0
    outer loop
      vertex 19.3296 23.8206 10
      vertex 19.1985 23.4046 0
      vertex 19.1985 23.4046 10
    endloop
  endfacet
  facet normal -0.216396 -0.976306 0
    outer loop
      vertex 15.3682 30.0388 0
      vertex 15.7941 29.9444 10
      vertex 15.3682 30.0388 10
    endloop
  endfacet
  facet normal -0.216396 -0.976306 -0
    outer loop
      vertex 15.7941 29.9444 10
      vertex 15.3682 30.0388 0
      vertex 15.7941 29.9444 0
    endloop
  endfacet
  facet normal -0.608819 -0.793309 0
    outer loop
      vertex 17.3679 29.2105 0
      vertex 17.5399 29.0785 10
      vertex 17.3679 29.2105 10
    endloop
  endfacet
  facet normal -0.608768 -0.793348 -1.37575e-06
    outer loop
      vertex 17.7139 28.945 0
      vertex 17.5399 29.0785 10
      vertex 17.3679 29.2105 0
    endloop
  endfacet
  facet normal -0.608719 -0.793386 0
    outer loop
      vertex 17.5399 29.0785 10
      vertex 17.7139 28.945 0
      vertex 17.7139 28.945 10
    endloop
  endfacet
  facet normal -0.843473 -0.537172 0
    outer loop
      vertex 18.8301 27.6147 0
      vertex 18.5958 27.9826 10
      vertex 18.5958 27.9826 0
    endloop
  endfacet
  facet normal -0.843473 -0.537172 0
    outer loop
      vertex 18.5958 27.9826 10
      vertex 18.8301 27.6147 0
      vertex 18.8301 27.6147 10
    endloop
  endfacet
  facet normal 0.30078 -0.953693 0
    outer loop
      vertex 12.7899 29.8132 0
      vertex 13.2059 29.9444 10
      vertex 12.7899 29.8132 10
    endloop
  endfacet
  facet normal 0.30078 -0.953693 0
    outer loop
      vertex 13.2059 29.9444 10
      vertex 12.7899 29.8132 0
      vertex 13.2059 29.9444 0
    endloop
  endfacet
  facet normal 0.843473 -0.537172 0
    outer loop
      vertex 10.1699 27.6147 10
      vertex 10.4042 27.9826 0
      vertex 10.4042 27.9826 10
    endloop
  endfacet
  facet normal 0.843473 -0.537172 0
    outer loop
      vertex 10.4042 27.9826 0
      vertex 10.1699 27.6147 10
      vertex 10.1699 27.6147 0
    endloop
  endfacet
  facet normal -0.6756 -0.737268 0
    outer loop
      vertex 17.7139 28.945 0
      vertex 18.0355 28.6503 10
      vertex 17.7139 28.945 10
    endloop
  endfacet
  facet normal -0.6756 -0.737268 -0
    outer loop
      vertex 18.0355 28.6503 10
      vertex 17.7139 28.945 0
      vertex 18.0355 28.6503 0
    endloop
  endfacet
  facet normal -0.382629 0.923902 0
    outer loop
      vertex 16.6131 20.5832 0
      vertex 16.2101 20.4163 10
      vertex 16.6131 20.5832 10
    endloop
  endfacet
  facet normal -0.382629 0.923902 0
    outer loop
      vertex 16.2101 20.4163 10
      vertex 16.6131 20.5832 0
      vertex 16.2101 20.4163 0
    endloop
  endfacet
  facet normal -0.953759 -0.300572 0
    outer loop
      vertex 19.3296 26.4088 0
      vertex 19.1985 26.8248 10
      vertex 19.1985 26.8248 0
    endloop
  endfacet
  facet normal -0.953759 -0.300572 0
    outer loop
      vertex 19.1985 26.8248 10
      vertex 19.3296 26.4088 0
      vertex 19.3296 26.4088 10
    endloop
  endfacet
  facet normal -0.130466 -0.991453 0
    outer loop
      vertex 14.9358 30.0957 0
      vertex 15.3682 30.0388 10
      vertex 14.9358 30.0957 10
    endloop
  endfacet
  facet normal -0.130466 -0.991453 -0
    outer loop
      vertex 15.3682 30.0388 10
      vertex 14.9358 30.0957 0
      vertex 15.3682 30.0388 0
    endloop
  endfacet
  facet normal -0.887018 0.461735 0
    outer loop
      vertex 18.8301 22.6147 0
      vertex 19.0315 23.0016 10
      vertex 19.0315 23.0016 0
    endloop
  endfacet
  facet normal -0.887018 0.461735 0
    outer loop
      vertex 19.0315 23.0016 10
      vertex 18.8301 22.6147 0
      vertex 18.8301 22.6147 10
    endloop
  endfacet
  facet normal -0.991427 0.130662 0
    outer loop
      vertex 19.424 24.2465 0
      vertex 19.481 24.679 10
      vertex 19.481 24.679 0
    endloop
  endfacet
  facet normal -0.991427 0.130662 0
    outer loop
      vertex 19.481 24.679 10
      vertex 19.424 24.2465 0
      vertex 19.424 24.2465 10
    endloop
  endfacet
  facet normal -0.0435566 -0.999051 0
    outer loop
      vertex 14.5 30.1147 0
      vertex 14.9358 30.0957 10
      vertex 14.5 30.1147 10
    endloop
  endfacet
  facet normal -0.0435566 -0.999051 -0
    outer loop
      vertex 14.9358 30.0957 10
      vertex 14.5 30.1147 0
      vertex 14.9358 30.0957 0
    endloop
  endfacet
  facet normal -0.923891 0.382656 0
    outer loop
      vertex 19.1985 23.4046 0
      vertex 19.0875 23.1366 10
      vertex 19.1985 23.4046 10
    endloop
  endfacet
  facet normal -0.923821 0.382824 5.27243e-06
    outer loop
      vertex 19.0315 23.0016 0
      vertex 19.0875 23.1366 10
      vertex 19.1985 23.4046 0
    endloop
  endfacet
  facet normal -0.923683 0.383157 0
    outer loop
      vertex 19.0875 23.1366 10
      vertex 19.0315 23.0016 0
      vertex 19.0315 23.0016 10
    endloop
  endfacet
  facet normal 0.953713 0.300718 0
    outer loop
      vertex 9.80154 23.4046 10
      vertex 9.67037 23.8206 0
      vertex 9.67037 23.8206 10
    endloop
  endfacet
  facet normal 0.953713 0.300718 0
    outer loop
      vertex 9.67037 23.8206 0
      vertex 9.80154 23.4046 10
      vertex 9.80154 23.4046 0
    endloop
  endfacet
  facet normal 0.0437854 0.999041 -0
    outer loop
      vertex 14.5 20.1147 0
      vertex 14.0642 20.1338 10
      vertex 14.5 20.1147 10
    endloop
  endfacet
  facet normal 0.0437854 0.999041 0
    outer loop
      vertex 14.0642 20.1338 10
      vertex 14.5 20.1147 0
      vertex 14.0642 20.1338 0
    endloop
  endfacet
  facet normal -0.537335 -0.843369 0
    outer loop
      vertex 17 29.4449 0
      vertex 17.3679 29.2105 10
      vertex 17 29.4449 10
    endloop
  endfacet
  facet normal -0.537335 -0.843369 -0
    outer loop
      vertex 17.3679 29.2105 10
      vertex 17 29.4449 0
      vertex 17.3679 29.2105 0
    endloop
  endfacet
  facet normal 0.991448 -0.130504 0
    outer loop
      vertex 9.51903 25.5505 10
      vertex 9.57596 25.983 0
      vertex 9.57596 25.983 10
    endloop
  endfacet
  facet normal 0.991448 -0.130504 0
    outer loop
      vertex 9.57596 25.983 0
      vertex 9.51903 25.5505 10
      vertex 9.51903 25.5505 0
    endloop
  endfacet
  facet normal 0.608768 -0.793348 0
    outer loop
      vertex 11.2861 28.945 0
      vertex 11.6321 29.2105 10
      vertex 11.2861 28.945 10
    endloop
  endfacet
  facet normal 0.608768 -0.793348 0
    outer loop
      vertex 11.6321 29.2105 10
      vertex 11.2861 28.945 0
      vertex 11.6321 29.2105 0
    endloop
  endfacet
  facet normal 0.461735 0.887018 -0
    outer loop
      vertex 12.3869 20.5832 0
      vertex 12 20.7846 10
      vertex 12.3869 20.5832 10
    endloop
  endfacet
  facet normal 0.461735 0.887018 0
    outer loop
      vertex 12 20.7846 10
      vertex 12.3869 20.5832 0
      vertex 12 20.7846 0
    endloop
  endfacet
  facet normal 0.737268 -0.6756 0
    outer loop
      vertex 10.6698 28.3287 10
      vertex 10.9645 28.6503 0
      vertex 10.9645 28.6503 10
    endloop
  endfacet
  facet normal 0.737268 -0.6756 0
    outer loop
      vertex 10.9645 28.6503 0
      vertex 10.6698 28.3287 10
      vertex 10.6698 28.3287 0
    endloop
  endfacet
  facet normal -0.216396 0.976306 0
    outer loop
      vertex 15.7941 20.2851 0
      vertex 15.3682 20.1907 10
      vertex 15.7941 20.2851 10
    endloop
  endfacet
  facet normal -0.216396 0.976306 0
    outer loop
      vertex 15.3682 20.1907 10
      vertex 15.7941 20.2851 0
      vertex 15.3682 20.1907 0
    endloop
  endfacet
  facet normal 0.30078 0.953693 -0
    outer loop
      vertex 13.2059 20.2851 0
      vertex 12.7899 20.4163 10
      vertex 13.2059 20.2851 10
    endloop
  endfacet
  facet normal 0.30078 0.953693 0
    outer loop
      vertex 12.7899 20.4163 10
      vertex 13.2059 20.2851 0
      vertex 12.7899 20.4163 0
    endloop
  endfacet
  facet normal 0.999048 -0.0436252 0
    outer loop
      vertex 9.5 25.1147 10
      vertex 9.51903 25.5505 0
      vertex 9.51903 25.5505 10
    endloop
  endfacet
  facet normal 0.999048 -0.0436252 0
    outer loop
      vertex 9.51903 25.5505 0
      vertex 9.5 25.1147 10
      vertex 9.5 25.1147 0
    endloop
  endfacet
  facet normal -0.6756 0.737268 0
    outer loop
      vertex 18.0355 21.5792 0
      vertex 17.7139 21.2845 10
      vertex 18.0355 21.5792 10
    endloop
  endfacet
  facet normal -0.6756 0.737268 0
    outer loop
      vertex 17.7139 21.2845 10
      vertex 18.0355 21.5792 0
      vertex 17.7139 21.2845 0
    endloop
  endfacet
  facet normal -0.999051 -0.0435566 0
    outer loop
      vertex 19.5 25.1147 0
      vertex 19.481 25.5505 10
      vertex 19.481 25.5505 0
    endloop
  endfacet
  facet normal -0.999051 -0.0435566 0
    outer loop
      vertex 19.481 25.5505 10
      vertex 19.5 25.1147 0
      vertex 19.5 25.1147 10
    endloop
  endfacet
  facet normal 0.382629 0.923902 -0
    outer loop
      vertex 12.7899 20.4163 0
      vertex 12.3869 20.5832 10
      vertex 12.7899 20.4163 10
    endloop
  endfacet
  facet normal 0.382629 0.923902 0
    outer loop
      vertex 12.3869 20.5832 10
      vertex 12.7899 20.4163 0
      vertex 12.3869 20.5832 0
    endloop
  endfacet
  facet normal 0.88698 -0.461807 0
    outer loop
      vertex 9.96846 27.2278 10
      vertex 10.1699 27.6147 0
      vertex 10.1699 27.6147 10
    endloop
  endfacet
  facet normal 0.88698 -0.461807 0
    outer loop
      vertex 10.1699 27.6147 0
      vertex 9.96846 27.2278 10
      vertex 9.96846 27.2278 0
    endloop
  endfacet
  facet normal -0.793322 -0.608802 0
    outer loop
      vertex 18.5958 27.9826 0
      vertex 18.3302 28.3287 10
      vertex 18.3302 28.3287 0
    endloop
  endfacet
  facet normal -0.793322 -0.608802 0
    outer loop
      vertex 18.3302 28.3287 10
      vertex 18.5958 27.9826 0
      vertex 18.5958 27.9826 10
    endloop
  endfacet
  facet normal -0.537335 0.843369 0
    outer loop
      vertex 17.3679 21.019 0
      vertex 17 20.7846 10
      vertex 17.3679 21.019 10
    endloop
  endfacet
  facet normal -0.537335 0.843369 0
    outer loop
      vertex 17 20.7846 10
      vertex 17.3679 21.019 0
      vertex 17 20.7846 0
    endloop
  endfacet
  facet normal 0.130466 -0.991453 0
    outer loop
      vertex 13.6318 30.0388 0
      vertex 14.0642 30.0957 10
      vertex 13.6318 30.0388 10
    endloop
  endfacet
  facet normal 0.130466 -0.991453 0
    outer loop
      vertex 14.0642 30.0957 10
      vertex 13.6318 30.0388 0
      vertex 14.0642 30.0957 0
    endloop
  endfacet
  facet normal 0.923886 -0.382668 0
    outer loop
      vertex 9.80154 26.8248 10
      vertex 9.96846 27.2278 0
      vertex 9.96846 27.2278 10
    endloop
  endfacet
  facet normal 0.923886 -0.382668 0
    outer loop
      vertex 9.96846 27.2278 0
      vertex 9.80154 26.8248 10
      vertex 9.80154 26.8248 0
    endloop
  endfacet
  facet normal -0.0437854 0.999041 0
    outer loop
      vertex 14.9358 20.1338 0
      vertex 14.5 20.1147 10
      vertex 14.9358 20.1338 10
    endloop
  endfacet
  facet normal -0.0437854 0.999041 0
    outer loop
      vertex 14.5 20.1147 10
      vertex 14.9358 20.1338 0
      vertex 14.5 20.1147 0
    endloop
  endfacet
  facet normal -0.843406 0.537276 0
    outer loop
      vertex 18.5958 22.2469 0
      vertex 18.8301 22.6147 10
      vertex 18.8301 22.6147 0
    endloop
  endfacet
  facet normal -0.843406 0.537276 0
    outer loop
      vertex 18.8301 22.6147 10
      vertex 18.5958 22.2469 0
      vertex 18.5958 22.2469 10
    endloop
  endfacet
  facet normal -0.461735 0.887018 0
    outer loop
      vertex 17 20.7846 0
      vertex 16.6131 20.5832 10
      vertex 17 20.7846 10
    endloop
  endfacet
  facet normal -0.461735 0.887018 0
    outer loop
      vertex 16.6131 20.5832 10
      vertex 17 20.7846 0
      vertex 16.6131 20.5832 0
    endloop
  endfacet
  facet normal -0.737268 0.6756 0
    outer loop
      vertex 18.0355 21.5792 0
      vertex 18.3302 21.9008 10
      vertex 18.3302 21.9008 0
    endloop
  endfacet
  facet normal -0.737268 0.6756 0
    outer loop
      vertex 18.3302 21.9008 10
      vertex 18.0355 21.5792 0
      vertex 18.0355 21.5792 10
    endloop
  endfacet
  facet normal 0.6756 -0.737268 0
    outer loop
      vertex 10.9645 28.6503 0
      vertex 11.2861 28.945 10
      vertex 10.9645 28.6503 10
    endloop
  endfacet
  facet normal 0.6756 -0.737268 0
    outer loop
      vertex 11.2861 28.945 10
      vertex 10.9645 28.6503 0
      vertex 11.2861 28.945 0
    endloop
  endfacet
  facet normal -0.793322 0.608802 0
    outer loop
      vertex 18.3302 21.9008 0
      vertex 18.5958 22.2469 10
      vertex 18.5958 22.2469 0
    endloop
  endfacet
  facet normal -0.793322 0.608802 0
    outer loop
      vertex 18.5958 22.2469 10
      vertex 18.3302 21.9008 0
      vertex 18.3302 21.9008 10
    endloop
  endfacet
  facet normal -0.976257 -0.216616 0
    outer loop
      vertex 19.3296 26.4088 0
      vertex 19.3807 26.1785 10
      vertex 19.3296 26.4088 10
    endloop
  endfacet
  facet normal -0.976295 -0.216445 4.14088e-06
    outer loop
      vertex 19.424 25.983 0
      vertex 19.3807 26.1785 10
      vertex 19.3296 26.4088 0
    endloop
  endfacet
  facet normal -0.97634 -0.216243 0
    outer loop
      vertex 19.3807 26.1785 10
      vertex 19.424 25.983 0
      vertex 19.424 25.983 10
    endloop
  endfacet
  facet normal -0.991427 -0.130662 0
    outer loop
      vertex 19.481 25.5505 0
      vertex 19.424 25.983 10
      vertex 19.424 25.983 0
    endloop
  endfacet
  facet normal -0.991427 -0.130662 0
    outer loop
      vertex 19.424 25.983 10
      vertex 19.481 25.5505 0
      vertex 19.481 25.5505 10
    endloop
  endfacet
  facet normal 0.793322 -0.608802 0
    outer loop
      vertex 10.4042 27.9826 10
      vertex 10.6698 28.3287 0
      vertex 10.6698 28.3287 10
    endloop
  endfacet
  facet normal 0.793322 -0.608802 0
    outer loop
      vertex 10.6698 28.3287 0
      vertex 10.4042 27.9826 10
      vertex 10.4042 27.9826 0
    endloop
  endfacet
  facet normal -0.30078 0.953693 0
    outer loop
      vertex 16.2101 20.4163 0
      vertex 15.7941 20.2851 10
      vertex 16.2101 20.4163 10
    endloop
  endfacet
  facet normal -0.30078 0.953693 0
    outer loop
      vertex 15.7941 20.2851 10
      vertex 16.2101 20.4163 0
      vertex 15.7941 20.2851 0
    endloop
  endfacet
  facet normal 0.88698 0.461807 0
    outer loop
      vertex 10.1699 22.6147 10
      vertex 9.96846 23.0016 0
      vertex 9.96846 23.0016 10
    endloop
  endfacet
  facet normal 0.88698 0.461807 0
    outer loop
      vertex 9.96846 23.0016 0
      vertex 10.1699 22.6147 10
      vertex 10.1699 22.6147 0
    endloop
  endfacet
  facet normal 0.608719 -0.793386 0
    outer loop
      vertex -17.7139 28.945 0
      vertex -17.5399 29.0785 10
      vertex -17.7139 28.945 10
    endloop
  endfacet
  facet normal 0.608768 -0.793348 -1.37575e-06
    outer loop
      vertex -17.3679 29.2105 0
      vertex -17.5399 29.0785 10
      vertex -17.7139 28.945 0
    endloop
  endfacet
  facet normal 0.608819 -0.793309 0
    outer loop
      vertex -17.5399 29.0785 10
      vertex -17.3679 29.2105 0
      vertex -17.3679 29.2105 10
    endloop
  endfacet
  facet normal 0.537335 -0.843369 0
    outer loop
      vertex -17.3679 29.2105 0
      vertex -17 29.4449 10
      vertex -17.3679 29.2105 10
    endloop
  endfacet
  facet normal 0.537335 -0.843369 0
    outer loop
      vertex -17 29.4449 10
      vertex -17.3679 29.2105 0
      vertex -17 29.4449 0
    endloop
  endfacet
  facet normal 0.6756 -0.737268 0
    outer loop
      vertex -18.0355 28.6503 0
      vertex -17.7139 28.945 10
      vertex -18.0355 28.6503 10
    endloop
  endfacet
  facet normal 0.6756 -0.737268 0
    outer loop
      vertex -17.7139 28.945 10
      vertex -18.0355 28.6503 0
      vertex -17.7139 28.945 0
    endloop
  endfacet
  facet normal -0.991448 0.130504 0
    outer loop
      vertex -9.57596 24.2465 0
      vertex -9.51903 24.679 10
      vertex -9.51903 24.679 0
    endloop
  endfacet
  facet normal -0.991448 0.130504 0
    outer loop
      vertex -9.51903 24.679 10
      vertex -9.57596 24.2465 0
      vertex -9.57596 24.2465 10
    endloop
  endfacet
  facet normal -0.737268 0.6756 0
    outer loop
      vertex -10.9645 21.5792 0
      vertex -10.6698 21.9008 10
      vertex -10.6698 21.9008 0
    endloop
  endfacet
  facet normal -0.737268 0.6756 0
    outer loop
      vertex -10.6698 21.9008 10
      vertex -10.9645 21.5792 0
      vertex -10.9645 21.5792 10
    endloop
  endfacet
  facet normal 0.30078 -0.953693 0
    outer loop
      vertex -16.2101 29.8132 0
      vertex -15.7941 29.9444 10
      vertex -16.2101 29.8132 10
    endloop
  endfacet
  facet normal 0.30078 -0.953693 0
    outer loop
      vertex -15.7941 29.9444 10
      vertex -16.2101 29.8132 0
      vertex -15.7941 29.9444 0
    endloop
  endfacet
  facet normal -0.537335 -0.843369 0
    outer loop
      vertex -12 29.4449 0
      vertex -11.6321 29.2105 10
      vertex -12 29.4449 10
    endloop
  endfacet
  facet normal -0.537335 -0.843369 -0
    outer loop
      vertex -11.6321 29.2105 10
      vertex -12 29.4449 0
      vertex -11.6321 29.2105 0
    endloop
  endfacet
  facet normal -0.216396 0.976306 0
    outer loop
      vertex -13.2059 20.2851 0
      vertex -13.6318 20.1907 10
      vertex -13.2059 20.2851 10
    endloop
  endfacet
  facet normal -0.216396 0.976306 0
    outer loop
      vertex -13.6318 20.1907 10
      vertex -13.2059 20.2851 0
      vertex -13.6318 20.1907 0
    endloop
  endfacet
  facet normal -0.843473 -0.537172 0
    outer loop
      vertex -10.1699 27.6147 0
      vertex -10.4042 27.9826 10
      vertex -10.4042 27.9826 0
    endloop
  endfacet
  facet normal -0.843473 -0.537172 0
    outer loop
      vertex -10.4042 27.9826 10
      vertex -10.1699 27.6147 0
      vertex -10.1699 27.6147 10
    endloop
  endfacet
  facet normal -0.737268 -0.6756 0
    outer loop
      vertex -10.6698 28.3287 0
      vertex -10.9645 28.6503 10
      vertex -10.9645 28.6503 0
    endloop
  endfacet
  facet normal -0.737268 -0.6756 0
    outer loop
      vertex -10.9645 28.6503 10
      vertex -10.6698 28.3287 0
      vertex -10.6698 28.3287 10
    endloop
  endfacet
  facet normal 0.737268 0.6756 0
    outer loop
      vertex -18.0355 21.5792 10
      vertex -18.3302 21.9008 0
      vertex -18.3302 21.9008 10
    endloop
  endfacet
  facet normal 0.737268 0.6756 0
    outer loop
      vertex -18.3302 21.9008 0
      vertex -18.0355 21.5792 10
      vertex -18.0355 21.5792 0
    endloop
  endfacet
  facet normal -0.461735 0.887018 0
    outer loop
      vertex -12 20.7846 0
      vertex -12.3869 20.5832 10
      vertex -12 20.7846 10
    endloop
  endfacet
  facet normal -0.461735 0.887018 0
    outer loop
      vertex -12.3869 20.5832 10
      vertex -12 20.7846 0
      vertex -12.3869 20.5832 0
    endloop
  endfacet
  facet normal 0.216396 -0.976306 0
    outer loop
      vertex -15.7941 29.9444 0
      vertex -15.3682 30.0388 10
      vertex -15.7941 29.9444 10
    endloop
  endfacet
  facet normal 0.216396 -0.976306 0
    outer loop
      vertex -15.3682 30.0388 10
      vertex -15.7941 29.9444 0
      vertex -15.3682 30.0388 0
    endloop
  endfacet
  facet normal 0.0437854 0.999041 -0
    outer loop
      vertex -14.5 20.1147 0
      vertex -14.9358 20.1338 10
      vertex -14.5 20.1147 10
    endloop
  endfacet
  facet normal 0.0437854 0.999041 0
    outer loop
      vertex -14.9358 20.1338 10
      vertex -14.5 20.1147 0
      vertex -14.9358 20.1338 0
    endloop
  endfacet
  facet normal 0.999051 -0.0435566 0
    outer loop
      vertex -19.5 25.1147 10
      vertex -19.481 25.5505 0
      vertex -19.481 25.5505 10
    endloop
  endfacet
  facet normal 0.999051 -0.0435566 0
    outer loop
      vertex -19.481 25.5505 0
      vertex -19.5 25.1147 10
      vertex -19.5 25.1147 0
    endloop
  endfacet
  facet normal 0.999051 0.0435666 0
    outer loop
      vertex -19.481 24.679 10
      vertex -19.5 25.1147 0
      vertex -19.5 25.1147 10
    endloop
  endfacet
  facet normal 0.999051 0.0435666 0
    outer loop
      vertex -19.5 25.1147 0
      vertex -19.481 24.679 10
      vertex -19.481 24.679 0
    endloop
  endfacet
  facet normal -0.88698 -0.461807 0
    outer loop
      vertex -9.96846 27.2278 0
      vertex -10.1699 27.6147 10
      vertex -10.1699 27.6147 0
    endloop
  endfacet
  facet normal -0.88698 -0.461807 0
    outer loop
      vertex -10.1699 27.6147 10
      vertex -9.96846 27.2278 0
      vertex -9.96846 27.2278 10
    endloop
  endfacet
  facet normal -0.793322 -0.608802 0
    outer loop
      vertex -10.4042 27.9826 0
      vertex -10.6698 28.3287 10
      vertex -10.6698 28.3287 0
    endloop
  endfacet
  facet normal -0.793322 -0.608802 0
    outer loop
      vertex -10.6698 28.3287 10
      vertex -10.4042 27.9826 0
      vertex -10.4042 27.9826 10
    endloop
  endfacet
  facet normal -0.97629 -0.216467 0
    outer loop
      vertex -9.57596 25.983 0
      vertex -9.67037 26.4088 10
      vertex -9.67037 26.4088 0
    endloop
  endfacet
  facet normal -0.97629 -0.216467 0
    outer loop
      vertex -9.67037 26.4088 10
      vertex -9.57596 25.983 0
      vertex -9.57596 25.983 10
    endloop
  endfacet
  facet normal -0.6756 0.737268 0
    outer loop
      vertex -10.9645 21.5792 0
      vertex -11.2861 21.2845 10
      vertex -10.9645 21.5792 10
    endloop
  endfacet
  facet normal -0.6756 0.737268 0
    outer loop
      vertex -11.2861 21.2845 10
      vertex -10.9645 21.5792 0
      vertex -11.2861 21.2845 0
    endloop
  endfacet
  facet normal 0.382629 0.923902 -0
    outer loop
      vertex -16.2101 20.4163 0
      vertex -16.6131 20.5832 10
      vertex -16.2101 20.4163 10
    endloop
  endfacet
  facet normal 0.382629 0.923902 0
    outer loop
      vertex -16.6131 20.5832 10
      vertex -16.2101 20.4163 0
      vertex -16.6131 20.5832 0
    endloop
  endfacet
  facet normal 0.6756 0.737268 -0
    outer loop
      vertex -17.7139 21.2845 0
      vertex -18.0355 21.5792 10
      vertex -17.7139 21.2845 10
    endloop
  endfacet
  facet normal 0.6756 0.737268 0
    outer loop
      vertex -18.0355 21.5792 10
      vertex -17.7139 21.2845 0
      vertex -18.0355 21.5792 0
    endloop
  endfacet
  facet normal 0.991427 -0.130662 0
    outer loop
      vertex -19.481 25.5505 10
      vertex -19.424 25.983 0
      vertex -19.424 25.983 10
    endloop
  endfacet
  facet normal 0.991427 -0.130662 0
    outer loop
      vertex -19.424 25.983 0
      vertex -19.481 25.5505 10
      vertex -19.481 25.5505 0
    endloop
  endfacet
  facet normal 0.461735 -0.887018 0
    outer loop
      vertex -17 29.4449 0
      vertex -16.6131 29.6463 10
      vertex -17 29.4449 10
    endloop
  endfacet
  facet normal 0.461735 -0.887018 0
    outer loop
      vertex -16.6131 29.6463 10
      vertex -17 29.4449 0
      vertex -16.6131 29.6463 0
    endloop
  endfacet
  facet normal 0.130466 0.991453 -0
    outer loop
      vertex -14.9358 20.1338 0
      vertex -15.3682 20.1907 10
      vertex -14.9358 20.1338 10
    endloop
  endfacet
  facet normal 0.130466 0.991453 0
    outer loop
      vertex -15.3682 20.1907 10
      vertex -14.9358 20.1338 0
      vertex -15.3682 20.1907 0
    endloop
  endfacet
  facet normal -0.6756 -0.737268 0
    outer loop
      vertex -11.2861 28.945 0
      vertex -10.9645 28.6503 10
      vertex -11.2861 28.945 10
    endloop
  endfacet
  facet normal -0.6756 -0.737268 -0
    outer loop
      vertex -10.9645 28.6503 10
      vertex -11.2861 28.945 0
      vertex -10.9645 28.6503 0
    endloop
  endfacet
  facet normal 0.887018 -0.461735 0
    outer loop
      vertex -19.0315 27.2278 10
      vertex -18.8301 27.6147 0
      vertex -18.8301 27.6147 10
    endloop
  endfacet
  facet normal 0.887018 -0.461735 0
    outer loop
      vertex -18.8301 27.6147 0
      vertex -19.0315 27.2278 10
      vertex -19.0315 27.2278 0
    endloop
  endfacet
  facet normal -0.30078 -0.953693 0
    outer loop
      vertex -13.2059 29.9444 0
      vertex -12.7899 29.8132 10
      vertex -13.2059 29.9444 10
    endloop
  endfacet
  facet normal -0.30078 -0.953693 -0
    outer loop
      vertex -12.7899 29.8132 10
      vertex -13.2059 29.9444 0
      vertex -12.7899 29.8132 0
    endloop
  endfacet
  facet normal -0.999048 0.0436352 0
    outer loop
      vertex -9.51903 24.679 0
      vertex -9.5 25.1147 10
      vertex -9.5 25.1147 0
    endloop
  endfacet
  facet normal -0.999048 0.0436352 0
    outer loop
      vertex -9.5 25.1147 10
      vertex -9.51903 24.679 0
      vertex -9.51903 24.679 10
    endloop
  endfacet
  facet normal 0.737268 -0.6756 0
    outer loop
      vertex -18.3302 28.3287 10
      vertex -18.0355 28.6503 0
      vertex -18.0355 28.6503 10
    endloop
  endfacet
  facet normal 0.737268 -0.6756 0
    outer loop
      vertex -18.0355 28.6503 0
      vertex -18.3302 28.3287 10
      vertex -18.3302 28.3287 0
    endloop
  endfacet
  facet normal 0.976306 0.216396 0
    outer loop
      vertex -19.3296 23.8206 10
      vertex -19.424 24.2465 0
      vertex -19.424 24.2465 10
    endloop
  endfacet
  facet normal 0.976306 0.216396 0
    outer loop
      vertex -19.424 24.2465 0
      vertex -19.3296 23.8206 10
      vertex -19.3296 23.8206 0
    endloop
  endfacet
  facet normal -0.953713 -0.300718 0
    outer loop
      vertex -9.67037 26.4088 0
      vertex -9.80154 26.8248 10
      vertex -9.80154 26.8248 0
    endloop
  endfacet
  facet normal -0.953713 -0.300718 0
    outer loop
      vertex -9.80154 26.8248 10
      vertex -9.67037 26.4088 0
      vertex -9.67037 26.4088 10
    endloop
  endfacet
  facet normal -0.793322 0.608802 0
    outer loop
      vertex -10.6698 21.9008 0
      vertex -10.4042 22.2469 10
      vertex -10.4042 22.2469 0
    endloop
  endfacet
  facet normal -0.793322 0.608802 0
    outer loop
      vertex -10.4042 22.2469 10
      vertex -10.6698 21.9008 0
      vertex -10.6698 21.9008 10
    endloop
  endfacet
  facet normal 0.382629 -0.923902 0
    outer loop
      vertex -16.6131 29.6463 0
      vertex -16.2101 29.8132 10
      vertex -16.6131 29.6463 10
    endloop
  endfacet
  facet normal 0.382629 -0.923902 0
    outer loop
      vertex -16.2101 29.8132 10
      vertex -16.6131 29.6463 0
      vertex -16.2101 29.8132 0
    endloop
  endfacet
  facet normal 0.0435566 -0.999051 0
    outer loop
      vertex -14.9358 30.0957 0
      vertex -14.5 30.1147 10
      vertex -14.9358 30.0957 10
    endloop
  endfacet
  facet normal 0.0435566 -0.999051 0
    outer loop
      vertex -14.5 30.1147 10
      vertex -14.9358 30.0957 0
      vertex -14.5 30.1147 0
    endloop
  endfacet
  facet normal 0.976257 -0.216616 0
    outer loop
      vertex -19.3807 26.1785 10
      vertex -19.3296 26.4088 0
      vertex -19.3296 26.4088 10
    endloop
  endfacet
  facet normal 0.97634 -0.216243 0
    outer loop
      vertex -19.424 25.983 0
      vertex -19.3807 26.1785 10
      vertex -19.424 25.983 10
    endloop
  endfacet
  facet normal 0.976295 -0.216445 4.14088e-06
    outer loop
      vertex -19.3807 26.1785 10
      vertex -19.424 25.983 0
      vertex -19.3296 26.4088 0
    endloop
  endfacet
  facet normal -0.30078 0.953693 0
    outer loop
      vertex -12.7899 20.4163 0
      vertex -13.2059 20.2851 10
      vertex -12.7899 20.4163 10
    endloop
  endfacet
  facet normal -0.30078 0.953693 0
    outer loop
      vertex -13.2059 20.2851 10
      vertex -12.7899 20.4163 0
      vertex -13.2059 20.2851 0
    endloop
  endfacet
  facet normal 0.953759 -0.300572 0
    outer loop
      vertex -19.3296 26.4088 10
      vertex -19.1985 26.8248 0
      vertex -19.1985 26.8248 10
    endloop
  endfacet
  facet normal 0.953759 -0.300572 0
    outer loop
      vertex -19.1985 26.8248 0
      vertex -19.3296 26.4088 10
      vertex -19.3296 26.4088 0
    endloop
  endfacet
  facet normal -0.991448 -0.130504 0
    outer loop
      vertex -9.51903 25.5505 0
      vertex -9.57596 25.983 10
      vertex -9.57596 25.983 0
    endloop
  endfacet
  facet normal -0.991448 -0.130504 0
    outer loop
      vertex -9.57596 25.983 10
      vertex -9.51903 25.5505 0
      vertex -9.51903 25.5505 10
    endloop
  endfacet
  facet normal 0.923891 0.382656 0
    outer loop
      vertex -19.0875 23.1366 10
      vertex -19.1985 23.4046 0
      vertex -19.1985 23.4046 10
    endloop
  endfacet
  facet normal 0.923683 0.383157 -0
    outer loop
      vertex -19.0315 23.0016 0
      vertex -19.0875 23.1366 10
      vertex -19.0315 23.0016 10
    endloop
  endfacet
  facet normal 0.923821 0.382824 5.27243e-06
    outer loop
      vertex -19.0875 23.1366 10
      vertex -19.0315 23.0016 0
      vertex -19.1985 23.4046 0
    endloop
  endfacet
  facet normal -0.0433588 -0.99906 0
    outer loop
      vertex -14.5 30.1147 0
      vertex -14.1682 30.1003 10
      vertex -14.5 30.1147 10
    endloop
  endfacet
  facet normal -0.0435566 -0.999051 6.57475e-06
    outer loop
      vertex -14.0642 30.0957 0
      vertex -14.1682 30.1003 10
      vertex -14.5 30.1147 0
    endloop
  endfacet
  facet normal -0.0441876 -0.999023 0
    outer loop
      vertex -14.1682 30.1003 10
      vertex -14.0642 30.0957 0
      vertex -14.0642 30.0957 10
    endloop
  endfacet
  facet normal -0.130466 -0.991453 0
    outer loop
      vertex -14.0642 30.0957 0
      vertex -13.6318 30.0388 10
      vertex -14.0642 30.0957 10
    endloop
  endfacet
  facet normal -0.130466 -0.991453 -0
    outer loop
      vertex -13.6318 30.0388 10
      vertex -14.0642 30.0957 0
      vertex -13.6318 30.0388 0
    endloop
  endfacet
  facet normal 0.793322 -0.608802 0
    outer loop
      vertex -18.5958 27.9826 10
      vertex -18.3302 28.3287 0
      vertex -18.3302 28.3287 10
    endloop
  endfacet
  facet normal 0.793322 -0.608802 0
    outer loop
      vertex -18.3302 28.3287 0
      vertex -18.5958 27.9826 10
      vertex -18.5958 27.9826 0
    endloop
  endfacet
  facet normal 0.923821 -0.382824 0
    outer loop
      vertex -19.1985 26.8248 10
      vertex -19.0315 27.2278 0
      vertex -19.0315 27.2278 10
    endloop
  endfacet
  facet normal 0.923821 -0.382824 0
    outer loop
      vertex -19.0315 27.2278 0
      vertex -19.1985 26.8248 10
      vertex -19.1985 26.8248 0
    endloop
  endfacet
  facet normal 0.843473 -0.537172 0
    outer loop
      vertex -18.8301 27.6147 10
      vertex -18.5958 27.9826 0
      vertex -18.5958 27.9826 10
    endloop
  endfacet
  facet normal 0.843473 -0.537172 0
    outer loop
      vertex -18.5958 27.9826 0
      vertex -18.8301 27.6147 10
      vertex -18.8301 27.6147 0
    endloop
  endfacet
  facet normal 0.537335 0.843369 -0
    outer loop
      vertex -17 20.7846 0
      vertex -17.3679 21.019 10
      vertex -17 20.7846 10
    endloop
  endfacet
  facet normal 0.537335 0.843369 0
    outer loop
      vertex -17.3679 21.019 10
      vertex -17 20.7846 0
      vertex -17.3679 21.019 0
    endloop
  endfacet
  facet normal -0.130466 0.991453 0
    outer loop
      vertex -13.6318 20.1907 0
      vertex -14.0642 20.1338 10
      vertex -13.6318 20.1907 10
    endloop
  endfacet
  facet normal -0.130466 0.991453 0
    outer loop
      vertex -14.0642 20.1338 10
      vertex -13.6318 20.1907 0
      vertex -14.0642 20.1338 0
    endloop
  endfacet
  facet normal 0.608768 0.793348 -0
    outer loop
      vertex -17.3679 21.019 0
      vertex -17.7139 21.2845 10
      vertex -17.3679 21.019 10
    endloop
  endfacet
  facet normal 0.608768 0.793348 0
    outer loop
      vertex -17.7139 21.2845 10
      vertex -17.3679 21.019 0
      vertex -17.7139 21.2845 0
    endloop
  endfacet
  facet normal 0.30078 0.953693 -0
    outer loop
      vertex -15.7941 20.2851 0
      vertex -16.2101 20.4163 10
      vertex -15.7941 20.2851 10
    endloop
  endfacet
  facet normal 0.30078 0.953693 0
    outer loop
      vertex -16.2101 20.4163 10
      vertex -15.7941 20.2851 0
      vertex -16.2101 20.4163 0
    endloop
  endfacet
  facet normal -0.976301 0.216418 0
    outer loop
      vertex -9.67037 23.8206 0
      vertex -9.57596 24.2465 10
      vertex -9.57596 24.2465 0
    endloop
  endfacet
  facet normal -0.976301 0.216418 0
    outer loop
      vertex -9.57596 24.2465 10
      vertex -9.67037 23.8206 0
      vertex -9.67037 23.8206 10
    endloop
  endfacet
  facet normal 0.461735 0.887018 -0
    outer loop
      vertex -16.6131 20.5832 0
      vertex -17 20.7846 10
      vertex -16.6131 20.5832 10
    endloop
  endfacet
  facet normal 0.461735 0.887018 0
    outer loop
      vertex -17 20.7846 10
      vertex -16.6131 20.5832 0
      vertex -17 20.7846 0
    endloop
  endfacet
  facet normal 0.793322 0.608802 0
    outer loop
      vertex -18.3302 21.9008 10
      vertex -18.5958 22.2469 0
      vertex -18.5958 22.2469 10
    endloop
  endfacet
  facet normal 0.793322 0.608802 0
    outer loop
      vertex -18.5958 22.2469 0
      vertex -18.3302 21.9008 10
      vertex -18.3302 21.9008 0
    endloop
  endfacet
  facet normal -0.537335 0.843369 0
    outer loop
      vertex -11.6321 21.019 0
      vertex -12 20.7846 10
      vertex -11.6321 21.019 10
    endloop
  endfacet
  facet normal -0.537335 0.843369 0
    outer loop
      vertex -12 20.7846 10
      vertex -11.6321 21.019 0
      vertex -12 20.7846 0
    endloop
  endfacet
  facet normal 0.953759 0.300572 0
    outer loop
      vertex -19.1985 23.4046 10
      vertex -19.3296 23.8206 0
      vertex -19.3296 23.8206 10
    endloop
  endfacet
  facet normal 0.953759 0.300572 0
    outer loop
      vertex -19.3296 23.8206 0
      vertex -19.1985 23.4046 10
      vertex -19.1985 23.4046 0
    endloop
  endfacet
  facet normal 0.843406 0.537276 0
    outer loop
      vertex -18.5958 22.2469 10
      vertex -18.8301 22.6147 0
      vertex -18.8301 22.6147 10
    endloop
  endfacet
  facet normal 0.843406 0.537276 0
    outer loop
      vertex -18.8301 22.6147 0
      vertex -18.5958 22.2469 10
      vertex -18.5958 22.2469 0
    endloop
  endfacet
  facet normal -0.608768 -0.793348 0
    outer loop
      vertex -11.6321 29.2105 0
      vertex -11.2861 28.945 10
      vertex -11.6321 29.2105 10
    endloop
  endfacet
  facet normal -0.608768 -0.793348 -0
    outer loop
      vertex -11.2861 28.945 10
      vertex -11.6321 29.2105 0
      vertex -11.2861 28.945 0
    endloop
  endfacet
  facet normal -0.88698 0.461807 0
    outer loop
      vertex -10.1699 22.6147 0
      vertex -9.96846 23.0016 10
      vertex -9.96846 23.0016 0
    endloop
  endfacet
  facet normal -0.88698 0.461807 0
    outer loop
      vertex -9.96846 23.0016 10
      vertex -10.1699 22.6147 0
      vertex -10.1699 22.6147 10
    endloop
  endfacet
  facet normal -0.953713 0.300718 0
    outer loop
      vertex -9.80154 23.4046 0
      vertex -9.67037 23.8206 10
      vertex -9.67037 23.8206 0
    endloop
  endfacet
  facet normal -0.953713 0.300718 0
    outer loop
      vertex -9.67037 23.8206 10
      vertex -9.80154 23.4046 0
      vertex -9.80154 23.4046 10
    endloop
  endfacet
  facet normal -0.608768 0.793348 0
    outer loop
      vertex -11.2861 21.2845 0
      vertex -11.6321 21.019 10
      vertex -11.2861 21.2845 10
    endloop
  endfacet
  facet normal -0.608768 0.793348 0
    outer loop
      vertex -11.6321 21.019 10
      vertex -11.2861 21.2845 0
      vertex -11.6321 21.019 0
    endloop
  endfacet
  facet normal -0.923886 -0.382668 0
    outer loop
      vertex -9.80154 26.8248 0
      vertex -9.96846 27.2278 10
      vertex -9.96846 27.2278 0
    endloop
  endfacet
  facet normal -0.923886 -0.382668 0
    outer loop
      vertex -9.96846 27.2278 10
      vertex -9.80154 26.8248 0
      vertex -9.80154 26.8248 10
    endloop
  endfacet
  facet normal -0.461735 -0.887018 0
    outer loop
      vertex -12.3869 29.6463 0
      vertex -12 29.4449 10
      vertex -12.3869 29.6463 10
    endloop
  endfacet
  facet normal -0.461735 -0.887018 -0
    outer loop
      vertex -12 29.4449 10
      vertex -12.3869 29.6463 0
      vertex -12 29.4449 0
    endloop
  endfacet
  facet normal 0.216396 0.976306 -0
    outer loop
      vertex -15.3682 20.1907 0
      vertex -15.7941 20.2851 10
      vertex -15.3682 20.1907 10
    endloop
  endfacet
  facet normal 0.216396 0.976306 0
    outer loop
      vertex -15.7941 20.2851 10
      vertex -15.3682 20.1907 0
      vertex -15.7941 20.2851 0
    endloop
  endfacet
  facet normal 0.130466 -0.991453 0
    outer loop
      vertex -15.3682 30.0388 0
      vertex -14.9358 30.0957 10
      vertex -15.3682 30.0388 10
    endloop
  endfacet
  facet normal 0.130466 -0.991453 0
    outer loop
      vertex -14.9358 30.0957 10
      vertex -15.3682 30.0388 0
      vertex -14.9358 30.0957 0
    endloop
  endfacet
  facet normal 0.887018 0.461735 0
    outer loop
      vertex -18.8301 22.6147 10
      vertex -19.0315 23.0016 0
      vertex -19.0315 23.0016 10
    endloop
  endfacet
  facet normal 0.887018 0.461735 0
    outer loop
      vertex -19.0315 23.0016 0
      vertex -18.8301 22.6147 10
      vertex -18.8301 22.6147 0
    endloop
  endfacet
  facet normal -0.843406 0.537276 0
    outer loop
      vertex -10.4042 22.2469 0
      vertex -10.1699 22.6147 10
      vertex -10.1699 22.6147 0
    endloop
  endfacet
  facet normal -0.843406 0.537276 0
    outer loop
      vertex -10.1699 22.6147 10
      vertex -10.4042 22.2469 0
      vertex -10.4042 22.2469 10
    endloop
  endfacet
  facet normal 0.991427 0.130662 0
    outer loop
      vertex -19.424 24.2465 10
      vertex -19.481 24.679 0
      vertex -19.481 24.679 10
    endloop
  endfacet
  facet normal 0.991427 0.130662 0
    outer loop
      vertex -19.481 24.679 0
      vertex -19.424 24.2465 10
      vertex -19.424 24.2465 0
    endloop
  endfacet
  facet normal -0.382629 -0.923902 0
    outer loop
      vertex -12.7899 29.8132 0
      vertex -12.3869 29.6463 10
      vertex -12.7899 29.8132 10
    endloop
  endfacet
  facet normal -0.382629 -0.923902 -0
    outer loop
      vertex -12.3869 29.6463 10
      vertex -12.7899 29.8132 0
      vertex -12.3869 29.6463 0
    endloop
  endfacet
  facet normal -0.923886 0.382668 0
    outer loop
      vertex -9.96846 23.0016 0
      vertex -9.80154 23.4046 10
      vertex -9.80154 23.4046 0
    endloop
  endfacet
  facet normal -0.923886 0.382668 0
    outer loop
      vertex -9.80154 23.4046 10
      vertex -9.96846 23.0016 0
      vertex -9.96846 23.0016 10
    endloop
  endfacet
  facet normal -0.382629 0.923902 0
    outer loop
      vertex -12.3869 20.5832 0
      vertex -12.7899 20.4163 10
      vertex -12.3869 20.5832 10
    endloop
  endfacet
  facet normal -0.382629 0.923902 0
    outer loop
      vertex -12.7899 20.4163 10
      vertex -12.3869 20.5832 0
      vertex -12.7899 20.4163 0
    endloop
  endfacet
  facet normal -0.216396 -0.976306 0
    outer loop
      vertex -13.6318 30.0388 0
      vertex -13.2059 29.9444 10
      vertex -13.6318 30.0388 10
    endloop
  endfacet
  facet normal -0.216396 -0.976306 -0
    outer loop
      vertex -13.2059 29.9444 10
      vertex -13.6318 30.0388 0
      vertex -13.2059 29.9444 0
    endloop
  endfacet
  facet normal -0.999048 -0.0436252 0
    outer loop
      vertex -9.5 25.1147 0
      vertex -9.51903 25.5505 10
      vertex -9.51903 25.5505 0
    endloop
  endfacet
  facet normal -0.999048 -0.0436252 0
    outer loop
      vertex -9.51903 25.5505 10
      vertex -9.5 25.1147 0
      vertex -9.5 25.1147 10
    endloop
  endfacet
  facet normal -0.0437854 0.999041 0
    outer loop
      vertex -14.0642 20.1338 0
      vertex -14.5 20.1147 10
      vertex -14.0642 20.1338 10
    endloop
  endfacet
  facet normal -0.0437854 0.999041 0
    outer loop
      vertex -14.5 20.1147 10
      vertex -14.0642 20.1338 0
      vertex -14.5 20.1147 0
    endloop
  endfacet
  facet normal 0.976301 0.216416 0
    outer loop
      vertex -33.8296 -1.2941 10
      vertex -33.924 -0.86824 0
      vertex -33.924 -0.86824 10
    endloop
  endfacet
  facet normal 0.976301 0.216416 0
    outer loop
      vertex -33.924 -0.86824 0
      vertex -33.8296 -1.2941 10
      vertex -33.8296 -1.2941 0
    endloop
  endfacet
  facet normal -0.300718 0.953713 0
    outer loop
      vertex -27.2899 -4.69846 0
      vertex -27.7059 -4.82963 10
      vertex -27.2899 -4.69846 10
    endloop
  endfacet
  facet normal -0.300718 0.953713 0
    outer loop
      vertex -27.7059 -4.82963 10
      vertex -27.2899 -4.69846 0
      vertex -27.7059 -4.82963 0
    endloop
  endfacet
  facet normal -0.382668 -0.923886 0
    outer loop
      vertex -27.2899 4.69846 0
      vertex -26.8869 4.53154 10
      vertex -27.2899 4.69846 10
    endloop
  endfacet
  facet normal -0.382668 -0.923886 -0
    outer loop
      vertex -26.8869 4.53154 10
      vertex -27.2899 4.69846 0
      vertex -26.8869 4.53154 0
    endloop
  endfacet
  facet normal 0.999051 -0.0435587 0
    outer loop
      vertex -34 0 10
      vertex -33.981 0.435779 0
      vertex -33.981 0.435779 10
    endloop
  endfacet
  facet normal 0.999051 -0.0435587 0
    outer loop
      vertex -33.981 0.435779 0
      vertex -34 0 10
      vertex -34 0 0
    endloop
  endfacet
  facet normal -0.675588 -0.73728 0
    outer loop
      vertex -25.7861 3.83022 0
      vertex -25.4645 3.53553 10
      vertex -25.7861 3.83022 10
    endloop
  endfacet
  facet normal -0.675588 -0.73728 -0
    outer loop
      vertex -25.4645 3.53553 10
      vertex -25.7861 3.83022 0
      vertex -25.4645 3.53553 0
    endloop
  endfacet
  facet normal -0.382668 0.923886 0
    outer loop
      vertex -26.8869 -4.53154 0
      vertex -27.2899 -4.69846 10
      vertex -26.8869 -4.53154 10
    endloop
  endfacet
  facet normal -0.382668 0.923886 0
    outer loop
      vertex -27.2899 -4.69846 10
      vertex -26.8869 -4.53154 0
      vertex -27.2899 -4.69846 0
    endloop
  endfacet
  facet normal 0.793288 -0.608846 0
    outer loop
      vertex -33.0958 2.86788 10
      vertex -32.8302 3.21394 0
      vertex -32.8302 3.21394 10
    endloop
  endfacet
  facet normal 0.793288 -0.608846 0
    outer loop
      vertex -32.8302 3.21394 0
      vertex -33.0958 2.86788 10
      vertex -33.0958 2.86788 0
    endloop
  endfacet
  facet normal 0.999051 0.0435587 0
    outer loop
      vertex -33.981 -0.435779 10
      vertex -34 0 0
      vertex -34 0 10
    endloop
  endfacet
  facet normal 0.999051 0.0435587 0
    outer loop
      vertex -34 0 0
      vertex -33.981 -0.435779 10
      vertex -33.981 -0.435779 0
    endloop
  endfacet
  facet normal 0.537286 -0.8434 0
    outer loop
      vertex -31.8679 4.09576 0
      vertex -31.5 4.33013 10
      vertex -31.8679 4.09576 10
    endloop
  endfacet
  facet normal 0.537286 -0.8434 0
    outer loop
      vertex -31.5 4.33013 10
      vertex -31.8679 4.09576 0
      vertex -31.5 4.33013 0
    endloop
  endfacet
  facet normal -0.461753 0.887008 0
    outer loop
      vertex -26.5 -4.33013 0
      vertex -26.8869 -4.53154 10
      vertex -26.5 -4.33013 10
    endloop
  endfacet
  facet normal -0.461753 0.887008 0
    outer loop
      vertex -26.8869 -4.53154 10
      vertex -26.5 -4.33013 0
      vertex -26.8869 -4.53154 0
    endloop
  endfacet
  facet normal 0.923818 0.382832 0
    outer loop
      vertex -33.5315 -2.11309 10
      vertex -33.6985 -1.7101 0
      vertex -33.6985 -1.7101 10
    endloop
  endfacet
  facet normal 0.923818 0.382832 0
    outer loop
      vertex -33.6985 -1.7101 0
      vertex -33.5315 -2.11309 10
      vertex -33.5315 -2.11309 0
    endloop
  endfacet
  facet normal 0.608826 0.793304 -0
    outer loop
      vertex -31.8679 -4.09576 0
      vertex -32.2139 -3.83022 10
      vertex -31.8679 -4.09576 10
    endloop
  endfacet
  facet normal 0.608826 0.793304 0
    outer loop
      vertex -32.2139 -3.83022 10
      vertex -31.8679 -4.09576 0
      vertex -32.2139 -3.83022 0
    endloop
  endfacet
  facet normal 0.461753 0.887008 -0
    outer loop
      vertex -31.1131 -4.53154 0
      vertex -31.5 -4.33013 10
      vertex -31.1131 -4.53154 10
    endloop
  endfacet
  facet normal 0.461753 0.887008 0
    outer loop
      vertex -31.5 -4.33013 10
      vertex -31.1131 -4.53154 0
      vertex -31.5 -4.33013 0
    endloop
  endfacet
  facet normal 0.382262 -0.924054 0
    outer loop
      vertex -31.1131 4.53154 0
      vertex -31.0707 4.54908 10
      vertex -31.1131 4.53154 10
    endloop
  endfacet
  facet normal 0.382715 -0.923866 -2.25151e-06
    outer loop
      vertex -31.0707 4.54908 10
      vertex -31.1131 4.53154 0
      vertex -30.7101 4.69846 10
    endloop
  endfacet
  facet normal 0.382668 -0.923886 0
    outer loop
      vertex -30.7101 4.69846 10
      vertex -31.1131 4.53154 0
      vertex -30.7101 4.69846 0
    endloop
  endfacet
  facet normal 0.675588 0.73728 -0
    outer loop
      vertex -32.2139 -3.83022 0
      vertex -32.5355 -3.53553 10
      vertex -32.2139 -3.83022 10
    endloop
  endfacet
  facet normal 0.675588 0.73728 0
    outer loop
      vertex -32.5355 -3.53553 10
      vertex -32.2139 -3.83022 0
      vertex -32.5355 -3.53553 0
    endloop
  endfacet
  facet normal -0.461753 -0.887008 0
    outer loop
      vertex -26.8869 4.53154 0
      vertex -26.5 4.33013 10
      vertex -26.8869 4.53154 10
    endloop
  endfacet
  facet normal -0.461753 -0.887008 -0
    outer loop
      vertex -26.5 4.33013 10
      vertex -26.8869 4.53154 0
      vertex -26.5 4.33013 0
    endloop
  endfacet
  facet normal 0.216418 -0.976301 0
    outer loop
      vertex -30.2941 4.82963 0
      vertex -29.8682 4.92404 10
      vertex -30.2941 4.82963 10
    endloop
  endfacet
  facet normal 0.216418 -0.976301 0
    outer loop
      vertex -29.8682 4.92404 10
      vertex -30.2941 4.82963 0
      vertex -29.8682 4.92404 0
    endloop
  endfacet
  facet normal 0.976301 -0.216416 0
    outer loop
      vertex -33.924 0.86824 10
      vertex -33.8296 1.2941 0
      vertex -33.8296 1.2941 10
    endloop
  endfacet
  facet normal 0.976301 -0.216416 0
    outer loop
      vertex -33.8296 1.2941 0
      vertex -33.924 0.86824 10
      vertex -33.924 0.86824 0
    endloop
  endfacet
  facet normal 0.793288 0.608846 0
    outer loop
      vertex -32.8302 -3.21394 10
      vertex -33.0958 -2.86788 0
      vertex -33.0958 -2.86788 10
    endloop
  endfacet
  facet normal 0.793288 0.608846 0
    outer loop
      vertex -33.0958 -2.86788 0
      vertex -32.8302 -3.21394 10
      vertex -32.8302 -3.21394 0
    endloop
  endfacet
  facet normal -0.999051 0.0435587 0
    outer loop
      vertex -24.019 -0.435779 0
      vertex -24 0 10
      vertex -24 0 0
    endloop
  endfacet
  facet normal -0.999051 0.0435587 0
    outer loop
      vertex -24 0 10
      vertex -24.019 -0.435779 0
      vertex -24.019 -0.435779 10
    endloop
  endfacet
  facet normal -0.991425 0.130674 0
    outer loop
      vertex -24.076 -0.86824 0
      vertex -24.019 -0.435779 10
      vertex -24.019 -0.435779 0
    endloop
  endfacet
  facet normal -0.991425 0.130674 0
    outer loop
      vertex -24.019 -0.435779 10
      vertex -24.076 -0.86824 0
      vertex -24.076 -0.86824 10
    endloop
  endfacet
  facet normal -0.737258 0.675611 0
    outer loop
      vertex -25.4645 -3.53553 0
      vertex -25.1698 -3.21394 10
      vertex -25.1698 -3.21394 0
    endloop
  endfacet
  facet normal -0.737258 0.675611 0
    outer loop
      vertex -25.1698 -3.21394 10
      vertex -25.4645 -3.53553 0
      vertex -25.4645 -3.53553 10
    endloop
  endfacet
  facet normal 0.300718 -0.953713 0
    outer loop
      vertex -30.7101 4.69846 0
      vertex -30.2941 4.82963 10
      vertex -30.7101 4.69846 10
    endloop
  endfacet
  facet normal 0.300718 -0.953713 0
    outer loop
      vertex -30.2941 4.82963 10
      vertex -30.7101 4.69846 0
      vertex -30.2941 4.82963 0
    endloop
  endfacet
  facet normal 0.537286 0.8434 -0
    outer loop
      vertex -31.5 -4.33013 0
      vertex -31.8679 -4.09576 10
      vertex -31.5 -4.33013 10
    endloop
  endfacet
  facet normal 0.537286 0.8434 0
    outer loop
      vertex -31.8679 -4.09576 10
      vertex -31.5 -4.33013 0
      vertex -31.8679 -4.09576 0
    endloop
  endfacet
  facet normal -0.923818 0.382832 0
    outer loop
      vertex -24.4685 -2.11309 0
      vertex -24.3015 -1.7101 10
      vertex -24.3015 -1.7101 0
    endloop
  endfacet
  facet normal -0.923818 0.382832 0
    outer loop
      vertex -24.3015 -1.7101 10
      vertex -24.4685 -2.11309 0
      vertex -24.4685 -2.11309 10
    endloop
  endfacet
  facet normal -0.537286 0.8434 0
    outer loop
      vertex -26.1321 -4.09576 0
      vertex -26.5 -4.33013 10
      vertex -26.1321 -4.09576 10
    endloop
  endfacet
  facet normal -0.537286 0.8434 0
    outer loop
      vertex -26.5 -4.33013 10
      vertex -26.1321 -4.09576 0
      vertex -26.5 -4.33013 0
    endloop
  endfacet
  facet normal -0.793288 -0.608846 0
    outer loop
      vertex -24.9042 2.86788 0
      vertex -25.1698 3.21394 10
      vertex -25.1698 3.21394 0
    endloop
  endfacet
  facet normal -0.793288 -0.608846 0
    outer loop
      vertex -25.1698 3.21394 10
      vertex -24.9042 2.86788 0
      vertex -24.9042 2.86788 10
    endloop
  endfacet
  facet normal 0.843459 -0.537193 0
    outer loop
      vertex -33.3301 2.5 10
      vertex -33.0958 2.86788 0
      vertex -33.0958 2.86788 10
    endloop
  endfacet
  facet normal 0.843459 -0.537193 0
    outer loop
      vertex -33.0958 2.86788 0
      vertex -33.3301 2.5 10
      vertex -33.3301 2.5 0
    endloop
  endfacet
  facet normal 0.991449 0.130495 0
    outer loop
      vertex -33.9637 -0.567217 10
      vertex -33.981 -0.435779 0
      vertex -33.981 -0.435779 10
    endloop
  endfacet
  facet normal 0.991415 0.130751 -0
    outer loop
      vertex -33.924 -0.86824 0
      vertex -33.9637 -0.567217 10
      vertex -33.924 -0.86824 10
    endloop
  endfacet
  facet normal 0.991425 0.130674 2.38209e-06
    outer loop
      vertex -33.9637 -0.567217 10
      vertex -33.924 -0.86824 0
      vertex -33.981 -0.435779 0
    endloop
  endfacet
  facet normal -0.976301 -0.216416 0
    outer loop
      vertex -24.076 0.86824 0
      vertex -24.1704 1.2941 10
      vertex -24.1704 1.2941 0
    endloop
  endfacet
  facet normal -0.976301 -0.216416 0
    outer loop
      vertex -24.1704 1.2941 10
      vertex -24.076 0.86824 0
      vertex -24.076 0.86824 10
    endloop
  endfacet
  facet normal -0.887023 -0.461726 0
    outer loop
      vertex -24.4685 2.11309 0
      vertex -24.6699 2.5 10
      vertex -24.6699 2.5 0
    endloop
  endfacet
  facet normal -0.887023 -0.461726 0
    outer loop
      vertex -24.6699 2.5 10
      vertex -24.4685 2.11309 0
      vertex -24.4685 2.11309 10
    endloop
  endfacet
  facet normal 0.953757 -0.30058 0
    outer loop
      vertex -33.7423 1.57112 10
      vertex -33.6985 1.7101 0
      vertex -33.6985 1.7101 10
    endloop
  endfacet
  facet normal 0.95376 -0.300568 0
    outer loop
      vertex -33.8296 1.2941 0
      vertex -33.7423 1.57112 10
      vertex -33.8296 1.2941 10
    endloop
  endfacet
  facet normal 0.953759 -0.300572 1.19678e-07
    outer loop
      vertex -33.7423 1.57112 10
      vertex -33.8296 1.2941 0
      vertex -33.6985 1.7101 0
    endloop
  endfacet
  facet normal -0.737258 -0.675611 0
    outer loop
      vertex -25.1698 3.21394 0
      vertex -25.4645 3.53553 10
      vertex -25.4645 3.53553 0
    endloop
  endfacet
  facet normal -0.737258 -0.675611 0
    outer loop
      vertex -25.4645 3.53553 10
      vertex -25.1698 3.21394 0
      vertex -25.1698 3.21394 10
    endloop
  endfacet
  facet normal 0.887023 0.461726 0
    outer loop
      vertex -33.3301 -2.5 10
      vertex -33.5315 -2.11309 0
      vertex -33.5315 -2.11309 10
    endloop
  endfacet
  facet normal 0.887023 0.461726 0
    outer loop
      vertex -33.5315 -2.11309 0
      vertex -33.3301 -2.5 10
      vertex -33.3301 -2.5 0
    endloop
  endfacet
  facet normal -0.608826 0.793304 0
    outer loop
      vertex -25.7861 -3.83022 0
      vertex -26.1321 -4.09576 10
      vertex -25.7861 -3.83022 10
    endloop
  endfacet
  facet normal -0.608826 0.793304 0
    outer loop
      vertex -26.1321 -4.09576 10
      vertex -25.7861 -3.83022 0
      vertex -26.1321 -4.09576 0
    endloop
  endfacet
  facet normal -0.843459 0.537193 0
    outer loop
      vertex -24.9042 -2.86788 0
      vertex -24.6699 -2.5 10
      vertex -24.6699 -2.5 0
    endloop
  endfacet
  facet normal -0.843459 0.537193 0
    outer loop
      vertex -24.6699 -2.5 10
      vertex -24.9042 -2.86788 0
      vertex -24.9042 -2.86788 10
    endloop
  endfacet
  facet normal 0.130534 -0.991444 0
    outer loop
      vertex -29.8682 4.92404 0
      vertex -29.4358 4.98097 10
      vertex -29.8682 4.92404 10
    endloop
  endfacet
  facet normal 0.130534 -0.991444 0
    outer loop
      vertex -29.4358 4.98097 10
      vertex -29.8682 4.92404 0
      vertex -29.4358 4.98097 0
    endloop
  endfacet
  facet normal -0.216418 -0.976301 0
    outer loop
      vertex -28.1318 4.92404 0
      vertex -27.7059 4.82963 10
      vertex -28.1318 4.92404 10
    endloop
  endfacet
  facet normal -0.216418 -0.976301 -0
    outer loop
      vertex -27.7059 4.82963 10
      vertex -28.1318 4.92404 0
      vertex -27.7059 4.82963 0
    endloop
  endfacet
  facet normal 0.95376 0.300568 0
    outer loop
      vertex -33.7423 -1.57112 10
      vertex -33.8296 -1.2941 0
      vertex -33.8296 -1.2941 10
    endloop
  endfacet
  facet normal 0.953757 0.30058 -0
    outer loop
      vertex -33.6985 -1.7101 0
      vertex -33.7423 -1.57112 10
      vertex -33.6985 -1.7101 10
    endloop
  endfacet
  facet normal 0.953759 0.300572 1.19678e-07
    outer loop
      vertex -33.7423 -1.57112 10
      vertex -33.6985 -1.7101 0
      vertex -33.8296 -1.2941 0
    endloop
  endfacet
  facet normal 0.737258 0.675611 0
    outer loop
      vertex -32.5355 -3.53553 10
      vertex -32.8302 -3.21394 0
      vertex -32.8302 -3.21394 10
    endloop
  endfacet
  facet normal 0.737258 0.675611 0
    outer loop
      vertex -32.8302 -3.21394 0
      vertex -32.5355 -3.53553 10
      vertex -32.5355 -3.53553 0
    endloop
  endfacet
  facet normal 0.130534 0.991444 -0
    outer loop
      vertex -29.4358 -4.98097 0
      vertex -29.8682 -4.92404 10
      vertex -29.4358 -4.98097 10
    endloop
  endfacet
  facet normal 0.130534 0.991444 0
    outer loop
      vertex -29.8682 -4.92404 10
      vertex -29.4358 -4.98097 0
      vertex -29.8682 -4.92404 0
    endloop
  endfacet
  facet normal -0.130534 0.991444 0
    outer loop
      vertex -28.1318 -4.92404 0
      vertex -28.5642 -4.98097 10
      vertex -28.1318 -4.92404 10
    endloop
  endfacet
  facet normal -0.130534 0.991444 0
    outer loop
      vertex -28.5642 -4.98097 10
      vertex -28.1318 -4.92404 0
      vertex -28.5642 -4.98097 0
    endloop
  endfacet
  facet normal 0.300718 0.953713 -0
    outer loop
      vertex -30.2941 -4.82963 0
      vertex -30.7101 -4.69846 10
      vertex -30.2941 -4.82963 10
    endloop
  endfacet
  facet normal 0.300718 0.953713 0
    outer loop
      vertex -30.7101 -4.69846 10
      vertex -30.2941 -4.82963 0
      vertex -30.7101 -4.69846 0
    endloop
  endfacet
  facet normal 0.0436252 0.999048 -0
    outer loop
      vertex -29 -5 0
      vertex -29.4358 -4.98097 10
      vertex -29 -5 10
    endloop
  endfacet
  facet normal 0.0436252 0.999048 0
    outer loop
      vertex -29.4358 -4.98097 10
      vertex -29 -5 0
      vertex -29.4358 -4.98097 0
    endloop
  endfacet
  facet normal -0.923818 -0.382832 0
    outer loop
      vertex -24.3015 1.7101 0
      vertex -24.4685 2.11309 10
      vertex -24.4685 2.11309 0
    endloop
  endfacet
  facet normal -0.923818 -0.382832 0
    outer loop
      vertex -24.4685 2.11309 10
      vertex -24.3015 1.7101 0
      vertex -24.3015 1.7101 10
    endloop
  endfacet
  facet normal -0.675588 0.73728 0
    outer loop
      vertex -25.4645 -3.53553 0
      vertex -25.7861 -3.83022 10
      vertex -25.4645 -3.53553 10
    endloop
  endfacet
  facet normal -0.675588 0.73728 0
    outer loop
      vertex -25.7861 -3.83022 10
      vertex -25.4645 -3.53553 0
      vertex -25.7861 -3.83022 0
    endloop
  endfacet
  facet normal -0.216418 0.976301 0
    outer loop
      vertex -27.7059 -4.82963 0
      vertex -28.1318 -4.92404 10
      vertex -27.7059 -4.82963 10
    endloop
  endfacet
  facet normal -0.216418 0.976301 0
    outer loop
      vertex -28.1318 -4.92404 10
      vertex -27.7059 -4.82963 0
      vertex -28.1318 -4.92404 0
    endloop
  endfacet
  facet normal 0.843459 0.537193 0
    outer loop
      vertex -33.0958 -2.86788 10
      vertex -33.3301 -2.5 0
      vertex -33.3301 -2.5 10
    endloop
  endfacet
  facet normal 0.843459 0.537193 0
    outer loop
      vertex -33.3301 -2.5 0
      vertex -33.0958 -2.86788 10
      vertex -33.0958 -2.86788 0
    endloop
  endfacet
  facet normal -0.953759 -0.300572 0
    outer loop
      vertex -24.1704 1.2941 0
      vertex -24.3015 1.7101 10
      vertex -24.3015 1.7101 0
    endloop
  endfacet
  facet normal -0.953759 -0.300572 0
    outer loop
      vertex -24.3015 1.7101 10
      vertex -24.1704 1.2941 0
      vertex -24.1704 1.2941 10
    endloop
  endfacet
  facet normal 0.923818 -0.382832 0
    outer loop
      vertex -33.6985 1.7101 10
      vertex -33.5315 2.11309 0
      vertex -33.5315 2.11309 10
    endloop
  endfacet
  facet normal 0.923818 -0.382832 0
    outer loop
      vertex -33.5315 2.11309 0
      vertex -33.6985 1.7101 10
      vertex -33.6985 1.7101 0
    endloop
  endfacet
  facet normal 0.991415 -0.130751 0
    outer loop
      vertex -33.9637 0.567217 10
      vertex -33.924 0.86824 0
      vertex -33.924 0.86824 10
    endloop
  endfacet
  facet normal 0.991449 -0.130495 0
    outer loop
      vertex -33.981 0.435779 0
      vertex -33.9637 0.567217 10
      vertex -33.981 0.435779 10
    endloop
  endfacet
  facet normal 0.991425 -0.130674 2.38209e-06
    outer loop
      vertex -33.9637 0.567217 10
      vertex -33.981 0.435779 0
      vertex -33.924 0.86824 0
    endloop
  endfacet
  facet normal 0.608826 -0.793304 0
    outer loop
      vertex -32.2139 3.83022 0
      vertex -31.8679 4.09576 10
      vertex -32.2139 3.83022 10
    endloop
  endfacet
  facet normal 0.608826 -0.793304 0
    outer loop
      vertex -31.8679 4.09576 10
      vertex -32.2139 3.83022 0
      vertex -31.8679 4.09576 0
    endloop
  endfacet
  facet normal 0.0436252 -0.999048 0
    outer loop
      vertex -29.4358 4.98097 0
      vertex -29 5 10
      vertex -29.4358 4.98097 10
    endloop
  endfacet
  facet normal 0.0436252 -0.999048 0
    outer loop
      vertex -29 5 10
      vertex -29.4358 4.98097 0
      vertex -29 5 0
    endloop
  endfacet
  facet normal -0.991425 -0.130674 0
    outer loop
      vertex -24.019 0.435779 0
      vertex -24.076 0.86824 10
      vertex -24.076 0.86824 0
    endloop
  endfacet
  facet normal -0.991425 -0.130674 0
    outer loop
      vertex -24.076 0.86824 10
      vertex -24.019 0.435779 0
      vertex -24.019 0.435779 10
    endloop
  endfacet
  facet normal 0.887023 -0.461726 0
    outer loop
      vertex -33.5315 2.11309 10
      vertex -33.3301 2.5 0
      vertex -33.3301 2.5 10
    endloop
  endfacet
  facet normal 0.887023 -0.461726 0
    outer loop
      vertex -33.3301 2.5 0
      vertex -33.5315 2.11309 10
      vertex -33.5315 2.11309 0
    endloop
  endfacet
  facet normal -0.976301 0.216416 0
    outer loop
      vertex -24.1704 -1.2941 0
      vertex -24.076 -0.86824 10
      vertex -24.076 -0.86824 0
    endloop
  endfacet
  facet normal -0.976301 0.216416 0
    outer loop
      vertex -24.076 -0.86824 10
      vertex -24.1704 -1.2941 0
      vertex -24.1704 -1.2941 10
    endloop
  endfacet
  facet normal -0.0436252 -0.999048 0
    outer loop
      vertex -29 5 0
      vertex -28.5642 4.98097 10
      vertex -29 5 10
    endloop
  endfacet
  facet normal -0.0436252 -0.999048 -0
    outer loop
      vertex -28.5642 4.98097 10
      vertex -29 5 0
      vertex -28.5642 4.98097 0
    endloop
  endfacet
  facet normal 0.216418 0.976301 -0
    outer loop
      vertex -29.8682 -4.92404 0
      vertex -30.2941 -4.82963 10
      vertex -29.8682 -4.92404 10
    endloop
  endfacet
  facet normal 0.216418 0.976301 0
    outer loop
      vertex -30.2941 -4.82963 10
      vertex -29.8682 -4.92404 0
      vertex -30.2941 -4.82963 0
    endloop
  endfacet
  facet normal 0.461753 -0.887008 0
    outer loop
      vertex -31.5 4.33013 0
      vertex -31.1131 4.53154 10
      vertex -31.5 4.33013 10
    endloop
  endfacet
  facet normal 0.461753 -0.887008 0
    outer loop
      vertex -31.1131 4.53154 10
      vertex -31.5 4.33013 0
      vertex -31.1131 4.53154 0
    endloop
  endfacet
  facet normal -0.887023 0.461726 0
    outer loop
      vertex -24.6699 -2.5 0
      vertex -24.4685 -2.11309 10
      vertex -24.4685 -2.11309 0
    endloop
  endfacet
  facet normal -0.887023 0.461726 0
    outer loop
      vertex -24.4685 -2.11309 10
      vertex -24.6699 -2.5 0
      vertex -24.6699 -2.5 10
    endloop
  endfacet
  facet normal 0.382715 0.923866 -0
    outer loop
      vertex -30.7101 -4.69846 0
      vertex -31.0707 -4.54908 10
      vertex -30.7101 -4.69846 10
    endloop
  endfacet
  facet normal 0.382668 0.923886 -2.01467e-06
    outer loop
      vertex -31.1131 -4.53154 0
      vertex -31.0707 -4.54908 10
      vertex -30.7101 -4.69846 0
    endloop
  endfacet
  facet normal 0.382262 0.924054 0
    outer loop
      vertex -31.0707 -4.54908 10
      vertex -31.1131 -4.53154 0
      vertex -31.1131 -4.53154 10
    endloop
  endfacet
  facet normal -0.953759 0.300572 0
    outer loop
      vertex -24.3015 -1.7101 0
      vertex -24.1704 -1.2941 10
      vertex -24.1704 -1.2941 0
    endloop
  endfacet
  facet normal -0.953759 0.300572 0
    outer loop
      vertex -24.1704 -1.2941 10
      vertex -24.3015 -1.7101 0
      vertex -24.3015 -1.7101 10
    endloop
  endfacet
  facet normal -0.0436252 0.999048 0
    outer loop
      vertex -28.5642 -4.98097 0
      vertex -29 -5 10
      vertex -28.5642 -4.98097 10
    endloop
  endfacet
  facet normal -0.0436252 0.999048 0
    outer loop
      vertex -29 -5 10
      vertex -28.5642 -4.98097 0
      vertex -29 -5 0
    endloop
  endfacet
  facet normal -0.608826 -0.793304 0
    outer loop
      vertex -26.1321 4.09576 0
      vertex -25.7861 3.83022 10
      vertex -26.1321 4.09576 10
    endloop
  endfacet
  facet normal -0.608826 -0.793304 -0
    outer loop
      vertex -25.7861 3.83022 10
      vertex -26.1321 4.09576 0
      vertex -25.7861 3.83022 0
    endloop
  endfacet
  facet normal 0.675588 -0.73728 0
    outer loop
      vertex -32.5355 3.53553 0
      vertex -32.2139 3.83022 10
      vertex -32.5355 3.53553 10
    endloop
  endfacet
  facet normal 0.675588 -0.73728 0
    outer loop
      vertex -32.2139 3.83022 10
      vertex -32.5355 3.53553 0
      vertex -32.2139 3.83022 0
    endloop
  endfacet
  facet normal -0.999051 -0.0435587 0
    outer loop
      vertex -24 0 0
      vertex -24.019 0.435779 10
      vertex -24.019 0.435779 0
    endloop
  endfacet
  facet normal -0.999051 -0.0435587 0
    outer loop
      vertex -24.019 0.435779 10
      vertex -24 0 0
      vertex -24 0 10
    endloop
  endfacet
  facet normal -0.130534 -0.991444 0
    outer loop
      vertex -28.5642 4.98097 0
      vertex -28.1318 4.92404 10
      vertex -28.5642 4.98097 10
    endloop
  endfacet
  facet normal -0.130534 -0.991444 -0
    outer loop
      vertex -28.1318 4.92404 10
      vertex -28.5642 4.98097 0
      vertex -28.1318 4.92404 0
    endloop
  endfacet
  facet normal 0.737258 -0.675611 0
    outer loop
      vertex -32.8302 3.21394 10
      vertex -32.5355 3.53553 0
      vertex -32.5355 3.53553 10
    endloop
  endfacet
  facet normal 0.737258 -0.675611 0
    outer loop
      vertex -32.5355 3.53553 0
      vertex -32.8302 3.21394 10
      vertex -32.8302 3.21394 0
    endloop
  endfacet
  facet normal -0.793288 0.608846 0
    outer loop
      vertex -25.1698 -3.21394 0
      vertex -24.9042 -2.86788 10
      vertex -24.9042 -2.86788 0
    endloop
  endfacet
  facet normal -0.793288 0.608846 0
    outer loop
      vertex -24.9042 -2.86788 10
      vertex -25.1698 -3.21394 0
      vertex -25.1698 -3.21394 10
    endloop
  endfacet
  facet normal -0.300718 -0.953713 0
    outer loop
      vertex -27.7059 4.82963 0
      vertex -27.2899 4.69846 10
      vertex -27.7059 4.82963 10
    endloop
  endfacet
  facet normal -0.300718 -0.953713 -0
    outer loop
      vertex -27.2899 4.69846 10
      vertex -27.7059 4.82963 0
      vertex -27.2899 4.69846 0
    endloop
  endfacet
  facet normal -0.537286 -0.8434 0
    outer loop
      vertex -26.5 4.33013 0
      vertex -26.1321 4.09576 10
      vertex -26.5 4.33013 10
    endloop
  endfacet
  facet normal -0.537286 -0.8434 -0
    outer loop
      vertex -26.1321 4.09576 10
      vertex -26.5 4.33013 0
      vertex -26.1321 4.09576 0
    endloop
  endfacet
  facet normal -0.843459 -0.537193 0
    outer loop
      vertex -24.6699 2.5 0
      vertex -24.9042 2.86788 10
      vertex -24.9042 2.86788 0
    endloop
  endfacet
  facet normal -0.843459 -0.537193 0
    outer loop
      vertex -24.9042 2.86788 10
      vertex -24.6699 2.5 0
      vertex -24.6699 2.5 10
    endloop
  endfacet
  facet normal 0.30078 0.953693 -0
    outer loop
      vertex -15.7941 -29.9444 0
      vertex -16.2101 -29.8132 10
      vertex -15.7941 -29.9444 10
    endloop
  endfacet
  facet normal 0.30078 0.953693 0
    outer loop
      vertex -16.2101 -29.8132 10
      vertex -15.7941 -29.9444 0
      vertex -16.2101 -29.8132 0
    endloop
  endfacet
  facet normal 0.30078 -0.953693 0
    outer loop
      vertex -16.2101 -20.4163 0
      vertex -15.7941 -20.2851 10
      vertex -16.2101 -20.4163 10
    endloop
  endfacet
  facet normal 0.30078 -0.953693 0
    outer loop
      vertex -15.7941 -20.2851 10
      vertex -16.2101 -20.4163 0
      vertex -15.7941 -20.2851 0
    endloop
  endfacet
  facet normal -0.0441876 0.999023 0
    outer loop
      vertex -14.0642 -30.0957 0
      vertex -14.1682 -30.1003 10
      vertex -14.0642 -30.0957 10
    endloop
  endfacet
  facet normal -0.0435566 0.999051 6.57475e-06
    outer loop
      vertex -14.5 -30.1147 0
      vertex -14.1682 -30.1003 10
      vertex -14.0642 -30.0957 0
    endloop
  endfacet
  facet normal -0.0433588 0.99906 0
    outer loop
      vertex -14.1682 -30.1003 10
      vertex -14.5 -30.1147 0
      vertex -14.5 -30.1147 10
    endloop
  endfacet
  facet normal 0.461735 0.887018 -0
    outer loop
      vertex -16.6131 -29.6463 0
      vertex -17 -29.4449 10
      vertex -16.6131 -29.6463 10
    endloop
  endfacet
  facet normal 0.461735 0.887018 0
    outer loop
      vertex -17 -29.4449 10
      vertex -16.6131 -29.6463 0
      vertex -17 -29.4449 0
    endloop
  endfacet
  facet normal 0.130466 -0.991453 0
    outer loop
      vertex -15.3682 -20.1907 0
      vertex -14.9358 -20.1338 10
      vertex -15.3682 -20.1907 10
    endloop
  endfacet
  facet normal 0.130466 -0.991453 0
    outer loop
      vertex -14.9358 -20.1338 10
      vertex -15.3682 -20.1907 0
      vertex -14.9358 -20.1338 0
    endloop
  endfacet
  facet normal 0.999051 -0.0435666 0
    outer loop
      vertex -19.5 -25.1147 10
      vertex -19.481 -24.679 0
      vertex -19.481 -24.679 10
    endloop
  endfacet
  facet normal 0.999051 -0.0435666 0
    outer loop
      vertex -19.481 -24.679 0
      vertex -19.5 -25.1147 10
      vertex -19.5 -25.1147 0
    endloop
  endfacet
  facet normal 0.608768 -0.793348 0
    outer loop
      vertex -17.7139 -21.2845 0
      vertex -17.3679 -21.019 10
      vertex -17.7139 -21.2845 10
    endloop
  endfacet
  facet normal 0.608768 -0.793348 0
    outer loop
      vertex -17.3679 -21.019 10
      vertex -17.7139 -21.2845 0
      vertex -17.3679 -21.019 0
    endloop
  endfacet
  facet normal -0.6756 -0.737268 0
    outer loop
      vertex -11.2861 -21.2845 0
      vertex -10.9645 -21.5792 10
      vertex -11.2861 -21.2845 10
    endloop
  endfacet
  facet normal -0.6756 -0.737268 -0
    outer loop
      vertex -10.9645 -21.5792 10
      vertex -11.2861 -21.2845 0
      vertex -10.9645 -21.5792 0
    endloop
  endfacet
  facet normal -0.793322 -0.608802 0
    outer loop
      vertex -10.4042 -22.2469 0
      vertex -10.6698 -21.9008 10
      vertex -10.6698 -21.9008 0
    endloop
  endfacet
  facet normal -0.793322 -0.608802 0
    outer loop
      vertex -10.6698 -21.9008 10
      vertex -10.4042 -22.2469 0
      vertex -10.4042 -22.2469 10
    endloop
  endfacet
  facet normal 0.999051 0.0435566 0
    outer loop
      vertex -19.481 -25.5505 10
      vertex -19.5 -25.1147 0
      vertex -19.5 -25.1147 10
    endloop
  endfacet
  facet normal 0.999051 0.0435566 0
    outer loop
      vertex -19.5 -25.1147 0
      vertex -19.481 -25.5505 10
      vertex -19.481 -25.5505 0
    endloop
  endfacet
  facet normal -0.737268 -0.6756 0
    outer loop
      vertex -10.6698 -21.9008 0
      vertex -10.9645 -21.5792 10
      vertex -10.9645 -21.5792 0
    endloop
  endfacet
  facet normal -0.737268 -0.6756 0
    outer loop
      vertex -10.9645 -21.5792 10
      vertex -10.6698 -21.9008 0
      vertex -10.6698 -21.9008 10
    endloop
  endfacet
  facet normal -0.97629 0.216467 0
    outer loop
      vertex -9.67037 -26.4088 0
      vertex -9.57596 -25.983 10
      vertex -9.57596 -25.983 0
    endloop
  endfacet
  facet normal -0.97629 0.216467 0
    outer loop
      vertex -9.57596 -25.983 10
      vertex -9.67037 -26.4088 0
      vertex -9.67037 -26.4088 10
    endloop
  endfacet
  facet normal -0.382629 0.923902 0
    outer loop
      vertex -12.3869 -29.6463 0
      vertex -12.7899 -29.8132 10
      vertex -12.3869 -29.6463 10
    endloop
  endfacet
  facet normal -0.382629 0.923902 0
    outer loop
      vertex -12.7899 -29.8132 10
      vertex -12.3869 -29.6463 0
      vertex -12.7899 -29.8132 0
    endloop
  endfacet
  facet normal 0.608819 0.793309 -0
    outer loop
      vertex -17.3679 -29.2105 0
      vertex -17.5399 -29.0785 10
      vertex -17.3679 -29.2105 10
    endloop
  endfacet
  facet normal 0.608768 0.793348 -1.37575e-06
    outer loop
      vertex -17.7139 -28.945 0
      vertex -17.5399 -29.0785 10
      vertex -17.3679 -29.2105 0
    endloop
  endfacet
  facet normal 0.608719 0.793386 0
    outer loop
      vertex -17.5399 -29.0785 10
      vertex -17.7139 -28.945 0
      vertex -17.7139 -28.945 10
    endloop
  endfacet
  facet normal -0.953713 0.300718 0
    outer loop
      vertex -9.80154 -26.8248 0
      vertex -9.67037 -26.4088 10
      vertex -9.67037 -26.4088 0
    endloop
  endfacet
  facet normal -0.953713 0.300718 0
    outer loop
      vertex -9.67037 -26.4088 10
      vertex -9.80154 -26.8248 0
      vertex -9.80154 -26.8248 10
    endloop
  endfacet
  facet normal -0.923886 0.382668 0
    outer loop
      vertex -9.96846 -27.2278 0
      vertex -9.80154 -26.8248 10
      vertex -9.80154 -26.8248 0
    endloop
  endfacet
  facet normal -0.923886 0.382668 0
    outer loop
      vertex -9.80154 -26.8248 10
      vertex -9.96846 -27.2278 0
      vertex -9.96846 -27.2278 10
    endloop
  endfacet
  facet normal -0.923886 -0.382668 0
    outer loop
      vertex -9.80154 -23.4046 0
      vertex -9.96846 -23.0016 10
      vertex -9.96846 -23.0016 0
    endloop
  endfacet
  facet normal -0.923886 -0.382668 0
    outer loop
      vertex -9.96846 -23.0016 10
      vertex -9.80154 -23.4046 0
      vertex -9.80154 -23.4046 10
    endloop
  endfacet
  facet normal -0.461735 0.887018 0
    outer loop
      vertex -12 -29.4449 0
      vertex -12.3869 -29.6463 10
      vertex -12 -29.4449 10
    endloop
  endfacet
  facet normal -0.461735 0.887018 0
    outer loop
      vertex -12.3869 -29.6463 10
      vertex -12 -29.4449 0
      vertex -12.3869 -29.6463 0
    endloop
  endfacet
  facet normal -0.537335 0.843369 0
    outer loop
      vertex -11.6321 -29.2105 0
      vertex -12 -29.4449 10
      vertex -11.6321 -29.2105 10
    endloop
  endfacet
  facet normal -0.537335 0.843369 0
    outer loop
      vertex -12 -29.4449 10
      vertex -11.6321 -29.2105 0
      vertex -12 -29.4449 0
    endloop
  endfacet
  facet normal 0.953759 0.300572 0
    outer loop
      vertex -19.1985 -26.8248 10
      vertex -19.3296 -26.4088 0
      vertex -19.3296 -26.4088 10
    endloop
  endfacet
  facet normal 0.953759 0.300572 0
    outer loop
      vertex -19.3296 -26.4088 0
      vertex -19.1985 -26.8248 10
      vertex -19.1985 -26.8248 0
    endloop
  endfacet
  facet normal -0.216396 0.976306 0
    outer loop
      vertex -13.2059 -29.9444 0
      vertex -13.6318 -30.0388 10
      vertex -13.2059 -29.9444 10
    endloop
  endfacet
  facet normal -0.216396 0.976306 0
    outer loop
      vertex -13.6318 -30.0388 10
      vertex -13.2059 -29.9444 0
      vertex -13.6318 -30.0388 0
    endloop
  endfacet
  facet normal -0.216396 -0.976306 0
    outer loop
      vertex -13.6318 -20.1907 0
      vertex -13.2059 -20.2851 10
      vertex -13.6318 -20.1907 10
    endloop
  endfacet
  facet normal -0.216396 -0.976306 -0
    outer loop
      vertex -13.2059 -20.2851 10
      vertex -13.6318 -20.1907 0
      vertex -13.2059 -20.2851 0
    endloop
  endfacet
  facet normal -0.991448 -0.130504 0
    outer loop
      vertex -9.51903 -24.679 0
      vertex -9.57596 -24.2465 10
      vertex -9.57596 -24.2465 0
    endloop
  endfacet
  facet normal -0.991448 -0.130504 0
    outer loop
      vertex -9.57596 -24.2465 10
      vertex -9.51903 -24.679 0
      vertex -9.51903 -24.679 10
    endloop
  endfacet
  facet normal 0.793322 -0.608802 0
    outer loop
      vertex -18.5958 -22.2469 10
      vertex -18.3302 -21.9008 0
      vertex -18.3302 -21.9008 10
    endloop
  endfacet
  facet normal 0.793322 -0.608802 0
    outer loop
      vertex -18.3302 -21.9008 0
      vertex -18.5958 -22.2469 10
      vertex -18.5958 -22.2469 0
    endloop
  endfacet
  facet normal -0.793322 0.608802 0
    outer loop
      vertex -10.6698 -28.3287 0
      vertex -10.4042 -27.9826 10
      vertex -10.4042 -27.9826 0
    endloop
  endfacet
  facet normal -0.793322 0.608802 0
    outer loop
      vertex -10.4042 -27.9826 10
      vertex -10.6698 -28.3287 0
      vertex -10.6698 -28.3287 10
    endloop
  endfacet
  facet normal -0.537335 -0.843369 0
    outer loop
      vertex -12 -20.7846 0
      vertex -11.6321 -21.019 10
      vertex -12 -20.7846 10
    endloop
  endfacet
  facet normal -0.537335 -0.843369 -0
    outer loop
      vertex -11.6321 -21.019 10
      vertex -12 -20.7846 0
      vertex -11.6321 -21.019 0
    endloop
  endfacet
  facet normal 0.923821 0.382824 0
    outer loop
      vertex -19.0315 -27.2278 10
      vertex -19.1985 -26.8248 0
      vertex -19.1985 -26.8248 10
    endloop
  endfacet
  facet normal 0.923821 0.382824 0
    outer loop
      vertex -19.1985 -26.8248 0
      vertex -19.0315 -27.2278 10
      vertex -19.0315 -27.2278 0
    endloop
  endfacet
  facet normal 0.976306 -0.216396 0
    outer loop
      vertex -19.424 -24.2465 10
      vertex -19.3296 -23.8206 0
      vertex -19.3296 -23.8206 10
    endloop
  endfacet
  facet normal 0.976306 -0.216396 0
    outer loop
      vertex -19.3296 -23.8206 0
      vertex -19.424 -24.2465 10
      vertex -19.424 -24.2465 0
    endloop
  endfacet
  facet normal -0.608768 -0.793348 0
    outer loop
      vertex -11.6321 -21.019 0
      vertex -11.2861 -21.2845 10
      vertex -11.6321 -21.019 10
    endloop
  endfacet
  facet normal -0.608768 -0.793348 -0
    outer loop
      vertex -11.2861 -21.2845 10
      vertex -11.6321 -21.019 0
      vertex -11.2861 -21.2845 0
    endloop
  endfacet
  facet normal -0.130466 -0.991453 0
    outer loop
      vertex -14.0642 -20.1338 0
      vertex -13.6318 -20.1907 10
      vertex -14.0642 -20.1338 10
    endloop
  endfacet
  facet normal -0.130466 -0.991453 -0
    outer loop
      vertex -13.6318 -20.1907 10
      vertex -14.0642 -20.1338 0
      vertex -13.6318 -20.1907 0
    endloop
  endfacet
  facet normal 0.382629 0.923902 -0
    outer loop
      vertex -16.2101 -29.8132 0
      vertex -16.6131 -29.6463 10
      vertex -16.2101 -29.8132 10
    endloop
  endfacet
  facet normal 0.382629 0.923902 0
    outer loop
      vertex -16.6131 -29.6463 10
      vertex -16.2101 -29.8132 0
      vertex -16.6131 -29.6463 0
    endloop
  endfacet
  facet normal 0.953759 -0.300572 0
    outer loop
      vertex -19.3296 -23.8206 10
      vertex -19.1985 -23.4046 0
      vertex -19.1985 -23.4046 10
    endloop
  endfacet
  facet normal 0.953759 -0.300572 0
    outer loop
      vertex -19.1985 -23.4046 0
      vertex -19.3296 -23.8206 10
      vertex -19.3296 -23.8206 0
    endloop
  endfacet
  facet normal 0.216396 0.976306 -0
    outer loop
      vertex -15.3682 -30.0388 0
      vertex -15.7941 -29.9444 10
      vertex -15.3682 -30.0388 10
    endloop
  endfacet
  facet normal 0.216396 0.976306 0
    outer loop
      vertex -15.7941 -29.9444 10
      vertex -15.3682 -30.0388 0
      vertex -15.7941 -29.9444 0
    endloop
  endfacet
  facet normal 0.216396 -0.976306 0
    outer loop
      vertex -15.7941 -20.2851 0
      vertex -15.3682 -20.1907 10
      vertex -15.7941 -20.2851 10
    endloop
  endfacet
  facet normal 0.216396 -0.976306 0
    outer loop
      vertex -15.3682 -20.1907 10
      vertex -15.7941 -20.2851 0
      vertex -15.3682 -20.1907 0
    endloop
  endfacet
  facet normal 0.843473 0.537172 0
    outer loop
      vertex -18.5958 -27.9826 10
      vertex -18.8301 -27.6147 0
      vertex -18.8301 -27.6147 10
    endloop
  endfacet
  facet normal 0.843473 0.537172 0
    outer loop
      vertex -18.8301 -27.6147 0
      vertex -18.5958 -27.9826 10
      vertex -18.5958 -27.9826 0
    endloop
  endfacet
  facet normal -0.30078 0.953693 0
    outer loop
      vertex -12.7899 -29.8132 0
      vertex -13.2059 -29.9444 10
      vertex -12.7899 -29.8132 10
    endloop
  endfacet
  facet normal -0.30078 0.953693 0
    outer loop
      vertex -13.2059 -29.9444 10
      vertex -12.7899 -29.8132 0
      vertex -13.2059 -29.9444 0
    endloop
  endfacet
  facet normal -0.737268 0.6756 0
    outer loop
      vertex -10.9645 -28.6503 0
      vertex -10.6698 -28.3287 10
      vertex -10.6698 -28.3287 0
    endloop
  endfacet
  facet normal -0.737268 0.6756 0
    outer loop
      vertex -10.6698 -28.3287 10
      vertex -10.9645 -28.6503 0
      vertex -10.9645 -28.6503 10
    endloop
  endfacet
  facet normal -0.843473 0.537172 0
    outer loop
      vertex -10.4042 -27.9826 0
      vertex -10.1699 -27.6147 10
      vertex -10.1699 -27.6147 0
    endloop
  endfacet
  facet normal -0.843473 0.537172 0
    outer loop
      vertex -10.1699 -27.6147 10
      vertex -10.4042 -27.9826 0
      vertex -10.4042 -27.9826 10
    endloop
  endfacet
  facet normal 0.6756 0.737268 -0
    outer loop
      vertex -17.7139 -28.945 0
      vertex -18.0355 -28.6503 10
      vertex -17.7139 -28.945 10
    endloop
  endfacet
  facet normal 0.6756 0.737268 0
    outer loop
      vertex -18.0355 -28.6503 10
      vertex -17.7139 -28.945 0
      vertex -18.0355 -28.6503 0
    endloop
  endfacet
  facet normal 0.382629 -0.923902 0
    outer loop
      vertex -16.6131 -20.5832 0
      vertex -16.2101 -20.4163 10
      vertex -16.6131 -20.5832 10
    endloop
  endfacet
  facet normal 0.382629 -0.923902 0
    outer loop
      vertex -16.2101 -20.4163 10
      vertex -16.6131 -20.5832 0
      vertex -16.2101 -20.4163 0
    endloop
  endfacet
  facet normal -0.0437854 -0.999041 0
    outer loop
      vertex -14.5 -20.1147 0
      vertex -14.0642 -20.1338 10
      vertex -14.5 -20.1147 10
    endloop
  endfacet
  facet normal -0.0437854 -0.999041 -0
    outer loop
      vertex -14.0642 -20.1338 10
      vertex -14.5 -20.1147 0
      vertex -14.0642 -20.1338 0
    endloop
  endfacet
  facet normal 0.130466 0.991453 -0
    outer loop
      vertex -14.9358 -30.0957 0
      vertex -15.3682 -30.0388 10
      vertex -14.9358 -30.0957 10
    endloop
  endfacet
  facet normal 0.130466 0.991453 0
    outer loop
      vertex -15.3682 -30.0388 10
      vertex -14.9358 -30.0957 0
      vertex -15.3682 -30.0388 0
    endloop
  endfacet
  facet normal 0.737268 -0.6756 0
    outer loop
      vertex -18.3302 -21.9008 10
      vertex -18.0355 -21.5792 0
      vertex -18.0355 -21.5792 10
    endloop
  endfacet
  facet normal 0.737268 -0.6756 0
    outer loop
      vertex -18.0355 -21.5792 0
      vertex -18.3302 -21.9008 10
      vertex -18.3302 -21.9008 0
    endloop
  endfacet
  facet normal 0.0435566 0.999051 -0
    outer loop
      vertex -14.5 -30.1147 0
      vertex -14.9358 -30.0957 10
      vertex -14.5 -30.1147 10
    endloop
  endfacet
  facet normal 0.0435566 0.999051 0
    outer loop
      vertex -14.9358 -30.0957 10
      vertex -14.5 -30.1147 0
      vertex -14.9358 -30.0957 0
    endloop
  endfacet
  facet normal 0.923683 -0.383157 0
    outer loop
      vertex -19.0875 -23.1366 10
      vertex -19.0315 -23.0016 0
      vertex -19.0315 -23.0016 10
    endloop
  endfacet
  facet normal 0.923891 -0.382656 0
    outer loop
      vertex -19.1985 -23.4046 0
      vertex -19.0875 -23.1366 10
      vertex -19.1985 -23.4046 10
    endloop
  endfacet
  facet normal 0.923821 -0.382824 5.27243e-06
    outer loop
      vertex -19.0875 -23.1366 10
      vertex -19.1985 -23.4046 0
      vertex -19.0315 -23.0016 0
    endloop
  endfacet
  facet normal -0.953713 -0.300718 0
    outer loop
      vertex -9.67037 -23.8206 0
      vertex -9.80154 -23.4046 10
      vertex -9.80154 -23.4046 0
    endloop
  endfacet
  facet normal -0.953713 -0.300718 0
    outer loop
      vertex -9.80154 -23.4046 10
      vertex -9.67037 -23.8206 0
      vertex -9.67037 -23.8206 10
    endloop
  endfacet
  facet normal -0.976301 -0.216418 0
    outer loop
      vertex -9.57596 -24.2465 0
      vertex -9.67037 -23.8206 10
      vertex -9.67037 -23.8206 0
    endloop
  endfacet
  facet normal -0.976301 -0.216418 0
    outer loop
      vertex -9.67037 -23.8206 10
      vertex -9.57596 -24.2465 0
      vertex -9.57596 -24.2465 10
    endloop
  endfacet
  facet normal -0.843406 -0.537276 0
    outer loop
      vertex -10.1699 -22.6147 0
      vertex -10.4042 -22.2469 10
      vertex -10.4042 -22.2469 0
    endloop
  endfacet
  facet normal -0.843406 -0.537276 0
    outer loop
      vertex -10.4042 -22.2469 10
      vertex -10.1699 -22.6147 0
      vertex -10.1699 -22.6147 10
    endloop
  endfacet
  facet normal -0.6756 0.737268 0
    outer loop
      vertex -10.9645 -28.6503 0
      vertex -11.2861 -28.945 10
      vertex -10.9645 -28.6503 10
    endloop
  endfacet
  facet normal -0.6756 0.737268 0
    outer loop
      vertex -11.2861 -28.945 10
      vertex -10.9645 -28.6503 0
      vertex -11.2861 -28.945 0
    endloop
  endfacet
  facet normal 0.537335 0.843369 -0
    outer loop
      vertex -17 -29.4449 0
      vertex -17.3679 -29.2105 10
      vertex -17 -29.4449 10
    endloop
  endfacet
  facet normal 0.537335 0.843369 0
    outer loop
      vertex -17.3679 -29.2105 10
      vertex -17 -29.4449 0
      vertex -17.3679 -29.2105 0
    endloop
  endfacet
  facet normal 0.737268 0.6756 0
    outer loop
      vertex -18.0355 -28.6503 10
      vertex -18.3302 -28.3287 0
      vertex -18.3302 -28.3287 10
    endloop
  endfacet
  facet normal 0.737268 0.6756 0
    outer loop
      vertex -18.3302 -28.3287 0
      vertex -18.0355 -28.6503 10
      vertex -18.0355 -28.6503 0
    endloop
  endfacet
  facet normal -0.991448 0.130504 0
    outer loop
      vertex -9.57596 -25.983 0
      vertex -9.51903 -25.5505 10
      vertex -9.51903 -25.5505 0
    endloop
  endfacet
  facet normal -0.991448 0.130504 0
    outer loop
      vertex -9.51903 -25.5505 10
      vertex -9.57596 -25.983 0
      vertex -9.57596 -25.983 10
    endloop
  endfacet
  facet normal 0.887018 -0.461735 0
    outer loop
      vertex -19.0315 -23.0016 10
      vertex -18.8301 -22.6147 0
      vertex -18.8301 -22.6147 10
    endloop
  endfacet
  facet normal 0.887018 -0.461735 0
    outer loop
      vertex -18.8301 -22.6147 0
      vertex -19.0315 -23.0016 10
      vertex -19.0315 -23.0016 0
    endloop
  endfacet
  facet normal -0.88698 -0.461807 0
    outer loop
      vertex -9.96846 -23.0016 0
      vertex -10.1699 -22.6147 10
      vertex -10.1699 -22.6147 0
    endloop
  endfacet
  facet normal -0.88698 -0.461807 0
    outer loop
      vertex -10.1699 -22.6147 10
      vertex -9.96846 -23.0016 0
      vertex -9.96846 -23.0016 10
    endloop
  endfacet
  facet normal 0.991427 -0.130662 0
    outer loop
      vertex -19.481 -24.679 10
      vertex -19.424 -24.2465 0
      vertex -19.424 -24.2465 10
    endloop
  endfacet
  facet normal 0.991427 -0.130662 0
    outer loop
      vertex -19.424 -24.2465 0
      vertex -19.481 -24.679 10
      vertex -19.481 -24.679 0
    endloop
  endfacet
  facet normal -0.461735 -0.887018 0
    outer loop
      vertex -12.3869 -20.5832 0
      vertex -12 -20.7846 10
      vertex -12.3869 -20.5832 10
    endloop
  endfacet
  facet normal -0.461735 -0.887018 -0
    outer loop
      vertex -12 -20.7846 10
      vertex -12.3869 -20.5832 0
      vertex -12 -20.7846 0
    endloop
  endfacet
  facet normal -0.30078 -0.953693 0
    outer loop
      vertex -13.2059 -20.2851 0
      vertex -12.7899 -20.4163 10
      vertex -13.2059 -20.2851 10
    endloop
  endfacet
  facet normal -0.30078 -0.953693 -0
    outer loop
      vertex -12.7899 -20.4163 10
      vertex -13.2059 -20.2851 0
      vertex -12.7899 -20.4163 0
    endloop
  endfacet
  facet normal -0.999048 0.0436252 0
    outer loop
      vertex -9.51903 -25.5505 0
      vertex -9.5 -25.1147 10
      vertex -9.5 -25.1147 0
    endloop
  endfacet
  facet normal -0.999048 0.0436252 0
    outer loop
      vertex -9.5 -25.1147 10
      vertex -9.51903 -25.5505 0
      vertex -9.51903 -25.5505 10
    endloop
  endfacet
  facet normal 0.6756 -0.737268 0
    outer loop
      vertex -18.0355 -21.5792 0
      vertex -17.7139 -21.2845 10
      vertex -18.0355 -21.5792 10
    endloop
  endfacet
  facet normal 0.6756 -0.737268 0
    outer loop
      vertex -17.7139 -21.2845 10
      vertex -18.0355 -21.5792 0
      vertex -17.7139 -21.2845 0
    endloop
  endfacet
  facet normal 0.793322 0.608802 0
    outer loop
      vertex -18.3302 -28.3287 10
      vertex -18.5958 -27.9826 0
      vertex -18.5958 -27.9826 10
    endloop
  endfacet
  facet normal 0.793322 0.608802 0
    outer loop
      vertex -18.5958 -27.9826 0
      vertex -18.3302 -28.3287 10
      vertex -18.3302 -28.3287 0
    endloop
  endfacet
  facet normal 0.887018 0.461735 0
    outer loop
      vertex -18.8301 -27.6147 10
      vertex -19.0315 -27.2278 0
      vertex -19.0315 -27.2278 10
    endloop
  endfacet
  facet normal 0.887018 0.461735 0
    outer loop
      vertex -19.0315 -27.2278 0
      vertex -18.8301 -27.6147 10
      vertex -18.8301 -27.6147 0
    endloop
  endfacet
  facet normal -0.130466 0.991453 0
    outer loop
      vertex -13.6318 -30.0388 0
      vertex -14.0642 -30.0957 10
      vertex -13.6318 -30.0388 10
    endloop
  endfacet
  facet normal -0.130466 0.991453 0
    outer loop
      vertex -14.0642 -30.0957 10
      vertex -13.6318 -30.0388 0
      vertex -14.0642 -30.0957 0
    endloop
  endfacet
  facet normal 0.537335 -0.843369 0
    outer loop
      vertex -17.3679 -21.019 0
      vertex -17 -20.7846 10
      vertex -17.3679 -21.019 10
    endloop
  endfacet
  facet normal 0.537335 -0.843369 0
    outer loop
      vertex -17 -20.7846 10
      vertex -17.3679 -21.019 0
      vertex -17 -20.7846 0
    endloop
  endfacet
  facet normal -0.88698 0.461807 0
    outer loop
      vertex -10.1699 -27.6147 0
      vertex -9.96846 -27.2278 10
      vertex -9.96846 -27.2278 0
    endloop
  endfacet
  facet normal -0.88698 0.461807 0
    outer loop
      vertex -9.96846 -27.2278 10
      vertex -10.1699 -27.6147 0
      vertex -10.1699 -27.6147 10
    endloop
  endfacet
  facet normal -0.382629 -0.923902 0
    outer loop
      vertex -12.7899 -20.4163 0
      vertex -12.3869 -20.5832 10
      vertex -12.7899 -20.4163 10
    endloop
  endfacet
  facet normal -0.382629 -0.923902 -0
    outer loop
      vertex -12.3869 -20.5832 10
      vertex -12.7899 -20.4163 0
      vertex -12.3869 -20.5832 0
    endloop
  endfacet
  facet normal 0.0437854 -0.999041 0
    outer loop
      vertex -14.9358 -20.1338 0
      vertex -14.5 -20.1147 10
      vertex -14.9358 -20.1338 10
    endloop
  endfacet
  facet normal 0.0437854 -0.999041 0
    outer loop
      vertex -14.5 -20.1147 10
      vertex -14.9358 -20.1338 0
      vertex -14.5 -20.1147 0
    endloop
  endfacet
  facet normal 0.843406 -0.537276 0
    outer loop
      vertex -18.8301 -22.6147 10
      vertex -18.5958 -22.2469 0
      vertex -18.5958 -22.2469 10
    endloop
  endfacet
  facet normal 0.843406 -0.537276 0
    outer loop
      vertex -18.5958 -22.2469 0
      vertex -18.8301 -22.6147 10
      vertex -18.8301 -22.6147 0
    endloop
  endfacet
  facet normal 0.461735 -0.887018 0
    outer loop
      vertex -17 -20.7846 0
      vertex -16.6131 -20.5832 10
      vertex -17 -20.7846 10
    endloop
  endfacet
  facet normal 0.461735 -0.887018 0
    outer loop
      vertex -16.6131 -20.5832 10
      vertex -17 -20.7846 0
      vertex -16.6131 -20.5832 0
    endloop
  endfacet
  facet normal -0.999048 -0.0436352 0
    outer loop
      vertex -9.5 -25.1147 0
      vertex -9.51903 -24.679 10
      vertex -9.51903 -24.679 0
    endloop
  endfacet
  facet normal -0.999048 -0.0436352 0
    outer loop
      vertex -9.51903 -24.679 10
      vertex -9.5 -25.1147 0
      vertex -9.5 -25.1147 10
    endloop
  endfacet
  facet normal 0.97634 0.216243 0
    outer loop
      vertex -19.3807 -26.1785 10
      vertex -19.424 -25.983 0
      vertex -19.424 -25.983 10
    endloop
  endfacet
  facet normal 0.976257 0.216616 -0
    outer loop
      vertex -19.3296 -26.4088 0
      vertex -19.3807 -26.1785 10
      vertex -19.3296 -26.4088 10
    endloop
  endfacet
  facet normal 0.976295 0.216445 4.14088e-06
    outer loop
      vertex -19.3807 -26.1785 10
      vertex -19.3296 -26.4088 0
      vertex -19.424 -25.983 0
    endloop
  endfacet
  facet normal 0.991427 0.130662 0
    outer loop
      vertex -19.424 -25.983 10
      vertex -19.481 -25.5505 0
      vertex -19.481 -25.5505 10
    endloop
  endfacet
  facet normal 0.991427 0.130662 0
    outer loop
      vertex -19.481 -25.5505 0
      vertex -19.424 -25.983 10
      vertex -19.424 -25.983 0
    endloop
  endfacet
  facet normal -0.608768 0.793348 0
    outer loop
      vertex -11.2861 -28.945 0
      vertex -11.6321 -29.2105 10
      vertex -11.2861 -28.945 10
    endloop
  endfacet
  facet normal -0.608768 0.793348 0
    outer loop
      vertex -11.6321 -29.2105 10
      vertex -11.2861 -28.945 0
      vertex -11.6321 -29.2105 0
    endloop
  endfacet
  facet normal -0.6756 0.737268 0
    outer loop
      vertex 18.0355 -28.6503 0
      vertex 17.7139 -28.945 10
      vertex 18.0355 -28.6503 10
    endloop
  endfacet
  facet normal -0.6756 0.737268 0
    outer loop
      vertex 17.7139 -28.945 10
      vertex 18.0355 -28.6503 0
      vertex 17.7139 -28.945 0
    endloop
  endfacet
  facet normal -0.887018 0.461735 0
    outer loop
      vertex 18.8301 -27.6147 0
      vertex 19.0315 -27.2278 10
      vertex 19.0315 -27.2278 0
    endloop
  endfacet
  facet normal -0.887018 0.461735 0
    outer loop
      vertex 19.0315 -27.2278 10
      vertex 18.8301 -27.6147 0
      vertex 18.8301 -27.6147 10
    endloop
  endfacet
  facet normal -0.537335 0.843369 0
    outer loop
      vertex 17.3679 -29.2105 0
      vertex 17 -29.4449 10
      vertex 17.3679 -29.2105 10
    endloop
  endfacet
  facet normal -0.537335 0.843369 0
    outer loop
      vertex 17 -29.4449 10
      vertex 17.3679 -29.2105 0
      vertex 17 -29.4449 0
    endloop
  endfacet
  facet normal -0.923821 0.382824 0
    outer loop
      vertex 19.0315 -27.2278 0
      vertex 19.1985 -26.8248 10
      vertex 19.1985 -26.8248 0
    endloop
  endfacet
  facet normal -0.923821 0.382824 0
    outer loop
      vertex 19.1985 -26.8248 10
      vertex 19.0315 -27.2278 0
      vertex 19.0315 -27.2278 10
    endloop
  endfacet
  facet normal -0.30078 0.953693 0
    outer loop
      vertex 16.2101 -29.8132 0
      vertex 15.7941 -29.9444 10
      vertex 16.2101 -29.8132 10
    endloop
  endfacet
  facet normal -0.30078 0.953693 0
    outer loop
      vertex 15.7941 -29.9444 10
      vertex 16.2101 -29.8132 0
      vertex 15.7941 -29.9444 0
    endloop
  endfacet
  facet normal 0.537335 0.843369 -0
    outer loop
      vertex 12 -29.4449 0
      vertex 11.6321 -29.2105 10
      vertex 12 -29.4449 10
    endloop
  endfacet
  facet normal 0.537335 0.843369 0
    outer loop
      vertex 11.6321 -29.2105 10
      vertex 12 -29.4449 0
      vertex 11.6321 -29.2105 0
    endloop
  endfacet
  facet normal 0.216396 -0.976306 0
    outer loop
      vertex 13.2059 -20.2851 0
      vertex 13.6318 -20.1907 10
      vertex 13.2059 -20.2851 10
    endloop
  endfacet
  facet normal 0.216396 -0.976306 0
    outer loop
      vertex 13.6318 -20.1907 10
      vertex 13.2059 -20.2851 0
      vertex 13.6318 -20.1907 0
    endloop
  endfacet
  facet normal 0.130466 -0.991453 0
    outer loop
      vertex 13.6318 -20.1907 0
      vertex 14.0642 -20.1338 10
      vertex 13.6318 -20.1907 10
    endloop
  endfacet
  facet normal 0.130466 -0.991453 0
    outer loop
      vertex 14.0642 -20.1338 10
      vertex 13.6318 -20.1907 0
      vertex 14.0642 -20.1338 0
    endloop
  endfacet
  facet normal -0.953759 -0.300572 0
    outer loop
      vertex 19.3296 -23.8206 0
      vertex 19.1985 -23.4046 10
      vertex 19.1985 -23.4046 0
    endloop
  endfacet
  facet normal -0.953759 -0.300572 0
    outer loop
      vertex 19.1985 -23.4046 10
      vertex 19.3296 -23.8206 0
      vertex 19.3296 -23.8206 10
    endloop
  endfacet
  facet normal 0.737268 0.6756 0
    outer loop
      vertex 10.9645 -28.6503 10
      vertex 10.6698 -28.3287 0
      vertex 10.6698 -28.3287 10
    endloop
  endfacet
  facet normal 0.737268 0.6756 0
    outer loop
      vertex 10.6698 -28.3287 0
      vertex 10.9645 -28.6503 10
      vertex 10.9645 -28.6503 0
    endloop
  endfacet
  facet normal 0.88698 -0.461807 0
    outer loop
      vertex 9.96846 -23.0016 10
      vertex 10.1699 -22.6147 0
      vertex 10.1699 -22.6147 10
    endloop
  endfacet
  facet normal 0.88698 -0.461807 0
    outer loop
      vertex 10.1699 -22.6147 0
      vertex 9.96846 -23.0016 10
      vertex 9.96846 -23.0016 0
    endloop
  endfacet
  facet normal 0.461735 0.887018 -0
    outer loop
      vertex 12.3869 -29.6463 0
      vertex 12 -29.4449 10
      vertex 12.3869 -29.6463 10
    endloop
  endfacet
  facet normal 0.461735 0.887018 0
    outer loop
      vertex 12 -29.4449 10
      vertex 12.3869 -29.6463 0
      vertex 12 -29.4449 0
    endloop
  endfacet
  facet normal -0.737268 -0.6756 0
    outer loop
      vertex 18.3302 -21.9008 0
      vertex 18.0355 -21.5792 10
      vertex 18.0355 -21.5792 0
    endloop
  endfacet
  facet normal -0.737268 -0.6756 0
    outer loop
      vertex 18.0355 -21.5792 10
      vertex 18.3302 -21.9008 0
      vertex 18.3302 -21.9008 10
    endloop
  endfacet
  facet normal -0.991427 0.130662 0
    outer loop
      vertex 19.424 -25.983 0
      vertex 19.481 -25.5505 10
      vertex 19.481 -25.5505 0
    endloop
  endfacet
  facet normal -0.991427 0.130662 0
    outer loop
      vertex 19.481 -25.5505 10
      vertex 19.424 -25.983 0
      vertex 19.424 -25.983 10
    endloop
  endfacet
  facet normal 0.461735 -0.887018 0
    outer loop
      vertex 12 -20.7846 0
      vertex 12.3869 -20.5832 10
      vertex 12 -20.7846 10
    endloop
  endfacet
  facet normal 0.461735 -0.887018 0
    outer loop
      vertex 12.3869 -20.5832 10
      vertex 12 -20.7846 0
      vertex 12.3869 -20.5832 0
    endloop
  endfacet
  facet normal 0.130466 0.991453 -0
    outer loop
      vertex 14.0642 -30.0957 0
      vertex 13.6318 -30.0388 10
      vertex 14.0642 -30.0957 10
    endloop
  endfacet
  facet normal 0.130466 0.991453 0
    outer loop
      vertex 13.6318 -30.0388 10
      vertex 14.0642 -30.0957 0
      vertex 13.6318 -30.0388 0
    endloop
  endfacet
  facet normal -0.793322 -0.608802 0
    outer loop
      vertex 18.5958 -22.2469 0
      vertex 18.3302 -21.9008 10
      vertex 18.3302 -21.9008 0
    endloop
  endfacet
  facet normal -0.793322 -0.608802 0
    outer loop
      vertex 18.3302 -21.9008 10
      vertex 18.5958 -22.2469 0
      vertex 18.5958 -22.2469 10
    endloop
  endfacet
  facet normal -0.999051 0.0435566 0
    outer loop
      vertex 19.481 -25.5505 0
      vertex 19.5 -25.1147 10
      vertex 19.5 -25.1147 0
    endloop
  endfacet
  facet normal -0.999051 0.0435566 0
    outer loop
      vertex 19.5 -25.1147 10
      vertex 19.481 -25.5505 0
      vertex 19.481 -25.5505 10
    endloop
  endfacet
  facet normal -0.382629 0.923902 0
    outer loop
      vertex 16.6131 -29.6463 0
      vertex 16.2101 -29.8132 10
      vertex 16.6131 -29.6463 10
    endloop
  endfacet
  facet normal -0.382629 0.923902 0
    outer loop
      vertex 16.2101 -29.8132 10
      vertex 16.6131 -29.6463 0
      vertex 16.2101 -29.8132 0
    endloop
  endfacet
  facet normal 0.88698 0.461807 0
    outer loop
      vertex 10.1699 -27.6147 10
      vertex 9.96846 -27.2278 0
      vertex 9.96846 -27.2278 10
    endloop
  endfacet
  facet normal 0.88698 0.461807 0
    outer loop
      vertex 9.96846 -27.2278 0
      vertex 10.1699 -27.6147 10
      vertex 10.1699 -27.6147 0
    endloop
  endfacet
  facet normal 0.793322 0.608802 0
    outer loop
      vertex 10.6698 -28.3287 10
      vertex 10.4042 -27.9826 0
      vertex 10.4042 -27.9826 10
    endloop
  endfacet
  facet normal 0.793322 0.608802 0
    outer loop
      vertex 10.4042 -27.9826 0
      vertex 10.6698 -28.3287 10
      vertex 10.6698 -28.3287 0
    endloop
  endfacet
  facet normal 0.97629 0.216467 0
    outer loop
      vertex 9.67037 -26.4088 10
      vertex 9.57596 -25.983 0
      vertex 9.57596 -25.983 10
    endloop
  endfacet
  facet normal 0.97629 0.216467 0
    outer loop
      vertex 9.57596 -25.983 0
      vertex 9.67037 -26.4088 10
      vertex 9.67037 -26.4088 0
    endloop
  endfacet
  facet normal -0.0437854 -0.999041 0
    outer loop
      vertex 14.5 -20.1147 0
      vertex 14.9358 -20.1338 10
      vertex 14.5 -20.1147 10
    endloop
  endfacet
  facet normal -0.0437854 -0.999041 -0
    outer loop
      vertex 14.9358 -20.1338 10
      vertex 14.5 -20.1147 0
      vertex 14.9358 -20.1338 0
    endloop
  endfacet
  facet normal -0.999051 -0.0435666 0
    outer loop
      vertex 19.5 -25.1147 0
      vertex 19.481 -24.679 10
      vertex 19.481 -24.679 0
    endloop
  endfacet
  facet normal -0.999051 -0.0435666 0
    outer loop
      vertex 19.481 -24.679 10
      vertex 19.5 -25.1147 0
      vertex 19.5 -25.1147 10
    endloop
  endfacet
  facet normal 0.6756 -0.737268 0
    outer loop
      vertex 10.9645 -21.5792 0
      vertex 11.2861 -21.2845 10
      vertex 10.9645 -21.5792 10
    endloop
  endfacet
  facet normal 0.6756 -0.737268 0
    outer loop
      vertex 11.2861 -21.2845 10
      vertex 10.9645 -21.5792 0
      vertex 11.2861 -21.2845 0
    endloop
  endfacet
  facet normal -0.382629 -0.923902 0
    outer loop
      vertex 16.2101 -20.4163 0
      vertex 16.6131 -20.5832 10
      vertex 16.2101 -20.4163 10
    endloop
  endfacet
  facet normal -0.382629 -0.923902 -0
    outer loop
      vertex 16.6131 -20.5832 10
      vertex 16.2101 -20.4163 0
      vertex 16.6131 -20.5832 0
    endloop
  endfacet
  facet normal -0.6756 -0.737268 0
    outer loop
      vertex 17.7139 -21.2845 0
      vertex 18.0355 -21.5792 10
      vertex 17.7139 -21.2845 10
    endloop
  endfacet
  facet normal -0.6756 -0.737268 -0
    outer loop
      vertex 18.0355 -21.5792 10
      vertex 17.7139 -21.2845 0
      vertex 18.0355 -21.5792 0
    endloop
  endfacet
  facet normal -0.461735 0.887018 0
    outer loop
      vertex 17 -29.4449 0
      vertex 16.6131 -29.6463 10
      vertex 17 -29.4449 10
    endloop
  endfacet
  facet normal -0.461735 0.887018 0
    outer loop
      vertex 16.6131 -29.6463 10
      vertex 17 -29.4449 0
      vertex 16.6131 -29.6463 0
    endloop
  endfacet
  facet normal 0.382629 -0.923902 0
    outer loop
      vertex 12.3869 -20.5832 0
      vertex 12.7899 -20.4163 10
      vertex 12.3869 -20.5832 10
    endloop
  endfacet
  facet normal 0.382629 -0.923902 0
    outer loop
      vertex 12.7899 -20.4163 10
      vertex 12.3869 -20.5832 0
      vertex 12.7899 -20.4163 0
    endloop
  endfacet
  facet normal 0.6756 0.737268 -0
    outer loop
      vertex 11.2861 -28.945 0
      vertex 10.9645 -28.6503 10
      vertex 11.2861 -28.945 10
    endloop
  endfacet
  facet normal 0.6756 0.737268 0
    outer loop
      vertex 10.9645 -28.6503 10
      vertex 11.2861 -28.945 0
      vertex 10.9645 -28.6503 0
    endloop
  endfacet
  facet normal 0.737268 -0.6756 0
    outer loop
      vertex 10.6698 -21.9008 10
      vertex 10.9645 -21.5792 0
      vertex 10.9645 -21.5792 10
    endloop
  endfacet
  facet normal 0.737268 -0.6756 0
    outer loop
      vertex 10.9645 -21.5792 0
      vertex 10.6698 -21.9008 10
      vertex 10.6698 -21.9008 0
    endloop
  endfacet
  facet normal -0.608719 0.793386 0
    outer loop
      vertex 17.7139 -28.945 0
      vertex 17.5399 -29.0785 10
      vertex 17.7139 -28.945 10
    endloop
  endfacet
  facet normal -0.608768 0.793348 -1.37575e-06
    outer loop
      vertex 17.3679 -29.2105 0
      vertex 17.5399 -29.0785 10
      vertex 17.7139 -28.945 0
    endloop
  endfacet
  facet normal -0.608819 0.793309 0
    outer loop
      vertex 17.5399 -29.0785 10
      vertex 17.3679 -29.2105 0
      vertex 17.3679 -29.2105 10
    endloop
  endfacet
  facet normal -0.737268 0.6756 0
    outer loop
      vertex 18.0355 -28.6503 0
      vertex 18.3302 -28.3287 10
      vertex 18.3302 -28.3287 0
    endloop
  endfacet
  facet normal -0.737268 0.6756 0
    outer loop
      vertex 18.3302 -28.3287 10
      vertex 18.0355 -28.6503 0
      vertex 18.0355 -28.6503 10
    endloop
  endfacet
  facet normal 0.953713 -0.300718 0
    outer loop
      vertex 9.67037 -23.8206 10
      vertex 9.80154 -23.4046 0
      vertex 9.80154 -23.4046 10
    endloop
  endfacet
  facet normal 0.953713 -0.300718 0
    outer loop
      vertex 9.80154 -23.4046 0
      vertex 9.67037 -23.8206 10
      vertex 9.67037 -23.8206 0
    endloop
  endfacet
  facet normal -0.130466 -0.991453 0
    outer loop
      vertex 14.9358 -20.1338 0
      vertex 15.3682 -20.1907 10
      vertex 14.9358 -20.1338 10
    endloop
  endfacet
  facet normal -0.130466 -0.991453 -0
    outer loop
      vertex 15.3682 -20.1907 10
      vertex 14.9358 -20.1338 0
      vertex 15.3682 -20.1907 0
    endloop
  endfacet
  facet normal -0.216396 0.976306 0
    outer loop
      vertex 15.7941 -29.9444 0
      vertex 15.3682 -30.0388 10
      vertex 15.7941 -29.9444 10
    endloop
  endfacet
  facet normal -0.216396 0.976306 0
    outer loop
      vertex 15.3682 -30.0388 10
      vertex 15.7941 -29.9444 0
      vertex 15.3682 -30.0388 0
    endloop
  endfacet
  facet normal -0.0435566 0.999051 0
    outer loop
      vertex 14.9358 -30.0957 0
      vertex 14.5 -30.1147 10
      vertex 14.9358 -30.0957 10
    endloop
  endfacet
  facet normal -0.0435566 0.999051 0
    outer loop
      vertex 14.5 -30.1147 10
      vertex 14.9358 -30.0957 0
      vertex 14.5 -30.1147 0
    endloop
  endfacet
  facet normal -0.97634 0.216243 0
    outer loop
      vertex 19.424 -25.983 0
      vertex 19.3807 -26.1785 10
      vertex 19.424 -25.983 10
    endloop
  endfacet
  facet normal -0.976295 0.216445 4.14088e-06
    outer loop
      vertex 19.3296 -26.4088 0
      vertex 19.3807 -26.1785 10
      vertex 19.424 -25.983 0
    endloop
  endfacet
  facet normal -0.976257 0.216616 0
    outer loop
      vertex 19.3807 -26.1785 10
      vertex 19.3296 -26.4088 0
      vertex 19.3296 -26.4088 10
    endloop
  endfacet
  facet normal -0.953759 0.300572 0
    outer loop
      vertex 19.1985 -26.8248 0
      vertex 19.3296 -26.4088 10
      vertex 19.3296 -26.4088 0
    endloop
  endfacet
  facet normal -0.953759 0.300572 0
    outer loop
      vertex 19.3296 -26.4088 10
      vertex 19.1985 -26.8248 0
      vertex 19.1985 -26.8248 10
    endloop
  endfacet
  facet normal -0.923683 -0.383157 0
    outer loop
      vertex 19.0315 -23.0016 0
      vertex 19.0875 -23.1366 10
      vertex 19.0315 -23.0016 10
    endloop
  endfacet
  facet normal -0.923821 -0.382824 5.27243e-06
    outer loop
      vertex 19.1985 -23.4046 0
      vertex 19.0875 -23.1366 10
      vertex 19.0315 -23.0016 0
    endloop
  endfacet
  facet normal -0.923891 -0.382656 0
    outer loop
      vertex 19.0875 -23.1366 10
      vertex 19.1985 -23.4046 0
      vertex 19.1985 -23.4046 10
    endloop
  endfacet
  facet normal 0.0433588 0.99906 -0
    outer loop
      vertex 14.5 -30.1147 0
      vertex 14.1682 -30.1003 10
      vertex 14.5 -30.1147 10
    endloop
  endfacet
  facet normal 0.0435566 0.999051 6.57475e-06
    outer loop
      vertex 14.0642 -30.0957 0
      vertex 14.1682 -30.1003 10
      vertex 14.5 -30.1147 0
    endloop
  endfacet
  facet normal 0.0441876 0.999023 0
    outer loop
      vertex 14.1682 -30.1003 10
      vertex 14.0642 -30.0957 0
      vertex 14.0642 -30.0957 10
    endloop
  endfacet
  facet normal 0.991448 -0.130504 0
    outer loop
      vertex 9.51903 -24.679 10
      vertex 9.57596 -24.2465 0
      vertex 9.57596 -24.2465 10
    endloop
  endfacet
  facet normal 0.991448 -0.130504 0
    outer loop
      vertex 9.57596 -24.2465 0
      vertex 9.51903 -24.679 10
      vertex 9.51903 -24.679 0
    endloop
  endfacet
  facet normal -0.130466 0.991453 0
    outer loop
      vertex 15.3682 -30.0388 0
      vertex 14.9358 -30.0957 10
      vertex 15.3682 -30.0388 10
    endloop
  endfacet
  facet normal -0.130466 0.991453 0
    outer loop
      vertex 14.9358 -30.0957 10
      vertex 15.3682 -30.0388 0
      vertex 14.9358 -30.0957 0
    endloop
  endfacet
  facet normal -0.976306 -0.216396 0
    outer loop
      vertex 19.424 -24.2465 0
      vertex 19.3296 -23.8206 10
      vertex 19.3296 -23.8206 0
    endloop
  endfacet
  facet normal -0.976306 -0.216396 0
    outer loop
      vertex 19.3296 -23.8206 10
      vertex 19.424 -24.2465 0
      vertex 19.424 -24.2465 10
    endloop
  endfacet
  facet normal -0.793322 0.608802 0
    outer loop
      vertex 18.3302 -28.3287 0
      vertex 18.5958 -27.9826 10
      vertex 18.5958 -27.9826 0
    endloop
  endfacet
  facet normal -0.793322 0.608802 0
    outer loop
      vertex 18.5958 -27.9826 10
      vertex 18.3302 -28.3287 0
      vertex 18.3302 -28.3287 10
    endloop
  endfacet
  facet normal 0.608768 0.793348 -0
    outer loop
      vertex 11.6321 -29.2105 0
      vertex 11.2861 -28.945 10
      vertex 11.6321 -29.2105 10
    endloop
  endfacet
  facet normal 0.608768 0.793348 0
    outer loop
      vertex 11.2861 -28.945 10
      vertex 11.6321 -29.2105 0
      vertex 11.2861 -28.945 0
    endloop
  endfacet
  facet normal -0.843473 0.537172 0
    outer loop
      vertex 18.5958 -27.9826 0
      vertex 18.8301 -27.6147 10
      vertex 18.8301 -27.6147 0
    endloop
  endfacet
  facet normal -0.843473 0.537172 0
    outer loop
      vertex 18.8301 -27.6147 10
      vertex 18.5958 -27.9826 0
      vertex 18.5958 -27.9826 10
    endloop
  endfacet
  facet normal -0.608768 -0.793348 0
    outer loop
      vertex 17.3679 -21.019 0
      vertex 17.7139 -21.2845 10
      vertex 17.3679 -21.019 10
    endloop
  endfacet
  facet normal -0.608768 -0.793348 -0
    outer loop
      vertex 17.7139 -21.2845 10
      vertex 17.3679 -21.019 0
      vertex 17.7139 -21.2845 0
    endloop
  endfacet
  facet normal -0.30078 -0.953693 0
    outer loop
      vertex 15.7941 -20.2851 0
      vertex 16.2101 -20.4163 10
      vertex 15.7941 -20.2851 10
    endloop
  endfacet
  facet normal -0.30078 -0.953693 -0
    outer loop
      vertex 16.2101 -20.4163 10
      vertex 15.7941 -20.2851 0
      vertex 16.2101 -20.4163 0
    endloop
  endfacet
  facet normal 0.976301 -0.216418 0
    outer loop
      vertex 9.57596 -24.2465 10
      vertex 9.67037 -23.8206 0
      vertex 9.67037 -23.8206 10
    endloop
  endfacet
  facet normal 0.976301 -0.216418 0
    outer loop
      vertex 9.67037 -23.8206 0
      vertex 9.57596 -24.2465 10
      vertex 9.57596 -24.2465 0
    endloop
  endfacet
  facet normal -0.461735 -0.887018 0
    outer loop
      vertex 16.6131 -20.5832 0
      vertex 17 -20.7846 10
      vertex 16.6131 -20.5832 10
    endloop
  endfacet
  facet normal -0.461735 -0.887018 -0
    outer loop
      vertex 17 -20.7846 10
      vertex 16.6131 -20.5832 0
      vertex 17 -20.7846 0
    endloop
  endfacet
  facet normal -0.537335 -0.843369 0
    outer loop
      vertex 17 -20.7846 0
      vertex 17.3679 -21.019 10
      vertex 17 -20.7846 10
    endloop
  endfacet
  facet normal -0.537335 -0.843369 -0
    outer loop
      vertex 17.3679 -21.019 10
      vertex 17 -20.7846 0
      vertex 17.3679 -21.019 0
    endloop
  endfacet
  facet normal 0.537335 -0.843369 0
    outer loop
      vertex 11.6321 -21.019 0
      vertex 12 -20.7846 10
      vertex 11.6321 -21.019 10
    endloop
  endfacet
  facet normal 0.537335 -0.843369 0
    outer loop
      vertex 12 -20.7846 10
      vertex 11.6321 -21.019 0
      vertex 12 -20.7846 0
    endloop
  endfacet
  facet normal -0.843406 -0.537276 0
    outer loop
      vertex 18.8301 -22.6147 0
      vertex 18.5958 -22.2469 10
      vertex 18.5958 -22.2469 0
    endloop
  endfacet
  facet normal -0.843406 -0.537276 0
    outer loop
      vertex 18.5958 -22.2469 10
      vertex 18.8301 -22.6147 0
      vertex 18.8301 -22.6147 10
    endloop
  endfacet
  facet normal 0.953713 0.300718 0
    outer loop
      vertex 9.80154 -26.8248 10
      vertex 9.67037 -26.4088 0
      vertex 9.67037 -26.4088 10
    endloop
  endfacet
  facet normal 0.953713 0.300718 0
    outer loop
      vertex 9.67037 -26.4088 0
      vertex 9.80154 -26.8248 10
      vertex 9.80154 -26.8248 0
    endloop
  endfacet
  facet normal 0.843473 0.537172 0
    outer loop
      vertex 10.4042 -27.9826 10
      vertex 10.1699 -27.6147 0
      vertex 10.1699 -27.6147 10
    endloop
  endfacet
  facet normal 0.843473 0.537172 0
    outer loop
      vertex 10.1699 -27.6147 0
      vertex 10.4042 -27.9826 10
      vertex 10.4042 -27.9826 0
    endloop
  endfacet
  facet normal 0.608768 -0.793348 0
    outer loop
      vertex 11.2861 -21.2845 0
      vertex 11.6321 -21.019 10
      vertex 11.2861 -21.2845 10
    endloop
  endfacet
  facet normal 0.608768 -0.793348 0
    outer loop
      vertex 11.6321 -21.019 10
      vertex 11.2861 -21.2845 0
      vertex 11.6321 -21.019 0
    endloop
  endfacet
  facet normal 0.923886 0.382668 0
    outer loop
      vertex 9.96846 -27.2278 10
      vertex 9.80154 -26.8248 0
      vertex 9.80154 -26.8248 10
    endloop
  endfacet
  facet normal 0.923886 0.382668 0
    outer loop
      vertex 9.80154 -26.8248 0
      vertex 9.96846 -27.2278 10
      vertex 9.96846 -27.2278 0
    endloop
  endfacet
  facet normal -0.216396 -0.976306 0
    outer loop
      vertex 15.3682 -20.1907 0
      vertex 15.7941 -20.2851 10
      vertex 15.3682 -20.1907 10
    endloop
  endfacet
  facet normal -0.216396 -0.976306 -0
    outer loop
      vertex 15.7941 -20.2851 10
      vertex 15.3682 -20.1907 0
      vertex 15.7941 -20.2851 0
    endloop
  endfacet
  facet normal 0.30078 0.953693 -0
    outer loop
      vertex 13.2059 -29.9444 0
      vertex 12.7899 -29.8132 10
      vertex 13.2059 -29.9444 10
    endloop
  endfacet
  facet normal 0.30078 0.953693 0
    outer loop
      vertex 12.7899 -29.8132 10
      vertex 13.2059 -29.9444 0
      vertex 12.7899 -29.8132 0
    endloop
  endfacet
  facet normal 0.999048 -0.0436352 0
    outer loop
      vertex 9.5 -25.1147 10
      vertex 9.51903 -24.679 0
      vertex 9.51903 -24.679 10
    endloop
  endfacet
  facet normal 0.999048 -0.0436352 0
    outer loop
      vertex 9.51903 -24.679 0
      vertex 9.5 -25.1147 10
      vertex 9.5 -25.1147 0
    endloop
  endfacet
  facet normal -0.887018 -0.461735 0
    outer loop
      vertex 19.0315 -23.0016 0
      vertex 18.8301 -22.6147 10
      vertex 18.8301 -22.6147 0
    endloop
  endfacet
  facet normal -0.887018 -0.461735 0
    outer loop
      vertex 18.8301 -22.6147 10
      vertex 19.0315 -23.0016 0
      vertex 19.0315 -23.0016 10
    endloop
  endfacet
  facet normal 0.843406 -0.537276 0
    outer loop
      vertex 10.1699 -22.6147 10
      vertex 10.4042 -22.2469 0
      vertex 10.4042 -22.2469 10
    endloop
  endfacet
  facet normal 0.843406 -0.537276 0
    outer loop
      vertex 10.4042 -22.2469 0
      vertex 10.1699 -22.6147 10
      vertex 10.1699 -22.6147 0
    endloop
  endfacet
  facet normal -0.991427 -0.130662 0
    outer loop
      vertex 19.481 -24.679 0
      vertex 19.424 -24.2465 10
      vertex 19.424 -24.2465 0
    endloop
  endfacet
  facet normal -0.991427 -0.130662 0
    outer loop
      vertex 19.424 -24.2465 10
      vertex 19.481 -24.679 0
      vertex 19.481 -24.679 10
    endloop
  endfacet
  facet normal 0.793322 -0.608802 0
    outer loop
      vertex 10.4042 -22.2469 10
      vertex 10.6698 -21.9008 0
      vertex 10.6698 -21.9008 10
    endloop
  endfacet
  facet normal 0.793322 -0.608802 0
    outer loop
      vertex 10.6698 -21.9008 0
      vertex 10.4042 -22.2469 10
      vertex 10.4042 -22.2469 0
    endloop
  endfacet
  facet normal 0.382629 0.923902 -0
    outer loop
      vertex 12.7899 -29.8132 0
      vertex 12.3869 -29.6463 10
      vertex 12.7899 -29.8132 10
    endloop
  endfacet
  facet normal 0.382629 0.923902 0
    outer loop
      vertex 12.3869 -29.6463 10
      vertex 12.7899 -29.8132 0
      vertex 12.3869 -29.6463 0
    endloop
  endfacet
  facet normal 0.30078 -0.953693 0
    outer loop
      vertex 12.7899 -20.4163 0
      vertex 13.2059 -20.2851 10
      vertex 12.7899 -20.4163 10
    endloop
  endfacet
  facet normal 0.30078 -0.953693 0
    outer loop
      vertex 13.2059 -20.2851 10
      vertex 12.7899 -20.4163 0
      vertex 13.2059 -20.2851 0
    endloop
  endfacet
  facet normal 0.923886 -0.382668 0
    outer loop
      vertex 9.80154 -23.4046 10
      vertex 9.96846 -23.0016 0
      vertex 9.96846 -23.0016 10
    endloop
  endfacet
  facet normal 0.923886 -0.382668 0
    outer loop
      vertex 9.96846 -23.0016 0
      vertex 9.80154 -23.4046 10
      vertex 9.80154 -23.4046 0
    endloop
  endfacet
  facet normal 0.991448 0.130504 0
    outer loop
      vertex 9.57596 -25.983 10
      vertex 9.51903 -25.5505 0
      vertex 9.51903 -25.5505 10
    endloop
  endfacet
  facet normal 0.991448 0.130504 0
    outer loop
      vertex 9.51903 -25.5505 0
      vertex 9.57596 -25.983 10
      vertex 9.57596 -25.983 0
    endloop
  endfacet
  facet normal 0.216396 0.976306 -0
    outer loop
      vertex 13.6318 -30.0388 0
      vertex 13.2059 -29.9444 10
      vertex 13.6318 -30.0388 10
    endloop
  endfacet
  facet normal 0.216396 0.976306 0
    outer loop
      vertex 13.2059 -29.9444 10
      vertex 13.6318 -30.0388 0
      vertex 13.2059 -29.9444 0
    endloop
  endfacet
  facet normal 0.999048 0.0436252 0
    outer loop
      vertex 9.51903 -25.5505 10
      vertex 9.5 -25.1147 0
      vertex 9.5 -25.1147 10
    endloop
  endfacet
  facet normal 0.999048 0.0436252 0
    outer loop
      vertex 9.5 -25.1147 0
      vertex 9.51903 -25.5505 10
      vertex 9.51903 -25.5505 0
    endloop
  endfacet
  facet normal 0.0437854 -0.999041 0
    outer loop
      vertex 14.0642 -20.1338 0
      vertex 14.5 -20.1147 10
      vertex 14.0642 -20.1338 10
    endloop
  endfacet
  facet normal 0.0437854 -0.999041 0
    outer loop
      vertex 14.5 -20.1147 10
      vertex 14.0642 -20.1338 0
      vertex 14.5 -20.1147 0
    endloop
  endfacet
  facet normal 0.991442 0.130548 0
    outer loop
      vertex 44.8288 3.92201 10
      vertex 44.3163 7.81417 0
      vertex 44.3163 7.81417 10
    endloop
  endfacet
  facet normal 0.991442 0.130548 0
    outer loop
      vertex 44.3163 7.81417 0
      vertex 44.8288 3.92201 10
      vertex 44.8288 3.92201 0
    endloop
  endfacet
  facet normal 0.999049 0.0436096 0
    outer loop
      vertex 45 0 10
      vertex 44.8288 3.92201 0
      vertex 44.8288 3.92201 10
    endloop
  endfacet
  facet normal 0.999049 0.0436096 0
    outer loop
      vertex 44.8288 3.92201 0
      vertex 45 0 10
      vertex 45 0 0
    endloop
  endfacet
  facet normal 0.976301 0.216416 0
    outer loop
      vertex 44.3163 7.81417 10
      vertex 43.4667 11.6469 0
      vertex 43.4667 11.6469 10
    endloop
  endfacet
  facet normal 0.976301 0.216416 0
    outer loop
      vertex 43.4667 11.6469 0
      vertex 44.3163 7.81417 10
      vertex 44.3163 7.81417 0
    endloop
  endfacet
  facet normal 0.793358 0.608755 0
    outer loop
      vertex 36.8618 25.8109 10
      vertex 34.472 28.9254 0
      vertex 34.472 28.9254 10
    endloop
  endfacet
  facet normal 0.793358 0.608755 0
    outer loop
      vertex 34.472 28.9254 0
      vertex 36.8618 25.8109 10
      vertex 36.8618 25.8109 0
    endloop
  endfacet
  facet normal -0.675586 -0.737281 0
    outer loop
      vertex -31.8198 -31.8198 0
      vertex -28.9254 -34.472 10
      vertex -31.8198 -31.8198 10
    endloop
  endfacet
  facet normal -0.675586 -0.737281 -0
    outer loop
      vertex -28.9254 -34.472 10
      vertex -31.8198 -31.8198 0
      vertex -28.9254 -34.472 0
    endloop
  endfacet
  facet normal 0.130548 0.991442 -0
    outer loop
      vertex 7.81417 44.3163 0
      vertex 3.92201 44.8288 10
      vertex 7.81417 44.3163 10
    endloop
  endfacet
  facet normal 0.130548 0.991442 0
    outer loop
      vertex 3.92201 44.8288 10
      vertex 7.81417 44.3163 0
      vertex 3.92201 44.8288 0
    endloop
  endfacet
  facet normal 0.991442 -0.130548 0
    outer loop
      vertex 44.3163 -7.81417 10
      vertex 44.8288 -3.92201 0
      vertex 44.8288 -3.92201 10
    endloop
  endfacet
  facet normal 0.991442 -0.130548 0
    outer loop
      vertex 44.8288 -3.92201 0
      vertex 44.3163 -7.81417 10
      vertex 44.3163 -7.81417 0
    endloop
  endfacet
  facet normal 0.737281 -0.675586 0
    outer loop
      vertex 31.8198 -31.8198 10
      vertex 34.472 -28.9254 0
      vertex 34.472 -28.9254 10
    endloop
  endfacet
  facet normal 0.737281 -0.675586 0
    outer loop
      vertex 34.472 -28.9254 0
      vertex 31.8198 -31.8198 10
      vertex 31.8198 -31.8198 0
    endloop
  endfacet
  facet normal 0.537304 -0.843389 0
    outer loop
      vertex 22.5 -38.9711 0
      vertex 25.8109 -36.8618 10
      vertex 22.5 -38.9711 10
    endloop
  endfacet
  facet normal 0.537304 -0.843389 0
    outer loop
      vertex 25.8109 -36.8618 10
      vertex 22.5 -38.9711 0
      vertex 25.8109 -36.8618 0
    endloop
  endfacet
  facet normal 0.953715 -0.300711 0
    outer loop
      vertex 42.2862 -15.3909 10
      vertex 43.4667 -11.6469 0
      vertex 43.4667 -11.6469 10
    endloop
  endfacet
  facet normal 0.953715 -0.300711 0
    outer loop
      vertex 43.4667 -11.6469 0
      vertex 42.2862 -15.3909 10
      vertex 42.2862 -15.3909 0
    endloop
  endfacet
  facet normal -0.461765 0.887002 0
    outer loop
      vertex -19.0178 40.7839 0
      vertex -22.5 38.9711 10
      vertex -19.0178 40.7839 10
    endloop
  endfacet
  facet normal -0.461765 0.887002 0
    outer loop
      vertex -22.5 38.9711 10
      vertex -19.0178 40.7839 0
      vertex -22.5 38.9711 0
    endloop
  endfacet
  facet normal 0.976301 -0.216416 0
    outer loop
      vertex 43.4667 -11.6469 10
      vertex 44.3163 -7.81417 0
      vertex 44.3163 -7.81417 10
    endloop
  endfacet
  facet normal 0.976301 -0.216416 0
    outer loop
      vertex 44.3163 -7.81417 0
      vertex 43.4667 -11.6469 10
      vertex 43.4667 -11.6469 0
    endloop
  endfacet
  facet normal 0.130548 -0.991442 0
    outer loop
      vertex 3.92201 -44.8288 0
      vertex 7.81417 -44.3163 10
      vertex 3.92201 -44.8288 10
    endloop
  endfacet
  facet normal 0.130548 -0.991442 0
    outer loop
      vertex 7.81417 -44.3163 10
      vertex 3.92201 -44.8288 0
      vertex 7.81417 -44.3163 0
    endloop
  endfacet
  facet normal -0.953715 0.300711 0
    outer loop
      vertex -43.4667 11.6469 0
      vertex -42.2862 15.3909 10
      vertex -42.2862 15.3909 0
    endloop
  endfacet
  facet normal -0.953715 0.300711 0
    outer loop
      vertex -42.2862 15.3909 10
      vertex -43.4667 11.6469 0
      vertex -43.4667 11.6469 10
    endloop
  endfacet
  facet normal 0.461765 -0.887002 0
    outer loop
      vertex 19.0178 -40.7839 0
      vertex 22.5 -38.9711 10
      vertex 19.0178 -40.7839 10
    endloop
  endfacet
  facet normal 0.461765 -0.887002 0
    outer loop
      vertex 22.5 -38.9711 10
      vertex 19.0178 -40.7839 0
      vertex 22.5 -38.9711 0
    endloop
  endfacet
  facet normal -0.537304 0.843389 0
    outer loop
      vertex -22.5 38.9711 0
      vertex -25.8109 36.8618 10
      vertex -22.5 38.9711 10
    endloop
  endfacet
  facet normal -0.537304 0.843389 0
    outer loop
      vertex -25.8109 36.8618 10
      vertex -22.5 38.9711 0
      vertex -25.8109 36.8618 0
    endloop
  endfacet
  facet normal -0.887002 0.461765 0
    outer loop
      vertex -40.7839 19.0178 0
      vertex -38.9711 22.5 10
      vertex -38.9711 22.5 0
    endloop
  endfacet
  facet normal -0.887002 0.461765 0
    outer loop
      vertex -38.9711 22.5 10
      vertex -40.7839 19.0178 0
      vertex -40.7839 19.0178 10
    endloop
  endfacet
  facet normal 0.537304 0.843389 -0
    outer loop
      vertex 25.8109 36.8618 0
      vertex 22.5 38.9711 10
      vertex 25.8109 36.8618 10
    endloop
  endfacet
  facet normal 0.537304 0.843389 0
    outer loop
      vertex 22.5 38.9711 10
      vertex 25.8109 36.8618 0
      vertex 22.5 38.9711 0
    endloop
  endfacet
  facet normal 0.608755 -0.793358 0
    outer loop
      vertex 25.8109 -36.8618 0
      vertex 28.9254 -34.472 10
      vertex 25.8109 -36.8618 10
    endloop
  endfacet
  facet normal 0.608755 -0.793358 0
    outer loop
      vertex 28.9254 -34.472 10
      vertex 25.8109 -36.8618 0
      vertex 28.9254 -34.472 0
    endloop
  endfacet
  facet normal -0.923881 0.382681 0
    outer loop
      vertex -42.2862 15.3909 0
      vertex -40.7839 19.0178 10
      vertex -40.7839 19.0178 0
    endloop
  endfacet
  facet normal -0.923881 0.382681 0
    outer loop
      vertex -40.7839 19.0178 10
      vertex -42.2862 15.3909 0
      vertex -42.2862 15.3909 10
    endloop
  endfacet
  facet normal 0.300711 0.953715 -0
    outer loop
      vertex 15.3909 42.2862 0
      vertex 11.6469 43.4667 10
      vertex 15.3909 42.2862 10
    endloop
  endfacet
  facet normal 0.300711 0.953715 0
    outer loop
      vertex 11.6469 43.4667 10
      vertex 15.3909 42.2862 0
      vertex 11.6469 43.4667 0
    endloop
  endfacet
  facet normal 0.843389 0.537304 0
    outer loop
      vertex 38.9711 22.5 10
      vertex 36.8618 25.8109 0
      vertex 36.8618 25.8109 10
    endloop
  endfacet
  facet normal 0.843389 0.537304 0
    outer loop
      vertex 36.8618 25.8109 0
      vertex 38.9711 22.5 10
      vertex 38.9711 22.5 0
    endloop
  endfacet
  facet normal 0.675586 -0.737281 0
    outer loop
      vertex 28.9254 -34.472 0
      vertex 31.8198 -31.8198 10
      vertex 28.9254 -34.472 10
    endloop
  endfacet
  facet normal 0.675586 -0.737281 0
    outer loop
      vertex 31.8198 -31.8198 10
      vertex 28.9254 -34.472 0
      vertex 31.8198 -31.8198 0
    endloop
  endfacet
  facet normal 0.953715 0.300711 0
    outer loop
      vertex 43.4667 11.6469 10
      vertex 42.2862 15.3909 0
      vertex 42.2862 15.3909 10
    endloop
  endfacet
  facet normal 0.953715 0.300711 0
    outer loop
      vertex 42.2862 15.3909 0
      vertex 43.4667 11.6469 10
      vertex 43.4667 11.6469 0
    endloop
  endfacet
  facet normal -0.843389 -0.537304 0
    outer loop
      vertex -36.8618 -25.8109 0
      vertex -38.9711 -22.5 10
      vertex -38.9711 -22.5 0
    endloop
  endfacet
  facet normal -0.843389 -0.537304 0
    outer loop
      vertex -38.9711 -22.5 10
      vertex -36.8618 -25.8109 0
      vertex -36.8618 -25.8109 10
    endloop
  endfacet
  facet normal -0.130548 0.991442 0
    outer loop
      vertex -3.92201 44.8288 0
      vertex -7.81417 44.3163 10
      vertex -3.92201 44.8288 10
    endloop
  endfacet
  facet normal -0.130548 0.991442 0
    outer loop
      vertex -7.81417 44.3163 10
      vertex -3.92201 44.8288 0
      vertex -7.81417 44.3163 0
    endloop
  endfacet
  facet normal -0.382681 0.923881 0
    outer loop
      vertex -15.3909 42.2862 0
      vertex -19.0178 40.7839 10
      vertex -15.3909 42.2862 10
    endloop
  endfacet
  facet normal -0.382681 0.923881 0
    outer loop
      vertex -19.0178 40.7839 10
      vertex -15.3909 42.2862 0
      vertex -19.0178 40.7839 0
    endloop
  endfacet
  facet normal -0.737281 -0.675586 0
    outer loop
      vertex -31.8198 -31.8198 0
      vertex -34.472 -28.9254 10
      vertex -34.472 -28.9254 0
    endloop
  endfacet
  facet normal -0.737281 -0.675586 0
    outer loop
      vertex -34.472 -28.9254 10
      vertex -31.8198 -31.8198 0
      vertex -31.8198 -31.8198 10
    endloop
  endfacet
  facet normal 0.999049 -0.0436096 0
    outer loop
      vertex 44.8288 -3.92201 10
      vertex 45 0 0
      vertex 45 0 10
    endloop
  endfacet
  facet normal 0.999049 -0.0436096 0
    outer loop
      vertex 45 0 0
      vertex 44.8288 -3.92201 10
      vertex 44.8288 -3.92201 0
    endloop
  endfacet
  facet normal 0.887002 -0.461765 0
    outer loop
      vertex 38.9711 -22.5 10
      vertex 40.7839 -19.0178 0
      vertex 40.7839 -19.0178 10
    endloop
  endfacet
  facet normal 0.887002 -0.461765 0
    outer loop
      vertex 40.7839 -19.0178 0
      vertex 38.9711 -22.5 10
      vertex 38.9711 -22.5 0
    endloop
  endfacet
  facet normal 0.0436096 0.999049 -0
    outer loop
      vertex 3.92201 44.8288 0
      vertex 0 45 10
      vertex 3.92201 44.8288 10
    endloop
  endfacet
  facet normal 0.0436096 0.999049 0
    outer loop
      vertex 0 45 10
      vertex 3.92201 44.8288 0
      vertex 0 45 0
    endloop
  endfacet
  facet normal 0.382681 -0.923881 0
    outer loop
      vertex 15.3909 -42.2862 0
      vertex 19.0178 -40.7839 10
      vertex 15.3909 -42.2862 10
    endloop
  endfacet
  facet normal 0.382681 -0.923881 0
    outer loop
      vertex 19.0178 -40.7839 10
      vertex 15.3909 -42.2862 0
      vertex 19.0178 -40.7839 0
    endloop
  endfacet
  facet normal -0.976301 -0.216416 0
    outer loop
      vertex -43.4667 -11.6469 0
      vertex -44.3163 -7.81417 10
      vertex -44.3163 -7.81417 0
    endloop
  endfacet
  facet normal -0.976301 -0.216416 0
    outer loop
      vertex -44.3163 -7.81417 10
      vertex -43.4667 -11.6469 0
      vertex -43.4667 -11.6469 10
    endloop
  endfacet
  facet normal 0.461765 0.887002 -0
    outer loop
      vertex 22.5 38.9711 0
      vertex 19.0178 40.7839 10
      vertex 22.5 38.9711 10
    endloop
  endfacet
  facet normal 0.461765 0.887002 0
    outer loop
      vertex 19.0178 40.7839 10
      vertex 22.5 38.9711 0
      vertex 19.0178 40.7839 0
    endloop
  endfacet
  facet normal -0.216416 0.976301 0
    outer loop
      vertex -7.81417 44.3163 0
      vertex -11.6469 43.4667 10
      vertex -7.81417 44.3163 10
    endloop
  endfacet
  facet normal -0.216416 0.976301 0
    outer loop
      vertex -11.6469 43.4667 10
      vertex -7.81417 44.3163 0
      vertex -11.6469 43.4667 0
    endloop
  endfacet
  facet normal 0.0436096 -0.999049 0
    outer loop
      vertex 0 -45 0
      vertex 3.92201 -44.8288 10
      vertex 0 -45 10
    endloop
  endfacet
  facet normal 0.0436096 -0.999049 0
    outer loop
      vertex 3.92201 -44.8288 10
      vertex 0 -45 0
      vertex 3.92201 -44.8288 0
    endloop
  endfacet
  facet normal 0.843389 -0.537304 0
    outer loop
      vertex 36.8618 -25.8109 10
      vertex 38.9711 -22.5 0
      vertex 38.9711 -22.5 10
    endloop
  endfacet
  facet normal 0.843389 -0.537304 0
    outer loop
      vertex 38.9711 -22.5 0
      vertex 36.8618 -25.8109 10
      vertex 36.8618 -25.8109 0
    endloop
  endfacet
  facet normal 0.793358 -0.608755 0
    outer loop
      vertex 34.472 -28.9254 10
      vertex 36.8618 -25.8109 0
      vertex 36.8618 -25.8109 10
    endloop
  endfacet
  facet normal 0.793358 -0.608755 0
    outer loop
      vertex 36.8618 -25.8109 0
      vertex 34.472 -28.9254 10
      vertex 34.472 -28.9254 0
    endloop
  endfacet
  facet normal 0.737281 0.675586 0
    outer loop
      vertex 34.472 28.9254 10
      vertex 31.8198 31.8198 0
      vertex 31.8198 31.8198 10
    endloop
  endfacet
  facet normal 0.737281 0.675586 0
    outer loop
      vertex 31.8198 31.8198 0
      vertex 34.472 28.9254 10
      vertex 34.472 28.9254 0
    endloop
  endfacet
  facet normal 0.923881 -0.382681 0
    outer loop
      vertex 40.7839 -19.0178 10
      vertex 42.2862 -15.3909 0
      vertex 42.2862 -15.3909 10
    endloop
  endfacet
  facet normal 0.923881 -0.382681 0
    outer loop
      vertex 42.2862 -15.3909 0
      vertex 40.7839 -19.0178 10
      vertex 40.7839 -19.0178 0
    endloop
  endfacet
  facet normal 0.382681 0.923881 -0
    outer loop
      vertex 19.0178 40.7839 0
      vertex 15.3909 42.2862 10
      vertex 19.0178 40.7839 10
    endloop
  endfacet
  facet normal 0.382681 0.923881 0
    outer loop
      vertex 15.3909 42.2862 10
      vertex 19.0178 40.7839 0
      vertex 15.3909 42.2862 0
    endloop
  endfacet
  facet normal -0.130548 -0.991442 0
    outer loop
      vertex -7.81417 -44.3163 0
      vertex -3.92201 -44.8288 10
      vertex -7.81417 -44.3163 10
    endloop
  endfacet
  facet normal -0.130548 -0.991442 -0
    outer loop
      vertex -3.92201 -44.8288 10
      vertex -7.81417 -44.3163 0
      vertex -3.92201 -44.8288 0
    endloop
  endfacet
  facet normal 0.923881 0.382681 0
    outer loop
      vertex 42.2862 15.3909 10
      vertex 40.7839 19.0178 0
      vertex 40.7839 19.0178 10
    endloop
  endfacet
  facet normal 0.923881 0.382681 0
    outer loop
      vertex 40.7839 19.0178 0
      vertex 42.2862 15.3909 10
      vertex 42.2862 15.3909 0
    endloop
  endfacet
  facet normal -0.953715 -0.300711 0
    outer loop
      vertex -42.2862 -15.3909 0
      vertex -43.4667 -11.6469 10
      vertex -43.4667 -11.6469 0
    endloop
  endfacet
  facet normal -0.953715 -0.300711 0
    outer loop
      vertex -43.4667 -11.6469 10
      vertex -42.2862 -15.3909 0
      vertex -42.2862 -15.3909 10
    endloop
  endfacet
  facet normal -0.793358 -0.608755 0
    outer loop
      vertex -34.472 -28.9254 0
      vertex -36.8618 -25.8109 10
      vertex -36.8618 -25.8109 0
    endloop
  endfacet
  facet normal -0.793358 -0.608755 0
    outer loop
      vertex -36.8618 -25.8109 10
      vertex -34.472 -28.9254 0
      vertex -34.472 -28.9254 10
    endloop
  endfacet
  facet normal 0.887002 0.461765 0
    outer loop
      vertex 40.7839 19.0178 10
      vertex 38.9711 22.5 0
      vertex 38.9711 22.5 10
    endloop
  endfacet
  facet normal 0.887002 0.461765 0
    outer loop
      vertex 38.9711 22.5 0
      vertex 40.7839 19.0178 10
      vertex 40.7839 19.0178 0
    endloop
  endfacet
  facet normal 0.608755 0.793358 -0
    outer loop
      vertex 28.9254 34.472 0
      vertex 25.8109 36.8618 10
      vertex 28.9254 34.472 10
    endloop
  endfacet
  facet normal 0.608755 0.793358 0
    outer loop
      vertex 25.8109 36.8618 10
      vertex 28.9254 34.472 0
      vertex 25.8109 36.8618 0
    endloop
  endfacet
  facet normal -0.300711 0.953715 0
    outer loop
      vertex -11.6469 43.4667 0
      vertex -15.3909 42.2862 10
      vertex -11.6469 43.4667 10
    endloop
  endfacet
  facet normal -0.300711 0.953715 0
    outer loop
      vertex -15.3909 42.2862 10
      vertex -11.6469 43.4667 0
      vertex -15.3909 42.2862 0
    endloop
  endfacet
  facet normal -0.999049 -0.0436096 0
    outer loop
      vertex -44.8288 -3.92201 0
      vertex -45 0 10
      vertex -45 0 0
    endloop
  endfacet
  facet normal -0.999049 -0.0436096 0
    outer loop
      vertex -45 0 10
      vertex -44.8288 -3.92201 0
      vertex -44.8288 -3.92201 10
    endloop
  endfacet
  facet normal -0.216416 -0.976301 0
    outer loop
      vertex -11.6469 -43.4667 0
      vertex -7.81417 -44.3163 10
      vertex -11.6469 -43.4667 10
    endloop
  endfacet
  facet normal -0.216416 -0.976301 -0
    outer loop
      vertex -7.81417 -44.3163 10
      vertex -11.6469 -43.4667 0
      vertex -7.81417 -44.3163 0
    endloop
  endfacet
  facet normal -0.0436096 0.999049 0
    outer loop
      vertex 0 45 0
      vertex -3.92201 44.8288 10
      vertex 0 45 10
    endloop
  endfacet
  facet normal -0.0436096 0.999049 0
    outer loop
      vertex -3.92201 44.8288 10
      vertex 0 45 0
      vertex -3.92201 44.8288 0
    endloop
  endfacet
  facet normal -0.793358 0.608755 0
    outer loop
      vertex -36.8618 25.8109 0
      vertex -34.472 28.9254 10
      vertex -34.472 28.9254 0
    endloop
  endfacet
  facet normal -0.793358 0.608755 0
    outer loop
      vertex -34.472 28.9254 10
      vertex -36.8618 25.8109 0
      vertex -36.8618 25.8109 10
    endloop
  endfacet
  facet normal -0 0 -1
    outer loop
      vertex -17 20.7846 0
      vertex -26.5 4.33013 0
      vertex -17.3679 21.019 0
    endloop
  endfacet
  facet normal 0 0 -1
    outer loop
      vertex -26.8869 4.53154 0
      vertex -17.3679 21.019 0
      vertex -26.5 4.33013 0
    endloop
  endfacet
  facet normal -0 0 -1
    outer loop
      vertex -17.3679 21.019 0
      vertex -26.8869 4.53154 0
      vertex -17.7139 21.2845 0
    endloop
  endfacet
  facet normal 0 0 -1
    outer loop
      vertex -27.2899 4.69846 0
      vertex -17.7139 21.2845 0
      vertex -26.8869 4.53154 0
    endloop
  endfacet
  facet normal -0 0 -1
    outer loop
      vertex -17.7139 21.2845 0
      vertex -27.2899 4.69846 0
      vertex -18.0355 21.5792 0
    endloop
  endfacet
  facet normal 0 0 -1
    outer loop
      vertex -27.7059 4.82963 0
      vertex -18.0355 21.5792 0
      vertex -27.2899 4.69846 0
    endloop
  endfacet
  facet normal -0 0 -1
    outer loop
      vertex -18.0355 21.5792 0
      vertex -27.7059 4.82963 0
      vertex -18.3302 21.9008 0
    endloop
  endfacet
  facet normal 0 0 -1
    outer loop
      vertex -28.1318 4.92404 0
      vertex -18.3302 21.9008 0
      vertex -27.7059 4.82963 0
    endloop
  endfacet
  facet normal -0 0 -1
    outer loop
      vertex -18.3302 21.9008 0
      vertex -28.1318 4.92404 0
      vertex -18.5958 22.2469 0
    endloop
  endfacet
  facet normal 0 0 -1
    outer loop
      vertex -28.5642 4.98097 0
      vertex -18.5958 22.2469 0
      vertex -28.1318 4.92404 0
    endloop
  endfacet
  facet normal 0 0 -1
    outer loop
      vertex -19.481 24.679 0
      vertex -25.8109 36.8618 0
      vertex -22.5 38.9711 0
    endloop
  endfacet
  facet normal -0 0 -1
    outer loop
      vertex -18.5958 22.2469 0
      vertex -28.5642 4.98097 0
      vertex -18.8301 22.6147 0
    endloop
  endfacet
  facet normal 0 0 -1
    outer loop
      vertex -29 5 0
      vertex -18.8301 22.6147 0
      vertex -28.5642 4.98097 0
    endloop
  endfacet
  facet normal 0 0 -1
    outer loop
      vertex -38.9711 22.5 0
      vertex -18.8301 22.6147 0
      vertex -29 5 0
    endloop
  endfacet
  facet normal -0 0 -1
    outer loop
      vertex -18.8301 22.6147 0
      vertex -38.9711 22.5 0
      vertex -19.0315 23.0016 0
    endloop
  endfacet
  facet normal 0 -0 -1
    outer loop
      vertex -36.8618 25.8109 0
      vertex -19.0315 23.0016 0
      vertex -38.9711 22.5 0
    endloop
  endfacet
  facet normal 0 0 -1
    outer loop
      vertex -19.0315 23.0016 0
      vertex -36.8618 25.8109 0
      vertex -19.1985 23.4046 0
    endloop
  endfacet
  facet normal 0 0 -1
    outer loop
      vertex -19.1985 23.4046 0
      vertex -36.8618 25.8109 0
      vertex -19.3296 23.8206 0
    endloop
  endfacet
  facet normal 0 0 -1
    outer loop
      vertex -19.481 24.679 0
      vertex -28.9254 34.472 0
      vertex -25.8109 36.8618 0
    endloop
  endfacet
  facet normal 0 -0 -1
    outer loop
      vertex -34.472 28.9254 0
      vertex -19.3296 23.8206 0
      vertex -36.8618 25.8109 0
    endloop
  endfacet
  facet normal 0 0 -1
    outer loop
      vertex -38.9711 22.5 0
      vertex -29 5 0
      vertex -29.4358 4.98097 0
    endloop
  endfacet
  facet normal 0 0 -1
    outer loop
      vertex -40.7839 19.0178 0
      vertex -29.4358 4.98097 0
      vertex -29.8682 4.92404 0
    endloop
  endfacet
  facet normal 0 0 -1
    outer loop
      vertex -40.7839 19.0178 0
      vertex -29.8682 4.92404 0
      vertex -30.2941 4.82963 0
    endloop
  endfacet
  facet normal 0 0 -1
    outer loop
      vertex -42.2862 15.3909 0
      vertex -30.2941 4.82963 0
      vertex -30.7101 4.69846 0
    endloop
  endfacet
  facet normal 0 0 -1
    outer loop
      vertex -42.2862 15.3909 0
      vertex -30.7101 4.69846 0
      vertex -31.1131 4.53154 0
    endloop
  endfacet
  facet normal 0 0 -1
    outer loop
      vertex -42.2862 15.3909 0
      vertex -31.1131 4.53154 0
      vertex -31.5 4.33013 0
    endloop
  endfacet
  facet normal 0 0 -1
    outer loop
      vertex -19.481 24.679 0
      vertex -31.8198 31.8198 0
      vertex -28.9254 34.472 0
    endloop
  endfacet
  facet normal 0 0 -1
    outer loop
      vertex -43.4667 11.6469 0
      vertex -31.5 4.33013 0
      vertex -31.8679 4.09576 0
    endloop
  endfacet
  facet normal 0 0 -1
    outer loop
      vertex -43.4667 11.6469 0
      vertex -31.8679 4.09576 0
      vertex -32.2139 3.83022 0
    endloop
  endfacet
  facet normal 0 0 -1
    outer loop
      vertex -43.4667 11.6469 0
      vertex -32.2139 3.83022 0
      vertex -32.5355 3.53553 0
    endloop
  endfacet
  facet normal 0 0 -1
    outer loop
      vertex -44.3163 7.81417 0
      vertex -32.5355 3.53553 0
      vertex -32.8302 3.21394 0
    endloop
  endfacet
  facet normal 0 0 -1
    outer loop
      vertex -44.3163 7.81417 0
      vertex -32.8302 3.21394 0
      vertex -33.0958 2.86788 0
    endloop
  endfacet
  facet normal 0 0 -1
    outer loop
      vertex -44.3163 7.81417 0
      vertex -33.0958 2.86788 0
      vertex -33.3301 2.5 0
    endloop
  endfacet
  facet normal 0 0 -1
    outer loop
      vertex -44.3163 7.81417 0
      vertex -33.3301 2.5 0
      vertex -33.5315 2.11309 0
    endloop
  endfacet
  facet normal 0 0 -1
    outer loop
      vertex -44.8288 3.92201 0
      vertex -33.5315 2.11309 0
      vertex -33.6985 1.7101 0
    endloop
  endfacet
  facet normal 0 0 -1
    outer loop
      vertex -44.8288 3.92201 0
      vertex -33.6985 1.7101 0
      vertex -33.8296 1.2941 0
    endloop
  endfacet
  facet normal 0 0 -1
    outer loop
      vertex -44.8288 3.92201 0
      vertex -33.8296 1.2941 0
      vertex -33.924 0.86824 0
    endloop
  endfacet
  facet normal 0 0 -1
    outer loop
      vertex -45 0 0
      vertex -33.924 0.86824 0
      vertex -33.981 0.435779 0
    endloop
  endfacet
  facet normal 0 0 -1
    outer loop
      vertex -19.481 24.679 0
      vertex -34.472 28.9254 0
      vertex -31.8198 31.8198 0
    endloop
  endfacet
  facet normal 0 0 -1
    outer loop
      vertex -45 0 0
      vertex -33.981 0.435779 0
      vertex -34 0 0
    endloop
  endfacet
  facet normal -0 0 -1
    outer loop
      vertex -33.3301 -2.5 0
      vertex -44.3163 -7.81417 0
      vertex -33.5315 -2.11309 0
    endloop
  endfacet
  facet normal 0 0 -1
    outer loop
      vertex -44.8288 -3.92201 0
      vertex -33.5315 -2.11309 0
      vertex -44.3163 -7.81417 0
    endloop
  endfacet
  facet normal 0 0 -1
    outer loop
      vertex -19.424 24.2465 0
      vertex -34.472 28.9254 0
      vertex -19.481 24.679 0
    endloop
  endfacet
  facet normal -0 0 -1
    outer loop
      vertex -33.5315 -2.11309 0
      vertex -44.8288 -3.92201 0
      vertex -33.6985 -1.7101 0
    endloop
  endfacet
  facet normal 0 0 -1
    outer loop
      vertex -19.3296 23.8206 0
      vertex -34.472 28.9254 0
      vertex -19.424 24.2465 0
    endloop
  endfacet
  facet normal -0 0 -1
    outer loop
      vertex -33.6985 -1.7101 0
      vertex -44.8288 -3.92201 0
      vertex -33.8296 -1.2941 0
    endloop
  endfacet
  facet normal 0 0 -1
    outer loop
      vertex -29.4358 4.98097 0
      vertex -40.7839 19.0178 0
      vertex -38.9711 22.5 0
    endloop
  endfacet
  facet normal -0 0 -1
    outer loop
      vertex -33.8296 -1.2941 0
      vertex -44.8288 -3.92201 0
      vertex -33.924 -0.86824 0
    endloop
  endfacet
  facet normal 0 0 -1
    outer loop
      vertex -30.2941 4.82963 0
      vertex -42.2862 15.3909 0
      vertex -40.7839 19.0178 0
    endloop
  endfacet
  facet normal 0 0 -1
    outer loop
      vertex -45 0 0
      vertex -33.924 -0.86824 0
      vertex -44.8288 -3.92201 0
    endloop
  endfacet
  facet normal 0 0 -1
    outer loop
      vertex -31.5 4.33013 0
      vertex -43.4667 11.6469 0
      vertex -42.2862 15.3909 0
    endloop
  endfacet
  facet normal 0 0 -1
    outer loop
      vertex -33.924 -0.86824 0
      vertex -45 0 0
      vertex -33.981 -0.435779 0
    endloop
  endfacet
  facet normal 0 0 -1
    outer loop
      vertex -32.5355 3.53553 0
      vertex -44.3163 7.81417 0
      vertex -43.4667 11.6469 0
    endloop
  endfacet
  facet normal 0 0 -1
    outer loop
      vertex -33.981 -0.435779 0
      vertex -45 0 0
      vertex -34 0 0
    endloop
  endfacet
  facet normal 0 0 -1
    outer loop
      vertex -33.5315 2.11309 0
      vertex -44.8288 3.92201 0
      vertex -44.3163 7.81417 0
    endloop
  endfacet
  facet normal -0 0 -1
    outer loop
      vertex -33.924 0.86824 0
      vertex -45 0 0
      vertex -44.8288 3.92201 0
    endloop
  endfacet
  facet normal 0 0 -1
    outer loop
      vertex -12.3869 -20.5832 0
      vertex -1.92148 -2.74416 0
      vertex -12 -20.7846 0
    endloop
  endfacet
  facet normal 0 0 -1
    outer loop
      vertex -3.35 0 0
      vertex -9.51903 24.679 0
      vertex -9.5 25.1147 0
    endloop
  endfacet
  facet normal -0 0 -1
    outer loop
      vertex -1.92148 -2.74416 0
      vertex -12.3869 -20.5832 0
      vertex -2.15334 -2.56625 0
    endloop
  endfacet
  facet normal 0 0 -1
    outer loop
      vertex -3.35 0 0
      vertex -9.57596 24.2465 0
      vertex -9.51903 24.679 0
    endloop
  endfacet
  facet normal 0 0 -1
    outer loop
      vertex -12.7899 -20.4163 0
      vertex -2.15334 -2.56625 0
      vertex -12.3869 -20.5832 0
    endloop
  endfacet
  facet normal 0 0 -1
    outer loop
      vertex -3.35 0 0
      vertex -9.67037 23.8206 0
      vertex -9.57596 24.2465 0
    endloop
  endfacet
  facet normal -0 0 -1
    outer loop
      vertex -2.15334 -2.56625 0
      vertex -12.7899 -20.4163 0
      vertex -2.36881 -2.36881 0
    endloop
  endfacet
  facet normal 0 0 -1
    outer loop
      vertex -3.35 0 0
      vertex -9.80154 23.4046 0
      vertex -9.67037 23.8206 0
    endloop
  endfacet
  facet normal 0 0 -1
    outer loop
      vertex -13.2059 -20.2851 0
      vertex -2.36881 -2.36881 0
      vertex -12.7899 -20.4163 0
    endloop
  endfacet
  facet normal 0 0 -1
    outer loop
      vertex -3.35 0 0
      vertex -9.96846 23.0016 0
      vertex -9.80154 23.4046 0
    endloop
  endfacet
  facet normal -0 0 -1
    outer loop
      vertex -2.36881 -2.36881 0
      vertex -13.2059 -20.2851 0
      vertex -2.56625 -2.15334 0
    endloop
  endfacet
  facet normal 0 0 -1
    outer loop
      vertex -3.35 0 0
      vertex -10.1699 22.6147 0
      vertex -9.96846 23.0016 0
    endloop
  endfacet
  facet normal 0 0 -1
    outer loop
      vertex -13.6318 -20.1907 0
      vertex -2.56625 -2.15334 0
      vertex -13.2059 -20.2851 0
    endloop
  endfacet
  facet normal 0 0 -1
    outer loop
      vertex -3.35 0 0
      vertex -10.4042 22.2469 0
      vertex -10.1699 22.6147 0
    endloop
  endfacet
  facet normal -0 0 -1
    outer loop
      vertex -2.56625 -2.15334 0
      vertex -13.6318 -20.1907 0
      vertex -2.74416 -1.92148 0
    endloop
  endfacet
  facet normal 0 0 -1
    outer loop
      vertex -3.35 0 0
      vertex -10.6698 21.9008 0
      vertex -10.4042 22.2469 0
    endloop
  endfacet
  facet normal 0 0 -1
    outer loop
      vertex -14.0642 -20.1338 0
      vertex -2.74416 -1.92148 0
      vertex -13.6318 -20.1907 0
    endloop
  endfacet
  facet normal 0 0 -1
    outer loop
      vertex -3.35 0 0
      vertex -10.9645 21.5792 0
      vertex -10.6698 21.9008 0
    endloop
  endfacet
  facet normal -0 0 -1
    outer loop
      vertex -2.74416 -1.92148 0
      vertex -14.0642 -20.1338 0
      vertex -2.90119 -1.675 0
    endloop
  endfacet
  facet normal 0 0 -1
    outer loop
      vertex -3.35 0 0
      vertex -11.2861 21.2845 0
      vertex -10.9645 21.5792 0
    endloop
  endfacet
  facet normal 0 0 -1
    outer loop
      vertex -24.4685 -2.11309 0
      vertex -2.90119 -1.675 0
      vertex -14.0642 -20.1338 0
    endloop
  endfacet
  facet normal 0 0 -1
    outer loop
      vertex -3.35 0 0
      vertex -11.6321 21.019 0
      vertex -11.2861 21.2845 0
    endloop
  endfacet
  facet normal -0 0 -1
    outer loop
      vertex -2.90119 -1.675 0
      vertex -24.4685 -2.11309 0
      vertex -3.03613 -1.41577 0
    endloop
  endfacet
  facet normal 0 0 -1
    outer loop
      vertex -3.35 0 0
      vertex -12 20.7846 0
      vertex -11.6321 21.019 0
    endloop
  endfacet
  facet normal 0 -0 -1
    outer loop
      vertex -24.3015 -1.7101 0
      vertex -3.03613 -1.41577 0
      vertex -24.4685 -2.11309 0
    endloop
  endfacet
  facet normal 0 0 -1
    outer loop
      vertex -24.019 0.435779 0
      vertex -3.35 0 0
      vertex -24 0 0
    endloop
  endfacet
  facet normal -0 0 -1
    outer loop
      vertex -3.03613 -1.41577 0
      vertex -24.3015 -1.7101 0
      vertex -3.14797 -1.14577 0
    endloop
  endfacet
  facet normal 0 0 -1
    outer loop
      vertex -3.35 0 0
      vertex -12.3869 20.5832 0
      vertex -12 20.7846 0
    endloop
  endfacet
  facet normal 0 -0 -1
    outer loop
      vertex -24.1704 -1.2941 0
      vertex -3.14797 -1.14577 0
      vertex -24.3015 -1.7101 0
    endloop
  endfacet
  facet normal 0 0 -1
    outer loop
      vertex -3.35 0 0
      vertex -12.7899 20.4163 0
      vertex -12.3869 20.5832 0
    endloop
  endfacet
  facet normal -0 0 -1
    outer loop
      vertex -3.14797 -1.14577 0
      vertex -24.1704 -1.2941 0
      vertex -3.23585 -0.867043 0
    endloop
  endfacet
  facet normal 0 0 -1
    outer loop
      vertex -3.35 0 0
      vertex -13.2059 20.2851 0
      vertex -12.7899 20.4163 0
    endloop
  endfacet
  facet normal 0 -0 -1
    outer loop
      vertex -24.076 -0.86824 0
      vertex -3.23585 -0.867043 0
      vertex -24.1704 -1.2941 0
    endloop
  endfacet
  facet normal 0 0 -1
    outer loop
      vertex -3.35 0 0
      vertex -13.6318 20.1907 0
      vertex -13.2059 20.2851 0
    endloop
  endfacet
  facet normal 0 0 -1
    outer loop
      vertex -24.4685 -2.11309 0
      vertex -14.0642 -20.1338 0
      vertex -14.5 -20.1147 0
    endloop
  endfacet
  facet normal 0 0 -1
    outer loop
      vertex -3.35 0 0
      vertex -14.0642 20.1338 0
      vertex -13.6318 20.1907 0
    endloop
  endfacet
  facet normal 0 0 -1
    outer loop
      vertex -24.6699 -2.5 0
      vertex -14.5 -20.1147 0
      vertex -14.9358 -20.1338 0
    endloop
  endfacet
  facet normal 0 0 -1
    outer loop
      vertex -24.076 0.86824 0
      vertex -3.35 0 0
      vertex -24.019 0.435779 0
    endloop
  endfacet
  facet normal 0 0 -1
    outer loop
      vertex -24.9042 -2.86788 0
      vertex -14.9358 -20.1338 0
      vertex -15.3682 -20.1907 0
    endloop
  endfacet
  facet normal 0 0 -1
    outer loop
      vertex -24.1704 1.2941 0
      vertex -3.35 0 0
      vertex -24.076 0.86824 0
    endloop
  endfacet
  facet normal 0 0 -1
    outer loop
      vertex -25.1698 -3.21394 0
      vertex -15.3682 -20.1907 0
      vertex -15.7941 -20.2851 0
    endloop
  endfacet
  facet normal 0 0 -1
    outer loop
      vertex -24.3015 1.7101 0
      vertex -3.35 0 0
      vertex -24.1704 1.2941 0
    endloop
  endfacet
  facet normal 0 0 -1
    outer loop
      vertex -25.4645 -3.53553 0
      vertex -15.7941 -20.2851 0
      vertex -16.2101 -20.4163 0
    endloop
  endfacet
  facet normal 0 0 -1
    outer loop
      vertex -24.4685 2.11309 0
      vertex -3.35 0 0
      vertex -24.3015 1.7101 0
    endloop
  endfacet
  facet normal 0 0 -1
    outer loop
      vertex -25.7861 -3.83022 0
      vertex -16.2101 -20.4163 0
      vertex -16.6131 -20.5832 0
    endloop
  endfacet
  facet normal 0 0 -1
    outer loop
      vertex -3.35 0 0
      vertex -24.4685 2.11309 0
      vertex -14.0642 20.1338 0
    endloop
  endfacet
  facet normal 0 0 -1
    outer loop
      vertex -26.1321 -4.09576 0
      vertex -16.6131 -20.5832 0
      vertex -17 -20.7846 0
    endloop
  endfacet
  facet normal 0 0 -1
    outer loop
      vertex -14.0642 20.1338 0
      vertex -24.4685 2.11309 0
      vertex -14.5 20.1147 0
    endloop
  endfacet
  facet normal 0 0 -1
    outer loop
      vertex -26.5 -4.33013 0
      vertex -17 -20.7846 0
      vertex -17.3679 -21.019 0
    endloop
  endfacet
  facet normal 0 0 -1
    outer loop
      vertex -24.6699 2.5 0
      vertex -14.5 20.1147 0
      vertex -24.4685 2.11309 0
    endloop
  endfacet
  facet normal 0 0 -1
    outer loop
      vertex -26.8869 -4.53154 0
      vertex -17.3679 -21.019 0
      vertex -17.7139 -21.2845 0
    endloop
  endfacet
  facet normal -0 0 -1
    outer loop
      vertex -14.5 20.1147 0
      vertex -24.6699 2.5 0
      vertex -14.9358 20.1338 0
    endloop
  endfacet
  facet normal 0 0 -1
    outer loop
      vertex -27.2899 -4.69846 0
      vertex -17.7139 -21.2845 0
      vertex -18.0355 -21.5792 0
    endloop
  endfacet
  facet normal 0 0 -1
    outer loop
      vertex -24.9042 2.86788 0
      vertex -14.9358 20.1338 0
      vertex -24.6699 2.5 0
    endloop
  endfacet
  facet normal 0 0 -1
    outer loop
      vertex -27.7059 -4.82963 0
      vertex -18.0355 -21.5792 0
      vertex -18.3302 -21.9008 0
    endloop
  endfacet
  facet normal -0 0 -1
    outer loop
      vertex -14.9358 20.1338 0
      vertex -24.9042 2.86788 0
      vertex -15.3682 20.1907 0
    endloop
  endfacet
  facet normal 0 0 -1
    outer loop
      vertex -28.1318 -4.92404 0
      vertex -18.3302 -21.9008 0
      vertex -18.5958 -22.2469 0
    endloop
  endfacet
  facet normal 0 0 -1
    outer loop
      vertex -25.1698 3.21394 0
      vertex -15.3682 20.1907 0
      vertex -24.9042 2.86788 0
    endloop
  endfacet
  facet normal 0 0 -1
    outer loop
      vertex -28.5642 -4.98097 0
      vertex -18.5958 -22.2469 0
      vertex -18.8301 -22.6147 0
    endloop
  endfacet
  facet normal -0 0 -1
    outer loop
      vertex -15.3682 20.1907 0
      vertex -25.1698 3.21394 0
      vertex -15.7941 20.2851 0
    endloop
  endfacet
  facet normal 0 0 -1
    outer loop
      vertex -38.9711 -22.5 0
      vertex -19.0315 -23.0016 0
      vertex -36.8618 -25.8109 0
    endloop
  endfacet
  facet normal 0 0 -1
    outer loop
      vertex -25.4645 3.53553 0
      vertex -15.7941 20.2851 0
      vertex -25.1698 3.21394 0
    endloop
  endfacet
  facet normal -0 0 -1
    outer loop
      vertex -19.3296 -23.8206 0
      vertex -36.8618 -25.8109 0
      vertex -19.1985 -23.4046 0
    endloop
  endfacet
  facet normal -0 0 -1
    outer loop
      vertex -15.7941 20.2851 0
      vertex -25.4645 3.53553 0
      vertex -16.2101 20.4163 0
    endloop
  endfacet
  facet normal 0 0 -1
    outer loop
      vertex -36.8618 -25.8109 0
      vertex -19.3296 -23.8206 0
      vertex -34.472 -28.9254 0
    endloop
  endfacet
  facet normal 0 0 -1
    outer loop
      vertex -25.7861 3.83022 0
      vertex -16.2101 20.4163 0
      vertex -25.4645 3.53553 0
    endloop
  endfacet
  facet normal 0 0 -1
    outer loop
      vertex -34.472 -28.9254 0
      vertex -19.3296 -23.8206 0
      vertex -19.424 -24.2465 0
    endloop
  endfacet
  facet normal -0 0 -1
    outer loop
      vertex -16.2101 20.4163 0
      vertex -25.7861 3.83022 0
      vertex -16.6131 20.5832 0
    endloop
  endfacet
  facet normal 0 0 -1
    outer loop
      vertex -34.472 -28.9254 0
      vertex -19.424 -24.2465 0
      vertex -19.481 -24.679 0
    endloop
  endfacet
  facet normal 0 0 -1
    outer loop
      vertex -26.1321 4.09576 0
      vertex -16.6131 20.5832 0
      vertex -25.7861 3.83022 0
    endloop
  endfacet
  facet normal -0 0 -1
    outer loop
      vertex -19.3296 -26.4088 0
      vertex -31.8198 -31.8198 0
      vertex -19.424 -25.983 0
    endloop
  endfacet
  facet normal -0 0 -1
    outer loop
      vertex -16.6131 20.5832 0
      vertex -26.1321 4.09576 0
      vertex -17 20.7846 0
    endloop
  endfacet
  facet normal 0 0 -1
    outer loop
      vertex -9.67037 26.4088 0
      vertex 9.5 25.1147 0
      vertex -9.57596 25.983 0
    endloop
  endfacet
  facet normal 0 0 -1
    outer loop
      vertex -9.80154 26.8248 0
      vertex 9.5 25.1147 0
      vertex -9.67037 26.4088 0
    endloop
  endfacet
  facet normal 0 0 -1
    outer loop
      vertex -9.96846 27.2278 0
      vertex 9.5 25.1147 0
      vertex -9.80154 26.8248 0
    endloop
  endfacet
  facet normal 0 0 -1
    outer loop
      vertex 9.5 25.1147 0
      vertex -9.96846 27.2278 0
      vertex 0 45 0
    endloop
  endfacet
  facet normal 0 0 -1
    outer loop
      vertex -10.1699 27.6147 0
      vertex 0 45 0
      vertex -9.96846 27.2278 0
    endloop
  endfacet
  facet normal 0 0 -1
    outer loop
      vertex -10.4042 27.9826 0
      vertex 0 45 0
      vertex -10.1699 27.6147 0
    endloop
  endfacet
  facet normal 0 0 -1
    outer loop
      vertex 0 45 0
      vertex -10.4042 27.9826 0
      vertex -3.92201 44.8288 0
    endloop
  endfacet
  facet normal 0 0 -1
    outer loop
      vertex -10.6698 28.3287 0
      vertex -3.92201 44.8288 0
      vertex -10.4042 27.9826 0
    endloop
  endfacet
  facet normal 0 0 -1
    outer loop
      vertex -10.9645 28.6503 0
      vertex -3.92201 44.8288 0
      vertex -10.6698 28.3287 0
    endloop
  endfacet
  facet normal 0 0 -1
    outer loop
      vertex -3.92201 44.8288 0
      vertex -10.9645 28.6503 0
      vertex -7.81417 44.3163 0
    endloop
  endfacet
  facet normal 0 0 -1
    outer loop
      vertex -11.2861 28.945 0
      vertex -7.81417 44.3163 0
      vertex -10.9645 28.6503 0
    endloop
  endfacet
  facet normal 0 0 -1
    outer loop
      vertex -11.6321 29.2105 0
      vertex -7.81417 44.3163 0
      vertex -11.2861 28.945 0
    endloop
  endfacet
  facet normal 0 0 -1
    outer loop
      vertex -12 29.4449 0
      vertex -7.81417 44.3163 0
      vertex -11.6321 29.2105 0
    endloop
  endfacet
  facet normal 0 0 -1
    outer loop
      vertex -7.81417 44.3163 0
      vertex -12 29.4449 0
      vertex -11.6469 43.4667 0
    endloop
  endfacet
  facet normal 0 0 -1
    outer loop
      vertex -12.3869 29.6463 0
      vertex -11.6469 43.4667 0
      vertex -12 29.4449 0
    endloop
  endfacet
  facet normal 0 0 -1
    outer loop
      vertex -12.7899 29.8132 0
      vertex -11.6469 43.4667 0
      vertex -12.3869 29.6463 0
    endloop
  endfacet
  facet normal 0 0 -1
    outer loop
      vertex -13.2059 29.9444 0
      vertex -11.6469 43.4667 0
      vertex -12.7899 29.8132 0
    endloop
  endfacet
  facet normal 0 0 -1
    outer loop
      vertex -15.3909 42.2862 0
      vertex -13.2059 29.9444 0
      vertex -13.6318 30.0388 0
    endloop
  endfacet
  facet normal 0 0 -1
    outer loop
      vertex -15.3909 42.2862 0
      vertex -13.6318 30.0388 0
      vertex -14.0642 30.0957 0
    endloop
  endfacet
  facet normal 0 0 -1
    outer loop
      vertex -15.3909 42.2862 0
      vertex -14.0642 30.0957 0
      vertex -14.5 30.1147 0
    endloop
  endfacet
  facet normal 0 0 -1
    outer loop
      vertex -15.3909 42.2862 0
      vertex -14.5 30.1147 0
      vertex -14.9358 30.0957 0
    endloop
  endfacet
  facet normal 0 0 -1
    outer loop
      vertex -19.0178 40.7839 0
      vertex -14.9358 30.0957 0
      vertex -15.3682 30.0388 0
    endloop
  endfacet
  facet normal 0 0 -1
    outer loop
      vertex -13.2059 29.9444 0
      vertex -15.3909 42.2862 0
      vertex -11.6469 43.4667 0
    endloop
  endfacet
  facet normal 0 0 -1
    outer loop
      vertex -19.0178 40.7839 0
      vertex -15.3682 30.0388 0
      vertex -15.7941 29.9444 0
    endloop
  endfacet
  facet normal 0 0 -1
    outer loop
      vertex -19.0178 40.7839 0
      vertex -15.7941 29.9444 0
      vertex -16.2101 29.8132 0
    endloop
  endfacet
  facet normal 0 0 -1
    outer loop
      vertex -22.5 38.9711 0
      vertex -16.2101 29.8132 0
      vertex -16.6131 29.6463 0
    endloop
  endfacet
  facet normal 0 0 -1
    outer loop
      vertex -22.5 38.9711 0
      vertex -16.6131 29.6463 0
      vertex -17 29.4449 0
    endloop
  endfacet
  facet normal 0 0 -1
    outer loop
      vertex -22.5 38.9711 0
      vertex -17 29.4449 0
      vertex -17.3679 29.2105 0
    endloop
  endfacet
  facet normal 0 0 -1
    outer loop
      vertex -22.5 38.9711 0
      vertex -17.3679 29.2105 0
      vertex -17.7139 28.945 0
    endloop
  endfacet
  facet normal 0 0 -1
    outer loop
      vertex -22.5 38.9711 0
      vertex -17.7139 28.945 0
      vertex -18.0355 28.6503 0
    endloop
  endfacet
  facet normal 0 0 -1
    outer loop
      vertex -22.5 38.9711 0
      vertex -18.0355 28.6503 0
      vertex -18.3302 28.3287 0
    endloop
  endfacet
  facet normal 0 0 -1
    outer loop
      vertex -22.5 38.9711 0
      vertex -18.3302 28.3287 0
      vertex -18.5958 27.9826 0
    endloop
  endfacet
  facet normal 0 0 -1
    outer loop
      vertex -22.5 38.9711 0
      vertex -18.5958 27.9826 0
      vertex -18.8301 27.6147 0
    endloop
  endfacet
  facet normal 0 0 -1
    outer loop
      vertex -14.9358 30.0957 0
      vertex -19.0178 40.7839 0
      vertex -15.3909 42.2862 0
    endloop
  endfacet
  facet normal 0 0 -1
    outer loop
      vertex -22.5 38.9711 0
      vertex -18.8301 27.6147 0
      vertex -19.0315 27.2278 0
    endloop
  endfacet
  facet normal 0 0 -1
    outer loop
      vertex -22.5 38.9711 0
      vertex -19.0315 27.2278 0
      vertex -19.1985 26.8248 0
    endloop
  endfacet
  facet normal 0 0 -1
    outer loop
      vertex -22.5 38.9711 0
      vertex -19.1985 26.8248 0
      vertex -19.3296 26.4088 0
    endloop
  endfacet
  facet normal 0 0 -1
    outer loop
      vertex -22.5 38.9711 0
      vertex -19.3296 26.4088 0
      vertex -19.424 25.983 0
    endloop
  endfacet
  facet normal 0 0 -1
    outer loop
      vertex -22.5 38.9711 0
      vertex -19.424 25.983 0
      vertex -19.481 25.5505 0
    endloop
  endfacet
  facet normal 0 0 -1
    outer loop
      vertex -22.5 38.9711 0
      vertex -19.481 25.5505 0
      vertex -19.5 25.1147 0
    endloop
  endfacet
  facet normal -0 0 -1
    outer loop
      vertex -3.35 0 0
      vertex -24.019 -0.435779 0
      vertex -24 0 0
    endloop
  endfacet
  facet normal 0 0 -1
    outer loop
      vertex -19.481 24.679 0
      vertex -22.5 38.9711 0
      vertex -19.5 25.1147 0
    endloop
  endfacet
  facet normal 0 0 -1
    outer loop
      vertex -16.2101 29.8132 0
      vertex -22.5 38.9711 0
      vertex -19.0178 40.7839 0
    endloop
  endfacet
  facet normal 0 0 -1
    outer loop
      vertex -26.5 4.33013 0
      vertex -17 20.7846 0
      vertex -26.1321 4.09576 0
    endloop
  endfacet
  facet normal -0 0 -1
    outer loop
      vertex -3.33725 -0.291971 0
      vertex -24.019 -0.435779 0
      vertex -3.35 0 0
    endloop
  endfacet
  facet normal 0 0 -1
    outer loop
      vertex -3.29911 -0.581721 0
      vertex -24.019 -0.435779 0
      vertex -3.33725 -0.291971 0
    endloop
  endfacet
  facet normal 0 -0 -1
    outer loop
      vertex -24.019 -0.435779 0
      vertex -3.29911 -0.581721 0
      vertex -24.076 -0.86824 0
    endloop
  endfacet
  facet normal -0 0 -1
    outer loop
      vertex -3.23585 -0.867043 0
      vertex -24.076 -0.86824 0
      vertex -3.29911 -0.581721 0
    endloop
  endfacet
  facet normal 0 0 -1
    outer loop
      vertex -14.5 -20.1147 0
      vertex -24.6699 -2.5 0
      vertex -24.4685 -2.11309 0
    endloop
  endfacet
  facet normal 0 0 -1
    outer loop
      vertex -14.9358 -20.1338 0
      vertex -24.9042 -2.86788 0
      vertex -24.6699 -2.5 0
    endloop
  endfacet
  facet normal 0 0 -1
    outer loop
      vertex -15.3682 -20.1907 0
      vertex -25.1698 -3.21394 0
      vertex -24.9042 -2.86788 0
    endloop
  endfacet
  facet normal 0 0 -1
    outer loop
      vertex -15.7941 -20.2851 0
      vertex -25.4645 -3.53553 0
      vertex -25.1698 -3.21394 0
    endloop
  endfacet
  facet normal 0 0 -1
    outer loop
      vertex -16.2101 -20.4163 0
      vertex -25.7861 -3.83022 0
      vertex -25.4645 -3.53553 0
    endloop
  endfacet
  facet normal -0 0 -1
    outer loop
      vertex -19.481 -25.5505 0
      vertex -31.8198 -31.8198 0
      vertex -19.5 -25.1147 0
    endloop
  endfacet
  facet normal 0 0 -1
    outer loop
      vertex -16.6131 -20.5832 0
      vertex -26.1321 -4.09576 0
      vertex -25.7861 -3.83022 0
    endloop
  endfacet
  facet normal 0 0 -1
    outer loop
      vertex -34.472 -28.9254 0
      vertex -19.5 -25.1147 0
      vertex -31.8198 -31.8198 0
    endloop
  endfacet
  facet normal 0 0 -1
    outer loop
      vertex -17 -20.7846 0
      vertex -26.5 -4.33013 0
      vertex -26.1321 -4.09576 0
    endloop
  endfacet
  facet normal 0 0 -1
    outer loop
      vertex -17.3679 -21.019 0
      vertex -26.8869 -4.53154 0
      vertex -26.5 -4.33013 0
    endloop
  endfacet
  facet normal -0 0 -1
    outer loop
      vertex -19.5 -25.1147 0
      vertex -34.472 -28.9254 0
      vertex -19.481 -24.679 0
    endloop
  endfacet
  facet normal 0 0 -1
    outer loop
      vertex -17.7139 -21.2845 0
      vertex -27.2899 -4.69846 0
      vertex -26.8869 -4.53154 0
    endloop
  endfacet
  facet normal -0 0 -1
    outer loop
      vertex -19.1985 -23.4046 0
      vertex -36.8618 -25.8109 0
      vertex -19.0315 -23.0016 0
    endloop
  endfacet
  facet normal 0 0 -1
    outer loop
      vertex -18.0355 -21.5792 0
      vertex -27.7059 -4.82963 0
      vertex -27.2899 -4.69846 0
    endloop
  endfacet
  facet normal 0 0 -1
    outer loop
      vertex -18.3302 -21.9008 0
      vertex -28.1318 -4.92404 0
      vertex -27.7059 -4.82963 0
    endloop
  endfacet
  facet normal 0 0 -1
    outer loop
      vertex -18.5958 -22.2469 0
      vertex -28.5642 -4.98097 0
      vertex -28.1318 -4.92404 0
    endloop
  endfacet
  facet normal 0 0 -1
    outer loop
      vertex -18.8301 -22.6147 0
      vertex -29 -5 0
      vertex -28.5642 -4.98097 0
    endloop
  endfacet
  facet normal 0 0 -1
    outer loop
      vertex -19.0315 -23.0016 0
      vertex -38.9711 -22.5 0
      vertex -18.8301 -22.6147 0
    endloop
  endfacet
  facet normal 0 0 -1
    outer loop
      vertex -18.8301 -22.6147 0
      vertex -38.9711 -22.5 0
      vertex -29 -5 0
    endloop
  endfacet
  facet normal -0 0 -1
    outer loop
      vertex -29 -5 0
      vertex -38.9711 -22.5 0
      vertex -29.4358 -4.98097 0
    endloop
  endfacet
  facet normal 0 0 -1
    outer loop
      vertex -40.7839 -19.0178 0
      vertex -29.4358 -4.98097 0
      vertex -38.9711 -22.5 0
    endloop
  endfacet
  facet normal -0 0 -1
    outer loop
      vertex -29.4358 -4.98097 0
      vertex -40.7839 -19.0178 0
      vertex -29.8682 -4.92404 0
    endloop
  endfacet
  facet normal -0 0 -1
    outer loop
      vertex -29.8682 -4.92404 0
      vertex -40.7839 -19.0178 0
      vertex -30.2941 -4.82963 0
    endloop
  endfacet
  facet normal 0 0 -1
    outer loop
      vertex -42.2862 -15.3909 0
      vertex -30.2941 -4.82963 0
      vertex -40.7839 -19.0178 0
    endloop
  endfacet
  facet normal -0 0 -1
    outer loop
      vertex -30.2941 -4.82963 0
      vertex -42.2862 -15.3909 0
      vertex -30.7101 -4.69846 0
    endloop
  endfacet
  facet normal -0 0 -1
    outer loop
      vertex -30.7101 -4.69846 0
      vertex -42.2862 -15.3909 0
      vertex -31.1131 -4.53154 0
    endloop
  endfacet
  facet normal -0 0 -1
    outer loop
      vertex -31.1131 -4.53154 0
      vertex -42.2862 -15.3909 0
      vertex -31.5 -4.33013 0
    endloop
  endfacet
  facet normal 0 0 -1
    outer loop
      vertex -43.4667 -11.6469 0
      vertex -31.5 -4.33013 0
      vertex -42.2862 -15.3909 0
    endloop
  endfacet
  facet normal -0 0 -1
    outer loop
      vertex -31.5 -4.33013 0
      vertex -43.4667 -11.6469 0
      vertex -31.8679 -4.09576 0
    endloop
  endfacet
  facet normal -0 0 -1
    outer loop
      vertex -31.8679 -4.09576 0
      vertex -43.4667 -11.6469 0
      vertex -32.2139 -3.83022 0
    endloop
  endfacet
  facet normal -0 0 -1
    outer loop
      vertex -32.2139 -3.83022 0
      vertex -43.4667 -11.6469 0
      vertex -32.5355 -3.53553 0
    endloop
  endfacet
  facet normal 0 0 -1
    outer loop
      vertex -44.3163 -7.81417 0
      vertex -32.5355 -3.53553 0
      vertex -43.4667 -11.6469 0
    endloop
  endfacet
  facet normal -0 0 -1
    outer loop
      vertex -32.5355 -3.53553 0
      vertex -44.3163 -7.81417 0
      vertex -32.8302 -3.21394 0
    endloop
  endfacet
  facet normal -0 0 -1
    outer loop
      vertex -33.0958 -2.86788 0
      vertex -44.3163 -7.81417 0
      vertex -33.3301 -2.5 0
    endloop
  endfacet
  facet normal -0 0 -1
    outer loop
      vertex -32.8302 -3.21394 0
      vertex -44.3163 -7.81417 0
      vertex -33.0958 -2.86788 0
    endloop
  endfacet
  facet normal 0 0 -1
    outer loop
      vertex 1.41577 3.03613 0
      vertex 11.6321 21.019 0
      vertex 1.675 2.90119 0
    endloop
  endfacet
  facet normal 0 0 -1
    outer loop
      vertex 1.14577 3.14797 0
      vertex 11.6321 21.019 0
      vertex 1.41577 3.03613 0
    endloop
  endfacet
  facet normal -0 0 -1
    outer loop
      vertex 11.6321 21.019 0
      vertex 1.14577 3.14797 0
      vertex 11.2861 21.2845 0
    endloop
  endfacet
  facet normal 0 0 -1
    outer loop
      vertex 0.867043 3.23585 0
      vertex 11.2861 21.2845 0
      vertex 1.14577 3.14797 0
    endloop
  endfacet
  facet normal -0 0 -1
    outer loop
      vertex 11.2861 21.2845 0
      vertex 0.867043 3.23585 0
      vertex 10.9645 21.5792 0
    endloop
  endfacet
  facet normal 0 0 -1
    outer loop
      vertex 0.581721 3.29911 0
      vertex 10.9645 21.5792 0
      vertex 0.867043 3.23585 0
    endloop
  endfacet
  facet normal -0 0 -1
    outer loop
      vertex 10.9645 21.5792 0
      vertex 0.581721 3.29911 0
      vertex 10.6698 21.9008 0
    endloop
  endfacet
  facet normal 0 0 -1
    outer loop
      vertex 0.291971 3.33725 0
      vertex 10.6698 21.9008 0
      vertex 0.581721 3.29911 0
    endloop
  endfacet
  facet normal -0 0 -1
    outer loop
      vertex 10.6698 21.9008 0
      vertex 0.291971 3.33725 0
      vertex 10.4042 22.2469 0
    endloop
  endfacet
  facet normal 0 0 -1
    outer loop
      vertex 0 3.35 0
      vertex 10.4042 22.2469 0
      vertex 0.291971 3.33725 0
    endloop
  endfacet
  facet normal -0 0 -1
    outer loop
      vertex 10.4042 22.2469 0
      vertex 0 3.35 0
      vertex 10.1699 22.6147 0
    endloop
  endfacet
  facet normal 0 0 -1
    outer loop
      vertex -0.291971 3.33725 0
      vertex 10.1699 22.6147 0
      vertex 0 3.35 0
    endloop
  endfacet
  facet normal 0 0 -1
    outer loop
      vertex -9.5 25.1147 0
      vertex 10.1699 22.6147 0
      vertex -0.291971 3.33725 0
    endloop
  endfacet
  facet normal 0 0 -1
    outer loop
      vertex -9.5 25.1147 0
      vertex -0.291971 3.33725 0
      vertex -0.581721 3.29911 0
    endloop
  endfacet
  facet normal 0 0 -1
    outer loop
      vertex 10.1699 22.6147 0
      vertex -9.5 25.1147 0
      vertex 9.96846 23.0016 0
    endloop
  endfacet
  facet normal 0 0 -1
    outer loop
      vertex -9.5 25.1147 0
      vertex -0.581721 3.29911 0
      vertex -0.867043 3.23585 0
    endloop
  endfacet
  facet normal 0 0 -1
    outer loop
      vertex 9.96846 23.0016 0
      vertex -9.5 25.1147 0
      vertex 9.80154 23.4046 0
    endloop
  endfacet
  facet normal 0 0 -1
    outer loop
      vertex -9.5 25.1147 0
      vertex -0.867043 3.23585 0
      vertex -1.14577 3.14797 0
    endloop
  endfacet
  facet normal 0 0 -1
    outer loop
      vertex 9.5 25.1147 0
      vertex 0 45 0
      vertex 3.92201 44.8288 0
    endloop
  endfacet
  facet normal 0 0 -1
    outer loop
      vertex 9.80154 23.4046 0
      vertex -9.5 25.1147 0
      vertex 9.67037 23.8206 0
    endloop
  endfacet
  facet normal 0 0 -1
    outer loop
      vertex -9.5 25.1147 0
      vertex -1.14577 3.14797 0
      vertex -1.41577 3.03613 0
    endloop
  endfacet
  facet normal 0 0 -1
    outer loop
      vertex 9.67037 23.8206 0
      vertex -9.5 25.1147 0
      vertex 9.57596 24.2465 0
    endloop
  endfacet
  facet normal 0 0 -1
    outer loop
      vertex -9.5 25.1147 0
      vertex -1.41577 3.03613 0
      vertex -1.675 2.90119 0
    endloop
  endfacet
  facet normal 0 0 -1
    outer loop
      vertex 9.57596 24.2465 0
      vertex -9.5 25.1147 0
      vertex 9.51903 24.679 0
    endloop
  endfacet
  facet normal 0 0 -1
    outer loop
      vertex -9.5 25.1147 0
      vertex 9.5 25.1147 0
      vertex 9.51903 24.679 0
    endloop
  endfacet
  facet normal 0 0 -1
    outer loop
      vertex -9.5 25.1147 0
      vertex -1.675 2.90119 0
      vertex -1.92148 2.74416 0
    endloop
  endfacet
  facet normal 0 0 -1
    outer loop
      vertex -9.5 25.1147 0
      vertex -1.92148 2.74416 0
      vertex -2.15334 2.56625 0
    endloop
  endfacet
  facet normal 0 0 -1
    outer loop
      vertex -9.5 25.1147 0
      vertex -2.15334 2.56625 0
      vertex -2.36881 2.36881 0
    endloop
  endfacet
  facet normal 0 0 -1
    outer loop
      vertex -9.5 25.1147 0
      vertex -2.36881 2.36881 0
      vertex -2.56625 2.15334 0
    endloop
  endfacet
  facet normal 0 0 -1
    outer loop
      vertex -9.5 25.1147 0
      vertex -2.56625 2.15334 0
      vertex -2.74416 1.92148 0
    endloop
  endfacet
  facet normal 0 0 -1
    outer loop
      vertex -9.5 25.1147 0
      vertex -2.74416 1.92148 0
      vertex -2.90119 1.675 0
    endloop
  endfacet
  facet normal 0 0 -1
    outer loop
      vertex -9.5 25.1147 0
      vertex -2.90119 1.675 0
      vertex -3.03613 1.41577 0
    endloop
  endfacet
  facet normal 0 0 -1
    outer loop
      vertex -9.5 25.1147 0
      vertex -3.03613 1.41577 0
      vertex -3.14797 1.14577 0
    endloop
  endfacet
  facet normal 0 0 -1
    outer loop
      vertex -9.5 25.1147 0
      vertex -3.14797 1.14577 0
      vertex -3.23585 0.867043 0
    endloop
  endfacet
  facet normal 0 0 -1
    outer loop
      vertex -9.5 25.1147 0
      vertex -3.23585 0.867043 0
      vertex -3.29911 0.581721 0
    endloop
  endfacet
  facet normal 0 0 -1
    outer loop
      vertex -9.5 25.1147 0
      vertex -3.29911 0.581721 0
      vertex -3.33725 0.291971 0
    endloop
  endfacet
  facet normal 0 0 -1
    outer loop
      vertex -9.51903 25.5505 0
      vertex 9.5 25.1147 0
      vertex -9.5 25.1147 0
    endloop
  endfacet
  facet normal -0 0 -1
    outer loop
      vertex -1.675 -2.90119 0
      vertex -12 -20.7846 0
      vertex -1.92148 -2.74416 0
    endloop
  endfacet
  facet normal 0 0 -1
    outer loop
      vertex -12 -20.7846 0
      vertex -1.675 -2.90119 0
      vertex -11.6321 -21.019 0
    endloop
  endfacet
  facet normal 0 0 -1
    outer loop
      vertex -10.9645 -28.6503 0
      vertex -3.92201 -44.8288 0
      vertex -7.81417 -44.3163 0
    endloop
  endfacet
  facet normal 0 0 -1
    outer loop
      vertex -3.35 0 0
      vertex -9.5 25.1147 0
      vertex -3.33725 0.291971 0
    endloop
  endfacet
  facet normal 0 0 -1
    outer loop
      vertex -9.57596 25.983 0
      vertex 9.5 25.1147 0
      vertex -9.51903 25.5505 0
    endloop
  endfacet
  facet normal 0 0 -1
    outer loop
      vertex -3.92201 -44.8288 0
      vertex -9.51903 -25.5505 0
      vertex -9.5 -25.1147 0
    endloop
  endfacet
  facet normal 0 0 -1
    outer loop
      vertex -3.92201 -44.8288 0
      vertex -9.57596 -25.983 0
      vertex -9.51903 -25.5505 0
    endloop
  endfacet
  facet normal 0 0 -1
    outer loop
      vertex -3.92201 -44.8288 0
      vertex -9.67037 -26.4088 0
      vertex -9.57596 -25.983 0
    endloop
  endfacet
  facet normal 0 0 -1
    outer loop
      vertex -3.92201 -44.8288 0
      vertex -9.80154 -26.8248 0
      vertex -9.67037 -26.4088 0
    endloop
  endfacet
  facet normal 0 0 -1
    outer loop
      vertex -3.92201 -44.8288 0
      vertex -9.96846 -27.2278 0
      vertex -9.80154 -26.8248 0
    endloop
  endfacet
  facet normal 0 0 -1
    outer loop
      vertex -3.92201 -44.8288 0
      vertex -10.1699 -27.6147 0
      vertex -9.96846 -27.2278 0
    endloop
  endfacet
  facet normal 0 0 -1
    outer loop
      vertex -3.92201 -44.8288 0
      vertex -10.4042 -27.9826 0
      vertex -10.1699 -27.6147 0
    endloop
  endfacet
  facet normal 0 0 -1
    outer loop
      vertex -3.92201 -44.8288 0
      vertex -10.6698 -28.3287 0
      vertex -10.4042 -27.9826 0
    endloop
  endfacet
  facet normal 0 0 -1
    outer loop
      vertex -3.92201 -44.8288 0
      vertex -10.9645 -28.6503 0
      vertex -10.6698 -28.3287 0
    endloop
  endfacet
  facet normal 0 0 -1
    outer loop
      vertex -7.81417 -44.3163 0
      vertex -11.2861 -28.945 0
      vertex -10.9645 -28.6503 0
    endloop
  endfacet
  facet normal 0 0 -1
    outer loop
      vertex -7.81417 -44.3163 0
      vertex -11.6321 -29.2105 0
      vertex -11.2861 -28.945 0
    endloop
  endfacet
  facet normal 0 0 -1
    outer loop
      vertex -12 -29.4449 0
      vertex -7.81417 -44.3163 0
      vertex -11.6469 -43.4667 0
    endloop
  endfacet
  facet normal 0 0 -1
    outer loop
      vertex -7.81417 -44.3163 0
      vertex -12 -29.4449 0
      vertex -11.6321 -29.2105 0
    endloop
  endfacet
  facet normal 0 0 -1
    outer loop
      vertex -11.6469 -43.4667 0
      vertex -12.3869 -29.6463 0
      vertex -12 -29.4449 0
    endloop
  endfacet
  facet normal 0 0 -1
    outer loop
      vertex -11.6469 -43.4667 0
      vertex -12.7899 -29.8132 0
      vertex -12.3869 -29.6463 0
    endloop
  endfacet
  facet normal 0 0 -1
    outer loop
      vertex -11.6469 -43.4667 0
      vertex -13.2059 -29.9444 0
      vertex -12.7899 -29.8132 0
    endloop
  endfacet
  facet normal 0 0 -1
    outer loop
      vertex -15.3909 -42.2862 0
      vertex -13.2059 -29.9444 0
      vertex -11.6469 -43.4667 0
    endloop
  endfacet
  facet normal 0 0 -1
    outer loop
      vertex -13.2059 -29.9444 0
      vertex -15.3909 -42.2862 0
      vertex -13.6318 -30.0388 0
    endloop
  endfacet
  facet normal 0 0 -1
    outer loop
      vertex -13.6318 -30.0388 0
      vertex -15.3909 -42.2862 0
      vertex -14.0642 -30.0957 0
    endloop
  endfacet
  facet normal 0 0 -1
    outer loop
      vertex -14.0642 -30.0957 0
      vertex -15.3909 -42.2862 0
      vertex -14.5 -30.1147 0
    endloop
  endfacet
  facet normal -0 0 -1
    outer loop
      vertex -14.5 -30.1147 0
      vertex -15.3909 -42.2862 0
      vertex -14.9358 -30.0957 0
    endloop
  endfacet
  facet normal 0 0 -1
    outer loop
      vertex -19.0178 -40.7839 0
      vertex -14.9358 -30.0957 0
      vertex -15.3909 -42.2862 0
    endloop
  endfacet
  facet normal -0 0 -1
    outer loop
      vertex -14.9358 -30.0957 0
      vertex -19.0178 -40.7839 0
      vertex -15.3682 -30.0388 0
    endloop
  endfacet
  facet normal -0 0 -1
    outer loop
      vertex -15.3682 -30.0388 0
      vertex -19.0178 -40.7839 0
      vertex -15.7941 -29.9444 0
    endloop
  endfacet
  facet normal -0 0 -1
    outer loop
      vertex -15.7941 -29.9444 0
      vertex -19.0178 -40.7839 0
      vertex -16.2101 -29.8132 0
    endloop
  endfacet
  facet normal 0 0 -1
    outer loop
      vertex -22.5 -38.9711 0
      vertex -16.2101 -29.8132 0
      vertex -19.0178 -40.7839 0
    endloop
  endfacet
  facet normal -0 0 -1
    outer loop
      vertex -16.2101 -29.8132 0
      vertex -22.5 -38.9711 0
      vertex -16.6131 -29.6463 0
    endloop
  endfacet
  facet normal -0 0 -1
    outer loop
      vertex -16.6131 -29.6463 0
      vertex -22.5 -38.9711 0
      vertex -17 -29.4449 0
    endloop
  endfacet
  facet normal -0 0 -1
    outer loop
      vertex -17 -29.4449 0
      vertex -22.5 -38.9711 0
      vertex -17.3679 -29.2105 0
    endloop
  endfacet
  facet normal -0 0 -1
    outer loop
      vertex -17.3679 -29.2105 0
      vertex -22.5 -38.9711 0
      vertex -17.7139 -28.945 0
    endloop
  endfacet
  facet normal 0 0 -1
    outer loop
      vertex -25.8109 -36.8618 0
      vertex -17.7139 -28.945 0
      vertex -22.5 -38.9711 0
    endloop
  endfacet
  facet normal -0 0 -1
    outer loop
      vertex -17.7139 -28.945 0
      vertex -25.8109 -36.8618 0
      vertex -18.0355 -28.6503 0
    endloop
  endfacet
  facet normal -0 0 -1
    outer loop
      vertex -18.0355 -28.6503 0
      vertex -25.8109 -36.8618 0
      vertex -18.3302 -28.3287 0
    endloop
  endfacet
  facet normal -0 0 -1
    outer loop
      vertex -18.3302 -28.3287 0
      vertex -25.8109 -36.8618 0
      vertex -18.5958 -27.9826 0
    endloop
  endfacet
  facet normal -0 0 -1
    outer loop
      vertex -18.5958 -27.9826 0
      vertex -25.8109 -36.8618 0
      vertex -18.8301 -27.6147 0
    endloop
  endfacet
  facet normal 0 0 -1
    outer loop
      vertex -28.9254 -34.472 0
      vertex -18.8301 -27.6147 0
      vertex -25.8109 -36.8618 0
    endloop
  endfacet
  facet normal -0 0 -1
    outer loop
      vertex -18.8301 -27.6147 0
      vertex -28.9254 -34.472 0
      vertex -19.0315 -27.2278 0
    endloop
  endfacet
  facet normal -0 0 -1
    outer loop
      vertex -19.0315 -27.2278 0
      vertex -28.9254 -34.472 0
      vertex -19.1985 -26.8248 0
    endloop
  endfacet
  facet normal -0 0 -1
    outer loop
      vertex -19.1985 -26.8248 0
      vertex -28.9254 -34.472 0
      vertex -19.3296 -26.4088 0
    endloop
  endfacet
  facet normal -0 0 -1
    outer loop
      vertex -19.424 -25.983 0
      vertex -31.8198 -31.8198 0
      vertex -19.481 -25.5505 0
    endloop
  endfacet
  facet normal 0 0 -1
    outer loop
      vertex -31.8198 -31.8198 0
      vertex -19.3296 -26.4088 0
      vertex -28.9254 -34.472 0
    endloop
  endfacet
  facet normal 0 0 -1
    outer loop
      vertex 16.6131 -20.5832 0
      vertex 26.1321 -4.09576 0
      vertex 17 -20.7846 0
    endloop
  endfacet
  facet normal 0 0 -1
    outer loop
      vertex 24 0 0
      vertex 19.481 24.679 0
      vertex 19.5 25.1147 0
    endloop
  endfacet
  facet normal -0 0 -1
    outer loop
      vertex 26.1321 -4.09576 0
      vertex 16.6131 -20.5832 0
      vertex 25.7861 -3.83022 0
    endloop
  endfacet
  facet normal 0 0 -1
    outer loop
      vertex 24 0 0
      vertex 19.424 24.2465 0
      vertex 19.481 24.679 0
    endloop
  endfacet
  facet normal 0 0 -1
    outer loop
      vertex 16.2101 -20.4163 0
      vertex 25.7861 -3.83022 0
      vertex 16.6131 -20.5832 0
    endloop
  endfacet
  facet normal 0 0 -1
    outer loop
      vertex 24 0 0
      vertex 19.3296 23.8206 0
      vertex 19.424 24.2465 0
    endloop
  endfacet
  facet normal -0 0 -1
    outer loop
      vertex 25.7861 -3.83022 0
      vertex 16.2101 -20.4163 0
      vertex 25.4645 -3.53553 0
    endloop
  endfacet
  facet normal 0 0 -1
    outer loop
      vertex 24 0 0
      vertex 19.1985 23.4046 0
      vertex 19.3296 23.8206 0
    endloop
  endfacet
  facet normal 0 0 -1
    outer loop
      vertex 15.7941 -20.2851 0
      vertex 25.4645 -3.53553 0
      vertex 16.2101 -20.4163 0
    endloop
  endfacet
  facet normal 0 0 -1
    outer loop
      vertex 24 0 0
      vertex 19.0315 23.0016 0
      vertex 19.1985 23.4046 0
    endloop
  endfacet
  facet normal -0 0 -1
    outer loop
      vertex 25.4645 -3.53553 0
      vertex 15.7941 -20.2851 0
      vertex 25.1698 -3.21394 0
    endloop
  endfacet
  facet normal 0 0 -1
    outer loop
      vertex 24 0 0
      vertex 18.8301 22.6147 0
      vertex 19.0315 23.0016 0
    endloop
  endfacet
  facet normal 0 0 -1
    outer loop
      vertex 15.3682 -20.1907 0
      vertex 25.1698 -3.21394 0
      vertex 15.7941 -20.2851 0
    endloop
  endfacet
  facet normal 0 0 -1
    outer loop
      vertex 24 0 0
      vertex 18.5958 22.2469 0
      vertex 18.8301 22.6147 0
    endloop
  endfacet
  facet normal -0 0 -1
    outer loop
      vertex 25.1698 -3.21394 0
      vertex 15.3682 -20.1907 0
      vertex 24.9042 -2.86788 0
    endloop
  endfacet
  facet normal 0 0 -1
    outer loop
      vertex 24 0 0
      vertex 18.3302 21.9008 0
      vertex 18.5958 22.2469 0
    endloop
  endfacet
  facet normal 0 0 -1
    outer loop
      vertex 14.9358 -20.1338 0
      vertex 24.9042 -2.86788 0
      vertex 15.3682 -20.1907 0
    endloop
  endfacet
  facet normal 0 0 -1
    outer loop
      vertex 24 0 0
      vertex 18.0355 21.5792 0
      vertex 18.3302 21.9008 0
    endloop
  endfacet
  facet normal -0 0 -1
    outer loop
      vertex 24.9042 -2.86788 0
      vertex 14.9358 -20.1338 0
      vertex 24.6699 -2.5 0
    endloop
  endfacet
  facet normal 0 0 -1
    outer loop
      vertex 24 0 0
      vertex 17.7139 21.2845 0
      vertex 18.0355 21.5792 0
    endloop
  endfacet
  facet normal 0 0 -1
    outer loop
      vertex 14.5 -20.1147 0
      vertex 24.6699 -2.5 0
      vertex 14.9358 -20.1338 0
    endloop
  endfacet
  facet normal 0 0 -1
    outer loop
      vertex 24 0 0
      vertex 17.3679 21.019 0
      vertex 17.7139 21.2845 0
    endloop
  endfacet
  facet normal -0 0 -1
    outer loop
      vertex 24.6699 -2.5 0
      vertex 14.5 -20.1147 0
      vertex 24.4685 -2.11309 0
    endloop
  endfacet
  facet normal 0 0 -1
    outer loop
      vertex 24 0 0
      vertex 17 20.7846 0
      vertex 17.3679 21.019 0
    endloop
  endfacet
  facet normal 0 0 -1
    outer loop
      vertex 14.0642 -20.1338 0
      vertex 24.4685 -2.11309 0
      vertex 14.5 -20.1147 0
    endloop
  endfacet
  facet normal 0 0 -1
    outer loop
      vertex 24 0 0
      vertex 16.6131 20.5832 0
      vertex 17 20.7846 0
    endloop
  endfacet
  facet normal 0 0 -1
    outer loop
      vertex 3.33725 -0.291971 0
      vertex 24.4685 -2.11309 0
      vertex 14.0642 -20.1338 0
    endloop
  endfacet
  facet normal 0 0 -1
    outer loop
      vertex 3.33725 0.291971 0
      vertex 24 0 0
      vertex 3.35 0 0
    endloop
  endfacet
  facet normal 0 0 -1
    outer loop
      vertex 24.4685 -2.11309 0
      vertex 3.33725 -0.291971 0
      vertex 24.3015 -1.7101 0
    endloop
  endfacet
  facet normal 0 0 -1
    outer loop
      vertex 24 0 0
      vertex 16.2101 20.4163 0
      vertex 16.6131 20.5832 0
    endloop
  endfacet
  facet normal 0 0 -1
    outer loop
      vertex 24.3015 -1.7101 0
      vertex 3.33725 -0.291971 0
      vertex 24.1704 -1.2941 0
    endloop
  endfacet
  facet normal 0 0 -1
    outer loop
      vertex 24 0 0
      vertex 15.7941 20.2851 0
      vertex 16.2101 20.4163 0
    endloop
  endfacet
  facet normal 0 0 -1
    outer loop
      vertex 24.076 -0.86824 0
      vertex 3.33725 -0.291971 0
      vertex 24.019 -0.435779 0
    endloop
  endfacet
  facet normal 0 0 -1
    outer loop
      vertex 24 0 0
      vertex 15.3682 20.1907 0
      vertex 15.7941 20.2851 0
    endloop
  endfacet
  facet normal 0 0 -1
    outer loop
      vertex 24.019 -0.435779 0
      vertex 3.33725 -0.291971 0
      vertex 24 0 0
    endloop
  endfacet
  facet normal 0 0 -1
    outer loop
      vertex 24 0 0
      vertex 14.9358 20.1338 0
      vertex 15.3682 20.1907 0
    endloop
  endfacet
  facet normal 0 0 -1
    outer loop
      vertex 24.1704 -1.2941 0
      vertex 3.33725 -0.291971 0
      vertex 24.076 -0.86824 0
    endloop
  endfacet
  facet normal 0 0 -1
    outer loop
      vertex 24 0 0
      vertex 14.5 20.1147 0
      vertex 14.9358 20.1338 0
    endloop
  endfacet
  facet normal 0 0 -1
    outer loop
      vertex 3.33725 -0.291971 0
      vertex 14.0642 -20.1338 0
      vertex 13.6318 -20.1907 0
    endloop
  endfacet
  facet normal 0 0 -1
    outer loop
      vertex 3.29911 0.581721 0
      vertex 24 0 0
      vertex 3.33725 0.291971 0
    endloop
  endfacet
  facet normal 0 0 -1
    outer loop
      vertex 3.33725 -0.291971 0
      vertex 13.6318 -20.1907 0
      vertex 13.2059 -20.2851 0
    endloop
  endfacet
  facet normal 0 0 -1
    outer loop
      vertex 3.23585 0.867043 0
      vertex 24 0 0
      vertex 3.29911 0.581721 0
    endloop
  endfacet
  facet normal 0 0 -1
    outer loop
      vertex 3.33725 -0.291971 0
      vertex 13.2059 -20.2851 0
      vertex 12.7899 -20.4163 0
    endloop
  endfacet
  facet normal 0 0 -1
    outer loop
      vertex 3.14797 1.14577 0
      vertex 24 0 0
      vertex 3.23585 0.867043 0
    endloop
  endfacet
  facet normal 0 0 -1
    outer loop
      vertex 3.33725 -0.291971 0
      vertex 12.7899 -20.4163 0
      vertex 12.3869 -20.5832 0
    endloop
  endfacet
  facet normal 0 0 -1
    outer loop
      vertex 3.03613 1.41577 0
      vertex 24 0 0
      vertex 3.14797 1.14577 0
    endloop
  endfacet
  facet normal 0 0 -1
    outer loop
      vertex 3.33725 -0.291971 0
      vertex 12.3869 -20.5832 0
      vertex 12 -20.7846 0
    endloop
  endfacet
  facet normal 0 0 -1
    outer loop
      vertex 2.90119 1.675 0
      vertex 24 0 0
      vertex 3.03613 1.41577 0
    endloop
  endfacet
  facet normal 0 0 -1
    outer loop
      vertex 3.33725 -0.291971 0
      vertex 12 -20.7846 0
      vertex 11.6321 -21.019 0
    endloop
  endfacet
  facet normal 0 0 -1
    outer loop
      vertex 24 0 0
      vertex 2.90119 1.675 0
      vertex 14.5 20.1147 0
    endloop
  endfacet
  facet normal 0 0 -1
    outer loop
      vertex 3.33725 -0.291971 0
      vertex 11.6321 -21.019 0
      vertex 11.2861 -21.2845 0
    endloop
  endfacet
  facet normal -0 0 -1
    outer loop
      vertex 14.5 20.1147 0
      vertex 2.90119 1.675 0
      vertex 14.0642 20.1338 0
    endloop
  endfacet
  facet normal 0 0 -1
    outer loop
      vertex 3.33725 -0.291971 0
      vertex 11.2861 -21.2845 0
      vertex 10.9645 -21.5792 0
    endloop
  endfacet
  facet normal 0 0 -1
    outer loop
      vertex 2.74416 1.92148 0
      vertex 14.0642 20.1338 0
      vertex 2.90119 1.675 0
    endloop
  endfacet
  facet normal 0 0 -1
    outer loop
      vertex 3.33725 -0.291971 0
      vertex 10.9645 -21.5792 0
      vertex 10.6698 -21.9008 0
    endloop
  endfacet
  facet normal -0 0 -1
    outer loop
      vertex 14.0642 20.1338 0
      vertex 2.74416 1.92148 0
      vertex 13.6318 20.1907 0
    endloop
  endfacet
  facet normal 0 0 -1
    outer loop
      vertex 3.33725 -0.291971 0
      vertex 10.6698 -21.9008 0
      vertex 10.4042 -22.2469 0
    endloop
  endfacet
  facet normal 0 0 -1
    outer loop
      vertex 2.56625 2.15334 0
      vertex 13.6318 20.1907 0
      vertex 2.74416 1.92148 0
    endloop
  endfacet
  facet normal 0 0 -1
    outer loop
      vertex 3.33725 -0.291971 0
      vertex 10.4042 -22.2469 0
      vertex 10.1699 -22.6147 0
    endloop
  endfacet
  facet normal -0 0 -1
    outer loop
      vertex 13.6318 20.1907 0
      vertex 2.56625 2.15334 0
      vertex 13.2059 20.2851 0
    endloop
  endfacet
  facet normal 0 0 -1
    outer loop
      vertex 3.33725 -0.291971 0
      vertex 10.1699 -22.6147 0
      vertex 9.96846 -23.0016 0
    endloop
  endfacet
  facet normal 0 0 -1
    outer loop
      vertex 2.36881 2.36881 0
      vertex 13.2059 20.2851 0
      vertex 2.56625 2.15334 0
    endloop
  endfacet
  facet normal 0 0 -1
    outer loop
      vertex 3.33725 -0.291971 0
      vertex 9.96846 -23.0016 0
      vertex 9.80154 -23.4046 0
    endloop
  endfacet
  facet normal -0 0 -1
    outer loop
      vertex 13.2059 20.2851 0
      vertex 2.36881 2.36881 0
      vertex 12.7899 20.4163 0
    endloop
  endfacet
  facet normal 0 0 -1
    outer loop
      vertex 3.33725 -0.291971 0
      vertex 9.80154 -23.4046 0
      vertex 9.67037 -23.8206 0
    endloop
  endfacet
  facet normal 0 0 -1
    outer loop
      vertex 2.15334 2.56625 0
      vertex 12.7899 20.4163 0
      vertex 2.36881 2.36881 0
    endloop
  endfacet
  facet normal 0 0 -1
    outer loop
      vertex 3.33725 -0.291971 0
      vertex 9.67037 -23.8206 0
      vertex 9.57596 -24.2465 0
    endloop
  endfacet
  facet normal -0 0 -1
    outer loop
      vertex 12.7899 20.4163 0
      vertex 2.15334 2.56625 0
      vertex 12.3869 20.5832 0
    endloop
  endfacet
  facet normal 0 0 -1
    outer loop
      vertex 3.33725 -0.291971 0
      vertex 9.57596 -24.2465 0
      vertex 9.51903 -24.679 0
    endloop
  endfacet
  facet normal 0 0 -1
    outer loop
      vertex 1.92148 2.74416 0
      vertex 12.3869 20.5832 0
      vertex 2.15334 2.56625 0
    endloop
  endfacet
  facet normal 0 0 -1
    outer loop
      vertex 3.33725 -0.291971 0
      vertex 9.51903 -24.679 0
      vertex 9.5 -25.1147 0
    endloop
  endfacet
  facet normal -0 0 -1
    outer loop
      vertex 12.3869 20.5832 0
      vertex 1.92148 2.74416 0
      vertex 12 20.7846 0
    endloop
  endfacet
  facet normal 0 0 -1
    outer loop
      vertex 19.3296 26.4088 0
      vertex 31.8198 31.8198 0
      vertex 19.424 25.983 0
    endloop
  endfacet
  facet normal -0 0 -1
    outer loop
      vertex 31.8198 31.8198 0
      vertex 19.3296 26.4088 0
      vertex 28.9254 34.472 0
    endloop
  endfacet
  facet normal 0 0 -1
    outer loop
      vertex 19.1985 26.8248 0
      vertex 28.9254 34.472 0
      vertex 19.3296 26.4088 0
    endloop
  endfacet
  facet normal 0 0 -1
    outer loop
      vertex 19.0315 27.2278 0
      vertex 28.9254 34.472 0
      vertex 19.1985 26.8248 0
    endloop
  endfacet
  facet normal 0 0 -1
    outer loop
      vertex 18.8301 27.6147 0
      vertex 28.9254 34.472 0
      vertex 19.0315 27.2278 0
    endloop
  endfacet
  facet normal -0 0 -1
    outer loop
      vertex 28.9254 34.472 0
      vertex 18.8301 27.6147 0
      vertex 25.8109 36.8618 0
    endloop
  endfacet
  facet normal 0 0 -1
    outer loop
      vertex 18.5958 27.9826 0
      vertex 25.8109 36.8618 0
      vertex 18.8301 27.6147 0
    endloop
  endfacet
  facet normal 0 0 -1
    outer loop
      vertex 18.3302 28.3287 0
      vertex 25.8109 36.8618 0
      vertex 18.5958 27.9826 0
    endloop
  endfacet
  facet normal 0 0 -1
    outer loop
      vertex 18.0355 28.6503 0
      vertex 25.8109 36.8618 0
      vertex 18.3302 28.3287 0
    endloop
  endfacet
  facet normal 0 0 -1
    outer loop
      vertex 17.7139 28.945 0
      vertex 25.8109 36.8618 0
      vertex 18.0355 28.6503 0
    endloop
  endfacet
  facet normal -0 0 -1
    outer loop
      vertex 25.8109 36.8618 0
      vertex 17.7139 28.945 0
      vertex 22.5 38.9711 0
    endloop
  endfacet
  facet normal 0 0 -1
    outer loop
      vertex 17.3679 29.2105 0
      vertex 22.5 38.9711 0
      vertex 17.7139 28.945 0
    endloop
  endfacet
  facet normal 0 0 -1
    outer loop
      vertex 17 29.4449 0
      vertex 22.5 38.9711 0
      vertex 17.3679 29.2105 0
    endloop
  endfacet
  facet normal 0 0 -1
    outer loop
      vertex 16.6131 29.6463 0
      vertex 22.5 38.9711 0
      vertex 17 29.4449 0
    endloop
  endfacet
  facet normal 0 0 -1
    outer loop
      vertex 16.2101 29.8132 0
      vertex 22.5 38.9711 0
      vertex 16.6131 29.6463 0
    endloop
  endfacet
  facet normal -0 0 -1
    outer loop
      vertex 22.5 38.9711 0
      vertex 16.2101 29.8132 0
      vertex 19.0178 40.7839 0
    endloop
  endfacet
  facet normal 0 0 -1
    outer loop
      vertex 15.7941 29.9444 0
      vertex 19.0178 40.7839 0
      vertex 16.2101 29.8132 0
    endloop
  endfacet
  facet normal 0 0 -1
    outer loop
      vertex 15.3682 30.0388 0
      vertex 19.0178 40.7839 0
      vertex 15.7941 29.9444 0
    endloop
  endfacet
  facet normal 0 0 -1
    outer loop
      vertex 14.9358 30.0957 0
      vertex 19.0178 40.7839 0
      vertex 15.3682 30.0388 0
    endloop
  endfacet
  facet normal -0 0 -1
    outer loop
      vertex 19.0178 40.7839 0
      vertex 14.9358 30.0957 0
      vertex 15.3909 42.2862 0
    endloop
  endfacet
  facet normal 0 0 -1
    outer loop
      vertex 14.5 30.1147 0
      vertex 15.3909 42.2862 0
      vertex 14.9358 30.0957 0
    endloop
  endfacet
  facet normal 0 0 -1
    outer loop
      vertex 14.0642 30.0957 0
      vertex 15.3909 42.2862 0
      vertex 14.5 30.1147 0
    endloop
  endfacet
  facet normal 0 0 -1
    outer loop
      vertex 13.6318 30.0388 0
      vertex 15.3909 42.2862 0
      vertex 14.0642 30.0957 0
    endloop
  endfacet
  facet normal 0 0 -1
    outer loop
      vertex 13.2059 29.9444 0
      vertex 15.3909 42.2862 0
      vertex 13.6318 30.0388 0
    endloop
  endfacet
  facet normal 0 0 -1
    outer loop
      vertex 11.6469 43.4667 0
      vertex 13.2059 29.9444 0
      vertex 12.7899 29.8132 0
    endloop
  endfacet
  facet normal 0 0 -1
    outer loop
      vertex 11.6469 43.4667 0
      vertex 12.7899 29.8132 0
      vertex 12.3869 29.6463 0
    endloop
  endfacet
  facet normal 0 0 -1
    outer loop
      vertex 11.6469 43.4667 0
      vertex 12.3869 29.6463 0
      vertex 12 29.4449 0
    endloop
  endfacet
  facet normal 0 0 -1
    outer loop
      vertex 13.2059 29.9444 0
      vertex 11.6469 43.4667 0
      vertex 15.3909 42.2862 0
    endloop
  endfacet
  facet normal 0 0 -1
    outer loop
      vertex 7.81417 44.3163 0
      vertex 12 29.4449 0
      vertex 11.6321 29.2105 0
    endloop
  endfacet
  facet normal 0 0 -1
    outer loop
      vertex 7.81417 44.3163 0
      vertex 11.6321 29.2105 0
      vertex 11.2861 28.945 0
    endloop
  endfacet
  facet normal 0 0 -1
    outer loop
      vertex 7.81417 44.3163 0
      vertex 11.2861 28.945 0
      vertex 10.9645 28.6503 0
    endloop
  endfacet
  facet normal 0 0 -1
    outer loop
      vertex 3.92201 44.8288 0
      vertex 10.9645 28.6503 0
      vertex 10.6698 28.3287 0
    endloop
  endfacet
  facet normal 0 0 -1
    outer loop
      vertex 3.92201 44.8288 0
      vertex 10.6698 28.3287 0
      vertex 10.4042 27.9826 0
    endloop
  endfacet
  facet normal 0 0 -1
    outer loop
      vertex 3.92201 44.8288 0
      vertex 10.4042 27.9826 0
      vertex 10.1699 27.6147 0
    endloop
  endfacet
  facet normal 0 0 -1
    outer loop
      vertex 3.92201 44.8288 0
      vertex 10.1699 27.6147 0
      vertex 9.96846 27.2278 0
    endloop
  endfacet
  facet normal 0 0 -1
    outer loop
      vertex 3.92201 44.8288 0
      vertex 9.96846 27.2278 0
      vertex 9.80154 26.8248 0
    endloop
  endfacet
  facet normal 0 0 -1
    outer loop
      vertex 3.92201 44.8288 0
      vertex 9.80154 26.8248 0
      vertex 9.67037 26.4088 0
    endloop
  endfacet
  facet normal 0 0 -1
    outer loop
      vertex 3.92201 44.8288 0
      vertex 9.67037 26.4088 0
      vertex 9.57596 25.983 0
    endloop
  endfacet
  facet normal 0 0 -1
    outer loop
      vertex 3.92201 44.8288 0
      vertex 9.57596 25.983 0
      vertex 9.51903 25.5505 0
    endloop
  endfacet
  facet normal 0 0 -1
    outer loop
      vertex 12 29.4449 0
      vertex 7.81417 44.3163 0
      vertex 11.6469 43.4667 0
    endloop
  endfacet
  facet normal 0 0 -1
    outer loop
      vertex 3.92201 44.8288 0
      vertex 9.51903 25.5505 0
      vertex 9.5 25.1147 0
    endloop
  endfacet
  facet normal -0 0 -1
    outer loop
      vertex 24 0 0
      vertex 3.33725 -0.291971 0
      vertex 3.35 0 0
    endloop
  endfacet
  facet normal 0 0 -1
    outer loop
      vertex -9.5 -25.1147 0
      vertex 7.81417 -44.3163 0
      vertex 3.92201 -44.8288 0
    endloop
  endfacet
  facet normal -0 0 -1
    outer loop
      vertex 12 20.7846 0
      vertex 1.675 2.90119 0
      vertex 11.6321 21.019 0
    endloop
  endfacet
  facet normal 0 0 -1
    outer loop
      vertex 10.9645 28.6503 0
      vertex 3.92201 44.8288 0
      vertex 7.81417 44.3163 0
    endloop
  endfacet
  facet normal 0 0 -1
    outer loop
      vertex 1.675 2.90119 0
      vertex 12 20.7846 0
      vertex 1.92148 2.74416 0
    endloop
  endfacet
  facet normal 0 0 -1
    outer loop
      vertex 7.81417 -44.3163 0
      vertex 3.29911 -0.581721 0
      vertex 3.33725 -0.291971 0
    endloop
  endfacet
  facet normal 0 0 -1
    outer loop
      vertex 7.81417 -44.3163 0
      vertex 3.23585 -0.867043 0
      vertex 3.29911 -0.581721 0
    endloop
  endfacet
  facet normal 0 0 -1
    outer loop
      vertex 7.81417 -44.3163 0
      vertex 3.14797 -1.14577 0
      vertex 3.23585 -0.867043 0
    endloop
  endfacet
  facet normal 0 0 -1
    outer loop
      vertex 7.81417 -44.3163 0
      vertex 3.03613 -1.41577 0
      vertex 3.14797 -1.14577 0
    endloop
  endfacet
  facet normal 0 0 -1
    outer loop
      vertex 7.81417 -44.3163 0
      vertex 2.90119 -1.675 0
      vertex 3.03613 -1.41577 0
    endloop
  endfacet
  facet normal 0 0 -1
    outer loop
      vertex 7.81417 -44.3163 0
      vertex 2.74416 -1.92148 0
      vertex 2.90119 -1.675 0
    endloop
  endfacet
  facet normal 0 0 -1
    outer loop
      vertex 7.81417 -44.3163 0
      vertex 2.56625 -2.15334 0
      vertex 2.74416 -1.92148 0
    endloop
  endfacet
  facet normal 0 0 -1
    outer loop
      vertex 7.81417 -44.3163 0
      vertex 2.36881 -2.36881 0
      vertex 2.56625 -2.15334 0
    endloop
  endfacet
  facet normal 0 0 -1
    outer loop
      vertex 7.81417 -44.3163 0
      vertex 2.15334 -2.56625 0
      vertex 2.36881 -2.36881 0
    endloop
  endfacet
  facet normal 0 0 -1
    outer loop
      vertex 7.81417 -44.3163 0
      vertex 1.92148 -2.74416 0
      vertex 2.15334 -2.56625 0
    endloop
  endfacet
  facet normal 0 0 -1
    outer loop
      vertex 7.81417 -44.3163 0
      vertex 1.675 -2.90119 0
      vertex 1.92148 -2.74416 0
    endloop
  endfacet
  facet normal 0 0 -1
    outer loop
      vertex -9.51903 -24.679 0
      vertex 7.81417 -44.3163 0
      vertex -9.5 -25.1147 0
    endloop
  endfacet
  facet normal 0 0 -1
    outer loop
      vertex 7.81417 -44.3163 0
      vertex -9.51903 -24.679 0
      vertex 1.675 -2.90119 0
    endloop
  endfacet
  facet normal 0 0 -1
    outer loop
      vertex 1.675 -2.90119 0
      vertex -9.51903 -24.679 0
      vertex 1.41577 -3.03613 0
    endloop
  endfacet
  facet normal 0 0 -1
    outer loop
      vertex -9.57596 -24.2465 0
      vertex 1.41577 -3.03613 0
      vertex -9.51903 -24.679 0
    endloop
  endfacet
  facet normal 0 0 -1
    outer loop
      vertex 1.41577 -3.03613 0
      vertex -9.57596 -24.2465 0
      vertex 1.14577 -3.14797 0
    endloop
  endfacet
  facet normal 0 0 -1
    outer loop
      vertex -9.5 -25.1147 0
      vertex 3.92201 -44.8288 0
      vertex 0 -45 0
    endloop
  endfacet
  facet normal 0 0 -1
    outer loop
      vertex -9.67037 -23.8206 0
      vertex 1.14577 -3.14797 0
      vertex -9.57596 -24.2465 0
    endloop
  endfacet
  facet normal 0 0 -1
    outer loop
      vertex 1.14577 -3.14797 0
      vertex -9.67037 -23.8206 0
      vertex 0.867043 -3.23585 0
    endloop
  endfacet
  facet normal 0 0 -1
    outer loop
      vertex -9.5 -25.1147 0
      vertex 0 -45 0
      vertex -3.92201 -44.8288 0
    endloop
  endfacet
  facet normal 0 0 -1
    outer loop
      vertex -9.80154 -23.4046 0
      vertex 0.867043 -3.23585 0
      vertex -9.67037 -23.8206 0
    endloop
  endfacet
  facet normal 0 0 -1
    outer loop
      vertex 0.867043 -3.23585 0
      vertex -9.80154 -23.4046 0
      vertex 0.581721 -3.29911 0
    endloop
  endfacet
  facet normal 0 0 -1
    outer loop
      vertex -9.96846 -23.0016 0
      vertex 0.581721 -3.29911 0
      vertex -9.80154 -23.4046 0
    endloop
  endfacet
  facet normal 0 0 -1
    outer loop
      vertex 0.581721 -3.29911 0
      vertex -9.96846 -23.0016 0
      vertex 0.291971 -3.33725 0
    endloop
  endfacet
  facet normal 0 0 -1
    outer loop
      vertex -10.1699 -22.6147 0
      vertex 0.291971 -3.33725 0
      vertex -9.96846 -23.0016 0
    endloop
  endfacet
  facet normal 0 0 -1
    outer loop
      vertex 0.291971 -3.33725 0
      vertex -10.1699 -22.6147 0
      vertex 0 -3.35 0
    endloop
  endfacet
  facet normal 0 0 -1
    outer loop
      vertex -10.4042 -22.2469 0
      vertex 0 -3.35 0
      vertex -10.1699 -22.6147 0
    endloop
  endfacet
  facet normal -0 0 -1
    outer loop
      vertex 0 -3.35 0
      vertex -10.4042 -22.2469 0
      vertex -0.291971 -3.33725 0
    endloop
  endfacet
  facet normal 0 0 -1
    outer loop
      vertex -10.6698 -21.9008 0
      vertex -0.291971 -3.33725 0
      vertex -10.4042 -22.2469 0
    endloop
  endfacet
  facet normal -0 0 -1
    outer loop
      vertex -0.291971 -3.33725 0
      vertex -10.6698 -21.9008 0
      vertex -0.581721 -3.29911 0
    endloop
  endfacet
  facet normal 0 0 -1
    outer loop
      vertex -10.9645 -21.5792 0
      vertex -0.581721 -3.29911 0
      vertex -10.6698 -21.9008 0
    endloop
  endfacet
  facet normal -0 0 -1
    outer loop
      vertex -0.581721 -3.29911 0
      vertex -10.9645 -21.5792 0
      vertex -0.867043 -3.23585 0
    endloop
  endfacet
  facet normal 0 0 -1
    outer loop
      vertex -11.2861 -21.2845 0
      vertex -0.867043 -3.23585 0
      vertex -10.9645 -21.5792 0
    endloop
  endfacet
  facet normal -0 0 -1
    outer loop
      vertex -0.867043 -3.23585 0
      vertex -11.2861 -21.2845 0
      vertex -1.14577 -3.14797 0
    endloop
  endfacet
  facet normal 0 0 -1
    outer loop
      vertex -11.6321 -21.019 0
      vertex -1.14577 -3.14797 0
      vertex -11.2861 -21.2845 0
    endloop
  endfacet
  facet normal -0 0 -1
    outer loop
      vertex -1.41577 -3.03613 0
      vertex -11.6321 -21.019 0
      vertex -1.675 -2.90119 0
    endloop
  endfacet
  facet normal -0 0 -1
    outer loop
      vertex -1.14577 -3.14797 0
      vertex -11.6321 -21.019 0
      vertex -1.41577 -3.03613 0
    endloop
  endfacet
  facet normal 0 0 -1
    outer loop
      vertex 33.924 -0.86824 0
      vertex 45 0 0
      vertex 44.8288 -3.92201 0
    endloop
  endfacet
  facet normal 0 0 -1
    outer loop
      vertex 33.5315 -2.11309 0
      vertex 44.8288 -3.92201 0
      vertex 44.3163 -7.81417 0
    endloop
  endfacet
  facet normal 0 0 -1
    outer loop
      vertex 45 0 0
      vertex 33.924 -0.86824 0
      vertex 33.981 -0.435779 0
    endloop
  endfacet
  facet normal 0 0 -1
    outer loop
      vertex 32.5355 -3.53553 0
      vertex 44.3163 -7.81417 0
      vertex 43.4667 -11.6469 0
    endloop
  endfacet
  facet normal 0 0 -1
    outer loop
      vertex 33.981 0.435779 0
      vertex 45 0 0
      vertex 34 0 0
    endloop
  endfacet
  facet normal 0 0 -1
    outer loop
      vertex 31.5 -4.33013 0
      vertex 43.4667 -11.6469 0
      vertex 42.2862 -15.3909 0
    endloop
  endfacet
  facet normal 0 0 -1
    outer loop
      vertex 33.924 0.86824 0
      vertex 45 0 0
      vertex 33.981 0.435779 0
    endloop
  endfacet
  facet normal 0 0 -1
    outer loop
      vertex 30.2941 -4.82963 0
      vertex 42.2862 -15.3909 0
      vertex 40.7839 -19.0178 0
    endloop
  endfacet
  facet normal 0 0 -1
    outer loop
      vertex 45 0 0
      vertex 33.924 0.86824 0
      vertex 44.8288 3.92201 0
    endloop
  endfacet
  facet normal 0 0 -1
    outer loop
      vertex 29.4358 -4.98097 0
      vertex 40.7839 -19.0178 0
      vertex 38.9711 -22.5 0
    endloop
  endfacet
  facet normal 0 0 -1
    outer loop
      vertex 33.8296 1.2941 0
      vertex 44.8288 3.92201 0
      vertex 33.924 0.86824 0
    endloop
  endfacet
  facet normal 0 0 -1
    outer loop
      vertex 19.424 -24.2465 0
      vertex 34.472 -28.9254 0
      vertex 19.481 -24.679 0
    endloop
  endfacet
  facet normal 0 0 -1
    outer loop
      vertex 33.6985 1.7101 0
      vertex 44.8288 3.92201 0
      vertex 33.8296 1.2941 0
    endloop
  endfacet
  facet normal 0 0 -1
    outer loop
      vertex 19.481 -24.679 0
      vertex 34.472 -28.9254 0
      vertex 19.5 -25.1147 0
    endloop
  endfacet
  facet normal -0 0 -1
    outer loop
      vertex 44.8288 3.92201 0
      vertex 33.5315 2.11309 0
      vertex 44.3163 7.81417 0
    endloop
  endfacet
  facet normal 0 0 -1
    outer loop
      vertex 33.3301 2.5 0
      vertex 44.3163 7.81417 0
      vertex 33.5315 2.11309 0
    endloop
  endfacet
  facet normal 0 0 -1
    outer loop
      vertex 33.5315 2.11309 0
      vertex 44.8288 3.92201 0
      vertex 33.6985 1.7101 0
    endloop
  endfacet
  facet normal -0 0 -1
    outer loop
      vertex 45 0 0
      vertex 33.981 -0.435779 0
      vertex 34 0 0
    endloop
  endfacet
  facet normal 0 0 -1
    outer loop
      vertex 44.8288 -3.92201 0
      vertex 33.8296 -1.2941 0
      vertex 33.924 -0.86824 0
    endloop
  endfacet
  facet normal 0 0 -1
    outer loop
      vertex 44.8288 -3.92201 0
      vertex 33.6985 -1.7101 0
      vertex 33.8296 -1.2941 0
    endloop
  endfacet
  facet normal 0 0 -1
    outer loop
      vertex 44.8288 -3.92201 0
      vertex 33.5315 -2.11309 0
      vertex 33.6985 -1.7101 0
    endloop
  endfacet
  facet normal 0 0 -1
    outer loop
      vertex 44.3163 -7.81417 0
      vertex 33.3301 -2.5 0
      vertex 33.5315 -2.11309 0
    endloop
  endfacet
  facet normal 0 0 -1
    outer loop
      vertex 44.3163 -7.81417 0
      vertex 33.0958 -2.86788 0
      vertex 33.3301 -2.5 0
    endloop
  endfacet
  facet normal 0 0 -1
    outer loop
      vertex 44.3163 -7.81417 0
      vertex 32.8302 -3.21394 0
      vertex 33.0958 -2.86788 0
    endloop
  endfacet
  facet normal 0 0 -1
    outer loop
      vertex 44.3163 -7.81417 0
      vertex 32.5355 -3.53553 0
      vertex 32.8302 -3.21394 0
    endloop
  endfacet
  facet normal 0 0 -1
    outer loop
      vertex 43.4667 -11.6469 0
      vertex 32.2139 -3.83022 0
      vertex 32.5355 -3.53553 0
    endloop
  endfacet
  facet normal 0 0 -1
    outer loop
      vertex 43.4667 -11.6469 0
      vertex 31.8679 -4.09576 0
      vertex 32.2139 -3.83022 0
    endloop
  endfacet
  facet normal 0 0 -1
    outer loop
      vertex 19.5 -25.1147 0
      vertex 34.472 -28.9254 0
      vertex 31.8198 -31.8198 0
    endloop
  endfacet
  facet normal 0 0 -1
    outer loop
      vertex 43.4667 -11.6469 0
      vertex 31.5 -4.33013 0
      vertex 31.8679 -4.09576 0
    endloop
  endfacet
  facet normal 0 0 -1
    outer loop
      vertex 42.2862 -15.3909 0
      vertex 31.1131 -4.53154 0
      vertex 31.5 -4.33013 0
    endloop
  endfacet
  facet normal 0 0 -1
    outer loop
      vertex 42.2862 -15.3909 0
      vertex 30.7101 -4.69846 0
      vertex 31.1131 -4.53154 0
    endloop
  endfacet
  facet normal 0 0 -1
    outer loop
      vertex 42.2862 -15.3909 0
      vertex 30.2941 -4.82963 0
      vertex 30.7101 -4.69846 0
    endloop
  endfacet
  facet normal 0 0 -1
    outer loop
      vertex 40.7839 -19.0178 0
      vertex 29.8682 -4.92404 0
      vertex 30.2941 -4.82963 0
    endloop
  endfacet
  facet normal 0 0 -1
    outer loop
      vertex 40.7839 -19.0178 0
      vertex 29.4358 -4.98097 0
      vertex 29.8682 -4.92404 0
    endloop
  endfacet
  facet normal 0 0 -1
    outer loop
      vertex 19.3296 -23.8206 0
      vertex 34.472 -28.9254 0
      vertex 19.424 -24.2465 0
    endloop
  endfacet
  facet normal 0 0 -1
    outer loop
      vertex 19.5 -25.1147 0
      vertex 31.8198 -31.8198 0
      vertex 28.9254 -34.472 0
    endloop
  endfacet
  facet normal 0 0 -1
    outer loop
      vertex 38.9711 -22.5 0
      vertex 29 -5 0
      vertex 29.4358 -4.98097 0
    endloop
  endfacet
  facet normal 0 0 -1
    outer loop
      vertex 34.472 -28.9254 0
      vertex 19.3296 -23.8206 0
      vertex 36.8618 -25.8109 0
    endloop
  endfacet
  facet normal 0 0 -1
    outer loop
      vertex 19.1985 -23.4046 0
      vertex 36.8618 -25.8109 0
      vertex 19.3296 -23.8206 0
    endloop
  endfacet
  facet normal 0 0 -1
    outer loop
      vertex 19.0315 -23.0016 0
      vertex 36.8618 -25.8109 0
      vertex 19.1985 -23.4046 0
    endloop
  endfacet
  facet normal 0 0 -1
    outer loop
      vertex 36.8618 -25.8109 0
      vertex 19.0315 -23.0016 0
      vertex 38.9711 -22.5 0
    endloop
  endfacet
  facet normal 0 0 -1
    outer loop
      vertex 18.8301 -22.6147 0
      vertex 38.9711 -22.5 0
      vertex 19.0315 -23.0016 0
    endloop
  endfacet
  facet normal -0 0 -1
    outer loop
      vertex 38.9711 -22.5 0
      vertex 18.8301 -22.6147 0
      vertex 29 -5 0
    endloop
  endfacet
  facet normal 0 0 -1
    outer loop
      vertex 19.5 -25.1147 0
      vertex 28.9254 -34.472 0
      vertex 25.8109 -36.8618 0
    endloop
  endfacet
  facet normal -0 0 -1
    outer loop
      vertex 29 -5 0
      vertex 18.8301 -22.6147 0
      vertex 28.5642 -4.98097 0
    endloop
  endfacet
  facet normal 0 0 -1
    outer loop
      vertex 18.5958 -22.2469 0
      vertex 28.5642 -4.98097 0
      vertex 18.8301 -22.6147 0
    endloop
  endfacet
  facet normal -0 0 -1
    outer loop
      vertex 28.5642 -4.98097 0
      vertex 18.5958 -22.2469 0
      vertex 28.1318 -4.92404 0
    endloop
  endfacet
  facet normal 0 0 -1
    outer loop
      vertex 18.3302 -21.9008 0
      vertex 28.1318 -4.92404 0
      vertex 18.5958 -22.2469 0
    endloop
  endfacet
  facet normal -0 0 -1
    outer loop
      vertex 28.1318 -4.92404 0
      vertex 18.3302 -21.9008 0
      vertex 27.7059 -4.82963 0
    endloop
  endfacet
  facet normal 0 0 -1
    outer loop
      vertex 18.0355 -21.5792 0
      vertex 27.7059 -4.82963 0
      vertex 18.3302 -21.9008 0
    endloop
  endfacet
  facet normal -0 0 -1
    outer loop
      vertex 27.7059 -4.82963 0
      vertex 18.0355 -21.5792 0
      vertex 27.2899 -4.69846 0
    endloop
  endfacet
  facet normal 0 0 -1
    outer loop
      vertex 17.7139 -21.2845 0
      vertex 27.2899 -4.69846 0
      vertex 18.0355 -21.5792 0
    endloop
  endfacet
  facet normal -0 0 -1
    outer loop
      vertex 27.2899 -4.69846 0
      vertex 17.7139 -21.2845 0
      vertex 26.8869 -4.53154 0
    endloop
  endfacet
  facet normal 0 0 -1
    outer loop
      vertex 17.3679 -21.019 0
      vertex 26.8869 -4.53154 0
      vertex 17.7139 -21.2845 0
    endloop
  endfacet
  facet normal -0 0 -1
    outer loop
      vertex 26.8869 -4.53154 0
      vertex 17.3679 -21.019 0
      vertex 26.5 -4.33013 0
    endloop
  endfacet
  facet normal 0 0 -1
    outer loop
      vertex 19.5 -25.1147 0
      vertex 25.8109 -36.8618 0
      vertex 22.5 -38.9711 0
    endloop
  endfacet
  facet normal 0 0 -1
    outer loop
      vertex 33.0958 2.86788 0
      vertex 44.3163 7.81417 0
      vertex 33.3301 2.5 0
    endloop
  endfacet
  facet normal 0 0 -1
    outer loop
      vertex 32.8302 3.21394 0
      vertex 44.3163 7.81417 0
      vertex 33.0958 2.86788 0
    endloop
  endfacet
  facet normal 0 0 -1
    outer loop
      vertex 32.5355 3.53553 0
      vertex 44.3163 7.81417 0
      vertex 32.8302 3.21394 0
    endloop
  endfacet
  facet normal -0 0 -1
    outer loop
      vertex 44.3163 7.81417 0
      vertex 32.5355 3.53553 0
      vertex 43.4667 11.6469 0
    endloop
  endfacet
  facet normal 0 0 -1
    outer loop
      vertex 32.2139 3.83022 0
      vertex 43.4667 11.6469 0
      vertex 32.5355 3.53553 0
    endloop
  endfacet
  facet normal 0 0 -1
    outer loop
      vertex 31.8679 4.09576 0
      vertex 43.4667 11.6469 0
      vertex 32.2139 3.83022 0
    endloop
  endfacet
  facet normal 0 0 -1
    outer loop
      vertex 31.5 4.33013 0
      vertex 43.4667 11.6469 0
      vertex 31.8679 4.09576 0
    endloop
  endfacet
  facet normal -0 0 -1
    outer loop
      vertex 43.4667 11.6469 0
      vertex 31.5 4.33013 0
      vertex 42.2862 15.3909 0
    endloop
  endfacet
  facet normal 0 0 -1
    outer loop
      vertex 31.1131 4.53154 0
      vertex 42.2862 15.3909 0
      vertex 31.5 4.33013 0
    endloop
  endfacet
  facet normal 0 0 -1
    outer loop
      vertex 30.7101 4.69846 0
      vertex 42.2862 15.3909 0
      vertex 31.1131 4.53154 0
    endloop
  endfacet
  facet normal 0 0 -1
    outer loop
      vertex 30.2941 4.82963 0
      vertex 42.2862 15.3909 0
      vertex 30.7101 4.69846 0
    endloop
  endfacet
  facet normal -0 0 -1
    outer loop
      vertex 42.2862 15.3909 0
      vertex 30.2941 4.82963 0
      vertex 40.7839 19.0178 0
    endloop
  endfacet
  facet normal 0 0 -1
    outer loop
      vertex 29.8682 4.92404 0
      vertex 40.7839 19.0178 0
      vertex 30.2941 4.82963 0
    endloop
  endfacet
  facet normal 0 0 -1
    outer loop
      vertex 29.4358 4.98097 0
      vertex 40.7839 19.0178 0
      vertex 29.8682 4.92404 0
    endloop
  endfacet
  facet normal -0 0 -1
    outer loop
      vertex 40.7839 19.0178 0
      vertex 29.4358 4.98097 0
      vertex 38.9711 22.5 0
    endloop
  endfacet
  facet normal 0 0 -1
    outer loop
      vertex 29 5 0
      vertex 38.9711 22.5 0
      vertex 29.4358 4.98097 0
    endloop
  endfacet
  facet normal 0 0 -1
    outer loop
      vertex 28.5642 4.98097 0
      vertex 38.9711 22.5 0
      vertex 29 5 0
    endloop
  endfacet
  facet normal 0 0 -1
    outer loop
      vertex 19.5 25.1147 0
      vertex 38.9711 22.5 0
      vertex 28.5642 4.98097 0
    endloop
  endfacet
  facet normal 0 0 -1
    outer loop
      vertex 19.5 25.1147 0
      vertex 28.5642 4.98097 0
      vertex 28.1318 4.92404 0
    endloop
  endfacet
  facet normal 0 0 -1
    outer loop
      vertex 19.5 25.1147 0
      vertex 28.1318 4.92404 0
      vertex 27.7059 4.82963 0
    endloop
  endfacet
  facet normal 0 0 -1
    outer loop
      vertex 38.9711 22.5 0
      vertex 19.5 25.1147 0
      vertex 36.8618 25.8109 0
    endloop
  endfacet
  facet normal 0 0 -1
    outer loop
      vertex 19.5 25.1147 0
      vertex 27.7059 4.82963 0
      vertex 27.2899 4.69846 0
    endloop
  endfacet
  facet normal -0 0 -1
    outer loop
      vertex 36.8618 25.8109 0
      vertex 19.5 25.1147 0
      vertex 34.472 28.9254 0
    endloop
  endfacet
  facet normal 0 0 -1
    outer loop
      vertex 19.5 25.1147 0
      vertex 27.2899 4.69846 0
      vertex 26.8869 4.53154 0
    endloop
  endfacet
  facet normal -0 0 -1
    outer loop
      vertex 34.472 28.9254 0
      vertex 19.5 25.1147 0
      vertex 31.8198 31.8198 0
    endloop
  endfacet
  facet normal 0 0 -1
    outer loop
      vertex 19.5 25.1147 0
      vertex 26.8869 4.53154 0
      vertex 26.5 4.33013 0
    endloop
  endfacet
  facet normal 0 0 -1
    outer loop
      vertex 19.5 25.1147 0
      vertex 26.5 4.33013 0
      vertex 26.1321 4.09576 0
    endloop
  endfacet
  facet normal 0 0 -1
    outer loop
      vertex 19.481 25.5505 0
      vertex 31.8198 31.8198 0
      vertex 19.5 25.1147 0
    endloop
  endfacet
  facet normal 0 0 -1
    outer loop
      vertex 19.5 25.1147 0
      vertex 26.1321 4.09576 0
      vertex 25.7861 3.83022 0
    endloop
  endfacet
  facet normal 0 0 -1
    outer loop
      vertex 19.5 25.1147 0
      vertex 25.7861 3.83022 0
      vertex 25.4645 3.53553 0
    endloop
  endfacet
  facet normal 0 0 -1
    outer loop
      vertex 19.5 25.1147 0
      vertex 25.4645 3.53553 0
      vertex 25.1698 3.21394 0
    endloop
  endfacet
  facet normal 0 0 -1
    outer loop
      vertex 19.5 25.1147 0
      vertex 25.1698 3.21394 0
      vertex 24.9042 2.86788 0
    endloop
  endfacet
  facet normal 0 0 -1
    outer loop
      vertex 19.5 25.1147 0
      vertex 24.9042 2.86788 0
      vertex 24.6699 2.5 0
    endloop
  endfacet
  facet normal 0 0 -1
    outer loop
      vertex 19.5 25.1147 0
      vertex 24.6699 2.5 0
      vertex 24.4685 2.11309 0
    endloop
  endfacet
  facet normal 0 0 -1
    outer loop
      vertex 19.5 25.1147 0
      vertex 24.4685 2.11309 0
      vertex 24.3015 1.7101 0
    endloop
  endfacet
  facet normal 0 0 -1
    outer loop
      vertex 19.5 25.1147 0
      vertex 24.3015 1.7101 0
      vertex 24.1704 1.2941 0
    endloop
  endfacet
  facet normal 0 0 -1
    outer loop
      vertex 19.5 25.1147 0
      vertex 24.1704 1.2941 0
      vertex 24.076 0.86824 0
    endloop
  endfacet
  facet normal 0 0 -1
    outer loop
      vertex 19.5 25.1147 0
      vertex 24.076 0.86824 0
      vertex 24.019 0.435779 0
    endloop
  endfacet
  facet normal 0 0 -1
    outer loop
      vertex 19.424 25.983 0
      vertex 31.8198 31.8198 0
      vertex 19.481 25.5505 0
    endloop
  endfacet
  facet normal -0 0 -1
    outer loop
      vertex 26.5 -4.33013 0
      vertex 17 -20.7846 0
      vertex 26.1321 -4.09576 0
    endloop
  endfacet
  facet normal 0 0 -1
    outer loop
      vertex 17 -20.7846 0
      vertex 26.5 -4.33013 0
      vertex 17.3679 -21.019 0
    endloop
  endfacet
  facet normal 0 0 -1
    outer loop
      vertex 24 0 0
      vertex 19.5 25.1147 0
      vertex 24.019 0.435779 0
    endloop
  endfacet
  facet normal 0 0 -1
    outer loop
      vertex 22.5 -38.9711 0
      vertex 19.481 -25.5505 0
      vertex 19.5 -25.1147 0
    endloop
  endfacet
  facet normal 0 0 -1
    outer loop
      vertex 22.5 -38.9711 0
      vertex 19.424 -25.983 0
      vertex 19.481 -25.5505 0
    endloop
  endfacet
  facet normal 0 0 -1
    outer loop
      vertex 22.5 -38.9711 0
      vertex 19.3296 -26.4088 0
      vertex 19.424 -25.983 0
    endloop
  endfacet
  facet normal 0 0 -1
    outer loop
      vertex 22.5 -38.9711 0
      vertex 19.1985 -26.8248 0
      vertex 19.3296 -26.4088 0
    endloop
  endfacet
  facet normal 0 0 -1
    outer loop
      vertex 22.5 -38.9711 0
      vertex 19.0315 -27.2278 0
      vertex 19.1985 -26.8248 0
    endloop
  endfacet
  facet normal 0 0 -1
    outer loop
      vertex 16.2101 -29.8132 0
      vertex 22.5 -38.9711 0
      vertex 19.0178 -40.7839 0
    endloop
  endfacet
  facet normal 0 0 -1
    outer loop
      vertex 22.5 -38.9711 0
      vertex 18.8301 -27.6147 0
      vertex 19.0315 -27.2278 0
    endloop
  endfacet
  facet normal 0 0 -1
    outer loop
      vertex 22.5 -38.9711 0
      vertex 18.5958 -27.9826 0
      vertex 18.8301 -27.6147 0
    endloop
  endfacet
  facet normal 0 0 -1
    outer loop
      vertex 22.5 -38.9711 0
      vertex 18.3302 -28.3287 0
      vertex 18.5958 -27.9826 0
    endloop
  endfacet
  facet normal 0 0 -1
    outer loop
      vertex 22.5 -38.9711 0
      vertex 18.0355 -28.6503 0
      vertex 18.3302 -28.3287 0
    endloop
  endfacet
  facet normal 0 0 -1
    outer loop
      vertex 22.5 -38.9711 0
      vertex 17.7139 -28.945 0
      vertex 18.0355 -28.6503 0
    endloop
  endfacet
  facet normal 0 0 -1
    outer loop
      vertex 22.5 -38.9711 0
      vertex 17.3679 -29.2105 0
      vertex 17.7139 -28.945 0
    endloop
  endfacet
  facet normal 0 0 -1
    outer loop
      vertex 22.5 -38.9711 0
      vertex 17 -29.4449 0
      vertex 17.3679 -29.2105 0
    endloop
  endfacet
  facet normal 0 0 -1
    outer loop
      vertex 22.5 -38.9711 0
      vertex 16.6131 -29.6463 0
      vertex 17 -29.4449 0
    endloop
  endfacet
  facet normal 0 0 -1
    outer loop
      vertex 22.5 -38.9711 0
      vertex 16.2101 -29.8132 0
      vertex 16.6131 -29.6463 0
    endloop
  endfacet
  facet normal 0 0 -1
    outer loop
      vertex 19.0178 -40.7839 0
      vertex 15.7941 -29.9444 0
      vertex 16.2101 -29.8132 0
    endloop
  endfacet
  facet normal 0 0 -1
    outer loop
      vertex 14.9358 -30.0957 0
      vertex 19.0178 -40.7839 0
      vertex 15.3909 -42.2862 0
    endloop
  endfacet
  facet normal 0 0 -1
    outer loop
      vertex 19.0178 -40.7839 0
      vertex 15.3682 -30.0388 0
      vertex 15.7941 -29.9444 0
    endloop
  endfacet
  facet normal 0 0 -1
    outer loop
      vertex 19.0178 -40.7839 0
      vertex 14.9358 -30.0957 0
      vertex 15.3682 -30.0388 0
    endloop
  endfacet
  facet normal 0 0 -1
    outer loop
      vertex 15.3909 -42.2862 0
      vertex 14.5 -30.1147 0
      vertex 14.9358 -30.0957 0
    endloop
  endfacet
  facet normal 0 0 -1
    outer loop
      vertex 15.3909 -42.2862 0
      vertex 14.0642 -30.0957 0
      vertex 14.5 -30.1147 0
    endloop
  endfacet
  facet normal 0 0 -1
    outer loop
      vertex 15.3909 -42.2862 0
      vertex 13.6318 -30.0388 0
      vertex 14.0642 -30.0957 0
    endloop
  endfacet
  facet normal 0 0 -1
    outer loop
      vertex 15.3909 -42.2862 0
      vertex 13.2059 -29.9444 0
      vertex 13.6318 -30.0388 0
    endloop
  endfacet
  facet normal 0 0 -1
    outer loop
      vertex 11.6469 -43.4667 0
      vertex 13.2059 -29.9444 0
      vertex 15.3909 -42.2862 0
    endloop
  endfacet
  facet normal -0 0 -1
    outer loop
      vertex 13.2059 -29.9444 0
      vertex 11.6469 -43.4667 0
      vertex 12.7899 -29.8132 0
    endloop
  endfacet
  facet normal -0 0 -1
    outer loop
      vertex 12.7899 -29.8132 0
      vertex 11.6469 -43.4667 0
      vertex 12.3869 -29.6463 0
    endloop
  endfacet
  facet normal -0 0 -1
    outer loop
      vertex 12.3869 -29.6463 0
      vertex 11.6469 -43.4667 0
      vertex 12 -29.4449 0
    endloop
  endfacet
  facet normal 0 0 -1
    outer loop
      vertex 7.81417 -44.3163 0
      vertex 12 -29.4449 0
      vertex 11.6469 -43.4667 0
    endloop
  endfacet
  facet normal -0 0 -1
    outer loop
      vertex 12 -29.4449 0
      vertex 7.81417 -44.3163 0
      vertex 11.6321 -29.2105 0
    endloop
  endfacet
  facet normal -0 0 -1
    outer loop
      vertex 11.6321 -29.2105 0
      vertex 7.81417 -44.3163 0
      vertex 11.2861 -28.945 0
    endloop
  endfacet
  facet normal -0 0 -1
    outer loop
      vertex 11.2861 -28.945 0
      vertex 7.81417 -44.3163 0
      vertex 10.9645 -28.6503 0
    endloop
  endfacet
  facet normal -0 0 -1
    outer loop
      vertex 10.9645 -28.6503 0
      vertex 7.81417 -44.3163 0
      vertex 10.6698 -28.3287 0
    endloop
  endfacet
  facet normal -0 0 -1
    outer loop
      vertex 10.6698 -28.3287 0
      vertex 7.81417 -44.3163 0
      vertex 10.4042 -27.9826 0
    endloop
  endfacet
  facet normal -0 0 -1
    outer loop
      vertex 10.4042 -27.9826 0
      vertex 7.81417 -44.3163 0
      vertex 10.1699 -27.6147 0
    endloop
  endfacet
  facet normal -0 0 -1
    outer loop
      vertex 10.1699 -27.6147 0
      vertex 7.81417 -44.3163 0
      vertex 9.96846 -27.2278 0
    endloop
  endfacet
  facet normal -0 0 -1
    outer loop
      vertex 9.96846 -27.2278 0
      vertex 7.81417 -44.3163 0
      vertex 9.80154 -26.8248 0
    endloop
  endfacet
  facet normal -0 0 -1
    outer loop
      vertex 9.80154 -26.8248 0
      vertex 7.81417 -44.3163 0
      vertex 9.67037 -26.4088 0
    endloop
  endfacet
  facet normal -0 0 -1
    outer loop
      vertex 9.67037 -26.4088 0
      vertex 7.81417 -44.3163 0
      vertex 9.57596 -25.983 0
    endloop
  endfacet
  facet normal 0 0 -1
    outer loop
      vertex 3.33725 -0.291971 0
      vertex 9.5 -25.1147 0
      vertex 7.81417 -44.3163 0
    endloop
  endfacet
  facet normal -0 0 -1
    outer loop
      vertex 9.51903 -25.5505 0
      vertex 7.81417 -44.3163 0
      vertex 9.5 -25.1147 0
    endloop
  endfacet
  facet normal -0 0 -1
    outer loop
      vertex 9.57596 -25.983 0
      vertex 7.81417 -44.3163 0
      vertex 9.51903 -25.5505 0
    endloop
  endfacet
  facet normal -0.737281 0.675586 0
    outer loop
      vertex -34.472 28.9254 0
      vertex -31.8198 31.8198 10
      vertex -31.8198 31.8198 0
    endloop
  endfacet
  facet normal -0.737281 0.675586 0
    outer loop
      vertex -31.8198 31.8198 10
      vertex -34.472 28.9254 0
      vertex -34.472 28.9254 10
    endloop
  endfacet
  facet normal 0.300711 -0.953715 0
    outer loop
      vertex 11.6469 -43.4667 0
      vertex 15.3909 -42.2862 10
      vertex 11.6469 -43.4667 10
    endloop
  endfacet
  facet normal 0.300711 -0.953715 0
    outer loop
      vertex 15.3909 -42.2862 10
      vertex 11.6469 -43.4667 0
      vertex 15.3909 -42.2862 0
    endloop
  endfacet
  facet normal 0.216416 -0.976301 0
    outer loop
      vertex 7.81417 -44.3163 0
      vertex 11.6469 -43.4667 10
      vertex 7.81417 -44.3163 10
    endloop
  endfacet
  facet normal 0.216416 -0.976301 0
    outer loop
      vertex 11.6469 -43.4667 10
      vertex 7.81417 -44.3163 0
      vertex 11.6469 -43.4667 0
    endloop
  endfacet
  facet normal -0.675586 0.737281 0
    outer loop
      vertex -28.9254 34.472 0
      vertex -31.8198 31.8198 10
      vertex -28.9254 34.472 10
    endloop
  endfacet
  facet normal -0.675586 0.737281 0
    outer loop
      vertex -31.8198 31.8198 10
      vertex -28.9254 34.472 0
      vertex -31.8198 31.8198 0
    endloop
  endfacet
  facet normal -0.537304 -0.843389 0
    outer loop
      vertex -25.8109 -36.8618 0
      vertex -22.5 -38.9711 10
      vertex -25.8109 -36.8618 10
    endloop
  endfacet
  facet normal -0.537304 -0.843389 -0
    outer loop
      vertex -22.5 -38.9711 10
      vertex -25.8109 -36.8618 0
      vertex -22.5 -38.9711 0
    endloop
  endfacet
  facet normal -0.461765 -0.887002 0
    outer loop
      vertex -22.5 -38.9711 0
      vertex -19.0178 -40.7839 10
      vertex -22.5 -38.9711 10
    endloop
  endfacet
  facet normal -0.461765 -0.887002 -0
    outer loop
      vertex -19.0178 -40.7839 10
      vertex -22.5 -38.9711 0
      vertex -19.0178 -40.7839 0
    endloop
  endfacet
  facet normal -0.991442 -0.130548 0
    outer loop
      vertex -44.3163 -7.81417 0
      vertex -44.8288 -3.92201 10
      vertex -44.8288 -3.92201 0
    endloop
  endfacet
  facet normal -0.991442 -0.130548 0
    outer loop
      vertex -44.8288 -3.92201 10
      vertex -44.3163 -7.81417 0
      vertex -44.3163 -7.81417 10
    endloop
  endfacet
  facet normal -0.976301 0.216416 0
    outer loop
      vertex -44.3163 7.81417 0
      vertex -43.4667 11.6469 10
      vertex -43.4667 11.6469 0
    endloop
  endfacet
  facet normal -0.976301 0.216416 0
    outer loop
      vertex -43.4667 11.6469 10
      vertex -44.3163 7.81417 0
      vertex -44.3163 7.81417 10
    endloop
  endfacet
  facet normal -0.382681 -0.923881 0
    outer loop
      vertex -19.0178 -40.7839 0
      vertex -15.3909 -42.2862 10
      vertex -19.0178 -40.7839 10
    endloop
  endfacet
  facet normal -0.382681 -0.923881 -0
    outer loop
      vertex -15.3909 -42.2862 10
      vertex -19.0178 -40.7839 0
      vertex -15.3909 -42.2862 0
    endloop
  endfacet
  facet normal -0.608755 0.793358 0
    outer loop
      vertex -25.8109 36.8618 0
      vertex -28.9254 34.472 10
      vertex -25.8109 36.8618 10
    endloop
  endfacet
  facet normal -0.608755 0.793358 0
    outer loop
      vertex -28.9254 34.472 10
      vertex -25.8109 36.8618 0
      vertex -28.9254 34.472 0
    endloop
  endfacet
  facet normal 0.216416 0.976301 -0
    outer loop
      vertex 11.6469 43.4667 0
      vertex 7.81417 44.3163 10
      vertex 11.6469 43.4667 10
    endloop
  endfacet
  facet normal 0.216416 0.976301 0
    outer loop
      vertex 7.81417 44.3163 10
      vertex 11.6469 43.4667 0
      vertex 7.81417 44.3163 0
    endloop
  endfacet
  facet normal 0.675586 0.737281 -0
    outer loop
      vertex 31.8198 31.8198 0
      vertex 28.9254 34.472 10
      vertex 31.8198 31.8198 10
    endloop
  endfacet
  facet normal 0.675586 0.737281 0
    outer loop
      vertex 28.9254 34.472 10
      vertex 31.8198 31.8198 0
      vertex 28.9254 34.472 0
    endloop
  endfacet
  facet normal -0.843389 0.537304 0
    outer loop
      vertex -38.9711 22.5 0
      vertex -36.8618 25.8109 10
      vertex -36.8618 25.8109 0
    endloop
  endfacet
  facet normal -0.843389 0.537304 0
    outer loop
      vertex -36.8618 25.8109 10
      vertex -38.9711 22.5 0
      vertex -38.9711 22.5 10
    endloop
  endfacet
  facet normal -0.300711 -0.953715 0
    outer loop
      vertex -15.3909 -42.2862 0
      vertex -11.6469 -43.4667 10
      vertex -15.3909 -42.2862 10
    endloop
  endfacet
  facet normal -0.300711 -0.953715 -0
    outer loop
      vertex -11.6469 -43.4667 10
      vertex -15.3909 -42.2862 0
      vertex -11.6469 -43.4667 0
    endloop
  endfacet
  facet normal -0.0436096 -0.999049 0
    outer loop
      vertex -3.92201 -44.8288 0
      vertex 0 -45 10
      vertex -3.92201 -44.8288 10
    endloop
  endfacet
  facet normal -0.0436096 -0.999049 -0
    outer loop
      vertex 0 -45 10
      vertex -3.92201 -44.8288 0
      vertex 0 -45 0
    endloop
  endfacet
  facet normal -0.887002 -0.461765 0
    outer loop
      vertex -38.9711 -22.5 0
      vertex -40.7839 -19.0178 10
      vertex -40.7839 -19.0178 0
    endloop
  endfacet
  facet normal -0.887002 -0.461765 0
    outer loop
      vertex -40.7839 -19.0178 10
      vertex -38.9711 -22.5 0
      vertex -38.9711 -22.5 10
    endloop
  endfacet
  facet normal -0.923881 -0.382681 0
    outer loop
      vertex -40.7839 -19.0178 0
      vertex -42.2862 -15.3909 10
      vertex -42.2862 -15.3909 0
    endloop
  endfacet
  facet normal -0.923881 -0.382681 0
    outer loop
      vertex -42.2862 -15.3909 10
      vertex -40.7839 -19.0178 0
      vertex -40.7839 -19.0178 10
    endloop
  endfacet
  facet normal -0.991442 0.130548 0
    outer loop
      vertex -44.8288 3.92201 0
      vertex -44.3163 7.81417 10
      vertex -44.3163 7.81417 0
    endloop
  endfacet
  facet normal -0.991442 0.130548 0
    outer loop
      vertex -44.3163 7.81417 10
      vertex -44.8288 3.92201 0
      vertex -44.8288 3.92201 10
    endloop
  endfacet
  facet normal -0.999049 0.0436096 0
    outer loop
      vertex -45 0 0
      vertex -44.8288 3.92201 10
      vertex -44.8288 3.92201 0
    endloop
  endfacet
  facet normal -0.999049 0.0436096 0
    outer loop
      vertex -44.8288 3.92201 10
      vertex -45 0 0
      vertex -45 0 10
    endloop
  endfacet
  facet normal -0.608755 -0.793358 0
    outer loop
      vertex -28.9254 -34.472 0
      vertex -25.8109 -36.8618 10
      vertex -28.9254 -34.472 10
    endloop
  endfacet
  facet normal -0.608755 -0.793358 -0
    outer loop
      vertex -25.8109 -36.8618 10
      vertex -28.9254 -34.472 0
      vertex -25.8109 -36.8618 0
    endloop
  endfacet
endsolid OpenSCAD_Model
